finding_id,finding_title,original_classification,original_disposition,original_cluster,original_confidence,final_disposition,primary_target,consolidation_parent,pass_resolution,is_survivor,is_mirror,notes
#1,Survey space participates in The World,PRIMITIVE REQUIREMENT CANDIDATE,RETAIN AS INDEPENDENT CANDIDATE,Core World-Space Membership,HIGH,Requirement-level,CORE-01,,P1-D5 / P4-D7,FALSE,FALSE,Item-level target override from Architectural Resolution Passes.
#2,Survey space is recognized as BitPangea World-space,PRIMITIVE REQUIREMENT CANDIDATE,RETAIN AS INDEPENDENT CANDIDATE,Survey-to-World Relationship,MEDIUM,Requirement-level,CORE-01,,P1-D5 / P4-D1,FALSE,FALSE,Item-level target override from Architectural Resolution Passes.
#3,Spatial Ground preserves the permanent distinction within the canonical Survey Domain,PRIMITIVE REQUIREMENT CANDIDATE,RETAIN AS INDEPENDENT CANDIDATE,Core World-Space Membership,HIGH,Requirement-level,CORE-03,,P4-D1,FALSE,FALSE,Item-level target override from Architectural Resolution Passes.
#4,Survey space must not depend on later creations,PRIMITIVE REQUIREMENT CANDIDATE,RETAIN AS INDEPENDENT CANDIDATE,Higher-Layer Independence,HIGH,Requirement-level,CORE-06,,P4-D2,FALSE,FALSE,Item-level target override from Architectural Resolution Passes.
#5,Spatial Ground preserves World-space membership,LAYER BOUNDARY / EXCLUSION,MERGE INTO STRONGER FINDING OR CLUSTER,Interpretation Independence,HIGH,Merged,CORE-05a,#20,P4-D15,FALSE,FALSE,Primary target from Pass #4 cluster-level consolidation view. Consolidation parent carried from the first explicit Finding reference in the frozen classification rationale/related set; related references are not exhaustive.
#6,Spatial Ground establishes World-space not Parcel space,LAYER BOUNDARY / EXCLUSION,RETAIN AS INDEPENDENT CANDIDATE,Parcel Independence,HIGH,Requirement-level,CORE-05a,,P4-D15,FALSE,FALSE,Primary target from Pass #4 cluster-level consolidation view.
#7,Spatial Ground preserves the continuity of World-space,DUPLICATE / NEAR-DUPLICATE,MERGE INTO STRONGER FINDING OR CLUSTER,Change Control and Permanence,MEDIUM,Merged,CORE-06,#4,P4-D15,FALSE,FALSE,Primary target from Pass #4 cluster-level consolidation view. Consolidation parent carried from the first explicit Finding reference in the frozen classification rationale/related set; related references are not exhaustive.
#8,Spatial Ground preserves one canonical World-space membership truth,PRIMITIVE REQUIREMENT CANDIDATE,RETAIN AS INDEPENDENT CANDIDATE,Single Canonical Truth,HIGH,Requirement-level,CORE-04,,P4-D15,FALSE,FALSE,Item-level target override from Architectural Resolution Passes.
#9,Spatial Ground preserves an exact canonical distinction,PRIMITIVE REQUIREMENT CANDIDATE,MERGE INTO STRONGER FINDING OR CLUSTER,Exact Membership and Boundary Resolution,MEDIUM,Merged,LIM-01,#15,P4-D1,FALSE,FALSE,Item-level target override from Architectural Resolution Passes. Consolidation parent carried from the first explicit Finding reference in the frozen classification rationale/related set; related references are not exhaustive.
#10,Spatial Ground must preserve World-space in a form,PRIMITIVE REQUIREMENT CANDIDATE,RETAIN AS INDEPENDENT CANDIDATE,Reconstruction and Recoverability,MEDIUM,Definition-level,DEF-02,,P4-D1,FALSE,FALSE,Item-level target override from Architectural Resolution Passes.
#11,Spatial Ground must express World-space membership,FSF DEPENDENCY / DOWNWARD CONTRACT,MERGE INTO STRONGER FINDING OR CLUSTER,Precision and Refinement,MEDIUM,Merged,DEF-06,#12,P4-D15,FALSE,FALSE,Primary target from Pass #4 cluster-level consolidation view. Consolidation parent carried from the first explicit Finding reference in the frozen classification rationale/related set; related references are not exhaustive.
#12,Survey Authority Remains Below Spatial Ground,FSF DEPENDENCY / DOWNWARD CONTRACT,RETAIN AS INDEPENDENT CANDIDATE,Survey Dependency / Downward Contract,HIGH,Downward contract,DOWN-01,,P4-D15,FALSE,FALSE,Item-level target override from Architectural Resolution Passes.
#13,World-Space Is a Finite Subset of Survey Space,PRIMITIVE REQUIREMENT CANDIDATE,RETAIN AS INDEPENDENT CANDIDATE,Survey-to-World Relationship,HIGH,Requirement-level,CORE-02,,P4-D15,FALSE,FALSE,Item-level target override from Architectural Resolution Passes.
#14,Non-World-Space Remains Valid Survey Space,DERIVED CONSEQUENCE,MERGE INTO STRONGER FINDING OR CLUSTER,Survey-to-World Relationship,MEDIUM,Merged,CORE-02,#13,P4-D15,FALSE,FALSE,Primary target from Pass #4 cluster-level consolidation view. Consolidation parent carried from the first explicit Finding reference in the frozen classification rationale/related set; related references are not exhaustive.
#15,World Membership Is Exact,PRIMITIVE REQUIREMENT CANDIDATE,RETAIN AS INDEPENDENT CANDIDATE,Exact Membership and Boundary Resolution,HIGH,Requirement-level,CORE-03a,,P4-D2,FALSE,FALSE,Item-level target override from Architectural Resolution Passes.
#16,Boundary Membership Must Be Unambiguous,DERIVED CONSEQUENCE,MERGE INTO STRONGER FINDING OR CLUSTER,Exact Membership and Boundary Resolution,MEDIUM,Merged,CORE-03,#15,P4-D15,FALSE,FALSE,Primary target from Pass #4 cluster-level consolidation view. Consolidation parent carried from the first explicit Finding reference in the frozen classification rationale/related set; related references are not exhaustive.
#17,"The Boundary Is Consequential, Not Independent",DERIVED CONSEQUENCE,MERGE INTO STRONGER FINDING OR CLUSTER,Exact Membership and Boundary Resolution,MEDIUM,Merged,CORE-03,#8,P4-D15,FALSE,FALSE,Primary target from Pass #4 cluster-level consolidation view. Consolidation parent carried from the first explicit Finding reference in the frozen classification rationale/related set; related references are not exhaustive.
#18,No Materialized Inventory Is Required,SPECIFICATION CANDIDATE,MOVE TO SPECIFICATION,Representation Independence,MEDIUM,Specification,CORE-07,,P4-D15,FALSE,FALSE,Primary target from Pass #4 cluster-level consolidation view.
#19,Materialization May Be Derived,PRIMITIVE REQUIREMENT CANDIDATE,RETAIN AS INDEPENDENT CANDIDATE,Operational Non-Authority,MEDIUM,Requirement-level,CORE-05c,,P4-D1,FALSE,FALSE,Item-level target override from Architectural Resolution Passes.
#20,Spatial Ground Introduces No New Spatial Semantics,PRIMITIVE REQUIREMENT CANDIDATE,RETAIN AS INDEPENDENT CANDIDATE,Minimality and Semantic Restraint,HIGH,Layer boundary,BOUND-01,,P4-D15,FALSE,FALSE,Item-level target override from Architectural Resolution Passes.
#21,One World Means One World-Space,PRIMITIVE REQUIREMENT CANDIDATE,RETAIN AS INDEPENDENT CANDIDATE,One World / Singular World-Space,MEDIUM,Expressed constitutional constraint,CONST-02,,P4-D3,FALSE,FALSE,Item-level target override from Architectural Resolution Passes.
#22,World-Space Must Remain Connected,PRIMITIVE REQUIREMENT CANDIDATE,RETAIN AS INDEPENDENT CANDIDATE,Connectedness and Topology,MEDIUM,Expressed constitutional constraint,CONST-04,,P4-D3,FALSE,FALSE,Item-level target override from Architectural Resolution Passes.
#23,Higher Architecture Cannot Alter World Extent,UPWARD HANDOFF / HIGHER-LAYER CONTRACT,RETAIN AS INDEPENDENT CANDIDATE,Upward Handoff,HIGH,Requirement-level,CORE-05a,,P4-D15,FALSE,FALSE,Item-level target override from Architectural Resolution Passes.
#24,"Spatial Ground Owns Membership, Not Geometry Mathematics",FSF DEPENDENCY / DOWNWARD CONTRACT,MERGE INTO STRONGER FINDING OR CLUSTER,Survey Dependency / Downward Contract,HIGH,Merged,DOWN-01,#12,P4-D15,FALSE,FALSE,Primary target from Pass #4 cluster-level consolidation view. Consolidation parent carried from the first explicit Finding reference in the frozen classification rationale/related set; related references are not exhaustive.
#25,Exact Geometry May Be Used Without Becoming Interpretation,LAYER BOUNDARY / EXCLUSION,RETAIN AS INDEPENDENT CANDIDATE,Layer Boundaries,MEDIUM,Layer boundary,BOUND-01,,P4-D15,FALSE,FALSE,Primary target from Pass #4 cluster-level consolidation view.
#26,Canonical World-Space Must Be Independently Reproducible,PRIMITIVE REQUIREMENT CANDIDATE,RETAIN AS INDEPENDENT CANDIDATE,Independent Implementation,MEDIUM,Requirement-level,CORE-03c,,P4-D1,FALSE,FALSE,Item-level target override from Architectural Resolution Passes.
#27,Hidden State Is Prohibited,PRIMITIVE REQUIREMENT CANDIDATE,RETAIN AS INDEPENDENT CANDIDATE,No Hidden State / Self-Containment,HIGH,Requirement-level,CORE-05b,,P4-D2,FALSE,FALSE,Item-level target override from Architectural Resolution Passes.
#28,Canonical Ground Must Be Finitely Expressible,PRIMITIVE REQUIREMENT CANDIDATE,RETAIN AS INDEPENDENT CANDIDATE,Finite Expressibility and Determinism,MEDIUM,Definition-level,DEF-03,,P4-D15,FALSE,FALSE,Item-level target override from Architectural Resolution Passes.
#29,Representation May Change; Place Must Not,PRIMITIVE REQUIREMENT CANDIDATE,RETAIN AS INDEPENDENT CANDIDATE,Representation Independence,HIGH,Requirement-level,CORE-06,,P4-D2,FALSE,FALSE,Item-level target override from Architectural Resolution Passes.
#30,Spatial Ground Terminates Before Interpretation,LAYER BOUNDARY / EXCLUSION,RETAIN AS INDEPENDENT CANDIDATE,Minimality and Semantic Restraint,HIGH,Layer boundary,BOUND-01,,P4-D15,FALSE,FALSE,Item-level target override from Architectural Resolution Passes.
#31,Spatial Ground Must Have One Authoritative World-Space Definition,DUPLICATE / NEAR-DUPLICATE,MERGE INTO STRONGER FINDING OR CLUSTER,Single Canonical Truth,MEDIUM,Merged,CORE-04,#8,P4-D15,FALSE,FALSE,Primary target from Pass #4 cluster-level consolidation view. Consolidation parent carried from the first explicit Finding reference in the frozen classification rationale/related set; related references are not exhaustive.
#32,World-Space Must Be Independent of Observation,DERIVED CONSEQUENCE,MERGE INTO STRONGER FINDING OR CLUSTER,Higher-Layer Independence,HIGH,Merged,CORE-05a,#4,P4-D15,FALSE,FALSE,Primary target from Pass #4 cluster-level consolidation view. Consolidation parent carried from the first explicit Finding reference in the frozen classification rationale/related set; related references are not exhaustive.
#33,World-Space Must Be Independent of Occupancy,DERIVED CONSEQUENCE,MERGE INTO STRONGER FINDING OR CLUSTER,Higher-Layer Independence,HIGH,Merged,CORE-05a,#4,P4-D15,FALSE,FALSE,Primary target from Pass #4 cluster-level consolidation view. Consolidation parent carried from the first explicit Finding reference in the frozen classification rationale/related set; related references are not exhaustive.
#34,World-Space Must Be Independent of Parcels,DERIVED CONSEQUENCE,MERGE INTO STRONGER FINDING OR CLUSTER,Parcel Independence,HIGH,Merged,CORE-05a,#6,P4-D15,FALSE,FALSE,Primary target from Pass #4 cluster-level consolidation view. Consolidation parent carried from the first explicit Finding reference in the frozen classification rationale/related set; related references are not exhaustive.
#35,Parcel Coverage Is Not a Spatial Ground Requirement,LAYER BOUNDARY / EXCLUSION,MERGE INTO STRONGER FINDING OR CLUSTER,Parcel Independence,MEDIUM,Merged,CORE-05a,#6,P4-D15,FALSE,FALSE,Primary target from Pass #4 cluster-level consolidation view. Consolidation parent carried from the first explicit Finding reference in the frozen classification rationale/related set; related references are not exhaustive.
#36,Spatial Ground Must Not Encode Parcel Identity,LAYER BOUNDARY / EXCLUSION,MERGE INTO STRONGER FINDING OR CLUSTER,Parcel Independence,HIGH,Merged,CORE-05a,#6,P4-D15,FALSE,FALSE,Primary target from Pass #4 cluster-level consolidation view. Consolidation parent carried from the first explicit Finding reference in the frozen classification rationale/related set; related references are not exhaustive.
#37,Spatial Ground Must Not Encode Regions,LAYER BOUNDARY / EXCLUSION,MERGE INTO STRONGER FINDING OR CLUSTER,Interpretation Independence,HIGH,Merged,CORE-05a,#20,P4-D15,FALSE,FALSE,Primary target from Pass #4 cluster-level consolidation view. Consolidation parent carried from the first explicit Finding reference in the frozen classification rationale/related set; related references are not exhaustive.
#38,Spatial Ground Must Not Encode Terrain,LAYER BOUNDARY / EXCLUSION,MERGE INTO STRONGER FINDING OR CLUSTER,Interpretation Independence,HIGH,Merged,CORE-05a,#20,P4-D15,FALSE,FALSE,Primary target from Pass #4 cluster-level consolidation view. Consolidation parent carried from the first explicit Finding reference in the frozen classification rationale/related set; related references are not exhaustive.
#39,Spatial Ground Must Not Encode Civilization,LAYER BOUNDARY / EXCLUSION,MERGE INTO STRONGER FINDING OR CLUSTER,Interpretation Independence,HIGH,Merged,CORE-05a,#20,P4-D15,FALSE,FALSE,Primary target from Pass #4 cluster-level consolidation view. Consolidation parent carried from the first explicit Finding reference in the frozen classification rationale/related set; related references are not exhaustive.
#40,Spatial Ground Must Not Encode Rights,LAYER BOUNDARY / EXCLUSION,MERGE INTO STRONGER FINDING OR CLUSTER,Rights / Governance Independence,HIGH,Merged,CORE-05a,#20,P4-D15,FALSE,FALSE,Primary target from Pass #4 cluster-level consolidation view. Consolidation parent carried from the first explicit Finding reference in the frozen classification rationale/related set; related references are not exhaustive.
#41,Spatial Ground Must Not Encode Runtime Availability,DERIVED CONSEQUENCE,MERGE INTO STRONGER FINDING OR CLUSTER,Runtime Independence,HIGH,Merged,CORE-05a,#4,P4-D15,FALSE,FALSE,Primary target from Pass #4 cluster-level consolidation view. Consolidation parent carried from the first explicit Finding reference in the frozen classification rationale/related set; related references are not exhaustive.
#42,Spatial Ground Must Survive Experience Replacement,DERIVED CONSEQUENCE,MERGE INTO STRONGER FINDING OR CLUSTER,Technology and Infrastructure Independence,HIGH,Merged,CORE-05b,#81,P4-D15,FALSE,FALSE,Primary target from Pass #4 cluster-level consolidation view. Consolidation parent carried from the first explicit Finding reference in the frozen classification rationale/related set; related references are not exhaustive.
#43,Spatial Ground Must Survive Infrastructure Replacement,DERIVED CONSEQUENCE,MERGE INTO STRONGER FINDING OR CLUSTER,Technology and Infrastructure Independence,HIGH,Merged,CORE-05b,#81,P4-D15,FALSE,FALSE,Primary target from Pass #4 cluster-level consolidation view. Consolidation parent carried from the first explicit Finding reference in the frozen classification rationale/related set; related references are not exhaustive.
#44,Spatial Ground Must Be Recoverable Without Historical Runtime State,PRESERVATION / RECONSTRUCTION CANDIDATE,MOVE TO PRESERVATION / RECONSTRUCTION,Reconstruction and Recoverability,HIGH,Preservation,DEF-02,,P4-D15,FALSE,FALSE,Primary target from Pass #4 cluster-level consolidation view.
#45,"World Membership Is Spatial, Not Historical",DERIVED CONSEQUENCE,MERGE INTO STRONGER FINDING OR CLUSTER,Higher-Layer Independence,MEDIUM,Merged,CORE-05a,#4,P4-D15,FALSE,FALSE,Primary target from Pass #4 cluster-level consolidation view. Consolidation parent carried from the first explicit Finding reference in the frozen classification rationale/related set; related references are not exhaustive.
#46,Spatial Ground Must Preserve Coordinate Correspondence,FSF DEPENDENCY / DOWNWARD CONTRACT,RETAIN AS INDEPENDENT CANDIDATE,Canonical Placement,MEDIUM,Downward contract,DOWN-02,,P4-D15,FALSE,FALSE,Item-level target override from Architectural Resolution Passes.
#47,Spatial Ground Must Not Introduce Alternate Coordinates,FSF DEPENDENCY / DOWNWARD CONTRACT,MERGE INTO STRONGER FINDING OR CLUSTER,Survey Dependency / Downward Contract,HIGH,Merged,DOWN-01,#12,P4-D15,FALSE,FALSE,Primary target from Pass #4 cluster-level consolidation view. Consolidation parent carried from the first explicit Finding reference in the frozen classification rationale/related set; related references are not exhaustive.
#48,Derived World-Space Views Must Be Reversible to Canonical Reference,SPECIFICATION CANDIDATE,MOVE TO SPECIFICATION,Representation Independence,MEDIUM,Specification,CORE-07,,P4-D15,FALSE,FALSE,Primary target from Pass #4 cluster-level consolidation view.
#49,Lossy Representation Must Never Become Canonical Ground Truth,DERIVED CONSEQUENCE,MERGE INTO STRONGER FINDING OR CLUSTER,Operational Non-Authority,HIGH,Merged,CORE-05c,#19,P4-D15,FALSE,FALSE,Primary target from Pass #4 cluster-level consolidation view. Consolidation parent carried from the first explicit Finding reference in the frozen classification rationale/related set; related references are not exhaustive.
#50,Boundary Rendering Is Not Boundary Truth,DERIVED CONSEQUENCE,MERGE INTO STRONGER FINDING OR CLUSTER,Operational Non-Authority,HIGH,Merged,CORE-05c,#49,P4-D15,FALSE,FALSE,Primary target from Pass #4 cluster-level consolidation view. Consolidation parent carried from the first explicit Finding reference in the frozen classification rationale/related set; related references are not exhaustive.
#51,Spatial Ground Must Distinguish Canonical Boundary From Interpreted Edge,LAYER BOUNDARY / EXCLUSION,MERGE INTO STRONGER FINDING OR CLUSTER,Layer Boundaries,MEDIUM,Merged,BOUND-01,#25,P4-D15,FALSE,FALSE,Primary target from Pass #4 cluster-level consolidation view. Consolidation parent carried from the first explicit Finding reference in the frozen classification rationale/related set; related references are not exhaustive.
#52,World-Space Membership Must Be Queryable Without Higher Interpretation,DERIVED CONSEQUENCE,MERGE INTO STRONGER FINDING OR CLUSTER,Higher-Layer Independence,MEDIUM,Merged,CORE-05a,#4,P4-D15,FALSE,FALSE,Primary target from Pass #4 cluster-level consolidation view. Consolidation parent carried from the first explicit Finding reference in the frozen classification rationale/related set; related references are not exhaustive.
#53,Higher Interpretation Must Be Removable,DERIVED CONSEQUENCE,MERGE INTO STRONGER FINDING OR CLUSTER,Interpretation Independence,HIGH,Merged,CORE-05a,#4,P4-D15,FALSE,FALSE,Primary target from Pass #4 cluster-level consolidation view. Consolidation parent carried from the first explicit Finding reference in the frozen classification rationale/related set; related references are not exhaustive.
#54,Spatial Ground Must Be Sufficiently Complete for Higher Interpretation,UPWARD HANDOFF / HIGHER-LAYER CONTRACT,RETAIN AS INDEPENDENT CANDIDATE,Upward Handoff,HIGH,Requirement-level,CORE-03a,,P4-D15,FALSE,FALSE,Item-level target override from Architectural Resolution Passes.
#55,Spatial Ground Defines Eligibility for Higher Spatial Meaning,UPWARD HANDOFF / HIGHER-LAYER CONTRACT,REQUIRES ARCHITECTURAL REVIEW,Upward Handoff,LOW,Upward contract,UP-02,,P2-D5,FALSE,FALSE,Item-level target override from Architectural Resolution Passes. Higher-layer eligibility rule rejected; only legitimate upward-boundary residue retained.
#56,Non-World-Space Must Not Acquire World Status Through Interpretation,DERIVED CONSEQUENCE,MERGE INTO STRONGER FINDING OR CLUSTER,Upward Handoff,HIGH,Merged,UP-01,#23,P4-D15,FALSE,FALSE,Primary target from Pass #4 cluster-level consolidation view. Consolidation parent carried from the first explicit Finding reference in the frozen classification rationale/related set; related references are not exhaustive.
#57,Derived Relationships May Be Computed From Ground Truth,DERIVED CONSEQUENCE,MERGE INTO STRONGER FINDING OR CLUSTER,Minimality and Semantic Restraint,MEDIUM,Merged,BOUND-01,#58,P4-D15,FALSE,FALSE,Primary target from Pass #4 cluster-level consolidation view. Consolidation parent carried from the first explicit Finding reference in the frozen classification rationale/related set; related references are not exhaustive.
#58,Spatial Ground Should Minimize Stored Truth,PRIMITIVE REQUIREMENT CANDIDATE,RETAIN AS INDEPENDENT CANDIDATE,Minimality and Semantic Restraint,MEDIUM,Layer boundary,BOUND-01,,P4-D1,FALSE,FALSE,Item-level target override from Architectural Resolution Passes.
#59,Redundant Canonical Truth Should Be Avoided,DERIVED CONSEQUENCE,MERGE INTO STRONGER FINDING OR CLUSTER,Minimality and Semantic Restraint,MEDIUM,Merged,BOUND-01,#58,P4-D15,FALSE,FALSE,Primary target from Pass #4 cluster-level consolidation view. Consolidation parent carried from the first explicit Finding reference in the frozen classification rationale/related set; related references are not exhaustive.
#60,Canonical Ground Must Detect Contradiction,CONFORMANCE / VALIDATION CANDIDATE,MOVE TO CONFORMANCE / VALIDATION,Failure Semantics,HIGH,Conformance,CORE-03b,,P4-D15,FALSE,FALSE,Primary target from Pass #4 cluster-level consolidation view.
#61,Canonical Ground Must Reject Ambiguity,CONFORMANCE / VALIDATION CANDIDATE,MOVE TO CONFORMANCE / VALIDATION,Failure Semantics,MEDIUM,Conformance,CORE-03b,,P4-D15,FALSE,FALSE,Primary target from Pass #4 cluster-level consolidation view.
#62,Canonical Ground Must Reject Silent Approximation,CONFORMANCE / VALIDATION CANDIDATE,MOVE TO CONFORMANCE / VALIDATION,Conformance and Validation,MEDIUM,Conformance,DEF-04,,P4-D15,FALSE,FALSE,Primary target from Pass #4 cluster-level consolidation view.
#63,Derived Approximation Must Be Explicit,IMPLEMENTATION / OPERATIONAL CANDIDATE,MOVE TO IMPLEMENTATION / OPERATIONS,Operational Non-Authority,MEDIUM,Implementation,CORE-05c,,P4-D15,FALSE,FALSE,Primary target from Pass #4 cluster-level consolidation view.
#64,Spatial Ground Must Be Deterministically Validatable,CONFORMANCE / VALIDATION CANDIDATE,MOVE TO CONFORMANCE / VALIDATION,Conformance and Validation,MEDIUM,Conformance,DEF-04,,P4-D15,FALSE,FALSE,Primary target from Pass #4 cluster-level consolidation view.
#65,Spatial Ground Must Admit Canonical Equivalence Testing,CONFORMANCE / VALIDATION CANDIDATE,MOVE TO CONFORMANCE / VALIDATION,Canonical Equivalence,MEDIUM,Conformance,DEF-05,,P4-D15,FALSE,FALSE,Primary target from Pass #4 cluster-level consolidation view.
#66,Spatial Ground Must Have Defined Failure Conditions,CONFORMANCE / VALIDATION CANDIDATE,MOVE TO CONFORMANCE / VALIDATION,Failure Semantics,HIGH,Conformance,CORE-03b,,P4-D15,FALSE,FALSE,Primary target from Pass #4 cluster-level consolidation view.
#67,Spatial Ground Must Support Independent Implementation,DUPLICATE / NEAR-DUPLICATE,MERGE INTO STRONGER FINDING OR CLUSTER,Independent Implementation,MEDIUM,Merged,CORE-03c,#26,P4-D15,FALSE,FALSE,Primary target from Pass #4 cluster-level consolidation view. Consolidation parent carried from the first explicit Finding reference in the frozen classification rationale/related set; related references are not exhaustive.
#68,Spatial Ground Must Be Open to Inspection,DERIVED CONSEQUENCE,MERGE INTO STRONGER FINDING OR CLUSTER,No Hidden State / Self-Containment,MEDIUM,Merged,CORE-05b,#27,P4-D15,FALSE,FALSE,Primary target from Pass #4 cluster-level consolidation view. Consolidation parent carried from the first explicit Finding reference in the frozen classification rationale/related set; related references are not exhaustive.
#69,Spatial Ground Must Preserve Long-Term Human Comprehensibility,PRESERVATION / RECONSTRUCTION CANDIDATE,MOVE TO PRESERVATION / RECONSTRUCTION,Preservation and Archival Survival,MEDIUM,Preservation,Preservation Register,,P4-D15,FALSE,FALSE,Primary target from Pass #4 cluster-level consolidation view.
#70,Spatial Ground Must Preserve Machine Determinism,DERIVED CONSEQUENCE,MERGE INTO STRONGER FINDING OR CLUSTER,Finite Expressibility and Determinism,HIGH,Merged,DEF-03,#15,P4-D15,FALSE,FALSE,Primary target from Pass #4 cluster-level consolidation view. Consolidation parent carried from the first explicit Finding reference in the frozen classification rationale/related set; related references are not exhaustive.
#71,Spatial Ground Evolution Must Preserve Place,DUPLICATE / NEAR-DUPLICATE,MERGE INTO STRONGER FINDING OR CLUSTER,Change Control and Permanence,MEDIUM,Merged,CORE-06,#29,P4-D15,FALSE,FALSE,Primary target from Pass #4 cluster-level consolidation view. Consolidation parent carried from the first explicit Finding reference in the frozen classification rationale/related set; related references are not exhaustive.
#72,World-Space Must Never Be Reassigned,DERIVED CONSEQUENCE,MERGE INTO STRONGER FINDING OR CLUSTER,Change Control and Permanence,MEDIUM,Merged,CORE-06,#4,P4-D15,FALSE,FALSE,Primary target from Pass #4 cluster-level consolidation view. Consolidation parent carried from the first explicit Finding reference in the frozen classification rationale/related set; related references are not exhaustive.
#73,Spatial Ground Must Preserve Referential Permanence,DERIVED CONSEQUENCE,MERGE INTO STRONGER FINDING OR CLUSTER,Change Control and Permanence,MEDIUM,Merged,CORE-06,#4,P4-D15,FALSE,FALSE,Primary target from Pass #4 cluster-level consolidation view. Consolidation parent carried from the first explicit Finding reference in the frozen classification rationale/related set; related references are not exhaustive.
#74,Spatial Ground Must Not Depend on Naming,DERIVED CONSEQUENCE,MERGE INTO STRONGER FINDING OR CLUSTER,Interpretation Independence,HIGH,Merged,CORE-05a,#4,P4-D15,FALSE,FALSE,Primary target from Pass #4 cluster-level consolidation view. Consolidation parent carried from the first explicit Finding reference in the frozen classification rationale/related set; related references are not exhaustive.
#75,Spatial Ground Must Not Depend on Classification,DERIVED CONSEQUENCE,MERGE INTO STRONGER FINDING OR CLUSTER,Interpretation Independence,HIGH,Merged,CORE-05a,#4,P4-D15,FALSE,FALSE,Primary target from Pass #4 cluster-level consolidation view. Consolidation parent carried from the first explicit Finding reference in the frozen classification rationale/related set; related references are not exhaustive.
#76,Spatial Ground Must Not Depend on Administrative Organization,DERIVED CONSEQUENCE,MERGE INTO STRONGER FINDING OR CLUSTER,Rights / Governance Independence,HIGH,Merged,CORE-05a,#4,P4-D15,FALSE,FALSE,Primary target from Pass #4 cluster-level consolidation view. Consolidation parent carried from the first explicit Finding reference in the frozen classification rationale/related set; related references are not exhaustive.
#77,Spatial Ground Must Preserve One Meaning Across Representations,DUPLICATE / NEAR-DUPLICATE,MERGE INTO STRONGER FINDING OR CLUSTER,Representation Independence,HIGH,Merged,CORE-07,#31,P4-D15,FALSE,FALSE,Primary target from Pass #4 cluster-level consolidation view. Consolidation parent carried from the first explicit Finding reference in the frozen classification rationale/related set; related references are not exhaustive.
#78,Spatial Ground Must Permit Derived Indexing,DUPLICATE / NEAR-DUPLICATE,MERGE INTO STRONGER FINDING OR CLUSTER,Operational Non-Authority,HIGH,Merged,CORE-05c,#19,P4-D15,FALSE,FALSE,Primary target from Pass #4 cluster-level consolidation view. Consolidation parent carried from the first explicit Finding reference in the frozen classification rationale/related set; related references are not exhaustive.
#79,Internal Partitions Carry No Foundational Meaning,DERIVED CONSEQUENCE,MERGE INTO STRONGER FINDING OR CLUSTER,Operational Non-Authority,HIGH,Merged,CORE-05c,#19,P4-D15,FALSE,FALSE,Primary target from Pass #4 cluster-level consolidation view. Consolidation parent carried from the first explicit Finding reference in the frozen classification rationale/related set; related references are not exhaustive.
#80,Computational Convenience Must Not Shape The World,DERIVED CONSEQUENCE,MERGE INTO STRONGER FINDING OR CLUSTER,Technology and Infrastructure Independence,MEDIUM,Merged,CORE-05b,#81,P4-D15,FALSE,FALSE,Primary target from Pass #4 cluster-level consolidation view. Consolidation parent carried from the first explicit Finding reference in the frozen classification rationale/related set; related references are not exhaustive.
#81,Spatial Ground Must Be Technology-Agnostic,PRIMITIVE REQUIREMENT CANDIDATE,RETAIN AS INDEPENDENT CANDIDATE,Technology and Infrastructure Independence,HIGH,Requirement-level,CORE-05b,,P4-D1,FALSE,FALSE,Item-level target override from Architectural Resolution Passes.
#82,Verification Technology Is Not Spatial Authority,DERIVED CONSEQUENCE,MERGE INTO STRONGER FINDING OR CLUSTER,Operational Non-Authority,MEDIUM,Merged,CORE-05c,#19,P4-D15,FALSE,FALSE,Primary target from Pass #4 cluster-level consolidation view. Consolidation parent carried from the first explicit Finding reference in the frozen classification rationale/related set; related references are not exhaustive.
#83,Spatial Ground Must Be Archivable,PRESERVATION / RECONSTRUCTION CANDIDATE,MOVE TO PRESERVATION / RECONSTRUCTION,Preservation and Archival Survival,HIGH,Preservation,Preservation Register,,P4-D15,FALSE,FALSE,Primary target from Pass #4 cluster-level consolidation view.
#84,Spatial Ground Must Be Restorable,PRESERVATION / RECONSTRUCTION CANDIDATE,MOVE TO PRESERVATION / RECONSTRUCTION,Reconstruction and Recoverability,HIGH,Preservation,DEF-02,,P4-D15,FALSE,FALSE,Primary target from Pass #4 cluster-level consolidation view.
#85,Spatial Ground Must Be Testable Adversarially,CONFORMANCE / VALIDATION CANDIDATE,MOVE TO CONFORMANCE / VALIDATION,Testing and Adversarial Review,HIGH,Conformance,Conformance Register,,P4-D15,FALSE,FALSE,Primary target from Pass #4 cluster-level consolidation view.
#86,Spatial Ground Must Have a Mandatory Conformance Core,CONFORMANCE / VALIDATION CANDIDATE,MOVE TO CONFORMANCE / VALIDATION,Conformance and Validation,HIGH,Conformance,DEF-04,,P4-D15,FALSE,FALSE,Primary target from Pass #4 cluster-level consolidation view.
#87,Higher Capability Must Not Create Higher Truth,DERIVED CONSEQUENCE,MERGE INTO STRONGER FINDING OR CLUSTER,Independent Implementation,HIGH,Merged,CORE-03c,#8,P4-D15,FALSE,FALSE,Primary target from Pass #4 cluster-level consolidation view. Consolidation parent carried from the first explicit Finding reference in the frozen classification rationale/related set; related references are not exhaustive.
#88,Spatial Ground Must Preserve Exact Handoff Downward,DUPLICATE / NEAR-DUPLICATE,MERGE INTO STRONGER FINDING OR CLUSTER,Survey Dependency / Downward Contract,MEDIUM,Merged,DOWN-01,#12,P4-D15,FALSE,FALSE,Primary target from Pass #4 cluster-level consolidation view. Consolidation parent carried from the first explicit Finding reference in the frozen classification rationale/related set; related references are not exhaustive.
#89,Spatial Ground Must Preserve Exact Handoff Upward,UPWARD HANDOFF / HIGHER-LAYER CONTRACT,RETAIN AS INDEPENDENT CANDIDATE,Upward Handoff,HIGH,Upward contract,UP-01,,P4-D15,FALSE,FALSE,Item-level target override from Architectural Resolution Passes.
#90,Spatial Ground Has One Institutional Responsibility,DUPLICATE / NEAR-DUPLICATE,MERGE INTO STRONGER FINDING OR CLUSTER,Minimality and Semantic Restraint,MEDIUM,Merged,BOUND-01,#1,P4-D15,FALSE,FALSE,Primary target from Pass #4 cluster-level consolidation view. Consolidation parent carried from the first explicit Finding reference in the frozen classification rationale/related set; related references are not exhaustive.
#91,Spatial Ground Must Remain Subordinate to Constitutional Truth,INSTITUTIONAL / GOVERNANCE CANDIDATE,RETAIN AS INDEPENDENT CANDIDATE,Constitutional Subordination,MEDIUM,Expressed constitutional constraint,CONST-01,,P4-D15,FALSE,FALSE,Item-level target override from Architectural Resolution Passes.
#92,"One World Is Presupposed, Not Produced",DERIVED CONSEQUENCE,MERGE INTO STRONGER FINDING OR CLUSTER,Constitutional Subordination,MEDIUM,Merged,CONST-01,#91,P4-D15,FALSE,FALSE,Primary target from Pass #4 cluster-level consolidation view. Consolidation parent carried from the first explicit Finding reference in the frozen classification rationale/related set; related references are not exhaustive.
#93,World Extent Is Not Invented by Spatial Ground,DERIVED CONSEQUENCE,MERGE INTO STRONGER FINDING OR CLUSTER,Constitutional Subordination,MEDIUM,Merged,CONST-01,#91,P4-D15,FALSE,FALSE,Primary target from Pass #4 cluster-level consolidation view. Consolidation parent carried from the first explicit Finding reference in the frozen classification rationale/related set; related references are not exhaustive.
#94,Spatial Ground Must Distinguish Constitutional Property From Architectural Expression,INSTITUTIONAL / GOVERNANCE CANDIDATE,MERGE INTO STRONGER FINDING OR CLUSTER,Constitutional Subordination,MEDIUM,Merged,CONST-01,#92,P4-D15,FALSE,FALSE,Primary target from Pass #4 cluster-level consolidation view. Consolidation parent carried from the first explicit Finding reference in the frozen classification rationale/related set; related references are not exhaustive.
#95,Spatial Ground Must Not Collapse Into the World Properties Domain,LAYER BOUNDARY / EXCLUSION,MERGE INTO STRONGER FINDING OR CLUSTER,Constitutional Subordination,MEDIUM,Merged,CONST-01,#91,P4-D15,FALSE,FALSE,Primary target from Pass #4 cluster-level consolidation view. Consolidation parent carried from the first explicit Finding reference in the frozen classification rationale/related set; related references are not exhaustive.
#96,Connectedness Does Not Imply Unspecified Topology,DERIVED CONSEQUENCE,MERGE INTO STRONGER FINDING OR CLUSTER,Connectedness and Topology,MEDIUM,Merged,CONST-04,#20,P4-D15,FALSE,FALSE,Primary target from Pass #4 cluster-level consolidation view. Consolidation parent carried from the first explicit Finding reference in the frozen classification rationale/related set; related references are not exhaustive.
#97,Spatial Ground Must Not Assume Simple Connectedness,UNRESOLVED ARCHITECTURAL QUESTION,REQUIRES ARCHITECTURAL REVIEW,Connectedness and Topology,MEDIUM,Expressed constitutional constraint,CONST-04,,P1-D1,FALSE,FALSE,Item-level target override from Architectural Resolution Passes. Resolved: connectedness does not imply simple connectedness or hole-freedom.
#98,Absence of World-Space Is Not Automatically Exteriority,DERIVED CONSEQUENCE,MERGE INTO STRONGER FINDING OR CLUSTER,Minimality and Semantic Restraint,HIGH,Merged,BOUND-01,#20,P4-D15,FALSE,FALSE,Primary target from Pass #4 cluster-level consolidation view. Consolidation parent carried from the first explicit Finding reference in the frozen classification rationale/related set; related references are not exhaustive.
#99,Spatial Ground Must Not Reintroduce a Frontier,DERIVED CONSEQUENCE,MERGE INTO STRONGER FINDING OR CLUSTER,Minimality and Semantic Restraint,MEDIUM,Merged,BOUND-01,#20,P4-D15,FALSE,FALSE,Primary target from Pass #4 cluster-level consolidation view. Consolidation parent carried from the first explicit Finding reference in the frozen classification rationale/related set; related references are not exhaustive.
#100,The World-Space Limit Has No Inherent Thickness,DERIVED CONSEQUENCE,MERGE INTO STRONGER FINDING OR CLUSTER,Exact Membership and Boundary Resolution,HIGH,Merged,CORE-03,#15,P4-D15,FALSE,FALSE,Primary target from Pass #4 cluster-level consolidation view. Consolidation parent carried from the first explicit Finding reference in the frozen classification rationale/related set; related references are not exhaustive.
#101,Boundary Precision Must Not Imply Physical Surface Detail,DERIVED CONSEQUENCE,MERGE INTO STRONGER FINDING OR CLUSTER,Precision and Refinement,HIGH,Merged,DEF-06,#20,P4-D15,FALSE,FALSE,Primary target from Pass #4 cluster-level consolidation view. Consolidation parent carried from the first explicit Finding reference in the frozen classification rationale/related set; related references are not exhaustive.
#102,Spatial Ground Must Remain Planar,FSF DEPENDENCY / DOWNWARD CONTRACT,MERGE INTO STRONGER FINDING OR CLUSTER,Survey Dependency / Downward Contract,MEDIUM,Merged,DOWN-01,#12,P4-D15,FALSE,FALSE,Primary target from Pass #4 cluster-level consolidation view. Consolidation parent carried from the first explicit Finding reference in the frozen classification rationale/related set; related references are not exhaustive.
#103,Vertical Meaning Belongs Above Spatial Ground,LAYER BOUNDARY / EXCLUSION,MERGE INTO STRONGER FINDING OR CLUSTER,Interpretation Independence,HIGH,Merged,CORE-05a,#20,P4-D15,FALSE,FALSE,Primary target from Pass #4 cluster-level consolidation view. Consolidation parent carried from the first explicit Finding reference in the frozen classification rationale/related set; related references are not exhaustive.
#104,World-Space Area Must Be Derivable,DERIVED CONSEQUENCE,MERGE INTO STRONGER FINDING OR CLUSTER,Minimality and Semantic Restraint,HIGH,Merged,BOUND-01,#57,P4-D15,FALSE,FALSE,Primary target from Pass #4 cluster-level consolidation view. Consolidation parent carried from the first explicit Finding reference in the frozen classification rationale/related set; related references are not exhaustive.
#105,World-Space Boundary Length Must Be Derived Where Defined,DERIVED CONSEQUENCE,MERGE INTO STRONGER FINDING OR CLUSTER,Minimality and Semantic Restraint,HIGH,Merged,BOUND-01,#104,P4-D15,FALSE,FALSE,Primary target from Pass #4 cluster-level consolidation view. Consolidation parent carried from the first explicit Finding reference in the frozen classification rationale/related set; related references are not exhaustive.
#106,Derived Measurements Must Not Define Membership,DERIVED CONSEQUENCE,MERGE INTO STRONGER FINDING OR CLUSTER,Single Canonical Truth,MEDIUM,Merged,CORE-04,#17,P4-D15,FALSE,FALSE,Primary target from Pass #4 cluster-level consolidation view. Consolidation parent carried from the first explicit Finding reference in the frozen classification rationale/related set; related references are not exhaustive.
#107,Spatial Ground Must Not Privilege a Center,DERIVED CONSEQUENCE,MERGE INTO STRONGER FINDING OR CLUSTER,Minimality and Semantic Restraint,HIGH,Merged,BOUND-01,#20,P4-D15,FALSE,FALSE,Primary target from Pass #4 cluster-level consolidation view. Consolidation parent carried from the first explicit Finding reference in the frozen classification rationale/related set; related references are not exhaustive.
#108,Computational Origin Is Not World Center,DERIVED CONSEQUENCE,MERGE INTO STRONGER FINDING OR CLUSTER,Minimality and Semantic Restraint,HIGH,Merged,BOUND-01,#20,P4-D15,FALSE,FALSE,Primary target from Pass #4 cluster-level consolidation view. Consolidation parent carried from the first explicit Finding reference in the frozen classification rationale/related set; related references are not exhaustive.
#109,Survey Orientation Is Not World Meaning,DERIVED CONSEQUENCE,MERGE INTO STRONGER FINDING OR CLUSTER,Minimality and Semantic Restraint,HIGH,Merged,BOUND-01,#20,P4-D15,FALSE,FALSE,Primary target from Pass #4 cluster-level consolidation view. Consolidation parent carried from the first explicit Finding reference in the frozen classification rationale/related set; related references are not exhaustive.
#110,Spatial Ground Must Not Encode Presentation Orientation,DERIVED CONSEQUENCE,MERGE INTO STRONGER FINDING OR CLUSTER,Higher-Layer Independence,HIGH,Merged,CORE-05a,#4,P4-D15,FALSE,FALSE,Primary target from Pass #4 cluster-level consolidation view. Consolidation parent carried from the first explicit Finding reference in the frozen classification rationale/related set; related references are not exhaustive.
#111,Globe Presentation Must Remain Derived,DERIVED CONSEQUENCE,MERGE INTO STRONGER FINDING OR CLUSTER,Operational Non-Authority,HIGH,Merged,CORE-05c,#19,P4-D15,FALSE,FALSE,Primary target from Pass #4 cluster-level consolidation view. Consolidation parent carried from the first explicit Finding reference in the frozen classification rationale/related set; related references are not exhaustive.
#112,Flat Presentation Must Remain Derived,DERIVED CONSEQUENCE,MERGE INTO STRONGER FINDING OR CLUSTER,Operational Non-Authority,HIGH,Merged,CORE-05c,#111,P4-D15,FALSE,FALSE,Primary target from Pass #4 cluster-level consolidation view. Consolidation parent carried from the first explicit Finding reference in the frozen classification rationale/related set; related references are not exhaustive.
#113,Spatial Ground Must Survive Presentation Change,DUPLICATE / NEAR-DUPLICATE,MERGE INTO STRONGER FINDING OR CLUSTER,Higher-Layer Independence,HIGH,Merged,CORE-05a,#42,P4-D15,FALSE,FALSE,Primary target from Pass #4 cluster-level consolidation view. Consolidation parent carried from the first explicit Finding reference in the frozen classification rationale/related set; related references are not exhaustive.
#114,Spatial Ground Must Preserve Exact Inclusion Semantics,DUPLICATE / NEAR-DUPLICATE,MERGE INTO STRONGER FINDING OR CLUSTER,Exact Membership and Boundary Resolution,MEDIUM,Merged,CORE-03,#16,P4-D15,FALSE,FALSE,Primary target from Pass #4 cluster-level consolidation view. Consolidation parent carried from the first explicit Finding reference in the frozen classification rationale/related set; related references are not exhaustive.
#115,Shared Boundary Cases Must Resolve Once,DUPLICATE / NEAR-DUPLICATE,MERGE INTO STRONGER FINDING OR CLUSTER,Exact Membership and Boundary Resolution,HIGH,Merged,CORE-03,#16,P4-D15,FALSE,FALSE,Primary target from Pass #4 cluster-level consolidation view. Consolidation parent carried from the first explicit Finding reference in the frozen classification rationale/related set; related references are not exhaustive.
#116,Canonical Normalization Must Preserve Membership,SPECIFICATION CANDIDATE,MOVE TO SPECIFICATION,Canonical Equivalence,HIGH,Specification,DEF-05,,P4-D15,FALSE,FALSE,Primary target from Pass #4 cluster-level consolidation view.
#117,Equivalent Geometry Must Produce Equivalent Ground,SPECIFICATION CANDIDATE,MOVE TO SPECIFICATION,Canonical Equivalence,MEDIUM,Specification,DEF-05,,P4-D15,FALSE,FALSE,Primary target from Pass #4 cluster-level consolidation view.
#118,Spatial Ground Must Reject Self-Contradictory Definitions,CONFORMANCE / VALIDATION CANDIDATE,MOVE TO CONFORMANCE / VALIDATION,Failure Semantics,HIGH,Conformance,CORE-03b,,P4-D15,FALSE,FALSE,Primary target from Pass #4 cluster-level consolidation view.
#119,Spatial Ground Must Reject Incomplete Authority,CONFORMANCE / VALIDATION CANDIDATE,MOVE TO CONFORMANCE / VALIDATION,Failure Semantics,HIGH,Conformance,CORE-03b,,P4-D15,FALSE,FALSE,Primary target from Pass #4 cluster-level consolidation view.
#120,Partial Implementations Must Not Masquerade as Canonical Completeness,CONFORMANCE / VALIDATION CANDIDATE,MOVE TO CONFORMANCE / VALIDATION,Conformance and Validation,MEDIUM,Conformance,DEF-04,,P4-D15,FALSE,FALSE,Primary target from Pass #4 cluster-level consolidation view.
#121,World-Space Must Be Globally Coherent,DERIVED CONSEQUENCE,MERGE INTO STRONGER FINDING OR CLUSTER,Single Canonical Truth,MEDIUM,Merged,CORE-04,#8,P4-D15,FALSE,FALSE,Primary target from Pass #4 cluster-level consolidation view. Consolidation parent carried from the first explicit Finding reference in the frozen classification rationale/related set; related references are not exhaustive.
#122,Local Optimization Must Preserve Global Truth,IMPLEMENTATION / OPERATIONAL CANDIDATE,MOVE TO IMPLEMENTATION / OPERATIONS,Operational Non-Authority,HIGH,Implementation,CORE-05c,,P4-D15,FALSE,FALSE,Primary target from Pass #4 cluster-level consolidation view.
#123,Spatial Ground Must Tolerate Distributed Implementation,IMPLEMENTATION / OPERATIONAL CANDIDATE,MOVE TO IMPLEMENTATION / OPERATIONS,Technology and Infrastructure Independence,MEDIUM,Implementation,CORE-05b,,P4-D15,FALSE,FALSE,Primary target from Pass #4 cluster-level consolidation view.
#124,Distribution Must Not Fragment Authority,DERIVED CONSEQUENCE,MERGE INTO STRONGER FINDING OR CLUSTER,Single Canonical Truth,HIGH,Merged,CORE-04,#8,P4-D15,FALSE,FALSE,Primary target from Pass #4 cluster-level consolidation view. Consolidation parent carried from the first explicit Finding reference in the frozen classification rationale/related set; related references are not exhaustive.
#125,Replicas Must Be Semantically Identical,DERIVED CONSEQUENCE,MERGE INTO STRONGER FINDING OR CLUSTER,Representation Independence,HIGH,Merged,CORE-07,#8,P4-D15,FALSE,FALSE,Primary target from Pass #4 cluster-level consolidation view. Consolidation parent carried from the first explicit Finding reference in the frozen classification rationale/related set; related references are not exhaustive.
#126,Preservation Must Include Governing Meaning,PRESERVATION / RECONSTRUCTION CANDIDATE,MOVE TO PRESERVATION / RECONSTRUCTION,Preservation and Archival Survival,HIGH,Preservation,Preservation Register,,P4-D15,FALSE,FALSE,Primary target from Pass #4 cluster-level consolidation view.
#127,Data Without Specification Is Insufficient,DUPLICATE / NEAR-DUPLICATE,MERGE INTO STRONGER FINDING OR CLUSTER,Preservation and Archival Survival,HIGH,Merged,Preservation Register,#126,P4-D15,FALSE,FALSE,Primary target from Pass #4 cluster-level consolidation view. Consolidation parent carried from the first explicit Finding reference in the frozen classification rationale/related set; related references are not exhaustive.
#128,Specification Without Required World Definition Is Insufficient,PRESERVATION / RECONSTRUCTION CANDIDATE,MOVE TO PRESERVATION / RECONSTRUCTION,Preservation and Archival Survival,HIGH,Preservation,Preservation Register,,P4-D15,FALSE,FALSE,Primary target from Pass #4 cluster-level consolidation view.
#129,Canonical Preservation Requires Both Rule and Definition,DUPLICATE / NEAR-DUPLICATE,MERGE INTO STRONGER FINDING OR CLUSTER,Preservation and Archival Survival,HIGH,Merged,Preservation Register,#126,P4-D15,FALSE,FALSE,Primary target from Pass #4 cluster-level consolidation view. Consolidation parent carried from the first explicit Finding reference in the frozen classification rationale/related set; related references are not exhaustive.
#130,Spatial Ground Must Support Provenance Without Depending on It for Meaning,INSTITUTIONAL / GOVERNANCE CANDIDATE,MOVE TO GOVERNANCE / INSTITUTIONAL FRAMEWORK,Historical Traceability,MEDIUM,Governance,Governance Register,,P4-D15,FALSE,FALSE,Primary target from Pass #4 cluster-level consolidation view.
#131,Provenance Must Not Become Geography,DERIVED CONSEQUENCE,MERGE INTO STRONGER FINDING OR CLUSTER,Operational Non-Authority,HIGH,Merged,CORE-05c,#82,P4-D15,FALSE,FALSE,Primary target from Pass #4 cluster-level consolidation view. Consolidation parent carried from the first explicit Finding reference in the frozen classification rationale/related set; related references are not exhaustive.
#132,Governance May Maintain the Standard but Not Arbitrarily Move The World,INSTITUTIONAL / GOVERNANCE CANDIDATE,MOVE TO GOVERNANCE / INSTITUTIONAL FRAMEWORK,Change Control and Permanence,HIGH,Governance,CORE-06,,P4-D15,FALSE,FALSE,Primary target from Pass #4 cluster-level consolidation view.
#133,Correction Requires Evidence of Error,INSTITUTIONAL / GOVERNANCE CANDIDATE,MOVE TO GOVERNANCE / INSTITUTIONAL FRAMEWORK,Change Control and Permanence,HIGH,Governance,CORE-06,,P4-D15,FALSE,FALSE,Primary target from Pass #4 cluster-level consolidation view.
#134,Correction Must Preserve Historical Accountability,INSTITUTIONAL / GOVERNANCE CANDIDATE,MOVE TO GOVERNANCE / INSTITUTIONAL FRAMEWORK,Historical Traceability,HIGH,Governance,Governance Register,,P4-D15,FALSE,FALSE,Primary target from Pass #4 cluster-level consolidation view.
#135,Correction Is Not Redesign,DERIVED CONSEQUENCE,MERGE INTO STRONGER FINDING OR CLUSTER,Change Control and Permanence,HIGH,Merged,CORE-06,#132,P4-D15,FALSE,FALSE,Primary target from Pass #4 cluster-level consolidation view. Consolidation parent carried from the first explicit Finding reference in the frozen classification rationale/related set; related references are not exhaustive.
#136,Spatial Ground Must Distinguish Standard Evolution From World Change,DUPLICATE / NEAR-DUPLICATE,MERGE INTO STRONGER FINDING OR CLUSTER,Change Control and Permanence,MEDIUM,Merged,CORE-06,#29,P4-D15,FALSE,FALSE,Primary target from Pass #4 cluster-level consolidation view. Consolidation parent carried from the first explicit Finding reference in the frozen classification rationale/related set; related references are not exhaustive.
#137,Spatial Ground Must Preserve Semantic Minimality,DUPLICATE / NEAR-DUPLICATE,MERGE INTO STRONGER FINDING OR CLUSTER,Minimality and Semantic Restraint,MEDIUM,Merged,BOUND-01,#58,P4-D15,FALSE,FALSE,Primary target from Pass #4 cluster-level consolidation view. Consolidation parent carried from the first explicit Finding reference in the frozen classification rationale/related set; related references are not exhaustive.
#138,Convenience Is Not Sufficient Justification,DERIVED CONSEQUENCE,MERGE INTO STRONGER FINDING OR CLUSTER,Minimality and Semantic Restraint,HIGH,Merged,BOUND-01,#58,P4-D15,FALSE,FALSE,Primary target from Pass #4 cluster-level consolidation view. Consolidation parent carried from the first explicit Finding reference in the frozen classification rationale/related set; related references are not exhaustive.
#139,Future Use Is Not Sufficient Justification,DERIVED CONSEQUENCE,MERGE INTO STRONGER FINDING OR CLUSTER,Minimality and Semantic Restraint,HIGH,Merged,BOUND-01,#58,P4-D15,FALSE,FALSE,Primary target from Pass #4 cluster-level consolidation view. Consolidation parent carried from the first explicit Finding reference in the frozen classification rationale/related set; related references are not exhaustive.
#140,Spatial Ground Must Pass Its Own Removal Test Internally,INSTITUTIONAL / GOVERNANCE CANDIDATE,MOVE TO GOVERNANCE / INSTITUTIONAL FRAMEWORK,Minimality and Semantic Restraint,MEDIUM,Governance,BOUND-01,,P4-D15,FALSE,FALSE,Primary target from Pass #4 cluster-level consolidation view.
#141,Spatial Ground Should Be Astonishingly Small,DUPLICATE / NEAR-DUPLICATE,MERGE INTO STRONGER FINDING OR CLUSTER,Minimality and Semantic Restraint,MEDIUM,Merged,BOUND-01,#58,P4-D15,FALSE,FALSE,Primary target from Pass #4 cluster-level consolidation view. Consolidation parent carried from the first explicit Finding reference in the frozen classification rationale/related set; related references are not exhaustive.
#142,Permanence Increases Downward,INSTITUTIONAL / GOVERNANCE CANDIDATE,MOVE TO GOVERNANCE / INSTITUTIONAL FRAMEWORK,Change Control and Permanence,MEDIUM,Governance,CORE-06,,P4-D15,FALSE,FALSE,Primary target from Pass #4 cluster-level consolidation view.
#143,Extensibility Increases Upward,DERIVED CONSEQUENCE,MERGE INTO STRONGER FINDING OR CLUSTER,Minimality and Semantic Restraint,MEDIUM,Merged,BOUND-01,#20,P4-D15,FALSE,FALSE,Primary target from Pass #4 cluster-level consolidation view. Consolidation parent carried from the first explicit Finding reference in the frozen classification rationale/related set; related references are not exhaustive.
#144,Spatial Ground Must Enable Rather Than Anticipate Civilization,DERIVED CONSEQUENCE,MERGE INTO STRONGER FINDING OR CLUSTER,Minimality and Semantic Restraint,HIGH,Merged,BOUND-01,#20,P4-D15,FALSE,FALSE,Primary target from Pass #4 cluster-level consolidation view. Consolidation parent carried from the first explicit Finding reference in the frozen classification rationale/related set; related references are not exhaustive.
#145,Spatial Ground Must Remain Valid in 2150 Without Knowing 2150,DUPLICATE / NEAR-DUPLICATE,MERGE INTO STRONGER FINDING OR CLUSTER,Preservation and Archival Survival,MEDIUM,Merged,Preservation Register,#200,P4-D15,FALSE,FALSE,Primary target from Pass #4 cluster-level consolidation view. Consolidation parent carried from the first explicit Finding reference in the frozen classification rationale/related set; related references are not exhaustive.
#146,World-Space Must Outlive Its Software,DUPLICATE / NEAR-DUPLICATE,MERGE INTO STRONGER FINDING OR CLUSTER,Technology and Infrastructure Independence,HIGH,Merged,CORE-05b,#43,P4-D15,FALSE,FALSE,Primary target from Pass #4 cluster-level consolidation view. Consolidation parent carried from the first explicit Finding reference in the frozen classification rationale/related set; related references are not exhaustive.
#147,World-Space Must Outlive Its Institutions,PRESERVATION / RECONSTRUCTION CANDIDATE,MOVE TO PRESERVATION / RECONSTRUCTION,Preservation and Archival Survival,MEDIUM,Preservation,Preservation Register,,P4-D15,FALSE,FALSE,Primary target from Pass #4 cluster-level consolidation view.
#148,World-Space Must Outlive Its Creators,DUPLICATE / NEAR-DUPLICATE,MERGE INTO STRONGER FINDING OR CLUSTER,Preservation and Archival Survival,MEDIUM,Merged,Preservation Register,#69,P4-D15,FALSE,FALSE,Primary target from Pass #4 cluster-level consolidation view. Consolidation parent carried from the first explicit Finding reference in the frozen classification rationale/related set; related references are not exhaustive.
#149,Spatial Ground Must Be Self-Explaining Through Its Canonical Record,TERMINOLOGY / DOCUMENTATION CANDIDATE,MOVE TO TERMINOLOGY / DOCUMENTATION,Terminology Discipline,MEDIUM,Terminology,Terminology Register,,P4-D15,FALSE,FALSE,Primary target from Pass #4 cluster-level consolidation view.
#150,The Governing Spatial Ground Principle,DUPLICATE / NEAR-DUPLICATE,MERGE INTO STRONGER FINDING OR CLUSTER,Core World-Space Membership,HIGH,Merged,CORE-01,#1,P4-D15,FALSE,FALSE,Primary target from Pass #4 cluster-level consolidation view. Consolidation parent carried from the first explicit Finding reference in the frozen classification rationale/related set; related references are not exhaustive.
#151,Spatial Ground Must Define Its Canonical Object of Truth,TERMINOLOGY / DOCUMENTATION CANDIDATE,MOVE TO TERMINOLOGY / DOCUMENTATION,Core World-Space Membership,MEDIUM,Terminology,CORE-01,,P4-D15,FALSE,FALSE,Primary target from Pass #4 cluster-level consolidation view.
#152,World-Space Membership Must Be Binary at the Canonical Level,DUPLICATE / NEAR-DUPLICATE,MERGE INTO STRONGER FINDING OR CLUSTER,Exact Membership and Boundary Resolution,HIGH,Merged,CORE-03,#15,P4-D15,FALSE,FALSE,Primary target from Pass #4 cluster-level consolidation view. Consolidation parent carried from the first explicit Finding reference in the frozen classification rationale/related set; related references are not exhaustive.
#153,Uncertainty Belongs Outside Canonical Ground,DERIVED CONSEQUENCE,MERGE INTO STRONGER FINDING OR CLUSTER,Exact Membership and Boundary Resolution,HIGH,Merged,CORE-03,#15,P4-D15,FALSE,FALSE,Primary target from Pass #4 cluster-level consolidation view. Consolidation parent carried from the first explicit Finding reference in the frozen classification rationale/related set; related references are not exhaustive.
#154,Spatial Ground Must Separate Discovery State From Canonical State,INSTITUTIONAL / GOVERNANCE CANDIDATE,MOVE TO GOVERNANCE / INSTITUTIONAL FRAMEWORK,Institutional Authority and Adoption,HIGH,Governance,IF-01,,P4-D15,FALSE,FALSE,Primary target from Pass #4 cluster-level consolidation view.
#155,Provisional Ground Must Be Explicitly Non-Canonical,INSTITUTIONAL / GOVERNANCE CANDIDATE,MOVE TO GOVERNANCE / INSTITUTIONAL FRAMEWORK,Institutional Authority and Adoption,HIGH,Governance,IF-01,,P4-D15,FALSE,FALSE,Primary target from Pass #4 cluster-level consolidation view.
#156,Candidate Ground Must Not Leak Into Higher Canon,DERIVED CONSEQUENCE,MERGE INTO STRONGER FINDING OR CLUSTER,Institutional Authority and Adoption,MEDIUM,Merged,IF-01,#154,P4-D15,FALSE,FALSE,Primary target from Pass #4 cluster-level consolidation view. Consolidation parent carried from the first explicit Finding reference in the frozen classification rationale/related set; related references are not exhaustive.
#157,Spatial Ground Must Have One Canonical Inclusion Function,SPECIFICATION CANDIDATE,MOVE TO SPECIFICATION,Exact Membership and Boundary Resolution,MEDIUM,Specification,CORE-03,,P4-D15,FALSE,FALSE,Primary target from Pass #4 cluster-level consolidation view.
#158,Inclusion Must Be Total Over Valid Survey Reference,DUPLICATE / NEAR-DUPLICATE,MERGE INTO STRONGER FINDING OR CLUSTER,Exact Membership and Boundary Resolution,HIGH,Merged,CORE-03,#15,P4-D15,FALSE,FALSE,Primary target from Pass #4 cluster-level consolidation view. Consolidation parent carried from the first explicit Finding reference in the frozen classification rationale/related set; related references are not exhaustive.
#159,Invalid Survey Reference Must Remain Invalid,FSF DEPENDENCY / DOWNWARD CONTRACT,RETAIN AS INDEPENDENT CANDIDATE,Survey Dependency / Downward Contract,MEDIUM,Downward contract,DOWN-01,,P4-D15,FALSE,FALSE,Item-level target override from Architectural Resolution Passes.
#160,Spatial Ground Cannot Repair Survey Invalidity,DUPLICATE / NEAR-DUPLICATE,MERGE INTO STRONGER FINDING OR CLUSTER,Survey Dependency / Downward Contract,HIGH,Merged,DOWN-01,#159,P4-D15,FALSE,FALSE,Primary target from Pass #4 cluster-level consolidation view. Consolidation parent carried from the first explicit Finding reference in the frozen classification rationale/related set; related references are not exhaustive.
#161,Spatial Ground Must Inherit Survey Exactness,FSF DEPENDENCY / DOWNWARD CONTRACT,MERGE INTO STRONGER FINDING OR CLUSTER,Survey Dependency / Downward Contract,HIGH,Merged,DOWN-01,#12,P4-D15,FALSE,FALSE,Primary target from Pass #4 cluster-level consolidation view. Consolidation parent carried from the first explicit Finding reference in the frozen classification rationale/related set; related references are not exhaustive.
#162,Spatial Ground Must Inherit Survey Determinism,FSF DEPENDENCY / DOWNWARD CONTRACT,MERGE INTO STRONGER FINDING OR CLUSTER,Survey Dependency / Downward Contract,HIGH,Merged,DOWN-01,#12,P4-D15,FALSE,FALSE,Primary target from Pass #4 cluster-level consolidation view. Consolidation parent carried from the first explicit Finding reference in the frozen classification rationale/related set; related references are not exhaustive.
#163,Spatial Ground Must Inherit Survey Finitude,DUPLICATE / NEAR-DUPLICATE,MERGE INTO STRONGER FINDING OR CLUSTER,Survey-to-World Relationship,HIGH,Merged,CORE-02,#13,P4-D15,FALSE,FALSE,Primary target from Pass #4 cluster-level consolidation view. Consolidation parent carried from the first explicit Finding reference in the frozen classification rationale/related set; related references are not exhaustive.
#164,World-Space Cannot Exceed Survey Authority,DUPLICATE / NEAR-DUPLICATE,MERGE INTO STRONGER FINDING OR CLUSTER,Survey-to-World Relationship,HIGH,Merged,CORE-02,#13,P4-D15,FALSE,FALSE,Primary target from Pass #4 cluster-level consolidation view. Consolidation parent carried from the first explicit Finding reference in the frozen classification rationale/related set; related references are not exhaustive.
#165,Survey Capacity Must Exceed or Equal World Need,FSF DEPENDENCY / DOWNWARD CONTRACT,REQUIRES ARCHITECTURAL REVIEW,Survey Dependency / Downward Contract,MEDIUM,Shared architecture,Shared Architecture: DA1,,P2-D7A,FALSE,FALSE,"Item-level target override from Architectural Resolution Passes. Resolved as shared-architecture dependency assumption/deficiency-routing rule, not a Ground duty imposed on FSF."
#166,Spatial Ground Must Not Redefine Pang,FSF DEPENDENCY / DOWNWARD CONTRACT,MERGE INTO STRONGER FINDING OR CLUSTER,Survey Dependency / Downward Contract,HIGH,Merged,DOWN-01,#12,P4-D15,FALSE,FALSE,Primary target from Pass #4 cluster-level consolidation view. Consolidation parent carried from the first explicit Finding reference in the frozen classification rationale/related set; related references are not exhaustive.
#167,Spatial Ground Must Not Redefine Canonical Direction,FSF DEPENDENCY / DOWNWARD CONTRACT,MERGE INTO STRONGER FINDING OR CLUSTER,Survey Dependency / Downward Contract,HIGH,Merged,DOWN-01,#12,P4-D15,FALSE,FALSE,Primary target from Pass #4 cluster-level consolidation view. Consolidation parent carried from the first explicit Finding reference in the frozen classification rationale/related set; related references are not exhaustive.
#168,Spatial Ground Must Not Redefine the Canonical Origin,FSF DEPENDENCY / DOWNWARD CONTRACT,MERGE INTO STRONGER FINDING OR CLUSTER,Survey Dependency / Downward Contract,HIGH,Merged,DOWN-01,#47,P4-D15,FALSE,FALSE,Primary target from Pass #4 cluster-level consolidation view. Consolidation parent carried from the first explicit Finding reference in the frozen classification rationale/related set; related references are not exhaustive.
#169,Spatial Ground Must Not Redefine Handedness,FSF DEPENDENCY / DOWNWARD CONTRACT,MERGE INTO STRONGER FINDING OR CLUSTER,Survey Dependency / Downward Contract,HIGH,Merged,DOWN-01,#12,P4-D15,FALSE,FALSE,Primary target from Pass #4 cluster-level consolidation view. Consolidation parent carried from the first explicit Finding reference in the frozen classification rationale/related set; related references are not exhaustive.
#170,Spatial Ground Must Preserve Exact Spatial Correspondence,DUPLICATE / NEAR-DUPLICATE,MERGE INTO STRONGER FINDING OR CLUSTER,Canonical Placement,HIGH,Merged,CORE-02,#46,P4-D15,FALSE,FALSE,Primary target from Pass #4 cluster-level consolidation view. Consolidation parent carried from the first explicit Finding reference in the frozen classification rationale/related set; related references are not exhaustive.
#171,The Ground-to-Survey Relationship Must Be Normative,FSF DEPENDENCY / DOWNWARD CONTRACT,MERGE INTO STRONGER FINDING OR CLUSTER,Survey Dependency / Downward Contract,MEDIUM,Merged,DOWN-01,#12,P4-D15,FALSE,FALSE,Primary target from Pass #4 cluster-level consolidation view. Consolidation parent carried from the first explicit Finding reference in the frozen classification rationale/related set; related references are not exhaustive.
#172,Higher Architecture Must Not Bypass Spatial Ground,UPWARD HANDOFF / HIGHER-LAYER CONTRACT,MERGE INTO STRONGER FINDING OR CLUSTER,Upward Handoff,HIGH,Merged,UP-01,#89,P4-D15,FALSE,FALSE,Primary target from Pass #4 cluster-level consolidation view. Consolidation parent carried from the first explicit Finding reference in the frozen classification rationale/related set; related references are not exhaustive.
#173,"Direct Survey Use Above Spatial Ground May Be Computational, Not Ontological",UPWARD HANDOFF / HIGHER-LAYER CONTRACT,RETAIN AS INDEPENDENT CANDIDATE,Upward Handoff,MEDIUM,Upward contract,UP-03,,P4-D15,FALSE,FALSE,Item-level target override from Architectural Resolution Passes.
#174,Spatial Ground Must Establish the World-Space Handoff Contract,UPWARD HANDOFF / HIGHER-LAYER CONTRACT,RETAIN AS INDEPENDENT CANDIDATE,Upward Handoff,HIGH,Upward contract,UP-01,,P4-D15,FALSE,FALSE,Item-level target override from Architectural Resolution Passes.
#175,The Handoff Must Not Include Interpretation,LAYER BOUNDARY / EXCLUSION,MERGE INTO STRONGER FINDING OR CLUSTER,Upward Handoff,HIGH,Merged,UP-01,#20,P4-D15,FALSE,FALSE,Primary target from Pass #4 cluster-level consolidation view. Consolidation parent carried from the first explicit Finding reference in the frozen classification rationale/related set; related references are not exhaustive.
#176,General Spatial Interpretation Must Begin From Established Ground,DUPLICATE / NEAR-DUPLICATE,MERGE INTO STRONGER FINDING OR CLUSTER,Upward Handoff,HIGH,Merged,UP-01,#54,P4-D15,FALSE,FALSE,Primary target from Pass #4 cluster-level consolidation view. Consolidation parent carried from the first explicit Finding reference in the frozen classification rationale/related set; related references are not exhaustive.
#177,Interpretation Must Be Replaceable Without Re-grounding The World,DUPLICATE / NEAR-DUPLICATE,MERGE INTO STRONGER FINDING OR CLUSTER,Interpretation Independence,HIGH,Merged,CORE-05a,#53,P4-D15,FALSE,FALSE,Primary target from Pass #4 cluster-level consolidation view. Consolidation parent carried from the first explicit Finding reference in the frozen classification rationale/related set; related references are not exhaustive.
#178,Spatial Ground Must Not Depend on General Spatial Interpretation,DERIVED CONSEQUENCE,MERGE INTO STRONGER FINDING OR CLUSTER,Interpretation Independence,HIGH,Merged,CORE-05a,#4,P4-D15,FALSE,FALSE,Primary target from Pass #4 cluster-level consolidation view. Consolidation parent carried from the first explicit Finding reference in the frozen classification rationale/related set; related references are not exhaustive.
#179,Spatial Ground Must Exist Before Parcel Cadastre,DERIVED CONSEQUENCE,MERGE INTO STRONGER FINDING OR CLUSTER,Parcel Independence,HIGH,Merged,CORE-05a,#6,P4-D15,FALSE,FALSE,Primary target from Pass #4 cluster-level consolidation view. Consolidation parent carried from the first explicit Finding reference in the frozen classification rationale/related set; related references are not exhaustive.
#180,Parcel Cadastre Must Not Become Ground Authority,DERIVED CONSEQUENCE,MERGE INTO STRONGER FINDING OR CLUSTER,Parcel Independence,HIGH,Merged,CORE-05a,#8,P4-D15,FALSE,FALSE,Primary target from Pass #4 cluster-level consolidation view. Consolidation parent carried from the first explicit Finding reference in the frozen classification rationale/related set; related references are not exhaustive.
#181,Spatial Ground Must Permit Future Non-Parcel World-Space,DUPLICATE / NEAR-DUPLICATE,MERGE INTO STRONGER FINDING OR CLUSTER,Parcel Independence,HIGH,Merged,CORE-05a,#35,P4-D15,FALSE,FALSE,Primary target from Pass #4 cluster-level consolidation view. Consolidation parent carried from the first explicit Finding reference in the frozen classification rationale/related set; related references are not exhaustive.
#182,Spatial Ground Must Permit Multiple Higher Spatial Systems,DERIVED CONSEQUENCE,MERGE INTO STRONGER FINDING OR CLUSTER,Upward Handoff,MEDIUM,Merged,UP-01,#8,P4-D15,FALSE,FALSE,Primary target from Pass #4 cluster-level consolidation view. Consolidation parent carried from the first explicit Finding reference in the frozen classification rationale/related set; related references are not exhaustive.
#183,One Ground Must Support Many Interpretations,DUPLICATE / NEAR-DUPLICATE,MERGE INTO STRONGER FINDING OR CLUSTER,Upward Handoff,HIGH,Merged,UP-01,#182,P4-D15,FALSE,FALSE,Primary target from Pass #4 cluster-level consolidation view. Consolidation parent carried from the first explicit Finding reference in the frozen classification rationale/related set; related references are not exhaustive.
#184,Interpretive Disagreement Must Not Become Ground Disagreement,DERIVED CONSEQUENCE,MERGE INTO STRONGER FINDING OR CLUSTER,Upward Handoff,HIGH,Merged,UP-01,#4,P4-D15,FALSE,FALSE,Primary target from Pass #4 cluster-level consolidation view. Consolidation parent carried from the first explicit Finding reference in the frozen classification rationale/related set; related references are not exhaustive.
#185,Spatial Ground Must Remain Neutral to Future Ontologies,DERIVED CONSEQUENCE,MERGE INTO STRONGER FINDING OR CLUSTER,Minimality and Semantic Restraint,HIGH,Merged,BOUND-01,#20,P4-D15,FALSE,FALSE,Primary target from Pass #4 cluster-level consolidation view. Consolidation parent carried from the first explicit Finding reference in the frozen classification rationale/related set; related references are not exhaustive.
#186,Spatial Ground Must Preserve Referential Stability Under Higher Change,DUPLICATE / NEAR-DUPLICATE,MERGE INTO STRONGER FINDING OR CLUSTER,Change Control and Permanence,HIGH,Merged,CORE-06,#73,P4-D15,FALSE,FALSE,Primary target from Pass #4 cluster-level consolidation view. Consolidation parent carried from the first explicit Finding reference in the frozen classification rationale/related set; related references are not exhaustive.
#187,Spatial Ground Must Not Encode Temporal Experience,DERIVED CONSEQUENCE,MERGE INTO STRONGER FINDING OR CLUSTER,Runtime Independence,HIGH,Merged,CORE-05a,#4,P4-D15,FALSE,FALSE,Primary target from Pass #4 cluster-level consolidation view. Consolidation parent carried from the first explicit Finding reference in the frozen classification rationale/related set; related references are not exhaustive.
#188,Spatial Ground Is Spatially Permanent but Temporally Aware Only Through Provenance,DERIVED CONSEQUENCE,MERGE INTO STRONGER FINDING OR CLUSTER,Change Control and Permanence,MEDIUM,Merged,CORE-06,#4,P4-D15,FALSE,FALSE,Primary target from Pass #4 cluster-level consolidation view. Consolidation parent carried from the first explicit Finding reference in the frozen classification rationale/related set; related references are not exhaustive.
#189,Spatial Ground Must Separate Record Version From Place Identity,DUPLICATE / NEAR-DUPLICATE,MERGE INTO STRONGER FINDING OR CLUSTER,Representation Independence,HIGH,Merged,CORE-07,#29,P4-D15,FALSE,FALSE,Primary target from Pass #4 cluster-level consolidation view. Consolidation parent carried from the first explicit Finding reference in the frozen classification rationale/related set; related references are not exhaustive.
#190,Canonical Place Must Remain Stable Across Documentation Evolution,DERIVED CONSEQUENCE,MERGE INTO STRONGER FINDING OR CLUSTER,Representation Independence,HIGH,Merged,CORE-07,#29,P4-D15,FALSE,FALSE,Primary target from Pass #4 cluster-level consolidation view. Consolidation parent carried from the first explicit Finding reference in the frozen classification rationale/related set; related references are not exhaustive.
#191,Spatial Ground Must Have Explicit Conformance Obligations,CONFORMANCE / VALIDATION CANDIDATE,MOVE TO CONFORMANCE / VALIDATION,Conformance and Validation,HIGH,Conformance,DEF-04,,P4-D15,FALSE,FALSE,Primary target from Pass #4 cluster-level consolidation view.
#192,Conformance Must Test World Membership Directly,CONFORMANCE / VALIDATION CANDIDATE,MOVE TO CONFORMANCE / VALIDATION,Testing and Adversarial Review,HIGH,Conformance,Conformance Register,,P4-D15,FALSE,FALSE,Primary target from Pass #4 cluster-level consolidation view.
#193,Conformance Must Test Boundary Cases,CONFORMANCE / VALIDATION CANDIDATE,MOVE TO CONFORMANCE / VALIDATION,Testing and Adversarial Review,HIGH,Conformance,Conformance Register,,P4-D15,FALSE,FALSE,Primary target from Pass #4 cluster-level consolidation view.
#194,Conformance Must Test Equivalent Representations,CONFORMANCE / VALIDATION CANDIDATE,MOVE TO CONFORMANCE / VALIDATION,Canonical Equivalence,HIGH,Conformance,DEF-05,,P4-D15,FALSE,FALSE,Primary target from Pass #4 cluster-level consolidation view.
#195,Conformance Must Test Invalidity,CONFORMANCE / VALIDATION CANDIDATE,MOVE TO CONFORMANCE / VALIDATION,Failure Semantics,HIGH,Conformance,CORE-03b,,P4-D15,FALSE,FALSE,Primary target from Pass #4 cluster-level consolidation view.
#196,Conformance Must Test Reconstruction,CONFORMANCE / VALIDATION CANDIDATE,MOVE TO CONFORMANCE / VALIDATION,Reconstruction and Recoverability,HIGH,Conformance,DEF-02,,P4-D15,FALSE,FALSE,Primary target from Pass #4 cluster-level consolidation view.
#197,Conformance Must Test Lossless Round-Trip Meaning,CONFORMANCE / VALIDATION CANDIDATE,MOVE TO CONFORMANCE / VALIDATION,Canonical Equivalence,MEDIUM,Conformance,DEF-05,,P4-D15,FALSE,FALSE,Primary target from Pass #4 cluster-level consolidation view.
#198,Reference Vectors Must Follow the Specification,CONFORMANCE / VALIDATION CANDIDATE,MOVE TO CONFORMANCE / VALIDATION,Conformance and Validation,HIGH,Conformance,DEF-04,,P4-D15,FALSE,FALSE,Primary target from Pass #4 cluster-level consolidation view.
#199,Reference Vectors Must Attack the Boundary Between Layers,CONFORMANCE / VALIDATION CANDIDATE,MOVE TO CONFORMANCE / VALIDATION,Testing and Adversarial Review,HIGH,Conformance,Conformance Register,,P4-D15,FALSE,FALSE,Primary target from Pass #4 cluster-level consolidation view.
#200,Spatial Ground Must Survive the 2150 Test,HISTORICAL REASONING ONLY,PRESERVE AS HISTORICAL REASONING ONLY,Preservation and Archival Survival,MEDIUM,Historical only,Preservation Register,,P4-D15,FALSE,FALSE,Primary target from Pass #4 cluster-level consolidation view.
#201,Spatial Ground Must Distinguish Canonical Truth From Operational State,DUPLICATE / NEAR-DUPLICATE,MERGE INTO STRONGER FINDING OR CLUSTER,Operational Non-Authority,HIGH,Merged,CORE-05c,#19,P4-D15,FALSE,FALSE,Primary target from Pass #4 cluster-level consolidation view. Consolidation parent carried from the first explicit Finding reference in the frozen classification rationale/related set; related references are not exhaustive.
#202,Operational Failure Must Not Become Spatial Failure,DERIVED CONSEQUENCE,MERGE INTO STRONGER FINDING OR CLUSTER,Runtime Independence,HIGH,Merged,CORE-05a,#4,P4-D15,FALSE,FALSE,Primary target from Pass #4 cluster-level consolidation view. Consolidation parent carried from the first explicit Finding reference in the frozen classification rationale/related set; related references are not exhaustive.
#203,Spatial Ground Must Remain Valid Offline,DUPLICATE / NEAR-DUPLICATE,MERGE INTO STRONGER FINDING OR CLUSTER,Preservation and Archival Survival,HIGH,Merged,Preservation Register,#83,P4-D15,FALSE,FALSE,Primary target from Pass #4 cluster-level consolidation view. Consolidation parent carried from the first explicit Finding reference in the frozen classification rationale/related set; related references are not exhaustive.
#204,Spatial Ground Must Support Cold Reconstruction,DUPLICATE / NEAR-DUPLICATE,MERGE INTO STRONGER FINDING OR CLUSTER,Reconstruction and Recoverability,HIGH,Merged,DEF-02,#44,P4-D15,FALSE,FALSE,Primary target from Pass #4 cluster-level consolidation view. Consolidation parent carried from the first explicit Finding reference in the frozen classification rationale/related set; related references are not exhaustive.
#205,Spatial Ground Must Separate Authority From Availability,DERIVED CONSEQUENCE,MERGE INTO STRONGER FINDING OR CLUSTER,Operational Non-Authority,HIGH,Merged,CORE-05c,#19,P4-D15,FALSE,FALSE,Primary target from Pass #4 cluster-level consolidation view. Consolidation parent carried from the first explicit Finding reference in the frozen classification rationale/related set; related references are not exhaustive.
#206,Spatial Ground Must Permit Redundant Preservation,PRESERVATION / RECONSTRUCTION CANDIDATE,MOVE TO PRESERVATION / RECONSTRUCTION,Preservation and Archival Survival,MEDIUM,Preservation,Preservation Register,,P4-D15,FALSE,FALSE,Primary target from Pass #4 cluster-level consolidation view.
#207,Redundancy Must Not Create Competing Canon,DUPLICATE / NEAR-DUPLICATE,MERGE INTO STRONGER FINDING OR CLUSTER,Single Canonical Truth,HIGH,Merged,CORE-04,#8,P4-D15,FALSE,FALSE,Primary target from Pass #4 cluster-level consolidation view. Consolidation parent carried from the first explicit Finding reference in the frozen classification rationale/related set; related references are not exhaustive.
#208,Canonical Identity Must Be Content-Stable,DERIVED CONSEQUENCE,MERGE INTO STRONGER FINDING OR CLUSTER,Representation Independence,HIGH,Merged,CORE-07,#29,P4-D15,FALSE,FALSE,Primary target from Pass #4 cluster-level consolidation view. Consolidation parent carried from the first explicit Finding reference in the frozen classification rationale/related set; related references are not exhaustive.
#209,Location of the Record Is Not Location in The World,DERIVED CONSEQUENCE,MERGE INTO STRONGER FINDING OR CLUSTER,Operational Non-Authority,HIGH,Merged,CORE-05c,#29,P4-D15,FALSE,FALSE,Primary target from Pass #4 cluster-level consolidation view. Consolidation parent carried from the first explicit Finding reference in the frozen classification rationale/related set; related references are not exhaustive.
#210,Spatial Ground Must Be Portable,PRESERVATION / RECONSTRUCTION CANDIDATE,MOVE TO PRESERVATION / RECONSTRUCTION,Representation Independence,MEDIUM,Preservation,CORE-07,,P4-D15,FALSE,FALSE,Primary target from Pass #4 cluster-level consolidation view.
#211,Portability Must Preserve Exactness,DERIVED CONSEQUENCE,MERGE INTO STRONGER FINDING OR CLUSTER,Representation Independence,HIGH,Merged,CORE-07,#15,P4-D15,FALSE,FALSE,Primary target from Pass #4 cluster-level consolidation view. Consolidation parent carried from the first explicit Finding reference in the frozen classification rationale/related set; related references are not exhaustive.
#212,Spatial Ground Must Resist Format Lock-In,DUPLICATE / NEAR-DUPLICATE,MERGE INTO STRONGER FINDING OR CLUSTER,Technology and Infrastructure Independence,HIGH,Merged,CORE-05b,#81,P4-D15,FALSE,FALSE,Primary target from Pass #4 cluster-level consolidation view. Consolidation parent carried from the first explicit Finding reference in the frozen classification rationale/related set; related references are not exhaustive.
#213,Canonical Semantics Must Outlive Syntax,DUPLICATE / NEAR-DUPLICATE,MERGE INTO STRONGER FINDING OR CLUSTER,Representation Independence,MEDIUM,Merged,CORE-07,#29,P4-D15,FALSE,FALSE,Primary target from Pass #4 cluster-level consolidation view. Consolidation parent carried from the first explicit Finding reference in the frozen classification rationale/related set; related references are not exhaustive.
#214,Syntax Must Never Become Geography,DERIVED CONSEQUENCE,MERGE INTO STRONGER FINDING OR CLUSTER,Representation Independence,HIGH,Merged,CORE-07,#19,P4-D15,FALSE,FALSE,Primary target from Pass #4 cluster-level consolidation view. Consolidation parent carried from the first explicit Finding reference in the frozen classification rationale/related set; related references are not exhaustive.
#215,Ordering Must Be Canonical Only Where Meaningful,SPECIFICATION CANDIDATE,MOVE TO SPECIFICATION,Canonical Equivalence,HIGH,Specification,DEF-05,,P4-D15,FALSE,FALSE,Primary target from Pass #4 cluster-level consolidation view.
#216,Canonical Comparison Must Ignore Irrelevant Representation Differences,SPECIFICATION CANDIDATE,MOVE TO SPECIFICATION,Canonical Equivalence,HIGH,Specification,DEF-05,,P4-D15,FALSE,FALSE,Primary target from Pass #4 cluster-level consolidation view.
#217,Canonical Normal Form Should Exist Where Necessary,SPECIFICATION CANDIDATE,MOVE TO SPECIFICATION,Canonical Equivalence,HIGH,Specification,DEF-05,,P4-D15,FALSE,FALSE,Primary target from Pass #4 cluster-level consolidation view.
#218,Canonicalization Must Not Alter Geometry,DUPLICATE / NEAR-DUPLICATE,MERGE INTO STRONGER FINDING OR CLUSTER,Canonical Equivalence,HIGH,Merged,DEF-05,#116,P4-D15,FALSE,FALSE,Primary target from Pass #4 cluster-level consolidation view. Consolidation parent carried from the first explicit Finding reference in the frozen classification rationale/related set; related references are not exhaustive.
#219,Spatial Ground Must Support Stable Identification of Its Canonical Definition,INSTITUTIONAL / GOVERNANCE CANDIDATE,MOVE TO GOVERNANCE / INSTITUTIONAL FRAMEWORK,Institutional Authority and Adoption,MEDIUM,Governance,IF-01,,P4-D15,FALSE,FALSE,Primary target from Pass #4 cluster-level consolidation view.
#220,Artifact Identity and Spatial Identity Must Remain Separate,DERIVED CONSEQUENCE,MERGE INTO STRONGER FINDING OR CLUSTER,Representation Independence,HIGH,Merged,CORE-07,#29,P4-D15,FALSE,FALSE,Primary target from Pass #4 cluster-level consolidation view. Consolidation parent carried from the first explicit Finding reference in the frozen classification rationale/related set; related references are not exhaustive.
#221,Spatial Ground Must Distinguish Definition From Evidence,DUPLICATE / NEAR-DUPLICATE,MERGE INTO STRONGER FINDING OR CLUSTER,Operational Non-Authority,HIGH,Merged,CORE-05c,#19,P4-D15,FALSE,FALSE,Primary target from Pass #4 cluster-level consolidation view. Consolidation parent carried from the first explicit Finding reference in the frozen classification rationale/related set; related references are not exhaustive.
#222,Evidence May Prove Integrity but Not Create Place,DUPLICATE / NEAR-DUPLICATE,MERGE INTO STRONGER FINDING OR CLUSTER,Operational Non-Authority,HIGH,Merged,CORE-05c,#82,P4-D15,FALSE,FALSE,Primary target from Pass #4 cluster-level consolidation view. Consolidation parent carried from the first explicit Finding reference in the frozen classification rationale/related set; related references are not exhaustive.
#223,Spatial Ground Must Permit Independent Verification,DUPLICATE / NEAR-DUPLICATE,MERGE INTO STRONGER FINDING OR CLUSTER,Independent Implementation,MEDIUM,Merged,CORE-03c,#26,P4-D15,FALSE,FALSE,Primary target from Pass #4 cluster-level consolidation view. Consolidation parent carried from the first explicit Finding reference in the frozen classification rationale/related set; related references are not exhaustive.
#224,Verification Must Be Reproducible,DUPLICATE / NEAR-DUPLICATE,MERGE INTO STRONGER FINDING OR CLUSTER,Independent Implementation,HIGH,Merged,CORE-03c,#26,P4-D15,FALSE,FALSE,Primary target from Pass #4 cluster-level consolidation view. Consolidation parent carried from the first explicit Finding reference in the frozen classification rationale/related set; related references are not exhaustive.
#225,Spatial Ground Must Distinguish Validation From Interpretation,TERMINOLOGY / DOCUMENTATION CANDIDATE,MOVE TO TERMINOLOGY / DOCUMENTATION,Terminology Discipline,MEDIUM,Terminology,Terminology Register,,P4-D15,FALSE,FALSE,Primary target from Pass #4 cluster-level consolidation view.
#226,Validity Does Not Imply Use,DUPLICATE / NEAR-DUPLICATE,MERGE INTO STRONGER FINDING OR CLUSTER,Higher-Layer Independence,HIGH,Merged,CORE-05a,#4,P4-D15,FALSE,FALSE,Primary target from Pass #4 cluster-level consolidation view. Consolidation parent carried from the first explicit Finding reference in the frozen classification rationale/related set; related references are not exhaustive.
#227,Use Does Not Imply Validity,DUPLICATE / NEAR-DUPLICATE,MERGE INTO STRONGER FINDING OR CLUSTER,Upward Handoff,HIGH,Merged,UP-01,#23,P4-D15,FALSE,FALSE,Primary target from Pass #4 cluster-level consolidation view. Consolidation parent carried from the first explicit Finding reference in the frozen classification rationale/related set; related references are not exhaustive.
#228,Spatial Ground Must Support Complete Domain Traversal in Principle,DUPLICATE / NEAR-DUPLICATE,MERGE INTO STRONGER FINDING OR CLUSTER,Exact Membership and Boundary Resolution,HIGH,Merged,CORE-03,#15,P4-D15,FALSE,FALSE,Primary target from Pass #4 cluster-level consolidation view. Consolidation parent carried from the first explicit Finding reference in the frozen classification rationale/related set; related references are not exhaustive.
#229,Complete Traversal Need Not Mean Precomputation,DUPLICATE / NEAR-DUPLICATE,MERGE INTO STRONGER FINDING OR CLUSTER,Representation Independence,HIGH,Merged,CORE-07,#18,P4-D15,FALSE,FALSE,Primary target from Pass #4 cluster-level consolidation view. Consolidation parent carried from the first explicit Finding reference in the frozen classification rationale/related set; related references are not exhaustive.
#230,"Spatial Ground Must Scale by Mathematics, Not Object Count",DERIVED CONSEQUENCE,MERGE INTO STRONGER FINDING OR CLUSTER,Representation Independence,MEDIUM,Merged,CORE-07,#18,P4-D15,FALSE,FALSE,Primary target from Pass #4 cluster-level consolidation view. Consolidation parent carried from the first explicit Finding reference in the frozen classification rationale/related set; related references are not exhaustive.
#231,Spatial Ground Must Avoid Foundational Object Inflation,DERIVED CONSEQUENCE,MERGE INTO STRONGER FINDING OR CLUSTER,Minimality and Semantic Restraint,HIGH,Merged,BOUND-01,#58,P4-D15,FALSE,FALSE,Primary target from Pass #4 cluster-level consolidation view. Consolidation parent carried from the first explicit Finding reference in the frozen classification rationale/related set; related references are not exhaustive.
#232,Primitive Choice Must Be Minimal,SPECIFICATION CANDIDATE,MOVE TO SPECIFICATION,Minimality and Semantic Restraint,HIGH,Specification,BOUND-01,,P4-D15,FALSE,FALSE,Primary target from Pass #4 cluster-level consolidation view.
#233,Primitive Meaning Must Be Explicit,SPECIFICATION CANDIDATE,MOVE TO SPECIFICATION,Finite Expressibility and Determinism,HIGH,Specification,DEF-03,,P4-D15,FALSE,FALSE,Primary target from Pass #4 cluster-level consolidation view.
#234,Derived Primitives Must Remain Derived,DERIVED CONSEQUENCE,MERGE INTO STRONGER FINDING OR CLUSTER,Minimality and Semantic Restraint,MEDIUM,Merged,BOUND-01,#59,P4-D15,FALSE,FALSE,Primary target from Pass #4 cluster-level consolidation view. Consolidation parent carried from the first explicit Finding reference in the frozen classification rationale/related set; related references are not exhaustive.
#235,Spatial Ground Must Not Encode Rendering Tessellation,DERIVED CONSEQUENCE,MERGE INTO STRONGER FINDING OR CLUSTER,Operational Non-Authority,HIGH,Merged,CORE-05c,#19,P4-D15,FALSE,FALSE,Primary target from Pass #4 cluster-level consolidation view. Consolidation parent carried from the first explicit Finding reference in the frozen classification rationale/related set; related references are not exhaustive.
#236,Spatial Ground Must Not Encode Storage Partitioning,DUPLICATE / NEAR-DUPLICATE,MERGE INTO STRONGER FINDING OR CLUSTER,Operational Non-Authority,HIGH,Merged,CORE-05c,#79,P4-D15,FALSE,FALSE,Primary target from Pass #4 cluster-level consolidation view. Consolidation parent carried from the first explicit Finding reference in the frozen classification rationale/related set; related references are not exhaustive.
#237,Spatial Ground Must Not Encode Network Topology,DERIVED CONSEQUENCE,MERGE INTO STRONGER FINDING OR CLUSTER,Operational Non-Authority,HIGH,Merged,CORE-05c,#79,P4-D15,FALSE,FALSE,Primary target from Pass #4 cluster-level consolidation view. Consolidation parent carried from the first explicit Finding reference in the frozen classification rationale/related set; related references are not exhaustive.
#238,Spatial Ground Must Not Encode Simulation Topology,DERIVED CONSEQUENCE,MERGE INTO STRONGER FINDING OR CLUSTER,Operational Non-Authority,HIGH,Merged,CORE-05c,#79,P4-D15,FALSE,FALSE,Primary target from Pass #4 cluster-level consolidation view. Consolidation parent carried from the first explicit Finding reference in the frozen classification rationale/related set; related references are not exhaustive.
#239,Spatial Ground Must Permit Future Computational Models,DERIVED CONSEQUENCE,MERGE INTO STRONGER FINDING OR CLUSTER,Technology and Infrastructure Independence,HIGH,Merged,CORE-05b,#81,P4-D15,FALSE,FALSE,Primary target from Pass #4 cluster-level consolidation view. Consolidation parent carried from the first explicit Finding reference in the frozen classification rationale/related set; related references are not exhaustive.
#240,Spatial Ground Must Preserve Independence From Performance Strategy,DUPLICATE / NEAR-DUPLICATE,MERGE INTO STRONGER FINDING OR CLUSTER,Technology and Infrastructure Independence,HIGH,Merged,CORE-05b,#80,P4-D15,FALSE,FALSE,Primary target from Pass #4 cluster-level consolidation view. Consolidation parent carried from the first explicit Finding reference in the frozen classification rationale/related set; related references are not exhaustive.
#241,Spatial Ground Must Not Privilege Human Scale,DERIVED CONSEQUENCE,MERGE INTO STRONGER FINDING OR CLUSTER,Minimality and Semantic Restraint,MEDIUM,Merged,BOUND-01,#20,P4-D15,FALSE,FALSE,Primary target from Pass #4 cluster-level consolidation view. Consolidation parent carried from the first explicit Finding reference in the frozen classification rationale/related set; related references are not exhaustive.
#242,Spatial Ground Must Not Privilege Machine Scale,DUPLICATE / NEAR-DUPLICATE,MERGE INTO STRONGER FINDING OR CLUSTER,Technology and Infrastructure Independence,HIGH,Merged,CORE-05b,#80,P4-D15,FALSE,FALSE,Primary target from Pass #4 cluster-level consolidation view. Consolidation parent carried from the first explicit Finding reference in the frozen classification rationale/related set; related references are not exhaustive.
#243,Canonical Scale Comes From Survey Truth,FSF DEPENDENCY / DOWNWARD CONTRACT,MERGE INTO STRONGER FINDING OR CLUSTER,Survey Dependency / Downward Contract,HIGH,Merged,DOWN-01,#12,P4-D15,FALSE,FALSE,Primary target from Pass #4 cluster-level consolidation view. Consolidation parent carried from the first explicit Finding reference in the frozen classification rationale/related set; related references are not exhaustive.
#244,Spatial Ground Must Support Future Precision Growth Without Relocation,FSF DEPENDENCY / DOWNWARD CONTRACT,RETAIN AS INDEPENDENT CANDIDATE,Precision and Refinement,MEDIUM,Definition-level,DEF-06,,P4-D15,FALSE,FALSE,Item-level target override from Architectural Resolution Passes.
#245,"Refinement Must Reveal, Not Move",DERIVED CONSEQUENCE,REQUIRES ARCHITECTURAL REVIEW,Precision and Refinement,MEDIUM,Definition-level,DEF-06,,P1-D2,FALSE,FALSE,Item-level target override from Architectural Resolution Passes. Resolved: refinement evaluates already-established membership; it does not reveal or move truth.
#246,Refinement Must Preserve Coarser Truth,DERIVED CONSEQUENCE,MERGE INTO STRONGER FINDING OR CLUSTER,Precision and Refinement,MEDIUM,Merged,DEF-06,#244,P4-D15,FALSE,FALSE,Primary target from Pass #4 cluster-level consolidation view. Consolidation parent carried from the first explicit Finding reference in the frozen classification rationale/related set; related references are not exhaustive.
#247,Precision Increase Must Be Monotonic in Meaning,DUPLICATE / NEAR-DUPLICATE,MERGE INTO STRONGER FINDING OR CLUSTER,Precision and Refinement,HIGH,Merged,DEF-06,#244,P4-D15,FALSE,FALSE,Primary target from Pass #4 cluster-level consolidation view. Consolidation parent carried from the first explicit Finding reference in the frozen classification rationale/related set; related references are not exhaustive.
#248,Precision Reduction Must Be Explicitly Lossy When It Is Lossy,DUPLICATE / NEAR-DUPLICATE,MERGE INTO STRONGER FINDING OR CLUSTER,Precision and Refinement,HIGH,Merged,DEF-06,#49,P4-D15,FALSE,FALSE,Primary target from Pass #4 cluster-level consolidation view. Consolidation parent carried from the first explicit Finding reference in the frozen classification rationale/related set; related references are not exhaustive.
#249,Spatial Ground Must Distinguish Unknown From Non-World,DERIVED CONSEQUENCE,MERGE INTO STRONGER FINDING OR CLUSTER,Failure Semantics,MEDIUM,Merged,CORE-03b,#153,P4-D15,FALSE,FALSE,Primary target from Pass #4 cluster-level consolidation view. Consolidation parent carried from the first explicit Finding reference in the frozen classification rationale/related set; related references are not exhaustive.
#250,Canonical Ground Contains No Unknown Membership,DUPLICATE / NEAR-DUPLICATE,MERGE INTO STRONGER FINDING OR CLUSTER,Exact Membership and Boundary Resolution,HIGH,Merged,CORE-03,#15,P4-D15,FALSE,FALSE,Primary target from Pass #4 cluster-level consolidation view. Consolidation parent carried from the first explicit Finding reference in the frozen classification rationale/related set; related references are not exhaustive.
#251,Spatial Ground Must Distinguish Error From Absence,CONFORMANCE / VALIDATION CANDIDATE,MOVE TO CONFORMANCE / VALIDATION,Failure Semantics,HIGH,Conformance,CORE-03b,,P4-D15,FALSE,FALSE,Primary target from Pass #4 cluster-level consolidation view.
#252,Failure States Must Be Explicit,CONFORMANCE / VALIDATION CANDIDATE,MOVE TO CONFORMANCE / VALIDATION,Failure Semantics,HIGH,Conformance,CORE-03b,,P4-D15,FALSE,FALSE,Primary target from Pass #4 cluster-level consolidation view.
#253,Spatial Ground Must Preserve Deterministic Error Semantics,CONFORMANCE / VALIDATION CANDIDATE,MOVE TO CONFORMANCE / VALIDATION,Failure Semantics,HIGH,Conformance,CORE-03b,,P4-D15,FALSE,FALSE,Primary target from Pass #4 cluster-level consolidation view.
#254,Spatial Ground Must Prevent Default-Inclusion,CONFORMANCE / VALIDATION CANDIDATE,MOVE TO CONFORMANCE / VALIDATION,Failure Semantics,HIGH,Conformance,CORE-03b,,P4-D15,FALSE,FALSE,Primary target from Pass #4 cluster-level consolidation view.
#255,Spatial Ground Must Prevent Default-Exclusion,DUPLICATE / NEAR-DUPLICATE,MERGE INTO STRONGER FINDING OR CLUSTER,Failure Semantics,HIGH,Merged,CORE-03b,#251,P4-D15,FALSE,FALSE,Primary target from Pass #4 cluster-level consolidation view. Consolidation parent carried from the first explicit Finding reference in the frozen classification rationale/related set; related references are not exhaustive.
#256,Spatial Ground Must Preserve Exactness at Extremes,DERIVED CONSEQUENCE,MERGE INTO STRONGER FINDING OR CLUSTER,Exact Membership and Boundary Resolution,MEDIUM,Merged,CORE-03,#15,P4-D15,FALSE,FALSE,Primary target from Pass #4 cluster-level consolidation view. Consolidation parent carried from the first explicit Finding reference in the frozen classification rationale/related set; related references are not exhaustive.
#257,Edge Cases Are Part of the Architecture,CONFORMANCE / VALIDATION CANDIDATE,MOVE TO CONFORMANCE / VALIDATION,Testing and Adversarial Review,MEDIUM,Conformance,Conformance Register,,P4-D15,FALSE,FALSE,Primary target from Pass #4 cluster-level consolidation view.
#258,Degenerate Geometry Must Have Defined Behavior,SPECIFICATION CANDIDATE,MOVE TO SPECIFICATION,Failure Semantics,HIGH,Specification,CORE-03b,,P4-D15,FALSE,FALSE,Primary target from Pass #4 cluster-level consolidation view.
#259,Empty World-Space Expressions Must Be Governed,UNRESOLVED ARCHITECTURAL QUESTION,REQUIRES ARCHITECTURAL REVIEW,Survey-to-World Relationship,HIGH,Expressed constitutional constraint,CONST-03,,P1-D3A,FALSE,FALSE,Item-level target override from Architectural Resolution Passes. Resolved: empty expression may be formally representable but is not adoptable as canonical BitPangea World-space.
#260,Universal Inclusion Must Be Governed,UNRESOLVED ARCHITECTURAL QUESTION,REQUIRES ARCHITECTURAL REVIEW,Survey-to-World Relationship,HIGH,Requirement-level,CORE-02,,P1-D3B,FALSE,FALSE,Item-level target override from Architectural Resolution Passes. Resolved: World-space may coincide with the entire Survey Domain; Ground does not prohibit coincidence.
#261,Spatial Ground Must Preserve Survey/World Non-Identity,DERIVED CONSEQUENCE,MERGE INTO STRONGER FINDING OR CLUSTER,Survey-to-World Relationship,MEDIUM,Merged,CORE-02,#13,P4-D15,FALSE,FALSE,Primary target from Pass #4 cluster-level consolidation view. Consolidation parent carried from the first explicit Finding reference in the frozen classification rationale/related set; related references are not exhaustive.
#262,Geometric Coincidence Does Not Merge Architectural Roles,DUPLICATE / NEAR-DUPLICATE,MERGE INTO STRONGER FINDING OR CLUSTER,Layer Boundaries,HIGH,Merged,BOUND-01,#261,P4-D15,FALSE,FALSE,Primary target from Pass #4 cluster-level consolidation view. Consolidation parent carried from the first explicit Finding reference in the frozen classification rationale/related set; related references are not exhaustive.
#263,Spatial Ground Must Preserve Layer Responsibility,DUPLICATE / NEAR-DUPLICATE,MERGE INTO STRONGER FINDING OR CLUSTER,Layer Boundaries,HIGH,Merged,BOUND-01,#12,P4-D15,FALSE,FALSE,Primary target from Pass #4 cluster-level consolidation view. Consolidation parent carried from the first explicit Finding reference in the frozen classification rationale/related set; related references are not exhaustive.
#264,Responsibility Must Not Be Duplicated,LAYER BOUNDARY / EXCLUSION,RETAIN AS INDEPENDENT CANDIDATE,Layer Boundaries,MEDIUM,Shared architecture,Shared Architecture: No Duplicated Responsibility,,P4-D15,FALSE,FALSE,Item-level target override from Architectural Resolution Passes.
#265,Responsibility Must Not Be Orphaned,LAYER BOUNDARY / EXCLUSION,RETAIN AS INDEPENDENT CANDIDATE,Layer Boundaries,MEDIUM,Shared architecture,Shared Architecture: No Orphaned Responsibility,,P4-D15,FALSE,FALSE,Item-level target override from Architectural Resolution Passes.
#266,Spatial Ground Must Have a Closed Responsibility Set,INSTITUTIONAL / GOVERNANCE CANDIDATE,MOVE TO GOVERNANCE / INSTITUTIONAL FRAMEWORK,Change Control and Permanence,HIGH,Governance,CORE-06,,P4-D15,FALSE,FALSE,Primary target from Pass #4 cluster-level consolidation view.
#267,New Ground Responsibilities Require Necessity Proof,INSTITUTIONAL / GOVERNANCE CANDIDATE,MOVE TO GOVERNANCE / INSTITUTIONAL FRAMEWORK,Change Control and Permanence,HIGH,Governance,CORE-06,,P4-D15,FALSE,FALSE,Primary target from Pass #4 cluster-level consolidation view.
#268,Spatial Ground Must Resist Architectural Accretion,DUPLICATE / NEAR-DUPLICATE,MERGE INTO STRONGER FINDING OR CLUSTER,Minimality and Semantic Restraint,HIGH,Merged,BOUND-01,#58,P4-D15,FALSE,FALSE,Primary target from Pass #4 cluster-level consolidation view. Consolidation parent carried from the first explicit Finding reference in the frozen classification rationale/related set; related references are not exhaustive.
#269,Spatial Ground Must Have a Strong Exclusion Principle,DUPLICATE / NEAR-DUPLICATE,MERGE INTO STRONGER FINDING OR CLUSTER,Minimality and Semantic Restraint,HIGH,Merged,BOUND-01,#137,P4-D15,FALSE,FALSE,Primary target from Pass #4 cluster-level consolidation view. Consolidation parent carried from the first explicit Finding reference in the frozen classification rationale/related set; related references are not exhaustive.
#270,Ground Minimality Is a Conformance Property,DUPLICATE / NEAR-DUPLICATE,MERGE INTO STRONGER FINDING OR CLUSTER,Independent Implementation,HIGH,Merged,CORE-03c,#87,P4-D15,FALSE,FALSE,Primary target from Pass #4 cluster-level consolidation view. Consolidation parent carried from the first explicit Finding reference in the frozen classification rationale/related set; related references are not exhaustive.
#271,Extra Data Must Remain Non-Canonical Unless Governed Elsewhere,DERIVED CONSEQUENCE,MERGE INTO STRONGER FINDING OR CLUSTER,Operational Non-Authority,HIGH,Merged,CORE-05c,#19,P4-D15,FALSE,FALSE,Primary target from Pass #4 cluster-level consolidation view. Consolidation parent carried from the first explicit Finding reference in the frozen classification rationale/related set; related references are not exhaustive.
#272,Physical Colocation Does Not Mean Architectural Membership,DUPLICATE / NEAR-DUPLICATE,MERGE INTO STRONGER FINDING OR CLUSTER,Operational Non-Authority,HIGH,Merged,CORE-05c,#271,P4-D15,FALSE,FALSE,Primary target from Pass #4 cluster-level consolidation view. Consolidation parent carried from the first explicit Finding reference in the frozen classification rationale/related set; related references are not exhaustive.
#273,Spatial Ground Boundaries Are Institutional as Well as Spatial,LAYER BOUNDARY / EXCLUSION,MERGE INTO STRONGER FINDING OR CLUSTER,Layer Boundaries,MEDIUM,Merged,BOUND-01,#30,P4-D15,FALSE,FALSE,Primary target from Pass #4 cluster-level consolidation view. Consolidation parent carried from the first explicit Finding reference in the frozen classification rationale/related set; related references are not exhaustive.
#274,The Upward Boundary Must Be Explicit,DUPLICATE / NEAR-DUPLICATE,MERGE INTO STRONGER FINDING OR CLUSTER,Layer Boundaries,HIGH,Merged,BOUND-01,#30,P4-D15,FALSE,FALSE,Primary target from Pass #4 cluster-level consolidation view. Consolidation parent carried from the first explicit Finding reference in the frozen classification rationale/related set; related references are not exhaustive.
#275,The Downward Boundary Must Be Explicit,LAYER BOUNDARY / EXCLUSION,MERGE INTO STRONGER FINDING OR CLUSTER,Layer Boundaries,MEDIUM,Merged,BOUND-01,#12,P4-D15,FALSE,FALSE,Primary target from Pass #4 cluster-level consolidation view. Consolidation parent carried from the first explicit Finding reference in the frozen classification rationale/related set; related references are not exhaustive.
#276,Spatial Ground Occupies the Narrow Middle,DUPLICATE / NEAR-DUPLICATE,MERGE INTO STRONGER FINDING OR CLUSTER,Layer Boundaries,HIGH,Merged,BOUND-01,#30,P4-D15,FALSE,FALSE,Primary target from Pass #4 cluster-level consolidation view. Consolidation parent carried from the first explicit Finding reference in the frozen classification rationale/related set; related references are not exhaustive.
#277,The Narrowness Is Intentional,HISTORICAL REASONING ONLY,PRESERVE AS HISTORICAL REASONING ONLY,Minimality and Semantic Restraint,MEDIUM,Historical only,BOUND-01,,P4-D15,FALSE,FALSE,Primary target from Pass #4 cluster-level consolidation view.
#278,Architectural Importance Is Not Measured by Complexity,HISTORICAL REASONING ONLY,PRESERVE AS HISTORICAL REASONING ONLY,Minimality and Semantic Restraint,HIGH,Historical only,BOUND-01,,P4-D15,FALSE,FALSE,Primary target from Pass #4 cluster-level consolidation view.
#279,Spatial Ground Must Preserve Silence,DUPLICATE / NEAR-DUPLICATE,MERGE INTO STRONGER FINDING OR CLUSTER,Minimality and Semantic Restraint,HIGH,Merged,BOUND-01,#20,P4-D15,FALSE,FALSE,Primary target from Pass #4 cluster-level consolidation view. Consolidation parent carried from the first explicit Finding reference in the frozen classification rationale/related set; related references are not exhaustive.
#280,Silence Must Still Be Exact,DERIVED CONSEQUENCE,MERGE INTO STRONGER FINDING OR CLUSTER,Minimality and Semantic Restraint,HIGH,Merged,BOUND-01,#20,P4-D15,FALSE,FALSE,Primary target from Pass #4 cluster-level consolidation view. Consolidation parent carried from the first explicit Finding reference in the frozen classification rationale/related set; related references are not exhaustive.
#281,Spatial Ground Must Support Future Discovery Above It,DUPLICATE / NEAR-DUPLICATE,MERGE INTO STRONGER FINDING OR CLUSTER,Interpretation Independence,HIGH,Merged,CORE-05a,#53,P4-D15,FALSE,FALSE,Primary target from Pass #4 cluster-level consolidation view. Consolidation parent carried from the first explicit Finding reference in the frozen classification rationale/related set; related references are not exhaustive.
#282,Higher Discovery Must Not Retroactively Create Ground,DERIVED CONSEQUENCE,MERGE INTO STRONGER FINDING OR CLUSTER,Upward Handoff,MEDIUM,Merged,UP-01,#2,P4-D15,FALSE,FALSE,Primary target from Pass #4 cluster-level consolidation view. Consolidation parent carried from the first explicit Finding reference in the frozen classification rationale/related set; related references are not exhaustive.
#283,World-Space Precedes Interpretation,DERIVED CONSEQUENCE,MERGE INTO STRONGER FINDING OR CLUSTER,Interpretation Independence,HIGH,Merged,CORE-05a,#4,P4-D15,FALSE,FALSE,Primary target from Pass #4 cluster-level consolidation view. Consolidation parent carried from the first explicit Finding reference in the frozen classification rationale/related set; related references are not exhaustive.
#284,World-Space Precedes Cadastral Expression,DUPLICATE / NEAR-DUPLICATE,MERGE INTO STRONGER FINDING OR CLUSTER,Parcel Independence,HIGH,Merged,CORE-05a,#6,P4-D15,FALSE,FALSE,Primary target from Pass #4 cluster-level consolidation view. Consolidation parent carried from the first explicit Finding reference in the frozen classification rationale/related set; related references are not exhaustive.
#285,World-Space Precedes Experience,DUPLICATE / NEAR-DUPLICATE,MERGE INTO STRONGER FINDING OR CLUSTER,Higher-Layer Independence,HIGH,Merged,CORE-05a,#4,P4-D15,FALSE,FALSE,Primary target from Pass #4 cluster-level consolidation view. Consolidation parent carried from the first explicit Finding reference in the frozen classification rationale/related set; related references are not exhaustive.
#286,Spatial Ground Must Preserve Ontological Restraint,DERIVED CONSEQUENCE,MERGE INTO STRONGER FINDING OR CLUSTER,Minimality and Semantic Restraint,MEDIUM,Merged,BOUND-01,#20,P4-D15,FALSE,FALSE,Primary target from Pass #4 cluster-level consolidation view. Consolidation parent carried from the first explicit Finding reference in the frozen classification rationale/related set; related references are not exhaustive.
#287,"Spatial Ground Is Architecture, Not Cosmology",DUPLICATE / NEAR-DUPLICATE,MERGE INTO STRONGER FINDING OR CLUSTER,Minimality and Semantic Restraint,HIGH,Merged,BOUND-01,#286,P4-D15,FALSE,FALSE,Primary target from Pass #4 cluster-level consolidation view. Consolidation parent carried from the first explicit Finding reference in the frozen classification rationale/related set; related references are not exhaustive.
#288,Spatial Ground Must Not Replace The Declaration,DERIVED CONSEQUENCE,MERGE INTO STRONGER FINDING OR CLUSTER,Constitutional Subordination,HIGH,Merged,CONST-01,#91,P4-D15,FALSE,FALSE,Primary target from Pass #4 cluster-level consolidation view. Consolidation parent carried from the first explicit Finding reference in the frozen classification rationale/related set; related references are not exhaustive.
#289,Spatial Ground Must Not Replace The Codex,DERIVED CONSEQUENCE,MERGE INTO STRONGER FINDING OR CLUSTER,Constitutional Subordination,HIGH,Merged,CONST-01,#91,P4-D15,FALSE,FALSE,Primary target from Pass #4 cluster-level consolidation view. Consolidation parent carried from the first explicit Finding reference in the frozen classification rationale/related set; related references are not exhaustive.
#290,Spatial Ground Must Consume Constitutional Constraints Without Duplicating Constitutional Authority,DUPLICATE / NEAR-DUPLICATE,MERGE INTO STRONGER FINDING OR CLUSTER,Constitutional Subordination,HIGH,Merged,CONST-01,#91,P4-D15,FALSE,FALSE,Primary target from Pass #4 cluster-level consolidation view. Consolidation parent carried from the first explicit Finding reference in the frozen classification rationale/related set; related references are not exhaustive.
#291,Spatial Ground Must Be Auditable Against Its Constitutional Inputs,INSTITUTIONAL / GOVERNANCE CANDIDATE,MOVE TO GOVERNANCE / INSTITUTIONAL FRAMEWORK,Constitutional Subordination,HIGH,Governance,CONST-01,,P4-D15,FALSE,FALSE,Primary target from Pass #4 cluster-level consolidation view.
#292,Spatial Ground Must Be Auditable Against Survey Requirements,INSTITUTIONAL / GOVERNANCE CANDIDATE,MOVE TO GOVERNANCE / INSTITUTIONAL FRAMEWORK,Survey Dependency / Downward Contract,HIGH,Governance,DOWN-01,,P4-D15,FALSE,FALSE,Primary target from Pass #4 cluster-level consolidation view.
#293,Spatial Ground Must Be Auditable Against Higher-Layer Boundaries,INSTITUTIONAL / GOVERNANCE CANDIDATE,MOVE TO GOVERNANCE / INSTITUTIONAL FRAMEWORK,Layer Boundaries,HIGH,Governance,BOUND-01,,P4-D15,FALSE,FALSE,Primary target from Pass #4 cluster-level consolidation view.
#294,Spatial Ground Requires a Formal Consolidation Review,INSTITUTIONAL / GOVERNANCE CANDIDATE,MOVE TO GOVERNANCE / INSTITUTIONAL FRAMEWORK,Inquiry Method and Framework Sequencing,HIGH,Governance,Governance Method Annex,,P4-D15,FALSE,FALSE,Primary target from Pass #4 cluster-level consolidation view.
#295,Finding Count Is Not the Architecture,HISTORICAL REASONING ONLY,PRESERVE AS HISTORICAL REASONING ONLY,Inquiry Method and Framework Sequencing,HIGH,Historical only,Governance Method Annex,,P4-D15,FALSE,FALSE,Primary target from Pass #4 cluster-level consolidation view.
#296,Findings Must Not Become Redundant Canon,INSTITUTIONAL / GOVERNANCE CANDIDATE,MOVE TO GOVERNANCE / INSTITUTIONAL FRAMEWORK,Inquiry Method and Framework Sequencing,HIGH,Governance,Governance Method Annex,,P4-D15,FALSE,FALSE,Primary target from Pass #4 cluster-level consolidation view.
#297,Requirements Must Follow Findings,INSTITUTIONAL / GOVERNANCE CANDIDATE,MOVE TO GOVERNANCE / INSTITUTIONAL FRAMEWORK,Inquiry Method and Framework Sequencing,MEDIUM,Governance,Governance Method Annex,,P4-D15,FALSE,FALSE,Primary target from Pass #4 cluster-level consolidation view.
#298,Specification Must Follow Requirements,INSTITUTIONAL / GOVERNANCE CANDIDATE,MOVE TO GOVERNANCE / INSTITUTIONAL FRAMEWORK,Inquiry Method and Framework Sequencing,HIGH,Governance,Governance Method Annex,,P4-D15,FALSE,FALSE,Primary target from Pass #4 cluster-level consolidation view.
#299,Conformance Must Follow Specification,INSTITUTIONAL / GOVERNANCE CANDIDATE,MOVE TO GOVERNANCE / INSTITUTIONAL FRAMEWORK,Inquiry Method and Framework Sequencing,HIGH,Governance,Governance Method Annex,,P4-D15,FALSE,FALSE,Primary target from Pass #4 cluster-level consolidation view.
#300,Reference Vectors Must Follow Conformance and Specification,DUPLICATE / NEAR-DUPLICATE,MERGE INTO STRONGER FINDING OR CLUSTER,Inquiry Method and Framework Sequencing,HIGH,Merged,Governance Method Annex,#198,P4-D15,FALSE,FALSE,Primary target from Pass #4 cluster-level consolidation view. Consolidation parent carried from the first explicit Finding reference in the frozen classification rationale/related set; related references are not exhaustive.
#301,Spatial Ground Must Define Canonical Emptiness,DUPLICATE / NEAR-DUPLICATE,MERGE INTO STRONGER FINDING OR CLUSTER,Higher-Layer Independence,HIGH,Merged,CORE-05a,#4,P4-D15,FALSE,FALSE,Primary target from Pass #4 cluster-level consolidation view. Consolidation parent carried from the first explicit Finding reference in the frozen classification rationale/related set; related references are not exhaustive.
#302,Spatial Ground Must Distinguish Empty From Unused,DUPLICATE / NEAR-DUPLICATE,MERGE INTO STRONGER FINDING OR CLUSTER,Higher-Layer Independence,HIGH,Merged,CORE-05a,#4,P4-D15,FALSE,FALSE,Primary target from Pass #4 cluster-level consolidation view. Consolidation parent carried from the first explicit Finding reference in the frozen classification rationale/related set; related references are not exhaustive.
#303,Spatial Ground Must Distinguish Unused From Unreachable,DUPLICATE / NEAR-DUPLICATE,MERGE INTO STRONGER FINDING OR CLUSTER,Runtime Independence,HIGH,Merged,CORE-05a,#4,P4-D15,FALSE,FALSE,Primary target from Pass #4 cluster-level consolidation view. Consolidation parent carried from the first explicit Finding reference in the frozen classification rationale/related set; related references are not exhaustive.
#304,Spatial Ground Must Distinguish Unreachable From Invalid,DERIVED CONSEQUENCE,MERGE INTO STRONGER FINDING OR CLUSTER,Runtime Independence,HIGH,Merged,CORE-05a,#4,P4-D15,FALSE,FALSE,Primary target from Pass #4 cluster-level consolidation view. Consolidation parent carried from the first explicit Finding reference in the frozen classification rationale/related set; related references are not exhaustive.
#305,Spatial Ground Must Distinguish Invalid From Non-World,DERIVED CONSEQUENCE,MERGE INTO STRONGER FINDING OR CLUSTER,Failure Semantics,HIGH,Merged,CORE-03b,#159,P4-D15,FALSE,FALSE,Primary target from Pass #4 cluster-level consolidation view. Consolidation parent carried from the first explicit Finding reference in the frozen classification rationale/related set; related references are not exhaustive.
#306,Spatial Ground Must Preserve Layered Error Meaning,CONFORMANCE / VALIDATION CANDIDATE,MOVE TO CONFORMANCE / VALIDATION,Failure Semantics,MEDIUM,Conformance,CORE-03b,,P4-D15,FALSE,FALSE,Primary target from Pass #4 cluster-level consolidation view.
#307,Spatial Ground Must Not Encode Discoverability,DUPLICATE / NEAR-DUPLICATE,MERGE INTO STRONGER FINDING OR CLUSTER,Higher-Layer Independence,HIGH,Merged,CORE-05a,#4,P4-D15,FALSE,FALSE,Primary target from Pass #4 cluster-level consolidation view. Consolidation parent carried from the first explicit Finding reference in the frozen classification rationale/related set; related references are not exhaustive.
#308,Spatial Ground Must Not Encode Visibility,DUPLICATE / NEAR-DUPLICATE,MERGE INTO STRONGER FINDING OR CLUSTER,Higher-Layer Independence,HIGH,Merged,CORE-05a,#4,P4-D15,FALSE,FALSE,Primary target from Pass #4 cluster-level consolidation view. Consolidation parent carried from the first explicit Finding reference in the frozen classification rationale/related set; related references are not exhaustive.
#309,Spatial Ground Must Not Encode Accessibility,DUPLICATE / NEAR-DUPLICATE,MERGE INTO STRONGER FINDING OR CLUSTER,Rights / Governance Independence,HIGH,Merged,CORE-05a,#20,P4-D15,FALSE,FALSE,Primary target from Pass #4 cluster-level consolidation view. Consolidation parent carried from the first explicit Finding reference in the frozen classification rationale/related set; related references are not exhaustive.
#310,Spatial Ground Must Not Encode Traversability,DERIVED CONSEQUENCE,MERGE INTO STRONGER FINDING OR CLUSTER,Interpretation Independence,HIGH,Merged,CORE-05a,#4,P4-D15,FALSE,FALSE,Primary target from Pass #4 cluster-level consolidation view. Consolidation parent carried from the first explicit Finding reference in the frozen classification rationale/related set; related references are not exhaustive.
#311,Spatial Ground Must Not Encode Habitability,DERIVED CONSEQUENCE,MERGE INTO STRONGER FINDING OR CLUSTER,Interpretation Independence,HIGH,Merged,CORE-05a,#4,P4-D15,FALSE,FALSE,Primary target from Pass #4 cluster-level consolidation view. Consolidation parent carried from the first explicit Finding reference in the frozen classification rationale/related set; related references are not exhaustive.
#312,Spatial Ground Must Not Encode Utility,DERIVED CONSEQUENCE,MERGE INTO STRONGER FINDING OR CLUSTER,Interpretation Independence,HIGH,Merged,CORE-05a,#20,P4-D15,FALSE,FALSE,Primary target from Pass #4 cluster-level consolidation view. Consolidation parent carried from the first explicit Finding reference in the frozen classification rationale/related set; related references are not exhaustive.
#313,Spatial Ground Must Not Encode Economic Value,DUPLICATE / NEAR-DUPLICATE,MERGE INTO STRONGER FINDING OR CLUSTER,Interpretation Independence,HIGH,Merged,CORE-05a,#20,P4-D15,FALSE,FALSE,Primary target from Pass #4 cluster-level consolidation view. Consolidation parent carried from the first explicit Finding reference in the frozen classification rationale/related set; related references are not exhaustive.
#314,Spatial Ground Must Not Encode Cultural Value,DUPLICATE / NEAR-DUPLICATE,MERGE INTO STRONGER FINDING OR CLUSTER,Interpretation Independence,HIGH,Merged,CORE-05a,#20,P4-D15,FALSE,FALSE,Primary target from Pass #4 cluster-level consolidation view. Consolidation parent carried from the first explicit Finding reference in the frozen classification rationale/related set; related references are not exhaustive.
#315,Spatial Ground Must Not Encode Strategic Value,DERIVED CONSEQUENCE,MERGE INTO STRONGER FINDING OR CLUSTER,Interpretation Independence,HIGH,Merged,CORE-05a,#20,P4-D15,FALSE,FALSE,Primary target from Pass #4 cluster-level consolidation view. Consolidation parent carried from the first explicit Finding reference in the frozen classification rationale/related set; related references are not exhaustive.
#316,Spatial Ground Must Not Encode Environmental State,DERIVED CONSEQUENCE,MERGE INTO STRONGER FINDING OR CLUSTER,Interpretation Independence,HIGH,Merged,CORE-05a,#20,P4-D15,FALSE,FALSE,Primary target from Pass #4 cluster-level consolidation view. Consolidation parent carried from the first explicit Finding reference in the frozen classification rationale/related set; related references are not exhaustive.
#317,Spatial Ground Must Not Encode Surface Material,DUPLICATE / NEAR-DUPLICATE,MERGE INTO STRONGER FINDING OR CLUSTER,Interpretation Independence,HIGH,Merged,CORE-05a,#20,P4-D15,FALSE,FALSE,Primary target from Pass #4 cluster-level consolidation view. Consolidation parent carried from the first explicit Finding reference in the frozen classification rationale/related set; related references are not exhaustive.
#318,World-Space Is Not Synonymous With Land,DERIVED CONSEQUENCE,MERGE INTO STRONGER FINDING OR CLUSTER,Interpretation Independence,MEDIUM,Merged,CORE-05a,#20,P4-D15,FALSE,FALSE,Primary target from Pass #4 cluster-level consolidation view. Consolidation parent carried from the first explicit Finding reference in the frozen classification rationale/related set; related references are not exhaustive.
#319,World-Space Is Not Synonymous With Rendered Surface,DUPLICATE / NEAR-DUPLICATE,MERGE INTO STRONGER FINDING OR CLUSTER,Operational Non-Authority,HIGH,Merged,CORE-05c,#19,P4-D15,FALSE,FALSE,Primary target from Pass #4 cluster-level consolidation view. Consolidation parent carried from the first explicit Finding reference in the frozen classification rationale/related set; related references are not exhaustive.
#320,World-Space Is Not Synonymous With Parcel Fabric,DUPLICATE / NEAR-DUPLICATE,MERGE INTO STRONGER FINDING OR CLUSTER,Parcel Independence,HIGH,Merged,CORE-05a,#6,P4-D15,FALSE,FALSE,Primary target from Pass #4 cluster-level consolidation view. Consolidation parent carried from the first explicit Finding reference in the frozen classification rationale/related set; related references are not exhaustive.
#321,Spatial Ground Must Permit Uninterpreted World-Space,DUPLICATE / NEAR-DUPLICATE,MERGE INTO STRONGER FINDING OR CLUSTER,Interpretation Independence,HIGH,Merged,CORE-05a,#4,P4-D15,FALSE,FALSE,Primary target from Pass #4 cluster-level consolidation view. Consolidation parent carried from the first explicit Finding reference in the frozen classification rationale/related set; related references are not exhaustive.
#322,Spatial Ground Must Permit Future Reinterpretation,DUPLICATE / NEAR-DUPLICATE,MERGE INTO STRONGER FINDING OR CLUSTER,Interpretation Independence,HIGH,Merged,CORE-05a,#4,P4-D15,FALSE,FALSE,Primary target from Pass #4 cluster-level consolidation view. Consolidation parent carried from the first explicit Finding reference in the frozen classification rationale/related set; related references are not exhaustive.
#323,Spatial Ground Must Permit Multiple Historical Interpretations,DERIVED CONSEQUENCE,MERGE INTO STRONGER FINDING OR CLUSTER,Interpretation Independence,HIGH,Merged,CORE-05a,#8,P4-D15,FALSE,FALSE,Primary target from Pass #4 cluster-level consolidation view. Consolidation parent carried from the first explicit Finding reference in the frozen classification rationale/related set; related references are not exhaustive.
#324,Spatial Ground Must Preserve Continuity Across Interpretive Eras,DUPLICATE / NEAR-DUPLICATE,MERGE INTO STRONGER FINDING OR CLUSTER,Change Control and Permanence,HIGH,Merged,CORE-06,#4,P4-D15,FALSE,FALSE,Primary target from Pass #4 cluster-level consolidation view. Consolidation parent carried from the first explicit Finding reference in the frozen classification rationale/related set; related references are not exhaustive.
#325,Spatial Ground Must Support Persistent Place Reference,DUPLICATE / NEAR-DUPLICATE,MERGE INTO STRONGER FINDING OR CLUSTER,Change Control and Permanence,HIGH,Merged,CORE-06,#4,P4-D15,FALSE,FALSE,Primary target from Pass #4 cluster-level consolidation view. Consolidation parent carried from the first explicit Finding reference in the frozen classification rationale/related set; related references are not exhaustive.
#326,Place Reference Must Survive Renaming,DUPLICATE / NEAR-DUPLICATE,MERGE INTO STRONGER FINDING OR CLUSTER,Change Control and Permanence,HIGH,Merged,CORE-06,#4,P4-D15,FALSE,FALSE,Primary target from Pass #4 cluster-level consolidation view. Consolidation parent carried from the first explicit Finding reference in the frozen classification rationale/related set; related references are not exhaustive.
#327,Place Reference Must Survive Reclassification,DUPLICATE / NEAR-DUPLICATE,MERGE INTO STRONGER FINDING OR CLUSTER,Change Control and Permanence,HIGH,Merged,CORE-06,#4,P4-D15,FALSE,FALSE,Primary target from Pass #4 cluster-level consolidation view. Consolidation parent carried from the first explicit Finding reference in the frozen classification rationale/related set; related references are not exhaustive.
#328,Place Reference Must Survive Entity Deletion,DUPLICATE / NEAR-DUPLICATE,MERGE INTO STRONGER FINDING OR CLUSTER,Change Control and Permanence,HIGH,Merged,CORE-06,#4,P4-D15,FALSE,FALSE,Primary target from Pass #4 cluster-level consolidation view. Consolidation parent carried from the first explicit Finding reference in the frozen classification rationale/related set; related references are not exhaustive.
#329,Spatial Ground Must Support Historical Location Integrity,DUPLICATE / NEAR-DUPLICATE,MERGE INTO STRONGER FINDING OR CLUSTER,Change Control and Permanence,HIGH,Merged,CORE-06,#4,P4-D15,FALSE,FALSE,Primary target from Pass #4 cluster-level consolidation view. Consolidation parent carried from the first explicit Finding reference in the frozen classification rationale/related set; related references are not exhaustive.
#330,Spatial Ground Must Preserve Cross-Temporal Spatial Meaning,DUPLICATE / NEAR-DUPLICATE,MERGE INTO STRONGER FINDING OR CLUSTER,Change Control and Permanence,HIGH,Merged,CORE-06,#73,P4-D15,FALSE,FALSE,Primary target from Pass #4 cluster-level consolidation view. Consolidation parent carried from the first explicit Finding reference in the frozen classification rationale/related set; related references are not exhaustive.
#331,Spatial Ground Must Not Depend on Current Interpretation Schema,DERIVED CONSEQUENCE,MERGE INTO STRONGER FINDING OR CLUSTER,Interpretation Independence,HIGH,Merged,CORE-05a,#4,P4-D15,FALSE,FALSE,Primary target from Pass #4 cluster-level consolidation view. Consolidation parent carried from the first explicit Finding reference in the frozen classification rationale/related set; related references are not exhaustive.
#332,Spatial Ground Must Support Archival Spatial Citation,DERIVED CONSEQUENCE,MERGE INTO STRONGER FINDING OR CLUSTER,Change Control and Permanence,MEDIUM,Merged,CORE-06,#4,P4-D15,FALSE,FALSE,Primary target from Pass #4 cluster-level consolidation view. Consolidation parent carried from the first explicit Finding reference in the frozen classification rationale/related set; related references are not exhaustive.
#333,Spatial Ground Must Be Suitable for Provenance Anchoring,UPWARD HANDOFF / HIGHER-LAYER CONTRACT,MERGE INTO STRONGER FINDING OR CLUSTER,Upward Handoff,MEDIUM,Merged,UP-01,#89,P4-D15,FALSE,FALSE,Primary target from Pass #4 cluster-level consolidation view. Consolidation parent carried from the first explicit Finding reference in the frozen classification rationale/related set; related references are not exhaustive.
#334,Spatial Ground Must Not Become a Historical Ledger,LAYER BOUNDARY / EXCLUSION,MERGE INTO STRONGER FINDING OR CLUSTER,Layer Boundaries,HIGH,Merged,BOUND-01,#20,P4-D15,FALSE,FALSE,Primary target from Pass #4 cluster-level consolidation view. Consolidation parent carried from the first explicit Finding reference in the frozen classification rationale/related set; related references are not exhaustive.
#335,Spatial Ground Must Not Become a Registry of Entities,LAYER BOUNDARY / EXCLUSION,MERGE INTO STRONGER FINDING OR CLUSTER,Layer Boundaries,HIGH,Merged,BOUND-01,#20,P4-D15,FALSE,FALSE,Primary target from Pass #4 cluster-level consolidation view. Consolidation parent carried from the first explicit Finding reference in the frozen classification rationale/related set; related references are not exhaustive.
#336,Spatial Ground Must Not Become a Semantic Graph,LAYER BOUNDARY / EXCLUSION,MERGE INTO STRONGER FINDING OR CLUSTER,Layer Boundaries,HIGH,Merged,BOUND-01,#20,P4-D15,FALSE,FALSE,Primary target from Pass #4 cluster-level consolidation view. Consolidation parent carried from the first explicit Finding reference in the frozen classification rationale/related set; related references are not exhaustive.
#337,Spatial Ground Must Not Become a Runtime Scene Graph,LAYER BOUNDARY / EXCLUSION,MERGE INTO STRONGER FINDING OR CLUSTER,Layer Boundaries,HIGH,Merged,BOUND-01,#20,P4-D15,FALSE,FALSE,Primary target from Pass #4 cluster-level consolidation view. Consolidation parent carried from the first explicit Finding reference in the frozen classification rationale/related set; related references are not exhaustive.
#338,Spatial Ground Must Not Become a Content Layer,LAYER BOUNDARY / EXCLUSION,MERGE INTO STRONGER FINDING OR CLUSTER,Layer Boundaries,HIGH,Merged,BOUND-01,#20,P4-D15,FALSE,FALSE,Primary target from Pass #4 cluster-level consolidation view. Consolidation parent carried from the first explicit Finding reference in the frozen classification rationale/related set; related references are not exhaustive.
#339,Spatial Ground Must Not Become a Service Layer,LAYER BOUNDARY / EXCLUSION,MERGE INTO STRONGER FINDING OR CLUSTER,Layer Boundaries,HIGH,Merged,BOUND-01,#30,P4-D15,FALSE,FALSE,Primary target from Pass #4 cluster-level consolidation view. Consolidation parent carried from the first explicit Finding reference in the frozen classification rationale/related set; related references are not exhaustive.
#340,Spatial Ground Must Not Become an Identity Layer,LAYER BOUNDARY / EXCLUSION,MERGE INTO STRONGER FINDING OR CLUSTER,Layer Boundaries,HIGH,Merged,BOUND-01,#20,P4-D15,FALSE,FALSE,Primary target from Pass #4 cluster-level consolidation view. Consolidation parent carried from the first explicit Finding reference in the frozen classification rationale/related set; related references are not exhaustive.
#341,Spatial Ground Must Not Become a Rights Layer,DUPLICATE / NEAR-DUPLICATE,MERGE INTO STRONGER FINDING OR CLUSTER,Rights / Governance Independence,HIGH,Merged,CORE-05a,#20,P4-D15,FALSE,FALSE,Primary target from Pass #4 cluster-level consolidation view. Consolidation parent carried from the first explicit Finding reference in the frozen classification rationale/related set; related references are not exhaustive.
#342,Spatial Ground Must Not Become an Interoperability Layer,DERIVED CONSEQUENCE,MERGE INTO STRONGER FINDING OR CLUSTER,Operational Non-Authority,HIGH,Merged,CORE-05c,#19,P4-D15,FALSE,FALSE,Primary target from Pass #4 cluster-level consolidation view. Consolidation parent carried from the first explicit Finding reference in the frozen classification rationale/related set; related references are not exhaustive.
#343,External Coordinate Systems Must Remain Mappings,DERIVED CONSEQUENCE,MERGE INTO STRONGER FINDING OR CLUSTER,Survey Dependency / Downward Contract,HIGH,Merged,DOWN-01,#12,P4-D15,FALSE,FALSE,Primary target from Pass #4 cluster-level consolidation view. Consolidation parent carried from the first explicit Finding reference in the frozen classification rationale/related set; related references are not exhaustive.
#344,External Projection Must Not Alter Membership,DERIVED CONSEQUENCE,MERGE INTO STRONGER FINDING OR CLUSTER,Representation Independence,HIGH,Merged,CORE-07,#29,P4-D15,FALSE,FALSE,Primary target from Pass #4 cluster-level consolidation view. Consolidation parent carried from the first explicit Finding reference in the frozen classification rationale/related set; related references are not exhaustive.
#345,External Precision Limits Must Not Weaken Canon,DUPLICATE / NEAR-DUPLICATE,MERGE INTO STRONGER FINDING OR CLUSTER,Precision and Refinement,HIGH,Merged,DEF-06,#19,P4-D15,FALSE,FALSE,Primary target from Pass #4 cluster-level consolidation view. Consolidation parent carried from the first explicit Finding reference in the frozen classification rationale/related set; related references are not exhaustive.
#346,Interoperability Must Preserve Layer Identity,IMPLEMENTATION / OPERATIONAL CANDIDATE,MOVE TO IMPLEMENTATION / OPERATIONS,Layer Boundaries,MEDIUM,Implementation,BOUND-01,,P4-D15,FALSE,FALSE,Primary target from Pass #4 cluster-level consolidation view.
#347,Spatial Ground Must Support Lossless Export Where Possible,DUPLICATE / NEAR-DUPLICATE,MERGE INTO STRONGER FINDING OR CLUSTER,Representation Independence,MEDIUM,Merged,CORE-07,#29,P4-D15,FALSE,FALSE,Primary target from Pass #4 cluster-level consolidation view. Consolidation parent carried from the first explicit Finding reference in the frozen classification rationale/related set; related references are not exhaustive.
#348,Spatial Ground Must Support Explicitly Lossy Export Where Necessary,DUPLICATE / NEAR-DUPLICATE,MERGE INTO STRONGER FINDING OR CLUSTER,Operational Non-Authority,HIGH,Merged,CORE-05c,#49,P4-D15,FALSE,FALSE,Primary target from Pass #4 cluster-level consolidation view. Consolidation parent carried from the first explicit Finding reference in the frozen classification rationale/related set; related references are not exhaustive.
#349,Import Must Never Create Canon by Default,DUPLICATE / NEAR-DUPLICATE,MERGE INTO STRONGER FINDING OR CLUSTER,Institutional Authority and Adoption,HIGH,Merged,IF-01,#154,P4-D15,FALSE,FALSE,Primary target from Pass #4 cluster-level consolidation view. Consolidation parent carried from the first explicit Finding reference in the frozen classification rationale/related set; related references are not exhaustive.
#350,Imported Ground Candidates Require Canonical Validation,DERIVED CONSEQUENCE,MERGE INTO STRONGER FINDING OR CLUSTER,Institutional Authority and Adoption,HIGH,Merged,IF-01,#154,P4-D15,FALSE,FALSE,Primary target from Pass #4 cluster-level consolidation view. Consolidation parent carried from the first explicit Finding reference in the frozen classification rationale/related set; related references are not exhaustive.
#351,Spatial Ground Must Distinguish Import From Adoption,INSTITUTIONAL / GOVERNANCE CANDIDATE,MOVE TO GOVERNANCE / INSTITUTIONAL FRAMEWORK,Institutional Authority and Adoption,HIGH,Governance,IF-01,,P4-D15,FALSE,FALSE,Primary target from Pass #4 cluster-level consolidation view.
#352,External Agreement Does Not Establish Authority,DERIVED CONSEQUENCE,MERGE INTO STRONGER FINDING OR CLUSTER,Operational Non-Authority,HIGH,Merged,CORE-05c,#19,P4-D15,FALSE,FALSE,Primary target from Pass #4 cluster-level consolidation view. Consolidation parent carried from the first explicit Finding reference in the frozen classification rationale/related set; related references are not exhaustive.
#353,External Disagreement Does Not Alter Canon,DERIVED CONSEQUENCE,MERGE INTO STRONGER FINDING OR CLUSTER,Single Canonical Truth,HIGH,Merged,CORE-04,#8,P4-D15,FALSE,FALSE,Primary target from Pass #4 cluster-level consolidation view. Consolidation parent carried from the first explicit Finding reference in the frozen classification rationale/related set; related references are not exhaustive.
#354,Spatial Ground Must Preserve Internal Authority,INSTITUTIONAL / GOVERNANCE CANDIDATE,MOVE TO GOVERNANCE / INSTITUTIONAL FRAMEWORK,Institutional Authority and Adoption,MEDIUM,Governance,IF-01,,P4-D15,FALSE,FALSE,Primary target from Pass #4 cluster-level consolidation view.
#355,Spatial Ground May Use External Mathematics Only Through Explicit Adoption,DERIVED CONSEQUENCE,MERGE INTO STRONGER FINDING OR CLUSTER,Institutional Authority and Adoption,MEDIUM,Merged,IF-01,#354,P4-D15,FALSE,FALSE,Primary target from Pass #4 cluster-level consolidation view. Consolidation parent carried from the first explicit Finding reference in the frozen classification rationale/related set; related references are not exhaustive.
#356,Mathematical Dependency Must Be Documented,DERIVED CONSEQUENCE,MERGE INTO STRONGER FINDING OR CLUSTER,No Hidden State / Self-Containment,HIGH,Merged,CORE-05b,#27,P4-D15,FALSE,FALSE,Primary target from Pass #4 cluster-level consolidation view. Consolidation parent carried from the first explicit Finding reference in the frozen classification rationale/related set; related references are not exhaustive.
#357,Library Behavior Is Not Canonical Behavior,DERIVED CONSEQUENCE,MERGE INTO STRONGER FINDING OR CLUSTER,No Hidden State / Self-Containment,HIGH,Merged,CORE-05b,#27,P4-D15,FALSE,FALSE,Primary target from Pass #4 cluster-level consolidation view. Consolidation parent carried from the first explicit Finding reference in the frozen classification rationale/related set; related references are not exhaustive.
#358,Numerical Tolerance Must Not Replace Exact Semantics,DERIVED CONSEQUENCE,MERGE INTO STRONGER FINDING OR CLUSTER,Exact Membership and Boundary Resolution,HIGH,Merged,CORE-03,#15,P4-D15,FALSE,FALSE,Primary target from Pass #4 cluster-level consolidation view. Consolidation parent carried from the first explicit Finding reference in the frozen classification rationale/related set; related references are not exhaustive.
#359,Floating-Point Coincidence Must Not Define Place,DERIVED CONSEQUENCE,MERGE INTO STRONGER FINDING OR CLUSTER,Exact Membership and Boundary Resolution,HIGH,Merged,CORE-03,#15,P4-D15,FALSE,FALSE,Primary target from Pass #4 cluster-level consolidation view. Consolidation parent carried from the first explicit Finding reference in the frozen classification rationale/related set; related references are not exhaustive.
#360,Spatial Ground Must Preserve Determinism Across Hardware,DUPLICATE / NEAR-DUPLICATE,MERGE INTO STRONGER FINDING OR CLUSTER,Independent Implementation,HIGH,Merged,CORE-03c,#26,P4-D15,FALSE,FALSE,Primary target from Pass #4 cluster-level consolidation view. Consolidation parent carried from the first explicit Finding reference in the frozen classification rationale/related set; related references are not exhaustive.
#361,Spatial Ground Must Preserve Determinism Across Languages,DUPLICATE / NEAR-DUPLICATE,MERGE INTO STRONGER FINDING OR CLUSTER,Independent Implementation,HIGH,Merged,CORE-03c,#26,P4-D15,FALSE,FALSE,Primary target from Pass #4 cluster-level consolidation view. Consolidation parent carried from the first explicit Finding reference in the frozen classification rationale/related set; related references are not exhaustive.
#362,Spatial Ground Must Preserve Determinism Across Time,DUPLICATE / NEAR-DUPLICATE,MERGE INTO STRONGER FINDING OR CLUSTER,Independent Implementation,HIGH,Merged,CORE-03c,#26,P4-D15,FALSE,FALSE,Primary target from Pass #4 cluster-level consolidation view. Consolidation parent carried from the first explicit Finding reference in the frozen classification rationale/related set; related references are not exhaustive.
#363,Spatial Ground Must Avoid Implementation-Defined Semantics,DERIVED CONSEQUENCE,MERGE INTO STRONGER FINDING OR CLUSTER,Finite Expressibility and Determinism,HIGH,Merged,DEF-03,#26,P4-D15,FALSE,FALSE,Primary target from Pass #4 cluster-level consolidation view. Consolidation parent carried from the first explicit Finding reference in the frozen classification rationale/related set; related references are not exhaustive.
#364,Locale Must Not Affect Spatial Truth,DERIVED CONSEQUENCE,MERGE INTO STRONGER FINDING OR CLUSTER,Finite Expressibility and Determinism,HIGH,Merged,DEF-03,#27,P4-D15,FALSE,FALSE,Primary target from Pass #4 cluster-level consolidation view. Consolidation parent carried from the first explicit Finding reference in the frozen classification rationale/related set; related references are not exhaustive.
#365,Time Zone Must Not Affect Spatial Truth,DERIVED CONSEQUENCE,MERGE INTO STRONGER FINDING OR CLUSTER,Runtime Independence,HIGH,Merged,CORE-05a,#4,P4-D15,FALSE,FALSE,Primary target from Pass #4 cluster-level consolidation view. Consolidation parent carried from the first explicit Finding reference in the frozen classification rationale/related set; related references are not exhaustive.
#366,Spatial Ground Must Be Deterministic Under Concurrency,IMPLEMENTATION / OPERATIONAL CANDIDATE,MOVE TO IMPLEMENTATION / OPERATIONS,Independent Implementation,MEDIUM,Implementation,CORE-03c,,P4-D15,FALSE,FALSE,Primary target from Pass #4 cluster-level consolidation view.
#367,Processing Order Must Be Semantically Controlled,DUPLICATE / NEAR-DUPLICATE,MERGE INTO STRONGER FINDING OR CLUSTER,Finite Expressibility and Determinism,MEDIUM,Merged,DEF-03,#215,P4-D15,FALSE,FALSE,Primary target from Pass #4 cluster-level consolidation view. Consolidation parent carried from the first explicit Finding reference in the frozen classification rationale/related set; related references are not exhaustive.
#368,Spatial Ground Must Be Idempotent Where Applicable,SPECIFICATION CANDIDATE,MOVE TO SPECIFICATION,Canonical Equivalence,HIGH,Specification,DEF-05,,P4-D15,FALSE,FALSE,Primary target from Pass #4 cluster-level consolidation view.
#369,Canonical Reconstruction Must Converge Exactly,DUPLICATE / NEAR-DUPLICATE,MERGE INTO STRONGER FINDING OR CLUSTER,Reconstruction and Recoverability,HIGH,Merged,DEF-02,#26,P4-D15,FALSE,FALSE,Primary target from Pass #4 cluster-level consolidation view. Consolidation parent carried from the first explicit Finding reference in the frozen classification rationale/related set; related references are not exhaustive.
#370,Spatial Ground Must Not Depend on Randomness,DERIVED CONSEQUENCE,MERGE INTO STRONGER FINDING OR CLUSTER,Finite Expressibility and Determinism,HIGH,Merged,DEF-03,#15,P4-D15,FALSE,FALSE,Primary target from Pass #4 cluster-level consolidation view. Consolidation parent carried from the first explicit Finding reference in the frozen classification rationale/related set; related references are not exhaustive.
#371,Spatial Ground Must Not Depend on Machine Learning,DERIVED CONSEQUENCE,MERGE INTO STRONGER FINDING OR CLUSTER,Technology and Infrastructure Independence,HIGH,Merged,CORE-05b,#81,P4-D15,FALSE,FALSE,Primary target from Pass #4 cluster-level consolidation view. Consolidation parent carried from the first explicit Finding reference in the frozen classification rationale/related set; related references are not exhaustive.
#372,Inference Must Not Substitute for Canonical Resolution,DUPLICATE / NEAR-DUPLICATE,MERGE INTO STRONGER FINDING OR CLUSTER,Exact Membership and Boundary Resolution,MEDIUM,Merged,CORE-03,#15,P4-D15,FALSE,FALSE,Primary target from Pass #4 cluster-level consolidation view. Consolidation parent carried from the first explicit Finding reference in the frozen classification rationale/related set; related references are not exhaustive.
#373,Confidence Scores Are Non-Canonical,DUPLICATE / NEAR-DUPLICATE,MERGE INTO STRONGER FINDING OR CLUSTER,Exact Membership and Boundary Resolution,HIGH,Merged,CORE-03,#15,P4-D15,FALSE,FALSE,Primary target from Pass #4 cluster-level consolidation view. Consolidation parent carried from the first explicit Finding reference in the frozen classification rationale/related set; related references are not exhaustive.
#374,Spatial Ground Must Remain Explainable Without Model Behavior,DERIVED CONSEQUENCE,MERGE INTO STRONGER FINDING OR CLUSTER,No Hidden State / Self-Containment,HIGH,Merged,CORE-05b,#27,P4-D15,FALSE,FALSE,Primary target from Pass #4 cluster-level consolidation view. Consolidation parent carried from the first explicit Finding reference in the frozen classification rationale/related set; related references are not exhaustive.
#375,Artificial Intelligence Must Not Become Spatial Authority,DERIVED CONSEQUENCE,MERGE INTO STRONGER FINDING OR CLUSTER,Operational Non-Authority,HIGH,Merged,CORE-05c,#19,P4-D15,FALSE,FALSE,Primary target from Pass #4 cluster-level consolidation view. Consolidation parent carried from the first explicit Finding reference in the frozen classification rationale/related set; related references are not exhaustive.
#376,Human Judgment Must Not Remain in Runtime Resolution,DERIVED CONSEQUENCE,MERGE INTO STRONGER FINDING OR CLUSTER,Finite Expressibility and Determinism,HIGH,Merged,DEF-03,#15,P4-D15,FALSE,FALSE,Primary target from Pass #4 cluster-level consolidation view. Consolidation parent carried from the first explicit Finding reference in the frozen classification rationale/related set; related references are not exhaustive.
#377,Human Adoption and Machine Resolution Must Be Distinct,DERIVED CONSEQUENCE,MERGE INTO STRONGER FINDING OR CLUSTER,Institutional Authority and Adoption,MEDIUM,Merged,IF-01,#70,P4-D15,FALSE,FALSE,Primary target from Pass #4 cluster-level consolidation view. Consolidation parent carried from the first explicit Finding reference in the frozen classification rationale/related set; related references are not exhaustive.
#378,Spatial Ground Must Minimize Exceptional Cases,SPECIFICATION CANDIDATE,MOVE TO SPECIFICATION,Minimality and Semantic Restraint,MEDIUM,Specification,BOUND-01,,P4-D15,FALSE,FALSE,Primary target from Pass #4 cluster-level consolidation view.
#379,Exceptions Must Be Explicit,DERIVED CONSEQUENCE,MERGE INTO STRONGER FINDING OR CLUSTER,No Hidden State / Self-Containment,HIGH,Merged,CORE-05b,#27,P4-D15,FALSE,FALSE,Primary target from Pass #4 cluster-level consolidation view. Consolidation parent carried from the first explicit Finding reference in the frozen classification rationale/related set; related references are not exhaustive.
#380,Undocumented Exceptions Are Invalid,DUPLICATE / NEAR-DUPLICATE,MERGE INTO STRONGER FINDING OR CLUSTER,No Hidden State / Self-Containment,HIGH,Merged,CORE-05b,#27,P4-D15,FALSE,FALSE,Primary target from Pass #4 cluster-level consolidation view. Consolidation parent carried from the first explicit Finding reference in the frozen classification rationale/related set; related references are not exhaustive.
#381,Spatial Ground Must Avoid Privileged Coordinates,DERIVED CONSEQUENCE,MERGE INTO STRONGER FINDING OR CLUSTER,Minimality and Semantic Restraint,MEDIUM,Merged,BOUND-01,#20,P4-D15,FALSE,FALSE,Primary target from Pass #4 cluster-level consolidation view. Consolidation parent carried from the first explicit Finding reference in the frozen classification rationale/related set; related references are not exhaustive.
#382,Reserved Encoding Values Must Not Become Places,SPECIFICATION CANDIDATE,MOVE TO SPECIFICATION,Representation Independence,HIGH,Specification,CORE-07,,P4-D15,FALSE,FALSE,Primary target from Pass #4 cluster-level consolidation view.
#383,Null Must Not Mean Non-World,DUPLICATE / NEAR-DUPLICATE,MERGE INTO STRONGER FINDING OR CLUSTER,Failure Semantics,HIGH,Merged,CORE-03b,#251,P4-D15,FALSE,FALSE,Primary target from Pass #4 cluster-level consolidation view. Consolidation parent carried from the first explicit Finding reference in the frozen classification rationale/related set; related references are not exhaustive.
#384,False Must Mean Only What the Specification Defines,SPECIFICATION CANDIDATE,MOVE TO SPECIFICATION,Failure Semantics,HIGH,Specification,CORE-03b,,P4-D15,FALSE,FALSE,Primary target from Pass #4 cluster-level consolidation view.
#385,Spatial Ground Must Preserve Typed Meaning,SPECIFICATION CANDIDATE,MOVE TO SPECIFICATION,Finite Expressibility and Determinism,HIGH,Specification,DEF-03,,P4-D15,FALSE,FALSE,Primary target from Pass #4 cluster-level consolidation view.
#386,Type Safety Supports Spatial Permanence,SPECIFICATION CANDIDATE,MOVE TO SPECIFICATION,Finite Expressibility and Determinism,MEDIUM,Specification,DEF-03,,P4-D15,FALSE,FALSE,Primary target from Pass #4 cluster-level consolidation view.
#387,Spatial Ground Must Reject Semantic Overloading,SPECIFICATION CANDIDATE,MOVE TO SPECIFICATION,Finite Expressibility and Determinism,HIGH,Specification,DEF-03,,P4-D15,FALSE,FALSE,Primary target from Pass #4 cluster-level consolidation view.
#388,Canonical Identifiers Must Have Stable Namespaces,SPECIFICATION CANDIDATE,MOVE TO SPECIFICATION,Institutional Authority and Adoption,MEDIUM,Specification,IF-01,,P4-D15,FALSE,FALSE,Primary target from Pass #4 cluster-level consolidation view.
#389,Spatial Ground Artifact Identifiers Must Not Encode Mutable Meaning,SPECIFICATION CANDIDATE,MOVE TO SPECIFICATION,Institutional Authority and Adoption,MEDIUM,Specification,IF-01,,P4-D15,FALSE,FALSE,Primary target from Pass #4 cluster-level consolidation view.
#390,Spatial Ground Must Preserve Forward Interpretability,PRESERVATION / RECONSTRUCTION CANDIDATE,MOVE TO PRESERVATION / RECONSTRUCTION,Preservation and Archival Survival,HIGH,Preservation,Preservation Register,,P4-D15,FALSE,FALSE,Primary target from Pass #4 cluster-level consolidation view.
#391,Spatial Ground Must Preserve Backward Accountability,INSTITUTIONAL / GOVERNANCE CANDIDATE,MOVE TO GOVERNANCE / INSTITUTIONAL FRAMEWORK,Historical Traceability,MEDIUM,Governance,Governance Register,,P4-D15,FALSE,FALSE,Primary target from Pass #4 cluster-level consolidation view.
#392,Compatibility Must Be Explicit,INSTITUTIONAL / GOVERNANCE CANDIDATE,MOVE TO GOVERNANCE / INSTITUTIONAL FRAMEWORK,Change Control and Permanence,HIGH,Governance,CORE-06,,P4-D15,FALSE,FALSE,Primary target from Pass #4 cluster-level consolidation view.
#393,Compatible Evolution Must Preserve Canonical Results,DUPLICATE / NEAR-DUPLICATE,MERGE INTO STRONGER FINDING OR CLUSTER,Change Control and Permanence,HIGH,Merged,CORE-06,#29,P4-D15,FALSE,FALSE,Primary target from Pass #4 cluster-level consolidation view. Consolidation parent carried from the first explicit Finding reference in the frozen classification rationale/related set; related references are not exhaustive.
#394,Incompatible Evolution Must Not Masquerade as Versioning,DUPLICATE / NEAR-DUPLICATE,MERGE INTO STRONGER FINDING OR CLUSTER,Change Control and Permanence,HIGH,Merged,CORE-06,#29,P4-D15,FALSE,FALSE,Primary target from Pass #4 cluster-level consolidation view. Consolidation parent carried from the first explicit Finding reference in the frozen classification rationale/related set; related references are not exhaustive.
#395,Spatial Ground Must Have Stable Semantic Version Boundaries,INSTITUTIONAL / GOVERNANCE CANDIDATE,MOVE TO GOVERNANCE / INSTITUTIONAL FRAMEWORK,Change Control and Permanence,HIGH,Governance,CORE-06,,P4-D15,FALSE,FALSE,Primary target from Pass #4 cluster-level consolidation view.
#396,Editorial Change Must Not Affect Conformance,DUPLICATE / NEAR-DUPLICATE,MERGE INTO STRONGER FINDING OR CLUSTER,Change Control and Permanence,HIGH,Merged,CORE-06,#29,P4-D15,FALSE,FALSE,Primary target from Pass #4 cluster-level consolidation view. Consolidation parent carried from the first explicit Finding reference in the frozen classification rationale/related set; related references are not exhaustive.
#397,Formal Clarification Must Preserve Prior Meaning,DERIVED CONSEQUENCE,MERGE INTO STRONGER FINDING OR CLUSTER,Change Control and Permanence,HIGH,Merged,CORE-06,#132,P4-D15,FALSE,FALSE,Primary target from Pass #4 cluster-level consolidation view. Consolidation parent carried from the first explicit Finding reference in the frozen classification rationale/related set; related references are not exhaustive.
#398,Normative Change Requires Explicit Declaration,INSTITUTIONAL / GOVERNANCE CANDIDATE,MOVE TO GOVERNANCE / INSTITUTIONAL FRAMEWORK,Change Control and Permanence,HIGH,Governance,CORE-06,,P4-D15,FALSE,FALSE,Primary target from Pass #4 cluster-level consolidation view.
#399,Spatial Ground Must Preserve Institutional Traceability,TERMINOLOGY / DOCUMENTATION CANDIDATE,MOVE TO TERMINOLOGY / DOCUMENTATION,Terminology Discipline,MEDIUM,Terminology,Terminology Register,,P4-D15,FALSE,FALSE,Primary target from Pass #4 cluster-level consolidation view.
#400,Spatial Ground Must Separate Findings From Requirements,DUPLICATE / NEAR-DUPLICATE,MERGE INTO STRONGER FINDING OR CLUSTER,Inquiry Method and Framework Sequencing,HIGH,Merged,Governance Method Annex,#296,P4-D15,FALSE,FALSE,Primary target from Pass #4 cluster-level consolidation view. Consolidation parent carried from the first explicit Finding reference in the frozen classification rationale/related set; related references are not exhaustive.
#401,Spatial Ground Must Separate Requirements From Specification,INSTITUTIONAL / GOVERNANCE CANDIDATE,MOVE TO GOVERNANCE / INSTITUTIONAL FRAMEWORK,Inquiry Method and Framework Sequencing,HIGH,Governance,Governance Method Annex,,P4-D15,FALSE,FALSE,Primary target from Pass #4 cluster-level consolidation view.
#402,Specification Must Not Quietly Add Requirements,INSTITUTIONAL / GOVERNANCE CANDIDATE,MOVE TO GOVERNANCE / INSTITUTIONAL FRAMEWORK,Inquiry Method and Framework Sequencing,HIGH,Governance,Governance Method Annex,,P4-D15,FALSE,FALSE,Primary target from Pass #4 cluster-level consolidation view.
#403,Spatial Ground Must Separate Specification From Conformance,INSTITUTIONAL / GOVERNANCE CANDIDATE,MOVE TO GOVERNANCE / INSTITUTIONAL FRAMEWORK,Inquiry Method and Framework Sequencing,HIGH,Governance,Governance Method Annex,,P4-D15,FALSE,FALSE,Primary target from Pass #4 cluster-level consolidation view.
#404,Conformance Must Not Redefine Ground Truth,DUPLICATE / NEAR-DUPLICATE,MERGE INTO STRONGER FINDING OR CLUSTER,Inquiry Method and Framework Sequencing,HIGH,Merged,Governance Method Annex,#299,P4-D15,FALSE,TRUE,Primary target from Pass #4 cluster-level consolidation view. Consolidation parent carried from the first explicit Finding reference in the frozen classification rationale/related set; related references are not exhaustive.
#405,"Reference Vectors Must Be Exemplars, Not Lawmakers",INSTITUTIONAL / GOVERNANCE CANDIDATE,MOVE TO GOVERNANCE / INSTITUTIONAL FRAMEWORK,Inquiry Method and Framework Sequencing,HIGH,Governance,Governance Method Annex,,P4-D15,FALSE,TRUE,Primary target from Pass #4 cluster-level consolidation view.
#406,Conflicts Between Institutional Layers Must Be Resolved Upward,DERIVED CONSEQUENCE,MERGE INTO STRONGER FINDING OR CLUSTER,Inquiry Method and Framework Sequencing,HIGH,Merged,Governance Method Annex,#407,P4-D15,FALSE,FALSE,Primary target from Pass #4 cluster-level consolidation view. Consolidation parent carried from the first explicit Finding reference in the frozen classification rationale/related set; related references are not exhaustive.
#407,Spatial Ground Requires Normative Hierarchy,INSTITUTIONAL / GOVERNANCE CANDIDATE,MOVE TO GOVERNANCE / INSTITUTIONAL FRAMEWORK,Inquiry Method and Framework Sequencing,HIGH,Governance,Governance Method Annex,,P4-D15,FALSE,FALSE,Primary target from Pass #4 cluster-level consolidation view.
#408,Spatial Ground Must Preserve Discovery Provenance,INSTITUTIONAL / GOVERNANCE CANDIDATE,MOVE TO GOVERNANCE / INSTITUTIONAL FRAMEWORK,Historical Traceability,HIGH,Governance,Governance Register,,P4-D15,FALSE,FALSE,Primary target from Pass #4 cluster-level consolidation view.
#409,Historical Reasoning Is Not Runtime Dependency,DERIVED CONSEQUENCE,MERGE INTO STRONGER FINDING OR CLUSTER,Historical Traceability,HIGH,Merged,Governance Register,#27,P4-D15,FALSE,FALSE,Primary target from Pass #4 cluster-level consolidation view. Consolidation parent carried from the first explicit Finding reference in the frozen classification rationale/related set; related references are not exhaustive.
#410,Spatial Ground Must Be Teachable,DUPLICATE / NEAR-DUPLICATE,MERGE INTO STRONGER FINDING OR CLUSTER,Preservation and Archival Survival,MEDIUM,Merged,Preservation Register,#69,P4-D15,FALSE,FALSE,Primary target from Pass #4 cluster-level consolidation view. Consolidation parent carried from the first explicit Finding reference in the frozen classification rationale/related set; related references are not exhaustive.
#411,Spatial Ground Must Be Explainable in One Sentence,HISTORICAL REASONING ONLY,PRESERVE AS HISTORICAL REASONING ONLY,Core World-Space Membership,MEDIUM,Historical only,CORE-01,,P4-D15,FALSE,FALSE,Primary target from Pass #4 cluster-level consolidation view.
#412,Recommended One-Sentence Definition,DUPLICATE / NEAR-DUPLICATE,MERGE INTO STRONGER FINDING OR CLUSTER,Core World-Space Membership,HIGH,Merged,CORE-01,#1,P4-D15,FALSE,FALSE,Primary target from Pass #4 cluster-level consolidation view. Consolidation parent carried from the first explicit Finding reference in the frozen classification rationale/related set; related references are not exhaustive.
#413,The One-Sentence Definition Must Survive Formalization,DERIVED CONSEQUENCE,MERGE INTO STRONGER FINDING OR CLUSTER,Core World-Space Membership,MEDIUM,Merged,CORE-01,#402,P4-D15,FALSE,FALSE,Primary target from Pass #4 cluster-level consolidation view. Consolidation parent carried from the first explicit Finding reference in the frozen classification rationale/related set; related references are not exhaustive.
#414,Every Normative Element Must Trace Back to the Core Responsibility,INSTITUTIONAL / GOVERNANCE CANDIDATE,MOVE TO GOVERNANCE / INSTITUTIONAL FRAMEWORK,Inquiry Method and Framework Sequencing,HIGH,Governance,Governance Method Annex,,P4-D15,FALSE,FALSE,Primary target from Pass #4 cluster-level consolidation view.
#415,Untraceable Requirements Should Be Removed,DUPLICATE / NEAR-DUPLICATE,MERGE INTO STRONGER FINDING OR CLUSTER,Inquiry Method and Framework Sequencing,HIGH,Merged,Governance Method Annex,#414,P4-D15,FALSE,FALSE,Primary target from Pass #4 cluster-level consolidation view. Consolidation parent carried from the first explicit Finding reference in the frozen classification rationale/related set; related references are not exhaustive.
#416,Spatial Ground Must Avoid Institutional Overreach,DERIVED CONSEQUENCE,MERGE INTO STRONGER FINDING OR CLUSTER,Minimality and Semantic Restraint,HIGH,Merged,BOUND-01,#20,P4-D15,FALSE,FALSE,Primary target from Pass #4 cluster-level consolidation view. Consolidation parent carried from the first explicit Finding reference in the frozen classification rationale/related set; related references are not exhaustive.
#417,Dependency Does Not Imply Inclusion,DERIVED CONSEQUENCE,MERGE INTO STRONGER FINDING OR CLUSTER,Minimality and Semantic Restraint,HIGH,Merged,BOUND-01,#20,P4-D15,FALSE,FALSE,Primary target from Pass #4 cluster-level consolidation view. Consolidation parent carried from the first explicit Finding reference in the frozen classification rationale/related set; related references are not exhaustive.
#418,Foundational Importance Does Not Imply Semantic Richness,DUPLICATE / NEAR-DUPLICATE,MERGE INTO STRONGER FINDING OR CLUSTER,Minimality and Semantic Restraint,HIGH,Merged,BOUND-01,#278,P4-D15,FALSE,FALSE,Primary target from Pass #4 cluster-level consolidation view. Consolidation parent carried from the first explicit Finding reference in the frozen classification rationale/related set; related references are not exhaustive.
#419,The Ground Should Become Boring Once Correct,HISTORICAL REASONING ONLY,PRESERVE AS HISTORICAL REASONING ONLY,Change Control and Permanence,HIGH,Historical only,CORE-06,,P4-D15,FALSE,FALSE,Primary target from Pass #4 cluster-level consolidation view.
#420,Stability Is a Feature,DUPLICATE / NEAR-DUPLICATE,MERGE INTO STRONGER FINDING OR CLUSTER,Change Control and Permanence,HIGH,Merged,CORE-06,#419,P4-D15,FALSE,FALSE,Primary target from Pass #4 cluster-level consolidation view. Consolidation parent carried from the first explicit Finding reference in the frozen classification rationale/related set; related references are not exhaustive.
#421,Frequent Ground Change Indicates Layer Leakage,INSTITUTIONAL / GOVERNANCE CANDIDATE,MOVE TO GOVERNANCE / INSTITUTIONAL FRAMEWORK,Change Control and Permanence,MEDIUM,Governance,CORE-06,,P4-D15,FALSE,FALSE,Primary target from Pass #4 cluster-level consolidation view.
#422,Spatial Ground Must Encourage Upward Extension,DUPLICATE / NEAR-DUPLICATE,MERGE INTO STRONGER FINDING OR CLUSTER,Minimality and Semantic Restraint,HIGH,Merged,BOUND-01,#143,P4-D15,FALSE,FALSE,Primary target from Pass #4 cluster-level consolidation view. Consolidation parent carried from the first explicit Finding reference in the frozen classification rationale/related set; related references are not exhaustive.
#423,"Extend Upward, Do Not Rewrite Downward",DUPLICATE / NEAR-DUPLICATE,MERGE INTO STRONGER FINDING OR CLUSTER,Minimality and Semantic Restraint,HIGH,Merged,BOUND-01,#143,P4-D15,FALSE,FALSE,Primary target from Pass #4 cluster-level consolidation view. Consolidation parent carried from the first explicit Finding reference in the frozen classification rationale/related set; related references are not exhaustive.
#424,Ground Changes Must Face a Higher Burden of Proof,DUPLICATE / NEAR-DUPLICATE,MERGE INTO STRONGER FINDING OR CLUSTER,Change Control and Permanence,MEDIUM,Merged,CORE-06,#142,P4-D15,FALSE,FALSE,Primary target from Pass #4 cluster-level consolidation view. Consolidation parent carried from the first explicit Finding reference in the frozen classification rationale/related set; related references are not exhaustive.
#425,Spatial Ground Must Preserve the Asymmetry of Change,DUPLICATE / NEAR-DUPLICATE,MERGE INTO STRONGER FINDING OR CLUSTER,Change Control and Permanence,HIGH,Merged,CORE-06,#142,P4-D15,FALSE,FALSE,Primary target from Pass #4 cluster-level consolidation view. Consolidation parent carried from the first explicit Finding reference in the frozen classification rationale/related set; related references are not exhaustive.
#426,Spatial Ground Must Be Complete Before Parcel Cadastre Formalization,INSTITUTIONAL / GOVERNANCE CANDIDATE,MOVE TO GOVERNANCE / INSTITUTIONAL FRAMEWORK,Inquiry Method and Framework Sequencing,MEDIUM,Governance,Governance Method Annex,,P4-D15,FALSE,FALSE,Primary target from Pass #4 cluster-level consolidation view.
#427,Parcel Cadastre May Depend on Ground but Must Not Complete It,UPWARD HANDOFF / HIGHER-LAYER CONTRACT,MERGE INTO STRONGER FINDING OR CLUSTER,Upward Handoff,HIGH,Merged,UP-01,#89,P4-D15,FALSE,FALSE,Primary target from Pass #4 cluster-level consolidation view. Consolidation parent carried from the first explicit Finding reference in the frozen classification rationale/related set; related references are not exhaustive.
#428,General Spatial Interpretation May Expose Ground Deficiencies but Must Not Patch Them,UPWARD HANDOFF / HIGHER-LAYER CONTRACT,MERGE INTO STRONGER FINDING OR CLUSTER,Upward Handoff,HIGH,Merged,UP-01,#89,P4-D15,FALSE,FALSE,Primary target from Pass #4 cluster-level consolidation view. Consolidation parent carried from the first explicit Finding reference in the frozen classification rationale/related set; related references are not exhaustive.
#429,Spatial Ground Must Be Closed Against Known Dependencies Before Handoff,INSTITUTIONAL / GOVERNANCE CANDIDATE,MOVE TO GOVERNANCE / INSTITUTIONAL FRAMEWORK,Inquiry Method and Framework Sequencing,HIGH,Governance,Governance Method Annex,,P4-D15,FALSE,FALSE,Primary target from Pass #4 cluster-level consolidation view.
#430,Closure Does Not Mean Future Omniscience,INSTITUTIONAL / GOVERNANCE CANDIDATE,MOVE TO GOVERNANCE / INSTITUTIONAL FRAMEWORK,Change Control and Permanence,MEDIUM,Governance,CORE-06,,P4-D15,FALSE,FALSE,Primary target from Pass #4 cluster-level consolidation view.
#431,Reopening Requires New Evidence,INSTITUTIONAL / GOVERNANCE CANDIDATE,MOVE TO GOVERNANCE / INSTITUTIONAL FRAMEWORK,Change Control and Permanence,HIGH,Governance,CORE-06,,P4-D15,FALSE,FALSE,Primary target from Pass #4 cluster-level consolidation view.
#432,Fashion Must Not Move The World,DERIVED CONSEQUENCE,MERGE INTO STRONGER FINDING OR CLUSTER,Change Control and Permanence,HIGH,Merged,CORE-06,#4,P4-D15,FALSE,FALSE,Primary target from Pass #4 cluster-level consolidation view. Consolidation parent carried from the first explicit Finding reference in the frozen classification rationale/related set; related references are not exhaustive.
#433,Performance Must Not Move The World,DUPLICATE / NEAR-DUPLICATE,MERGE INTO STRONGER FINDING OR CLUSTER,Technology and Infrastructure Independence,HIGH,Merged,CORE-05b,#80,P4-D15,FALSE,FALSE,Primary target from Pass #4 cluster-level consolidation view. Consolidation parent carried from the first explicit Finding reference in the frozen classification rationale/related set; related references are not exhaustive.
#434,Monetization Must Not Move The World,DUPLICATE / NEAR-DUPLICATE,MERGE INTO STRONGER FINDING OR CLUSTER,Interpretation Independence,HIGH,Merged,CORE-05a,#20,P4-D15,FALSE,FALSE,Primary target from Pass #4 cluster-level consolidation view. Consolidation parent carried from the first explicit Finding reference in the frozen classification rationale/related set; related references are not exhaustive.
#435,Governance Preference Must Not Move The World,DUPLICATE / NEAR-DUPLICATE,MERGE INTO STRONGER FINDING OR CLUSTER,Rights / Governance Independence,HIGH,Merged,CORE-05a,#76,P4-D15,FALSE,FALSE,Primary target from Pass #4 cluster-level consolidation view. Consolidation parent carried from the first explicit Finding reference in the frozen classification rationale/related set; related references are not exhaustive.
#436,User Preference Must Not Move The World,DUPLICATE / NEAR-DUPLICATE,MERGE INTO STRONGER FINDING OR CLUSTER,Higher-Layer Independence,HIGH,Merged,CORE-05a,#4,P4-D15,FALSE,FALSE,Primary target from Pass #4 cluster-level consolidation view. Consolidation parent carried from the first explicit Finding reference in the frozen classification rationale/related set; related references are not exhaustive.
#437,Perspective Must Not Move The World,DUPLICATE / NEAR-DUPLICATE,MERGE INTO STRONGER FINDING OR CLUSTER,Higher-Layer Independence,HIGH,Merged,CORE-05a,#4,P4-D15,FALSE,FALSE,Primary target from Pass #4 cluster-level consolidation view. Consolidation parent carried from the first explicit Finding reference in the frozen classification rationale/related set; related references are not exhaustive.
#438,Simulation Must Not Move The World,DUPLICATE / NEAR-DUPLICATE,MERGE INTO STRONGER FINDING OR CLUSTER,Runtime Independence,HIGH,Merged,IF-03,#4,P4-D15,FALSE,FALSE,Item-level target override from Architectural Resolution Passes. Consolidation parent carried from the first explicit Finding reference in the frozen classification rationale/related set; related references are not exhaustive. Constitutional-act clause relocated upstream; no Ground/Atlas change power created.
#439,Narrative Must Not Move The World,DERIVED CONSEQUENCE,MERGE INTO STRONGER FINDING OR CLUSTER,Interpretation Independence,HIGH,Merged,CORE-05a,#4,P4-D15,FALSE,FALSE,Primary target from Pass #4 cluster-level consolidation view. Consolidation parent carried from the first explicit Finding reference in the frozen classification rationale/related set; related references are not exhaustive.
#440,"World-Space Must Be the Stable Stage, Not the Story",DUPLICATE / NEAR-DUPLICATE,MERGE INTO STRONGER FINDING OR CLUSTER,Higher-Layer Independence,MEDIUM,Merged,CORE-05a,#4,P4-D15,FALSE,FALSE,Primary target from Pass #4 cluster-level consolidation view. Consolidation parent carried from the first explicit Finding reference in the frozen classification rationale/related set; related references are not exhaustive.
#441,Ground Must Be Referentially Prior to World Content,DERIVED CONSEQUENCE,MERGE INTO STRONGER FINDING OR CLUSTER,Higher-Layer Independence,HIGH,Merged,CORE-05a,#4,P4-D15,FALSE,FALSE,Primary target from Pass #4 cluster-level consolidation view. Consolidation parent carried from the first explicit Finding reference in the frozen classification rationale/related set; related references are not exhaustive.
#442,Ground Must Be Referentially Prior to Rights,DERIVED CONSEQUENCE,MERGE INTO STRONGER FINDING OR CLUSTER,Rights / Governance Independence,HIGH,Merged,CORE-05a,#4,P4-D15,FALSE,FALSE,Primary target from Pass #4 cluster-level consolidation view. Consolidation parent carried from the first explicit Finding reference in the frozen classification rationale/related set; related references are not exhaustive.
#443,Ground Must Be Referentially Prior to History,DUPLICATE / NEAR-DUPLICATE,MERGE INTO STRONGER FINDING OR CLUSTER,Higher-Layer Independence,HIGH,Merged,CORE-05a,#4,P4-D15,FALSE,FALSE,Primary target from Pass #4 cluster-level consolidation view. Consolidation parent carried from the first explicit Finding reference in the frozen classification rationale/related set; related references are not exhaustive.
#444,Ground Must Be Referentially Prior to Experience,DUPLICATE / NEAR-DUPLICATE,MERGE INTO STRONGER FINDING OR CLUSTER,Higher-Layer Independence,HIGH,Merged,CORE-05a,#4,P4-D15,FALSE,FALSE,Primary target from Pass #4 cluster-level consolidation view. Consolidation parent carried from the first explicit Finding reference in the frozen classification rationale/related set; related references are not exhaustive.
#445,Spatial Ground Must Preserve Place Without Requiring Presence,DUPLICATE / NEAR-DUPLICATE,MERGE INTO STRONGER FINDING OR CLUSTER,Higher-Layer Independence,HIGH,Merged,CORE-05a,#4,P4-D15,FALSE,FALSE,Primary target from Pass #4 cluster-level consolidation view. Consolidation parent carried from the first explicit Finding reference in the frozen classification rationale/related set; related references are not exhaustive.
#446,Spatial Ground Must Preserve Place Without Requiring Activity,DERIVED CONSEQUENCE,MERGE INTO STRONGER FINDING OR CLUSTER,Runtime Independence,HIGH,Merged,CORE-05a,#4,P4-D15,FALSE,FALSE,Primary target from Pass #4 cluster-level consolidation view. Consolidation parent carried from the first explicit Finding reference in the frozen classification rationale/related set; related references are not exhaustive.
#447,"Spatial Ground Must Be Static in Meaning, Not Necessarily in Representation",DUPLICATE / NEAR-DUPLICATE,MERGE INTO STRONGER FINDING OR CLUSTER,Representation Independence,HIGH,Merged,CORE-07,#29,P4-D15,FALSE,FALSE,Primary target from Pass #4 cluster-level consolidation view. Consolidation parent carried from the first explicit Finding reference in the frozen classification rationale/related set; related references are not exhaustive.
#448,Spatial Ground Must Permit Verification Without Mutation,CONFORMANCE / VALIDATION CANDIDATE,MOVE TO CONFORMANCE / VALIDATION,Conformance and Validation,MEDIUM,Conformance,DEF-04,,P4-D15,FALSE,TRUE,Primary target from Pass #4 cluster-level consolidation view.
#449,Spatial Ground Must Permit Replication Without Mutation,DERIVED CONSEQUENCE,MERGE INTO STRONGER FINDING OR CLUSTER,Single Canonical Truth,HIGH,Merged,CORE-04,#8,P4-D15,FALSE,FALSE,Primary target from Pass #4 cluster-level consolidation view. Consolidation parent carried from the first explicit Finding reference in the frozen classification rationale/related set; related references are not exhaustive.
#450,Spatial Ground Must Permit Preservation Without Custodial Ownership,DUPLICATE / NEAR-DUPLICATE,MERGE INTO STRONGER FINDING OR CLUSTER,Institutional Authority and Adoption,MEDIUM,Merged,IF-01,#451,P4-D15,FALSE,FALSE,Primary target from Pass #4 cluster-level consolidation view. Consolidation parent carried from the first explicit Finding reference in the frozen classification rationale/related set; related references are not exhaustive.
#451,Spatial Ground Must Permit Custody Without Control,INSTITUTIONAL / GOVERNANCE CANDIDATE,MOVE TO GOVERNANCE / INSTITUTIONAL FRAMEWORK,Institutional Authority and Adoption,HIGH,Governance,IF-01,,P4-D15,FALSE,TRUE,Primary target from Pass #4 cluster-level consolidation view.
#452,Spatial Ground Must Permit Multiple Custodians,DUPLICATE / NEAR-DUPLICATE,MERGE INTO STRONGER FINDING OR CLUSTER,Institutional Authority and Adoption,HIGH,Merged,IF-01,#8,P4-D15,FALSE,FALSE,Primary target from Pass #4 cluster-level consolidation view. Consolidation parent carried from the first explicit Finding reference in the frozen classification rationale/related set; related references are not exhaustive.
#453,Custodial Disagreement Must Not Create Spatial Disagreement,DERIVED CONSEQUENCE,MERGE INTO STRONGER FINDING OR CLUSTER,Institutional Authority and Adoption,HIGH,Merged,IF-01,#8,P4-D15,FALSE,FALSE,Primary target from Pass #4 cluster-level consolidation view. Consolidation parent carried from the first explicit Finding reference in the frozen classification rationale/related set; related references are not exhaustive.
#454,Spatial Ground Must Preserve Semantic Independence From Repository Structure,DUPLICATE / NEAR-DUPLICATE,MERGE INTO STRONGER FINDING OR CLUSTER,Representation Independence,HIGH,Merged,CORE-07,#29,P4-D15,FALSE,FALSE,Primary target from Pass #4 cluster-level consolidation view. Consolidation parent carried from the first explicit Finding reference in the frozen classification rationale/related set; related references are not exhaustive.
#455,Spatial Ground Must Preserve Semantic Independence From URL Structure,DUPLICATE / NEAR-DUPLICATE,MERGE INTO STRONGER FINDING OR CLUSTER,Representation Independence,HIGH,Merged,CORE-07,#29,P4-D15,FALSE,FALSE,Primary target from Pass #4 cluster-level consolidation view. Consolidation parent carried from the first explicit Finding reference in the frozen classification rationale/related set; related references are not exhaustive.
#456,Broken Links Must Not Break Place,DERIVED CONSEQUENCE,MERGE INTO STRONGER FINDING OR CLUSTER,Preservation and Archival Survival,HIGH,Merged,Preservation Register,#83,P4-D15,FALSE,FALSE,Primary target from Pass #4 cluster-level consolidation view. Consolidation parent carried from the first explicit Finding reference in the frozen classification rationale/related set; related references are not exhaustive.
#457,Spatial Ground Must Preserve Offline Archival Meaning,DUPLICATE / NEAR-DUPLICATE,MERGE INTO STRONGER FINDING OR CLUSTER,Preservation and Archival Survival,HIGH,Merged,Preservation Register,#83,P4-D15,FALSE,FALSE,Primary target from Pass #4 cluster-level consolidation view. Consolidation parent carried from the first explicit Finding reference in the frozen classification rationale/related set; related references are not exhaustive.
#458,External Dependencies Must Be Explicitly Bounded,PRESERVATION / RECONSTRUCTION CANDIDATE,MOVE TO PRESERVATION / RECONSTRUCTION,Preservation and Archival Survival,HIGH,Preservation,Preservation Register,,P4-D15,FALSE,TRUE,Primary target from Pass #4 cluster-level consolidation view.
#459,Foundational Dependencies Must Be Few,DERIVED CONSEQUENCE,MERGE INTO STRONGER FINDING OR CLUSTER,Minimality and Semantic Restraint,MEDIUM,Merged,BOUND-01,#58,P4-D15,FALSE,FALSE,Primary target from Pass #4 cluster-level consolidation view. Consolidation parent carried from the first explicit Finding reference in the frozen classification rationale/related set; related references are not exhaustive.
#460,Optional Dependencies Must Remain Optional,DERIVED CONSEQUENCE,MERGE INTO STRONGER FINDING OR CLUSTER,No Hidden State / Self-Containment,HIGH,Merged,CORE-05b,#27,P4-D15,FALSE,FALSE,Primary target from Pass #4 cluster-level consolidation view. Consolidation parent carried from the first explicit Finding reference in the frozen classification rationale/related set; related references are not exhaustive.
#461,Spatial Ground Must Avoid Circular Dependency,DERIVED CONSEQUENCE,MERGE INTO STRONGER FINDING OR CLUSTER,Layer Boundaries,HIGH,Merged,BOUND-01,#4,P4-D15,FALSE,FALSE,Primary target from Pass #4 cluster-level consolidation view. Consolidation parent carried from the first explicit Finding reference in the frozen classification rationale/related set; related references are not exhaustive.
#462,Spatial Ground Must Avoid Parcel Circularity,DUPLICATE / NEAR-DUPLICATE,MERGE INTO STRONGER FINDING OR CLUSTER,Parcel Independence,HIGH,Merged,CORE-05a,#4,P4-D15,FALSE,FALSE,Primary target from Pass #4 cluster-level consolidation view. Consolidation parent carried from the first explicit Finding reference in the frozen classification rationale/related set; related references are not exhaustive.
#463,Spatial Ground Must Avoid Interpretation Circularity,DUPLICATE / NEAR-DUPLICATE,MERGE INTO STRONGER FINDING OR CLUSTER,Interpretation Independence,HIGH,Merged,CORE-05a,#4,P4-D15,FALSE,FALSE,Primary target from Pass #4 cluster-level consolidation view. Consolidation parent carried from the first explicit Finding reference in the frozen classification rationale/related set; related references are not exhaustive.
#464,Spatial Ground Must Avoid Runtime Circularity,DUPLICATE / NEAR-DUPLICATE,MERGE INTO STRONGER FINDING OR CLUSTER,Runtime Independence,HIGH,Merged,CORE-05a,#4,P4-D15,FALSE,FALSE,Primary target from Pass #4 cluster-level consolidation view. Consolidation parent carried from the first explicit Finding reference in the frozen classification rationale/related set; related references are not exhaustive.
#465,Spatial Ground Must Preserve Acyclic Foundational Dependency,LAYER BOUNDARY / EXCLUSION,MERGE INTO STRONGER FINDING OR CLUSTER,Layer Boundaries,MEDIUM,Merged,BOUND-01,#4,P4-D15,FALSE,FALSE,Primary target from Pass #4 cluster-level consolidation view. Consolidation parent carried from the first explicit Finding reference in the frozen classification rationale/related set; related references are not exhaustive.
#466,Spatial Ground Must Have Deterministic Dependency Resolution,PRESERVATION / RECONSTRUCTION CANDIDATE,MOVE TO PRESERVATION / RECONSTRUCTION,Reconstruction and Recoverability,MEDIUM,Preservation,DEF-02,,P4-D15,FALSE,TRUE,Primary target from Pass #4 cluster-level consolidation view.
#467,Spatial Ground Must Preserve One Downward Source of Spatial Reference,DUPLICATE / NEAR-DUPLICATE,MERGE INTO STRONGER FINDING OR CLUSTER,Survey Dependency / Downward Contract,HIGH,Merged,DOWN-01,#12,P4-D15,FALSE,FALSE,Primary target from Pass #4 cluster-level consolidation view. Consolidation parent carried from the first explicit Finding reference in the frozen classification rationale/related set; related references are not exhaustive.
#468,Spatial Ground Must Preserve One Upward Meaning of World Membership,DUPLICATE / NEAR-DUPLICATE,MERGE INTO STRONGER FINDING OR CLUSTER,Upward Handoff,HIGH,Merged,UP-01,#8,P4-D15,FALSE,FALSE,Primary target from Pass #4 cluster-level consolidation view. Consolidation parent carried from the first explicit Finding reference in the frozen classification rationale/related set; related references are not exhaustive.
#469,Terminology Must Be Stable,TERMINOLOGY / DOCUMENTATION CANDIDATE,MOVE TO TERMINOLOGY / DOCUMENTATION,Terminology Discipline,HIGH,Terminology,Terminology Register,,P4-D15,FALSE,FALSE,Primary target from Pass #4 cluster-level consolidation view.
#470,Terminology Must Not Drift Between Documents,TERMINOLOGY / DOCUMENTATION CANDIDATE,MOVE TO TERMINOLOGY / DOCUMENTATION,Terminology Discipline,HIGH,Terminology,Terminology Register,,P4-D15,FALSE,TRUE,Primary target from Pass #4 cluster-level consolidation view.
#471,Synonyms Must Not Create Hidden Semantics,TERMINOLOGY / DOCUMENTATION CANDIDATE,MOVE TO TERMINOLOGY / DOCUMENTATION,Terminology Discipline,HIGH,Terminology,Terminology Register,,P4-D15,FALSE,FALSE,Primary target from Pass #4 cluster-level consolidation view.
#472,“World-Space” Must Remain a Technical Term,TERMINOLOGY / DOCUMENTATION CANDIDATE,MOVE TO TERMINOLOGY / DOCUMENTATION,Terminology Discipline,HIGH,Terminology,Terminology Register,,P4-D15,FALSE,FALSE,Primary target from Pass #4 cluster-level consolidation view.
#473,“Ground” Must Not Mean Terrain,TERMINOLOGY / DOCUMENTATION CANDIDATE,MOVE TO TERMINOLOGY / DOCUMENTATION,Terminology Discipline,HIGH,Terminology,Terminology Register,,P4-D15,FALSE,FALSE,Primary target from Pass #4 cluster-level consolidation view.
#474,“Boundary” Must Be Contextualized,TERMINOLOGY / DOCUMENTATION CANDIDATE,MOVE TO TERMINOLOGY / DOCUMENTATION,Terminology Discipline,HIGH,Terminology,Terminology Register,,P4-D15,FALSE,FALSE,Primary target from Pass #4 cluster-level consolidation view.
#475,“Extent” Must Preserve Constitutional Meaning,TERMINOLOGY / DOCUMENTATION CANDIDATE,MOVE TO TERMINOLOGY / DOCUMENTATION,Constitutional Subordination,HIGH,Terminology,CONST-01,,P4-D15,FALSE,FALSE,Primary target from Pass #4 cluster-level consolidation view.
#476,"“Membership” Must Mean Participation, Not Ownership",TERMINOLOGY / DOCUMENTATION CANDIDATE,MOVE TO TERMINOLOGY / DOCUMENTATION,Terminology Discipline,HIGH,Terminology,Terminology Register,,P4-D15,FALSE,FALSE,Primary target from Pass #4 cluster-level consolidation view.
#477,Spatial Ground Must Preserve Semantic Discipline,DUPLICATE / NEAR-DUPLICATE,MERGE INTO STRONGER FINDING OR CLUSTER,Terminology Discipline,MEDIUM,Merged,Terminology Register,#469,P4-D15,FALSE,FALSE,Primary target from Pass #4 cluster-level consolidation view. Consolidation parent carried from the first explicit Finding reference in the frozen classification rationale/related set; related references are not exhaustive.
#478,Spatial Ground Must Support Formal Vocabulary,SPECIFICATION CANDIDATE,MOVE TO SPECIFICATION,Terminology Discipline,HIGH,Specification,Terminology Register,,P4-D15,FALSE,TRUE,Primary target from Pass #4 cluster-level consolidation view.
#479,Formal Vocabulary Must Remain Human-Mappable,TERMINOLOGY / DOCUMENTATION CANDIDATE,MOVE TO TERMINOLOGY / DOCUMENTATION,Terminology Discipline,MEDIUM,Terminology,Terminology Register,,P4-D15,FALSE,FALSE,Primary target from Pass #4 cluster-level consolidation view.
#480,Spatial Ground Must Separate Normative Terms From Explanatory Metaphor,TERMINOLOGY / DOCUMENTATION CANDIDATE,MOVE TO TERMINOLOGY / DOCUMENTATION,Terminology Discipline,HIGH,Terminology,Terminology Register,,P4-D15,FALSE,FALSE,Primary target from Pass #4 cluster-level consolidation view.
#481,Spatial Ground Must Preserve Empty Semantic Space Above It,DUPLICATE / NEAR-DUPLICATE,MERGE INTO STRONGER FINDING OR CLUSTER,Minimality and Semantic Restraint,HIGH,Merged,BOUND-01,#20,P4-D15,FALSE,FALSE,Primary target from Pass #4 cluster-level consolidation view. Consolidation parent carried from the first explicit Finding reference in the frozen classification rationale/related set; related references are not exhaustive.
#482,Spatial Ground Must Not Predict Future Regions,DUPLICATE / NEAR-DUPLICATE,MERGE INTO STRONGER FINDING OR CLUSTER,Interpretation Independence,HIGH,Merged,CORE-05a,#20,P4-D15,FALSE,FALSE,Primary target from Pass #4 cluster-level consolidation view. Consolidation parent carried from the first explicit Finding reference in the frozen classification rationale/related set; related references are not exhaustive.
#483,Spatial Ground Must Not Predict Future Parcel Geometry,DERIVED CONSEQUENCE,MERGE INTO STRONGER FINDING OR CLUSTER,Parcel Independence,MEDIUM,Merged,CORE-05a,#6,P4-D15,FALSE,FALSE,Primary target from Pass #4 cluster-level consolidation view. Consolidation parent carried from the first explicit Finding reference in the frozen classification rationale/related set; related references are not exhaustive.
#484,Spatial Ground Must Not Predict Future Infrastructure,DUPLICATE / NEAR-DUPLICATE,MERGE INTO STRONGER FINDING OR CLUSTER,Interpretation Independence,HIGH,Merged,CORE-05a,#20,P4-D15,FALSE,FALSE,Primary target from Pass #4 cluster-level consolidation view. Consolidation parent carried from the first explicit Finding reference in the frozen classification rationale/related set; related references are not exhaustive.
#485,Spatial Ground Must Not Predict Future Social Organization,DUPLICATE / NEAR-DUPLICATE,MERGE INTO STRONGER FINDING OR CLUSTER,Interpretation Independence,HIGH,Merged,CORE-05a,#20,P4-D15,FALSE,FALSE,Primary target from Pass #4 cluster-level consolidation view. Consolidation parent carried from the first explicit Finding reference in the frozen classification rationale/related set; related references are not exhaustive.
#486,Spatial Ground Must Not Predict Future Experience Technology,DUPLICATE / NEAR-DUPLICATE,MERGE INTO STRONGER FINDING OR CLUSTER,Technology and Infrastructure Independence,HIGH,Merged,CORE-05b,#81,P4-D15,FALSE,FALSE,Primary target from Pass #4 cluster-level consolidation view. Consolidation parent carried from the first explicit Finding reference in the frozen classification rationale/related set; related references are not exhaustive.
#487,Spatial Ground Must Be Compatible With Unknown Future Clients,DUPLICATE / NEAR-DUPLICATE,MERGE INTO STRONGER FINDING OR CLUSTER,Technology and Infrastructure Independence,HIGH,Merged,CORE-05b,#81,P4-D15,FALSE,FALSE,Primary target from Pass #4 cluster-level consolidation view. Consolidation parent carried from the first explicit Finding reference in the frozen classification rationale/related set; related references are not exhaustive.
#488,Spatial Ground Must Be Compatible With Non-Visual Clients,DERIVED CONSEQUENCE,MERGE INTO STRONGER FINDING OR CLUSTER,Technology and Infrastructure Independence,MEDIUM,Merged,CORE-05b,#19,P4-D15,FALSE,FALSE,Primary target from Pass #4 cluster-level consolidation view. Consolidation parent carried from the first explicit Finding reference in the frozen classification rationale/related set; related references are not exhaustive.
#489,Spatial Ground Must Be Compatible With Machine-Only Use,DUPLICATE / NEAR-DUPLICATE,MERGE INTO STRONGER FINDING OR CLUSTER,Finite Expressibility and Determinism,HIGH,Merged,DEF-03,#70,P4-D15,FALSE,FALSE,Primary target from Pass #4 cluster-level consolidation view. Consolidation parent carried from the first explicit Finding reference in the frozen classification rationale/related set; related references are not exhaustive.
#490,Spatial Ground Must Be Compatible With Human Inspection,DUPLICATE / NEAR-DUPLICATE,MERGE INTO STRONGER FINDING OR CLUSTER,No Hidden State / Self-Containment,HIGH,Merged,CORE-05b,#68,P4-D15,FALSE,FALSE,Primary target from Pass #4 cluster-level consolidation view. Consolidation parent carried from the first explicit Finding reference in the frozen classification rationale/related set; related references are not exhaustive.
#491,Spatial Ground Must Support Exact Citation,DUPLICATE / NEAR-DUPLICATE,MERGE INTO STRONGER FINDING OR CLUSTER,Change Control and Permanence,HIGH,Merged,CORE-06,#4,P4-D15,FALSE,FALSE,Primary target from Pass #4 cluster-level consolidation view. Consolidation parent carried from the first explicit Finding reference in the frozen classification rationale/related set; related references are not exhaustive.
#492,Citation Must Not Depend on Current UI,DERIVED CONSEQUENCE,MERGE INTO STRONGER FINDING OR CLUSTER,Operational Non-Authority,HIGH,Merged,CORE-05c,#19,P4-D15,FALSE,FALSE,Primary target from Pass #4 cluster-level consolidation view. Consolidation parent carried from the first explicit Finding reference in the frozen classification rationale/related set; related references are not exhaustive.
#493,Citation Must Survive Presentation Transformation,DUPLICATE / NEAR-DUPLICATE,MERGE INTO STRONGER FINDING OR CLUSTER,Higher-Layer Independence,HIGH,Merged,CORE-05a,#4,P4-D15,FALSE,FALSE,Primary target from Pass #4 cluster-level consolidation view. Consolidation parent carried from the first explicit Finding reference in the frozen classification rationale/related set; related references are not exhaustive.
#494,Spatial Ground Must Support Durable Cross-System Reference,DERIVED CONSEQUENCE,MERGE INTO STRONGER FINDING OR CLUSTER,Upward Handoff,HIGH,Merged,UP-01,#8,P4-D15,FALSE,FALSE,Primary target from Pass #4 cluster-level consolidation view. Consolidation parent carried from the first explicit Finding reference in the frozen classification rationale/related set; related references are not exhaustive.
#495,Cross-System Reference Must Not Require Shared Runtime,DERIVED CONSEQUENCE,MERGE INTO STRONGER FINDING OR CLUSTER,Runtime Independence,HIGH,Merged,CORE-05a,#27,P4-D15,FALSE,FALSE,Primary target from Pass #4 cluster-level consolidation view. Consolidation parent carried from the first explicit Finding reference in the frozen classification rationale/related set; related references are not exhaustive.
#496,Spatial Ground Must Support Independent Reimplementation,DUPLICATE / NEAR-DUPLICATE,MERGE INTO STRONGER FINDING OR CLUSTER,Independent Implementation,HIGH,Merged,CORE-03c,#26,P4-D15,FALSE,FALSE,Primary target from Pass #4 cluster-level consolidation view. Consolidation parent carried from the first explicit Finding reference in the frozen classification rationale/related set; related references are not exhaustive.
#497,Reference Implementation Is Helpful but Not Sovereign,DUPLICATE / NEAR-DUPLICATE,MERGE INTO STRONGER FINDING OR CLUSTER,Independent Implementation,HIGH,Merged,CORE-03c,#19,P4-D15,FALSE,FALSE,Primary target from Pass #4 cluster-level consolidation view. Consolidation parent carried from the first explicit Finding reference in the frozen classification rationale/related set; related references are not exhaustive.
#498,Bugs Must Not Become Canon,DUPLICATE / NEAR-DUPLICATE,MERGE INTO STRONGER FINDING OR CLUSTER,Independent Implementation,HIGH,Merged,CORE-03c,#19,P4-D15,FALSE,FALSE,Primary target from Pass #4 cluster-level consolidation view. Consolidation parent carried from the first explicit Finding reference in the frozen classification rationale/related set; related references are not exhaustive.
#499,Implementation Consensus Does Not Override Specification,DERIVED CONSEQUENCE,MERGE INTO STRONGER FINDING OR CLUSTER,Operational Non-Authority,HIGH,Merged,CORE-05c,#19,P4-D15,FALSE,FALSE,Primary target from Pass #4 cluster-level consolidation view. Consolidation parent carried from the first explicit Finding reference in the frozen classification rationale/related set; related references are not exhaustive.
#500,Spatial Ground Must Preserve Place Above Consensus,DUPLICATE / NEAR-DUPLICATE,MERGE INTO STRONGER FINDING OR CLUSTER,Single Canonical Truth,HIGH,Merged,CORE-04,#8,P4-D15,FALSE,FALSE,Primary target from Pass #4 cluster-level consolidation view. Consolidation parent carried from the first explicit Finding reference in the frozen classification rationale/related set; related references are not exhaustive.
#501,Spatial Ground Must Distinguish Integrity From Authority,DUPLICATE / NEAR-DUPLICATE,MERGE INTO STRONGER FINDING OR CLUSTER,Operational Non-Authority,HIGH,Merged,CORE-05c,#19,P4-D15,FALSE,FALSE,Primary target from Pass #4 cluster-level consolidation view. Consolidation parent carried from the first explicit Finding reference in the frozen classification rationale/related set; related references are not exhaustive.
#502,Spatial Ground Must Distinguish Authenticity From Correctness,DERIVED CONSEQUENCE,MERGE INTO STRONGER FINDING OR CLUSTER,Operational Non-Authority,HIGH,Merged,CORE-05c,#19,P4-D15,FALSE,FALSE,Primary target from Pass #4 cluster-level consolidation view. Consolidation parent carried from the first explicit Finding reference in the frozen classification rationale/related set; related references are not exhaustive.
#503,Spatial Ground Must Distinguish Correctness From Adoption,INSTITUTIONAL / GOVERNANCE CANDIDATE,MOVE TO GOVERNANCE / INSTITUTIONAL FRAMEWORK,Institutional Authority and Adoption,HIGH,Governance,IF-01,,P4-D15,TRUE,FALSE,Primary target from Pass #4 cluster-level consolidation view.
#504,Spatial Ground Must Preserve the Adoption Boundary,INSTITUTIONAL / GOVERNANCE CANDIDATE,MOVE TO GOVERNANCE / INSTITUTIONAL FRAMEWORK,Institutional Authority and Adoption,HIGH,Governance,IF-01,,P4-D15,FALSE,FALSE,Primary target from Pass #4 cluster-level consolidation view.
#505,Publication Does Not Equal Adoption,DUPLICATE / NEAR-DUPLICATE,MERGE INTO STRONGER FINDING OR CLUSTER,Institutional Authority and Adoption,HIGH,Merged,IF-01,#154,P4-D15,FALSE,FALSE,Primary target from Pass #4 cluster-level consolidation view. Consolidation parent carried from the first explicit Finding reference in the frozen classification rationale/related set; related references are not exhaustive.
#506,Implementation Does Not Equal Adoption,DUPLICATE / NEAR-DUPLICATE,MERGE INTO STRONGER FINDING OR CLUSTER,Institutional Authority and Adoption,HIGH,Merged,IF-01,#154,P4-D15,FALSE,FALSE,Primary target from Pass #4 cluster-level consolidation view. Consolidation parent carried from the first explicit Finding reference in the frozen classification rationale/related set; related references are not exhaustive.
#507,Popularity Does Not Equal Adoption,DUPLICATE / NEAR-DUPLICATE,MERGE INTO STRONGER FINDING OR CLUSTER,Institutional Authority and Adoption,HIGH,Merged,IF-01,#154,P4-D15,FALSE,FALSE,Primary target from Pass #4 cluster-level consolidation view. Consolidation parent carried from the first explicit Finding reference in the frozen classification rationale/related set; related references are not exhaustive.
#508,Spatial Ground Must Preserve Pre-Adoption Experimentation,DERIVED CONSEQUENCE,MERGE INTO STRONGER FINDING OR CLUSTER,Institutional Authority and Adoption,MEDIUM,Merged,IF-01,#154,P4-D15,FALSE,FALSE,Primary target from Pass #4 cluster-level consolidation view. Consolidation parent carried from the first explicit Finding reference in the frozen classification rationale/related set; related references are not exhaustive.
#509,Experimental Ground Must Be Disposable,DERIVED CONSEQUENCE,MERGE INTO STRONGER FINDING OR CLUSTER,Institutional Authority and Adoption,HIGH,Merged,IF-01,#154,P4-D15,FALSE,FALSE,Primary target from Pass #4 cluster-level consolidation view. Consolidation parent carried from the first explicit Finding reference in the frozen classification rationale/related set; related references are not exhaustive.
#510,Prototype Success Is Not Canonical Proof,DERIVED CONSEQUENCE,MERGE INTO STRONGER FINDING OR CLUSTER,Institutional Authority and Adoption,HIGH,Merged,IF-01,#503,P4-D15,FALSE,FALSE,Primary target from Pass #4 cluster-level consolidation view. Consolidation parent carried from the first explicit Finding reference in the frozen classification rationale/related set; related references are not exhaustive.
#511,Visual Success Is Not Spatial Correctness,DERIVED CONSEQUENCE,MERGE INTO STRONGER FINDING OR CLUSTER,Operational Non-Authority,HIGH,Merged,CORE-05c,#19,P4-D15,FALSE,FALSE,Primary target from Pass #4 cluster-level consolidation view. Consolidation parent carried from the first explicit Finding reference in the frozen classification rationale/related set; related references are not exhaustive.
#512,Operational Success Is Not Architectural Sufficiency,DERIVED CONSEQUENCE,MERGE INTO STRONGER FINDING OR CLUSTER,Technology and Infrastructure Independence,HIGH,Merged,CORE-05b,#81,P4-D15,FALSE,FALSE,Primary target from Pass #4 cluster-level consolidation view. Consolidation parent carried from the first explicit Finding reference in the frozen classification rationale/related set; related references are not exhaustive.
#513,Spatial Ground Must Be Judged by Meaning Preservation,HISTORICAL REASONING ONLY,PRESERVE AS HISTORICAL REASONING ONLY,Representation Independence,MEDIUM,Historical only,CORE-07,,P4-D15,FALSE,FALSE,Primary target from Pass #4 cluster-level consolidation view.
#514,Spatial Ground Must Be Tested Without Its Preferred Implementation,DUPLICATE / NEAR-DUPLICATE,MERGE INTO STRONGER FINDING OR CLUSTER,Testing and Adversarial Review,HIGH,Merged,Conformance Register,#26,P4-D15,FALSE,FALSE,Primary target from Pass #4 cluster-level consolidation view. Consolidation parent carried from the first explicit Finding reference in the frozen classification rationale/related set; related references are not exhaustive.
#515,Spatial Ground Must Be Tested Without Its Preferred Data Structure,CONFORMANCE / VALIDATION CANDIDATE,MOVE TO CONFORMANCE / VALIDATION,Testing and Adversarial Review,HIGH,Conformance,Conformance Register,,P4-D15,FALSE,TRUE,Primary target from Pass #4 cluster-level consolidation view.
#516,Spatial Ground Must Be Tested Without Its Preferred Serialization,CONFORMANCE / VALIDATION CANDIDATE,MOVE TO CONFORMANCE / VALIDATION,Testing and Adversarial Review,HIGH,Conformance,Conformance Register,,P4-D15,FALSE,TRUE,Primary target from Pass #4 cluster-level consolidation view.
#517,Spatial Ground Must Be Tested Without Its Preferred Renderer,CONFORMANCE / VALIDATION CANDIDATE,MOVE TO CONFORMANCE / VALIDATION,Testing and Adversarial Review,HIGH,Conformance,Conformance Register,,P4-D15,FALSE,TRUE,Primary target from Pass #4 cluster-level consolidation view.
#518,Spatial Ground Must Be Tested Without Its Preferred Database,CONFORMANCE / VALIDATION CANDIDATE,MOVE TO CONFORMANCE / VALIDATION,Testing and Adversarial Review,HIGH,Conformance,Conformance Register,,P4-D15,FALSE,TRUE,Primary target from Pass #4 cluster-level consolidation view.
#519,Spatial Ground Must Be Tested Without Its Preferred Programming Language,CONFORMANCE / VALIDATION CANDIDATE,MOVE TO CONFORMANCE / VALIDATION,Testing and Adversarial Review,HIGH,Conformance,Conformance Register,,P4-D15,FALSE,TRUE,Primary target from Pass #4 cluster-level consolidation view.
#520,Spatial Ground Must Be Tested Without Its Creator,CONFORMANCE / VALIDATION CANDIDATE,MOVE TO CONFORMANCE / VALIDATION,Testing and Adversarial Review,HIGH,Conformance,Conformance Register,,P4-D15,FALSE,TRUE,Primary target from Pass #4 cluster-level consolidation view.
#521,Spatial Ground Must Survive Hostile Reconstruction,CONFORMANCE / VALIDATION CANDIDATE,MOVE TO CONFORMANCE / VALIDATION,Testing and Adversarial Review,HIGH,Conformance,Conformance Register,,P4-D15,FALSE,TRUE,Primary target from Pass #4 cluster-level consolidation view.
#522,Spatial Ground Must Survive Minimal Reconstruction,DUPLICATE / NEAR-DUPLICATE,MERGE INTO STRONGER FINDING OR CLUSTER,Reconstruction and Recoverability,HIGH,Merged,DEF-02,#27,P4-D15,FALSE,FALSE,Primary target from Pass #4 cluster-level consolidation view. Consolidation parent carried from the first explicit Finding reference in the frozen classification rationale/related set; related references are not exhaustive.
#523,Spatial Ground Must Survive Independent Derivation,DUPLICATE / NEAR-DUPLICATE,MERGE INTO STRONGER FINDING OR CLUSTER,Independent Implementation,HIGH,Merged,CORE-03c,#26,P4-D15,FALSE,FALSE,Primary target from Pass #4 cluster-level consolidation view. Consolidation parent carried from the first explicit Finding reference in the frozen classification rationale/related set; related references are not exhaustive.
#524,Divergence Reveals Specification Failure,CONFORMANCE / VALIDATION CANDIDATE,MOVE TO CONFORMANCE / VALIDATION,Independent Implementation,HIGH,Conformance,CORE-03c,,P4-D15,FALSE,FALSE,Primary target from Pass #4 cluster-level consolidation view.
#525,Spatial Ground Must Expose Ambiguity Before Adoption,DERIVED CONSEQUENCE,MERGE INTO STRONGER FINDING OR CLUSTER,Failure Semantics,HIGH,Merged,CORE-03b,#27,P4-D15,FALSE,FALSE,Primary target from Pass #4 cluster-level consolidation view. Consolidation parent carried from the first explicit Finding reference in the frozen classification rationale/related set; related references are not exhaustive.
#526,Spatial Ground Must Preserve a No-Guessing Rule,DERIVED CONSEQUENCE,MERGE INTO STRONGER FINDING OR CLUSTER,Finite Expressibility and Determinism,HIGH,Merged,DEF-03,#15,P4-D15,TRUE,FALSE,Primary target from Pass #4 cluster-level consolidation view. Consolidation parent carried from the first explicit Finding reference in the frozen classification rationale/related set; related references are not exhaustive.
#527,Spatial Ground Must Preserve a No-Preference Rule,DUPLICATE / NEAR-DUPLICATE,MERGE INTO STRONGER FINDING OR CLUSTER,Representation Independence,HIGH,Merged,CORE-07,#29,P4-D15,FALSE,FALSE,Primary target from Pass #4 cluster-level consolidation view. Consolidation parent carried from the first explicit Finding reference in the frozen classification rationale/related set; related references are not exhaustive.
#528,Spatial Ground Must Preserve a No-Heuristics Rule for Canonical Truth,DUPLICATE / NEAR-DUPLICATE,MERGE INTO STRONGER FINDING OR CLUSTER,Exact Membership and Boundary Resolution,HIGH,Merged,CORE-03,#15,P4-D15,FALSE,FALSE,Primary target from Pass #4 cluster-level consolidation view. Consolidation parent carried from the first explicit Finding reference in the frozen classification rationale/related set; related references are not exhaustive.
#529,Spatial Ground Must Preserve a No-Fallback-to-Approximation Rule,DUPLICATE / NEAR-DUPLICATE,MERGE INTO STRONGER FINDING OR CLUSTER,Exact Membership and Boundary Resolution,HIGH,Merged,CORE-03,#15,P4-D15,FALSE,FALSE,Primary target from Pass #4 cluster-level consolidation view. Consolidation parent carried from the first explicit Finding reference in the frozen classification rationale/related set; related references are not exhaustive.
#530,Spatial Ground Must Preserve a No-Fallback-to-Rendering Rule,DUPLICATE / NEAR-DUPLICATE,MERGE INTO STRONGER FINDING OR CLUSTER,Operational Non-Authority,HIGH,Merged,CORE-05c,#19,P4-D15,FALSE,FALSE,Primary target from Pass #4 cluster-level consolidation view. Consolidation parent carried from the first explicit Finding reference in the frozen classification rationale/related set; related references are not exhaustive.
#531,Spatial Ground Must Preserve a No-Fallback-to-Database Rule,DUPLICATE / NEAR-DUPLICATE,MERGE INTO STRONGER FINDING OR CLUSTER,Operational Non-Authority,HIGH,Merged,CORE-05c,#19,P4-D15,FALSE,FALSE,Primary target from Pass #4 cluster-level consolidation view. Consolidation parent carried from the first explicit Finding reference in the frozen classification rationale/related set; related references are not exhaustive.
#532,Cached Results Must Be Verifiable,IMPLEMENTATION / OPERATIONAL CANDIDATE,MOVE TO IMPLEMENTATION / OPERATIONS,Operational Non-Authority,HIGH,Implementation,CORE-05c,,P4-D15,FALSE,FALSE,Primary target from Pass #4 cluster-level consolidation view.
#533,Cached Error Must Not Become Permanent Truth,DUPLICATE / NEAR-DUPLICATE,MERGE INTO STRONGER FINDING OR CLUSTER,Operational Non-Authority,HIGH,Merged,CORE-05c,#19,P4-D15,FALSE,FALSE,Primary target from Pass #4 cluster-level consolidation view. Consolidation parent carried from the first explicit Finding reference in the frozen classification rationale/related set; related references are not exhaustive.
#534,Derived Indexes Must Be Rebuildable,IMPLEMENTATION / OPERATIONAL CANDIDATE,MOVE TO IMPLEMENTATION / OPERATIONS,Operational Non-Authority,HIGH,Implementation,CORE-05c,,P4-D15,FALSE,FALSE,Primary target from Pass #4 cluster-level consolidation view.
#535,Derived Maps Must Be Rebuildable,DUPLICATE / NEAR-DUPLICATE,MERGE INTO STRONGER FINDING OR CLUSTER,Operational Non-Authority,HIGH,Merged,CORE-05c,#19,P4-D15,FALSE,FALSE,Primary target from Pass #4 cluster-level consolidation view. Consolidation parent carried from the first explicit Finding reference in the frozen classification rationale/related set; related references are not exhaustive.
#536,Derived Boundary Representations Must Be Rebuildable,DUPLICATE / NEAR-DUPLICATE,MERGE INTO STRONGER FINDING OR CLUSTER,Operational Non-Authority,HIGH,Merged,CORE-05c,#19,P4-D15,FALSE,FALSE,Primary target from Pass #4 cluster-level consolidation view. Consolidation parent carried from the first explicit Finding reference in the frozen classification rationale/related set; related references are not exhaustive.
#537,Spatial Ground Must Minimize Irreplaceable Artifacts,DERIVED CONSEQUENCE,MERGE INTO STRONGER FINDING OR CLUSTER,Minimality and Semantic Restraint,HIGH,Merged,BOUND-01,#58,P4-D15,FALSE,FALSE,Primary target from Pass #4 cluster-level consolidation view. Consolidation parent carried from the first explicit Finding reference in the frozen classification rationale/related set; related references are not exhaustive.
#538,Irreplaceable Artifacts Require Exceptional Preservation,PRESERVATION / RECONSTRUCTION CANDIDATE,MOVE TO PRESERVATION / RECONSTRUCTION,Preservation and Archival Survival,HIGH,Preservation,Preservation Register,,P4-D15,FALSE,FALSE,Primary target from Pass #4 cluster-level consolidation view.
#539,Spatial Ground Must Identify Primitive Authority,DERIVED CONSEQUENCE,MERGE INTO STRONGER FINDING OR CLUSTER,Minimality and Semantic Restraint,MEDIUM,Merged,BOUND-01,#58,P4-D15,FALSE,FALSE,Primary target from Pass #4 cluster-level consolidation view. Consolidation parent carried from the first explicit Finding reference in the frozen classification rationale/related set; related references are not exhaustive.
#540,Primitive Truth Must Be Minimal,DUPLICATE / NEAR-DUPLICATE,MERGE INTO STRONGER FINDING OR CLUSTER,Minimality and Semantic Restraint,HIGH,Merged,BOUND-01,#58,P4-D15,FALSE,FALSE,Primary target from Pass #4 cluster-level consolidation view. Consolidation parent carried from the first explicit Finding reference in the frozen classification rationale/related set; related references are not exhaustive.
#541,Derived Truth Must Not Compete With Primitive Truth,DERIVED CONSEQUENCE,MERGE INTO STRONGER FINDING OR CLUSTER,Single Canonical Truth,HIGH,Merged,CORE-04,#8,P4-D15,TRUE,FALSE,Primary target from Pass #4 cluster-level consolidation view. Consolidation parent carried from the first explicit Finding reference in the frozen classification rationale/related set; related references are not exhaustive.
#542,Spatial Ground Must Define Reconstruction Closure,DERIVED CONSEQUENCE,MERGE INTO STRONGER FINDING OR CLUSTER,Reconstruction and Recoverability,HIGH,Merged,DEF-02,#10,P4-D15,TRUE,FALSE,Primary target from Pass #4 cluster-level consolidation view. Consolidation parent carried from the first explicit Finding reference in the frozen classification rationale/related set; related references are not exhaustive.
#543,Spatial Ground Must Define Validation Closure,DUPLICATE / NEAR-DUPLICATE,MERGE INTO STRONGER FINDING OR CLUSTER,Conformance and Validation,HIGH,Merged,DEF-04,#64,P4-D15,FALSE,FALSE,Primary target from Pass #4 cluster-level consolidation view. Consolidation parent carried from the first explicit Finding reference in the frozen classification rationale/related set; related references are not exhaustive.
#544,Spatial Ground Must Define Comparison Closure,DUPLICATE / NEAR-DUPLICATE,MERGE INTO STRONGER FINDING OR CLUSTER,Canonical Equivalence,HIGH,Merged,DEF-05,#65,P4-D15,FALSE,FALSE,Primary target from Pass #4 cluster-level consolidation view. Consolidation parent carried from the first explicit Finding reference in the frozen classification rationale/related set; related references are not exhaustive.
#545,Spatial Ground Must Define Membership Closure,DUPLICATE / NEAR-DUPLICATE,MERGE INTO STRONGER FINDING OR CLUSTER,Exact Membership and Boundary Resolution,HIGH,Merged,CORE-03,#15,P4-D15,FALSE,FALSE,Primary target from Pass #4 cluster-level consolidation view. Consolidation parent carried from the first explicit Finding reference in the frozen classification rationale/related set; related references are not exhaustive.
#546,Spatial Ground Must Define Boundary Closure,DUPLICATE / NEAR-DUPLICATE,MERGE INTO STRONGER FINDING OR CLUSTER,Exact Membership and Boundary Resolution,HIGH,Merged,CORE-03,#15,P4-D15,FALSE,FALSE,Primary target from Pass #4 cluster-level consolidation view. Consolidation parent carried from the first explicit Finding reference in the frozen classification rationale/related set; related references are not exhaustive.
#547,Spatial Ground Must Define Handoff Closure,DUPLICATE / NEAR-DUPLICATE,MERGE INTO STRONGER FINDING OR CLUSTER,Upward Handoff,HIGH,Merged,UP-01,#54,P4-D15,FALSE,FALSE,Primary target from Pass #4 cluster-level consolidation view. Consolidation parent carried from the first explicit Finding reference in the frozen classification rationale/related set; related references are not exhaustive.
#548,Spatial Ground Must Define Exclusion Closure,DERIVED CONSEQUENCE,MERGE INTO STRONGER FINDING OR CLUSTER,Layer Boundaries,MEDIUM,Merged,BOUND-01,#20,P4-D15,FALSE,FALSE,Primary target from Pass #4 cluster-level consolidation view. Consolidation parent carried from the first explicit Finding reference in the frozen classification rationale/related set; related references are not exhaustive.
#549,Spatial Ground Must Reach Institutional Closure Before Formal Design Selection,DUPLICATE / NEAR-DUPLICATE,MERGE INTO STRONGER FINDING OR CLUSTER,Inquiry Method and Framework Sequencing,HIGH,Merged,Governance Method Annex,#298,P4-D15,FALSE,FALSE,Primary target from Pass #4 cluster-level consolidation view. Consolidation parent carried from the first explicit Finding reference in the frozen classification rationale/related set; related references are not exhaustive.
#550,Spatial Ground Must Earn Establishment Through Survival,INSTITUTIONAL / GOVERNANCE CANDIDATE,MOVE TO GOVERNANCE / INSTITUTIONAL FRAMEWORK,Inquiry Method and Framework Sequencing,HIGH,Governance,Governance Method Annex,,P4-D15,FALSE,FALSE,Primary target from Pass #4 cluster-level consolidation view.
#551,Spatial Ground Must Distinguish Canonical Definition From Canonical Instance,TERMINOLOGY / DOCUMENTATION CANDIDATE,MOVE TO TERMINOLOGY / DOCUMENTATION,Terminology Discipline,MEDIUM,Terminology,Terminology Register,,P4-D15,FALSE,FALSE,Primary target from Pass #4 cluster-level consolidation view.
#552,One Specification May Govern One Canonical World-Space,DERIVED CONSEQUENCE,MERGE INTO STRONGER FINDING OR CLUSTER,One World / Singular World-Space,HIGH,Merged,CONST-02,#21,P4-D15,FALSE,FALSE,Primary target from Pass #4 cluster-level consolidation view. Consolidation parent carried from the first explicit Finding reference in the frozen classification rationale/related set; related references are not exhaustive.
#553,Generality Must Not Create Multiple BitPangea Worlds,DUPLICATE / NEAR-DUPLICATE,MERGE INTO STRONGER FINDING OR CLUSTER,One World / Singular World-Space,HIGH,Merged,CONST-02,#21,P4-D15,FALSE,FALSE,Primary target from Pass #4 cluster-level consolidation view. Consolidation parent carried from the first explicit Finding reference in the frozen classification rationale/related set; related references are not exhaustive.
#554,Spatial Ground Must Identify Its Canonical Instance Explicitly,INSTITUTIONAL / GOVERNANCE CANDIDATE,MOVE TO GOVERNANCE / INSTITUTIONAL FRAMEWORK,Institutional Authority and Adoption,MEDIUM,Governance,IF-01,,P4-D15,FALSE,FALSE,Primary target from Pass #4 cluster-level consolidation view.
#555,Canonical Instance Identity Must Survive Representation Change,DUPLICATE / NEAR-DUPLICATE,MERGE INTO STRONGER FINDING OR CLUSTER,Representation Independence,HIGH,Merged,CORE-07,#29,P4-D15,FALSE,FALSE,Primary target from Pass #4 cluster-level consolidation view. Consolidation parent carried from the first explicit Finding reference in the frozen classification rationale/related set; related references are not exhaustive.
#556,Canonical Instance Identity Must Not Depend on Hash Alone,DERIVED CONSEQUENCE,MERGE INTO STRONGER FINDING OR CLUSTER,Representation Independence,HIGH,Merged,CORE-07,#29,P4-D15,FALSE,FALSE,Primary target from Pass #4 cluster-level consolidation view. Consolidation parent carried from the first explicit Finding reference in the frozen classification rationale/related set; related references are not exhaustive.
#557,Spatial Ground Must Distinguish Semantic Identity From Artifact Identity,DUPLICATE / NEAR-DUPLICATE,MERGE INTO STRONGER FINDING OR CLUSTER,Representation Independence,HIGH,Merged,CORE-07,#29,P4-D15,TRUE,FALSE,Primary target from Pass #4 cluster-level consolidation view. Consolidation parent carried from the first explicit Finding reference in the frozen classification rationale/related set; related references are not exhaustive.
#558,Spatial Ground Must Support Canonical Equivalence Across Encodings,DUPLICATE / NEAR-DUPLICATE,MERGE INTO STRONGER FINDING OR CLUSTER,Canonical Equivalence,HIGH,Merged,DEF-05,#65,P4-D15,FALSE,TRUE,Primary target from Pass #4 cluster-level consolidation view. Consolidation parent carried from the first explicit Finding reference in the frozen classification rationale/related set; related references are not exhaustive.
#559,Equivalence Must Be Exact,DERIVED CONSEQUENCE,MERGE INTO STRONGER FINDING OR CLUSTER,Canonical Equivalence,HIGH,Merged,DEF-05,#15,P4-D15,FALSE,FALSE,Primary target from Pass #4 cluster-level consolidation view. Consolidation parent carried from the first explicit Finding reference in the frozen classification rationale/related set; related references are not exhaustive.
#560,Approximate Equivalence Must Remain Non-Canonical,DUPLICATE / NEAR-DUPLICATE,MERGE INTO STRONGER FINDING OR CLUSTER,Canonical Equivalence,HIGH,Merged,DEF-05,#19,P4-D15,FALSE,FALSE,Primary target from Pass #4 cluster-level consolidation view. Consolidation parent carried from the first explicit Finding reference in the frozen classification rationale/related set; related references are not exhaustive.
#561,Spatial Ground Must Distinguish Equality From Similarity,TERMINOLOGY / DOCUMENTATION CANDIDATE,MOVE TO TERMINOLOGY / DOCUMENTATION,Terminology Discipline,HIGH,Terminology,Terminology Register,,P4-D15,FALSE,FALSE,Primary target from Pass #4 cluster-level consolidation view.
#562,Spatial Ground Must Distinguish Equality From Congruence Under Transformation,DERIVED CONSEQUENCE,MERGE INTO STRONGER FINDING OR CLUSTER,Canonical Placement,HIGH,Merged,CORE-02,#563,P4-D15,FALSE,FALSE,Primary target from Pass #4 cluster-level consolidation view. Consolidation parent carried from the first explicit Finding reference in the frozen classification rationale/related set; related references are not exhaustive.
#563,Absolute Canonical Placement Matters,DERIVED CONSEQUENCE,MERGE INTO STRONGER FINDING OR CLUSTER,Canonical Placement,MEDIUM,Merged,CORE-02,#1,P4-D15,FALSE,FALSE,Primary target from Pass #4 cluster-level consolidation view. Consolidation parent carried from the first explicit Finding reference in the frozen classification rationale/related set; related references are not exhaustive.
#564,Shape Alone Cannot Define World-Space Identity,DUPLICATE / NEAR-DUPLICATE,MERGE INTO STRONGER FINDING OR CLUSTER,Canonical Placement,HIGH,Merged,CORE-02,#563,P4-D15,FALSE,FALSE,Primary target from Pass #4 cluster-level consolidation view. Consolidation parent carried from the first explicit Finding reference in the frozen classification rationale/related set; related references are not exhaustive.
#565,Translation Must Not Preserve Canonical World Identity,DUPLICATE / NEAR-DUPLICATE,MERGE INTO STRONGER FINDING OR CLUSTER,Canonical Placement,HIGH,Merged,CORE-02,#563,P4-D15,FALSE,FALSE,Primary target from Pass #4 cluster-level consolidation view. Consolidation parent carried from the first explicit Finding reference in the frozen classification rationale/related set; related references are not exhaustive.
#566,Rotation Must Not Preserve Canonical World Identity Unless Explicitly Representational,DUPLICATE / NEAR-DUPLICATE,MERGE INTO STRONGER FINDING OR CLUSTER,Canonical Placement,HIGH,Merged,CORE-02,#563,P4-D15,FALSE,FALSE,Primary target from Pass #4 cluster-level consolidation view. Consolidation parent carried from the first explicit Finding reference in the frozen classification rationale/related set; related references are not exhaustive.
#567,Reflection Must Not Preserve Canonical World Identity,DUPLICATE / NEAR-DUPLICATE,MERGE INTO STRONGER FINDING OR CLUSTER,Canonical Placement,HIGH,Merged,CORE-02,#563,P4-D15,FALSE,FALSE,Primary target from Pass #4 cluster-level consolidation view. Consolidation parent carried from the first explicit Finding reference in the frozen classification rationale/related set; related references are not exhaustive.
#568,Scaling Must Not Preserve Canonical World Identity,DUPLICATE / NEAR-DUPLICATE,MERGE INTO STRONGER FINDING OR CLUSTER,Canonical Placement,HIGH,Merged,CORE-02,#563,P4-D15,FALSE,FALSE,Primary target from Pass #4 cluster-level consolidation view. Consolidation parent carried from the first explicit Finding reference in the frozen classification rationale/related set; related references are not exhaustive.
#569,Presentation Transformation Must Be Explicitly Invertible Where Exactness Is Claimed,DUPLICATE / NEAR-DUPLICATE,MERGE INTO STRONGER FINDING OR CLUSTER,Representation Independence,HIGH,Merged,CORE-07,#48,P4-D15,FALSE,FALSE,Primary target from Pass #4 cluster-level consolidation view. Consolidation parent carried from the first explicit Finding reference in the frozen classification rationale/related set; related references are not exhaustive.
#570,Non-Invertible Presentation Must Declare Loss,DUPLICATE / NEAR-DUPLICATE,MERGE INTO STRONGER FINDING OR CLUSTER,Operational Non-Authority,HIGH,Merged,CORE-05c,#49,P4-D15,FALSE,FALSE,Primary target from Pass #4 cluster-level consolidation view. Consolidation parent carried from the first explicit Finding reference in the frozen classification rationale/related set; related references are not exhaustive.
#571,Spatial Ground Must Preserve Absolute Reference and Relative Relationship,DERIVED CONSEQUENCE,MERGE INTO STRONGER FINDING OR CLUSTER,Canonical Placement,MEDIUM,Merged,CORE-02,#46,P4-D15,FALSE,FALSE,Primary target from Pass #4 cluster-level consolidation view. Consolidation parent carried from the first explicit Finding reference in the frozen classification rationale/related set; related references are not exhaustive.
#572,Relative Geometry Cannot Replace Absolute Reference,DUPLICATE / NEAR-DUPLICATE,MERGE INTO STRONGER FINDING OR CLUSTER,Canonical Placement,HIGH,Merged,CORE-02,#563,P4-D15,FALSE,FALSE,Primary target from Pass #4 cluster-level consolidation view. Consolidation parent carried from the first explicit Finding reference in the frozen classification rationale/related set; related references are not exhaustive.
#573,Absolute Reference Cannot Replace Membership Definition,DERIVED CONSEQUENCE,MERGE INTO STRONGER FINDING OR CLUSTER,Core World-Space Membership,HIGH,Merged,CORE-01,#1,P4-D15,FALSE,FALSE,Primary target from Pass #4 cluster-level consolidation view. Consolidation parent carried from the first explicit Finding reference in the frozen classification rationale/related set; related references are not exhaustive.
#574,Spatial Ground Requires Both Reference and Membership,DERIVED CONSEQUENCE,MERGE INTO STRONGER FINDING OR CLUSTER,Core World-Space Membership,HIGH,Merged,CORE-01,#1,P4-D15,TRUE,FALSE,Primary target from Pass #4 cluster-level consolidation view. Consolidation parent carried from the first explicit Finding reference in the frozen classification rationale/related set; related references are not exhaustive.
#575,Spatial Ground Must Preserve Their Separation Conceptually,DUPLICATE / NEAR-DUPLICATE,MERGE INTO STRONGER FINDING OR CLUSTER,Layer Boundaries,HIGH,Merged,BOUND-01,#12,P4-D15,FALSE,FALSE,Primary target from Pass #4 cluster-level consolidation view. Consolidation parent carried from the first explicit Finding reference in the frozen classification rationale/related set; related references are not exhaustive.
#576,Spatial Ground Must Not Duplicate Survey Geometry Merely to Be Self-Contained,DERIVED CONSEQUENCE,MERGE INTO STRONGER FINDING OR CLUSTER,Survey Dependency / Downward Contract,HIGH,Merged,DOWN-01,#12,P4-D15,FALSE,FALSE,Primary target from Pass #4 cluster-level consolidation view. Consolidation parent carried from the first explicit Finding reference in the frozen classification rationale/related set; related references are not exhaustive.
#577,Dependency Packaging Must Not Create Authority Duplication,PRESERVATION / RECONSTRUCTION CANDIDATE,MOVE TO PRESERVATION / RECONSTRUCTION,Preservation and Archival Survival,HIGH,Preservation,Preservation Register,,P4-D15,FALSE,TRUE,Primary target from Pass #4 cluster-level consolidation view.
#578,Spatial Ground Must Support Layer-Preserving Archives,PRESERVATION / RECONSTRUCTION CANDIDATE,MOVE TO PRESERVATION / RECONSTRUCTION,Preservation and Archival Survival,HIGH,Preservation,Preservation Register,,P4-D15,FALSE,TRUE,Primary target from Pass #4 cluster-level consolidation view.
#579,Spatial Ground Must Support Layer-Preserving Migration,DUPLICATE / NEAR-DUPLICATE,MERGE INTO STRONGER FINDING OR CLUSTER,Preservation and Archival Survival,HIGH,Merged,Preservation Register,#578,P4-D15,FALSE,FALSE,Primary target from Pass #4 cluster-level consolidation view. Consolidation parent carried from the first explicit Finding reference in the frozen classification rationale/related set; related references are not exhaustive.
#580,Flattened Export Must Not Become Canonical Architecture,DUPLICATE / NEAR-DUPLICATE,MERGE INTO STRONGER FINDING OR CLUSTER,Operational Non-Authority,HIGH,Merged,CORE-05c,#19,P4-D15,FALSE,FALSE,Primary target from Pass #4 cluster-level consolidation view. Consolidation parent carried from the first explicit Finding reference in the frozen classification rationale/related set; related references are not exhaustive.
#581,Spatial Ground Must Have Explicit Input Semantics,SPECIFICATION CANDIDATE,MOVE TO SPECIFICATION,Survey Dependency / Downward Contract,HIGH,Specification,DOWN-01,,P4-D15,FALSE,TRUE,Primary target from Pass #4 cluster-level consolidation view.
#582,Spatial Ground Must Have Explicit Output Semantics,SPECIFICATION CANDIDATE,MOVE TO SPECIFICATION,Upward Handoff,HIGH,Specification,UP-01,,P4-D15,FALSE,TRUE,Primary target from Pass #4 cluster-level consolidation view.
#583,Inputs Must Be Validated at the Proper Layer,DUPLICATE / NEAR-DUPLICATE,MERGE INTO STRONGER FINDING OR CLUSTER,Survey Dependency / Downward Contract,HIGH,Merged,DOWN-01,#159,P4-D15,FALSE,FALSE,Primary target from Pass #4 cluster-level consolidation view. Consolidation parent carried from the first explicit Finding reference in the frozen classification rationale/related set; related references are not exhaustive.
#584,Ground Outputs Must Be Validatable Independently of Higher Layers,DUPLICATE / NEAR-DUPLICATE,MERGE INTO STRONGER FINDING OR CLUSTER,Higher-Layer Independence,HIGH,Merged,CORE-05a,#4,P4-D15,FALSE,FALSE,Primary target from Pass #4 cluster-level consolidation view. Consolidation parent carried from the first explicit Finding reference in the frozen classification rationale/related set; related references are not exhaustive.
#585,Spatial Ground Must Have Explicit Precondition Failure,DERIVED CONSEQUENCE,MERGE INTO STRONGER FINDING OR CLUSTER,Failure Semantics,HIGH,Merged,CORE-03b,#159,P4-D15,FALSE,FALSE,Primary target from Pass #4 cluster-level consolidation view. Consolidation parent carried from the first explicit Finding reference in the frozen classification rationale/related set; related references are not exhaustive.
#586,Spatial Ground Must Have Explicit Postcondition Guarantees,SPECIFICATION CANDIDATE,MOVE TO SPECIFICATION,Exact Membership and Boundary Resolution,MEDIUM,Specification,CORE-03,,P4-D15,FALSE,FALSE,Primary target from Pass #4 cluster-level consolidation view.
#587,Spatial Ground Must Preserve Functional Purity Where Practical,DUPLICATE / NEAR-DUPLICATE,MERGE INTO STRONGER FINDING OR CLUSTER,No Hidden State / Self-Containment,HIGH,Merged,CORE-05b,#27,P4-D15,FALSE,FALSE,Primary target from Pass #4 cluster-level consolidation view. Consolidation parent carried from the first explicit Finding reference in the frozen classification rationale/related set; related references are not exhaustive.
#588,Side Effects Must Not Determine Canonical Meaning,DERIVED CONSEQUENCE,MERGE INTO STRONGER FINDING OR CLUSTER,No Hidden State / Self-Containment,HIGH,Merged,CORE-05b,#27,P4-D15,FALSE,FALSE,Primary target from Pass #4 cluster-level consolidation view. Consolidation parent carried from the first explicit Finding reference in the frozen classification rationale/related set; related references are not exhaustive.
#589,Evaluation Order Must Not Alter Membership,DUPLICATE / NEAR-DUPLICATE,MERGE INTO STRONGER FINDING OR CLUSTER,Finite Expressibility and Determinism,HIGH,Merged,DEF-03,#26,P4-D15,FALSE,FALSE,Primary target from Pass #4 cluster-level consolidation view. Consolidation parent carried from the first explicit Finding reference in the frozen classification rationale/related set; related references are not exhaustive.
#590,Query History Must Not Alter Membership,DUPLICATE / NEAR-DUPLICATE,MERGE INTO STRONGER FINDING OR CLUSTER,No Hidden State / Self-Containment,HIGH,Merged,CORE-05b,#4,P4-D15,FALSE,FALSE,Primary target from Pass #4 cluster-level consolidation view. Consolidation parent carried from the first explicit Finding reference in the frozen classification rationale/related set; related references are not exhaustive.
#591,Spatial Ground Must Be Stateless in Canonical Meaning,DUPLICATE / NEAR-DUPLICATE,MERGE INTO STRONGER FINDING OR CLUSTER,No Hidden State / Self-Containment,HIGH,Merged,CORE-05b,#27,P4-D15,FALSE,FALSE,Primary target from Pass #4 cluster-level consolidation view. Consolidation parent carried from the first explicit Finding reference in the frozen classification rationale/related set; related references are not exhaustive.
#592,Operational State Must Be Disposable,DUPLICATE / NEAR-DUPLICATE,MERGE INTO STRONGER FINDING OR CLUSTER,Operational Non-Authority,HIGH,Merged,CORE-05c,#19,P4-D15,FALSE,FALSE,Primary target from Pass #4 cluster-level consolidation view. Consolidation parent carried from the first explicit Finding reference in the frozen classification rationale/related set; related references are not exhaustive.
#593,Spatial Ground Must Resist State Corruption,IMPLEMENTATION / OPERATIONAL CANDIDATE,MOVE TO IMPLEMENTATION / OPERATIONS,Operational Non-Authority,MEDIUM,Implementation,CORE-05c,,P4-D15,FALSE,FALSE,Primary target from Pass #4 cluster-level consolidation view.
#594,Rebuild Must Be Preferred Over Trusting Corrupt Derived State,DUPLICATE / NEAR-DUPLICATE,MERGE INTO STRONGER FINDING OR CLUSTER,Operational Non-Authority,HIGH,Merged,CORE-05c,#541,P4-D15,FALSE,FALSE,Primary target from Pass #4 cluster-level consolidation view. Consolidation parent carried from the first explicit Finding reference in the frozen classification rationale/related set; related references are not exhaustive.
#595,Spatial Ground Must Support Deterministic Fresh Reconstruction,DUPLICATE / NEAR-DUPLICATE,MERGE INTO STRONGER FINDING OR CLUSTER,Reconstruction and Recoverability,HIGH,Merged,DEF-02,#26,P4-D15,FALSE,FALSE,Primary target from Pass #4 cluster-level consolidation view. Consolidation parent carried from the first explicit Finding reference in the frozen classification rationale/related set; related references are not exhaustive.
#596,Long Runtime Must Not Accumulate Canonical Drift,DERIVED CONSEQUENCE,MERGE INTO STRONGER FINDING OR CLUSTER,Change Control and Permanence,HIGH,Merged,CORE-06,#4,P4-D15,FALSE,FALSE,Primary target from Pass #4 cluster-level consolidation view. Consolidation parent carried from the first explicit Finding reference in the frozen classification rationale/related set; related references are not exhaustive.
#597,Spatial Ground Must Be Drift-Auditable,DUPLICATE / NEAR-DUPLICATE,MERGE INTO STRONGER FINDING OR CLUSTER,Operational Non-Authority,HIGH,Merged,CORE-05c,#19,P4-D15,FALSE,FALSE,Primary target from Pass #4 cluster-level consolidation view. Consolidation parent carried from the first explicit Finding reference in the frozen classification rationale/related set; related references are not exhaustive.
#598,Spatial Ground Must Support Periodic Revalidation,CONFORMANCE / VALIDATION CANDIDATE,MOVE TO CONFORMANCE / VALIDATION,Conformance and Validation,MEDIUM,Conformance,DEF-04,,P4-D15,FALSE,FALSE,Primary target from Pass #4 cluster-level consolidation view.
#599,"Revalidation Must Confirm, Not Recreate, Canon",DERIVED CONSEQUENCE,MERGE INTO STRONGER FINDING OR CLUSTER,Change Control and Permanence,HIGH,Merged,CORE-06,#4,P4-D15,FALSE,FALSE,Primary target from Pass #4 cluster-level consolidation view. Consolidation parent carried from the first explicit Finding reference in the frozen classification rationale/related set; related references are not exhaustive.
#600,Spatial Ground Exists Continuously Without Operational Renewal,DUPLICATE / NEAR-DUPLICATE,MERGE INTO STRONGER FINDING OR CLUSTER,Change Control and Permanence,HIGH,Merged,CORE-06,#4,P4-D15,TRUE,FALSE,Primary target from Pass #4 cluster-level consolidation view. Consolidation parent carried from the first explicit Finding reference in the frozen classification rationale/related set; related references are not exhaustive.
#601,Spatial Ground Must Distinguish Persistence From Existence,DUPLICATE / NEAR-DUPLICATE,MERGE INTO STRONGER FINDING OR CLUSTER,Change Control and Permanence,HIGH,Merged,CORE-06,#4,P4-D15,FALSE,FALSE,Primary target from Pass #4 cluster-level consolidation view. Consolidation parent carried from the first explicit Finding reference in the frozen classification rationale/related set; related references are not exhaustive.
#602,"Storage Durability Must Support, Not Constitute, Ground Truth",DUPLICATE / NEAR-DUPLICATE,MERGE INTO STRONGER FINDING OR CLUSTER,Technology and Infrastructure Independence,HIGH,Merged,CORE-05b,#81,P4-D15,FALSE,FALSE,Primary target from Pass #4 cluster-level consolidation view. Consolidation parent carried from the first explicit Finding reference in the frozen classification rationale/related set; related references are not exhaustive.
#603,Spatial Ground Must Survive Storage Replacement,DUPLICATE / NEAR-DUPLICATE,MERGE INTO STRONGER FINDING OR CLUSTER,Technology and Infrastructure Independence,HIGH,Merged,CORE-05b,#81,P4-D15,FALSE,FALSE,Primary target from Pass #4 cluster-level consolidation view. Consolidation parent carried from the first explicit Finding reference in the frozen classification rationale/related set; related references are not exhaustive.
#604,Spatial Ground Must Survive Repository Loss,DERIVED CONSEQUENCE,MERGE INTO STRONGER FINDING OR CLUSTER,Preservation and Archival Survival,HIGH,Merged,Preservation Register,#84,P4-D15,FALSE,FALSE,Primary target from Pass #4 cluster-level consolidation view. Consolidation parent carried from the first explicit Finding reference in the frozen classification rationale/related set; related references are not exhaustive.
#605,Spatial Ground Must Permit Geographic Preservation Diversity,DUPLICATE / NEAR-DUPLICATE,MERGE INTO STRONGER FINDING OR CLUSTER,Preservation and Archival Survival,HIGH,Merged,Preservation Register,#8,P4-D15,FALSE,FALSE,Primary target from Pass #4 cluster-level consolidation view. Consolidation parent carried from the first explicit Finding reference in the frozen classification rationale/related set; related references are not exhaustive.
#606,Preservation Location Must Not Affect Authority,DUPLICATE / NEAR-DUPLICATE,MERGE INTO STRONGER FINDING OR CLUSTER,Single Canonical Truth,HIGH,Merged,CORE-04,#8,P4-D15,FALSE,FALSE,Primary target from Pass #4 cluster-level consolidation view. Consolidation parent carried from the first explicit Finding reference in the frozen classification rationale/related set; related references are not exhaustive.
#607,Spatial Ground Must Support Media Migration,DUPLICATE / NEAR-DUPLICATE,MERGE INTO STRONGER FINDING OR CLUSTER,Representation Independence,HIGH,Merged,CORE-07,#29,P4-D15,FALSE,FALSE,Primary target from Pass #4 cluster-level consolidation view. Consolidation parent carried from the first explicit Finding reference in the frozen classification rationale/related set; related references are not exhaustive.
#608,Media Obsolescence Must Not Threaten Place,DUPLICATE / NEAR-DUPLICATE,MERGE INTO STRONGER FINDING OR CLUSTER,Technology and Infrastructure Independence,HIGH,Merged,CORE-05b,#81,P4-D15,FALSE,FALSE,Primary target from Pass #4 cluster-level consolidation view. Consolidation parent carried from the first explicit Finding reference in the frozen classification rationale/related set; related references are not exhaustive.
#609,Spatial Ground Must Preserve Durable Decode Semantics,DUPLICATE / NEAR-DUPLICATE,MERGE INTO STRONGER FINDING OR CLUSTER,Preservation and Archival Survival,HIGH,Merged,Preservation Register,#126,P4-D15,FALSE,FALSE,Primary target from Pass #4 cluster-level consolidation view. Consolidation parent carried from the first explicit Finding reference in the frozen classification rationale/related set; related references are not exhaustive.
#610,Encodings Must Be Fully Specified Where Canonical,SPECIFICATION CANDIDATE,MOVE TO SPECIFICATION,Representation Independence,HIGH,Specification,CORE-07,,P4-D15,FALSE,TRUE,Primary target from Pass #4 cluster-level consolidation view.
#611,Proprietary Decoders Must Not Be Required,DUPLICATE / NEAR-DUPLICATE,MERGE INTO STRONGER FINDING OR CLUSTER,Preservation and Archival Survival,HIGH,Merged,Preservation Register,#10,P4-D15,FALSE,FALSE,Primary target from Pass #4 cluster-level consolidation view. Consolidation parent carried from the first explicit Finding reference in the frozen classification rationale/related set; related references are not exhaustive.
#612,Spatial Ground Must Avoid Format Ambiguity,SPECIFICATION CANDIDATE,MOVE TO SPECIFICATION,Finite Expressibility and Determinism,HIGH,Specification,DEF-03,,P4-D15,FALSE,TRUE,Primary target from Pass #4 cluster-level consolidation view.
#613,Spatial Ground Must Preserve Character-Encoding Determinism,SPECIFICATION CANDIDATE,MOVE TO SPECIFICATION,Finite Expressibility and Determinism,HIGH,Specification,DEF-03,,P4-D15,FALSE,FALSE,Primary target from Pass #4 cluster-level consolidation view.
#614,Spatial Ground Must Preserve Numeric-Encoding Determinism,SPECIFICATION CANDIDATE,MOVE TO SPECIFICATION,Finite Expressibility and Determinism,HIGH,Specification,DEF-03,,P4-D15,FALSE,FALSE,Primary target from Pass #4 cluster-level consolidation view.
#615,Spatial Ground Must Preserve Endianness Independence,SPECIFICATION CANDIDATE,MOVE TO SPECIFICATION,Finite Expressibility and Determinism,HIGH,Specification,DEF-03,,P4-D15,FALSE,FALSE,Primary target from Pass #4 cluster-level consolidation view.
#616,Spatial Ground Must Preserve Schema Independence of Meaning,DUPLICATE / NEAR-DUPLICATE,MERGE INTO STRONGER FINDING OR CLUSTER,Representation Independence,HIGH,Merged,CORE-07,#29,P4-D15,FALSE,FALSE,Primary target from Pass #4 cluster-level consolidation view. Consolidation parent carried from the first explicit Finding reference in the frozen classification rationale/related set; related references are not exhaustive.
#617,Schema Evolution Must Preserve Spatial Semantics,DUPLICATE / NEAR-DUPLICATE,MERGE INTO STRONGER FINDING OR CLUSTER,Representation Independence,HIGH,Merged,CORE-07,#29,P4-D15,FALSE,FALSE,Primary target from Pass #4 cluster-level consolidation view. Consolidation parent carried from the first explicit Finding reference in the frozen classification rationale/related set; related references are not exhaustive.
#618,Schema Validation Is Necessary but Not Sufficient,DUPLICATE / NEAR-DUPLICATE,MERGE INTO STRONGER FINDING OR CLUSTER,Conformance and Validation,HIGH,Merged,DEF-04,#619,P4-D15,FALSE,FALSE,Primary target from Pass #4 cluster-level consolidation view. Consolidation parent carried from the first explicit Finding reference in the frozen classification rationale/related set; related references are not exhaustive.
#619,Spatial Ground Must Distinguish Structural Validity From Semantic Validity,CONFORMANCE / VALIDATION CANDIDATE,MOVE TO CONFORMANCE / VALIDATION,Conformance and Validation,HIGH,Conformance,DEF-04,,P4-D15,FALSE,FALSE,Primary target from Pass #4 cluster-level consolidation view.
#620,Spatial Ground Must Define Semantic Validation,SPECIFICATION CANDIDATE,MOVE TO SPECIFICATION,Conformance and Validation,HIGH,Specification,DEF-04,,P4-D15,FALSE,TRUE,Primary target from Pass #4 cluster-level consolidation view.
#621,Semantic Validation Must Be Deterministic,DUPLICATE / NEAR-DUPLICATE,MERGE INTO STRONGER FINDING OR CLUSTER,Conformance and Validation,HIGH,Merged,DEF-04,#26,P4-D15,FALSE,FALSE,Primary target from Pass #4 cluster-level consolidation view. Consolidation parent carried from the first explicit Finding reference in the frozen classification rationale/related set; related references are not exhaustive.
#622,Spatial Ground Must Define Validation Order Where Necessary,DUPLICATE / NEAR-DUPLICATE,MERGE INTO STRONGER FINDING OR CLUSTER,Finite Expressibility and Determinism,MEDIUM,Merged,DEF-03,#215,P4-D15,FALSE,FALSE,Primary target from Pass #4 cluster-level consolidation view. Consolidation parent carried from the first explicit Finding reference in the frozen classification rationale/related set; related references are not exhaustive.
#623,Validation Must Fail Closed,DUPLICATE / NEAR-DUPLICATE,MERGE INTO STRONGER FINDING OR CLUSTER,Failure Semantics,HIGH,Merged,CORE-03b,#15,P4-D15,FALSE,FALSE,Primary target from Pass #4 cluster-level consolidation view. Consolidation parent carried from the first explicit Finding reference in the frozen classification rationale/related set; related references are not exhaustive.
#624,Validation Failure Must Preserve Diagnosis,DUPLICATE / NEAR-DUPLICATE,MERGE INTO STRONGER FINDING OR CLUSTER,Failure Semantics,HIGH,Merged,CORE-03b,#252,P4-D15,FALSE,FALSE,Primary target from Pass #4 cluster-level consolidation view. Consolidation parent carried from the first explicit Finding reference in the frozen classification rationale/related set; related references are not exhaustive.
#625,Spatial Ground Must Support Deterministic Diagnostics,DUPLICATE / NEAR-DUPLICATE,MERGE INTO STRONGER FINDING OR CLUSTER,Failure Semantics,HIGH,Merged,CORE-03b,#253,P4-D15,FALSE,FALSE,Primary target from Pass #4 cluster-level consolidation view. Consolidation parent carried from the first explicit Finding reference in the frozen classification rationale/related set; related references are not exhaustive.
#626,Diagnostics Must Not Become Canonical Semantics Unless Specified,CONFORMANCE / VALIDATION CANDIDATE,MOVE TO CONFORMANCE / VALIDATION,Failure Semantics,MEDIUM,Conformance,CORE-03b,,P4-D15,FALSE,FALSE,Primary target from Pass #4 cluster-level consolidation view.
#627,Spatial Ground Must Support Minimal Validation,DUPLICATE / NEAR-DUPLICATE,MERGE INTO STRONGER FINDING OR CLUSTER,Higher-Layer Independence,HIGH,Merged,CORE-05a,#4,P4-D15,FALSE,FALSE,Primary target from Pass #4 cluster-level consolidation view. Consolidation parent carried from the first explicit Finding reference in the frozen classification rationale/related set; related references are not exhaustive.
#628,Spatial Ground Must Support Full Validation,DUPLICATE / NEAR-DUPLICATE,MERGE INTO STRONGER FINDING OR CLUSTER,Conformance and Validation,HIGH,Merged,DEF-04,#191,P4-D15,FALSE,FALSE,Primary target from Pass #4 cluster-level consolidation view. Consolidation parent carried from the first explicit Finding reference in the frozen classification rationale/related set; related references are not exhaustive.
#629,Validation Must Be Repeatable,DUPLICATE / NEAR-DUPLICATE,MERGE INTO STRONGER FINDING OR CLUSTER,Conformance and Validation,HIGH,Merged,DEF-04,#26,P4-D15,FALSE,FALSE,Primary target from Pass #4 cluster-level consolidation view. Consolidation parent carried from the first explicit Finding reference in the frozen classification rationale/related set; related references are not exhaustive.
#630,Validation Must Be Non-Mutating,DUPLICATE / NEAR-DUPLICATE,MERGE INTO STRONGER FINDING OR CLUSTER,Conformance and Validation,HIGH,Merged,DEF-04,#448,P4-D15,FALSE,FALSE,Primary target from Pass #4 cluster-level consolidation view. Consolidation parent carried from the first explicit Finding reference in the frozen classification rationale/related set; related references are not exhaustive.
#631,Validation Must Be Independently Reproducible,DUPLICATE / NEAR-DUPLICATE,MERGE INTO STRONGER FINDING OR CLUSTER,Independent Implementation,HIGH,Merged,CORE-03c,#26,P4-D15,FALSE,FALSE,Primary target from Pass #4 cluster-level consolidation view. Consolidation parent carried from the first explicit Finding reference in the frozen classification rationale/related set; related references are not exhaustive.
#632,Validator Disagreement Must Be Investigated as Architecture Risk,DUPLICATE / NEAR-DUPLICATE,MERGE INTO STRONGER FINDING OR CLUSTER,Independent Implementation,HIGH,Merged,CORE-03c,#524,P4-D15,FALSE,FALSE,Primary target from Pass #4 cluster-level consolidation view. Consolidation parent carried from the first explicit Finding reference in the frozen classification rationale/related set; related references are not exhaustive.
#633,Spatial Ground Must Have Canonical Test Families,CONFORMANCE / VALIDATION CANDIDATE,MOVE TO CONFORMANCE / VALIDATION,Testing and Adversarial Review,HIGH,Conformance,Conformance Register,,P4-D15,FALSE,FALSE,Primary target from Pass #4 cluster-level consolidation view.
#634,Test Coverage Must Include Interior Cases,DUPLICATE / NEAR-DUPLICATE,MERGE INTO STRONGER FINDING OR CLUSTER,Testing and Adversarial Review,HIGH,Merged,Conformance Register,#26,P4-D15,FALSE,FALSE,Primary target from Pass #4 cluster-level consolidation view. Consolidation parent carried from the first explicit Finding reference in the frozen classification rationale/related set; related references are not exhaustive.
#635,Test Coverage Must Include Exterior Cases,DUPLICATE / NEAR-DUPLICATE,MERGE INTO STRONGER FINDING OR CLUSTER,Testing and Adversarial Review,HIGH,Merged,Conformance Register,#26,P4-D15,FALSE,FALSE,Primary target from Pass #4 cluster-level consolidation view. Consolidation parent carried from the first explicit Finding reference in the frozen classification rationale/related set; related references are not exhaustive.
#636,Test Coverage Must Include Exact Limit Cases,DUPLICATE / NEAR-DUPLICATE,MERGE INTO STRONGER FINDING OR CLUSTER,Testing and Adversarial Review,HIGH,Merged,Conformance Register,#193,P4-D15,FALSE,FALSE,Primary target from Pass #4 cluster-level consolidation view. Consolidation parent carried from the first explicit Finding reference in the frozen classification rationale/related set; related references are not exhaustive.
#637,Test Coverage Must Include Deep Refinement,CONFORMANCE / VALIDATION CANDIDATE,MOVE TO CONFORMANCE / VALIDATION,Testing and Adversarial Review,HIGH,Conformance,Conformance Register,,P4-D15,FALSE,TRUE,Primary target from Pass #4 cluster-level consolidation view.
#638,Test Coverage Must Include Degenerate Inputs,CONFORMANCE / VALIDATION CANDIDATE,MOVE TO CONFORMANCE / VALIDATION,Testing and Adversarial Review,HIGH,Conformance,Conformance Register,,P4-D15,FALSE,TRUE,Primary target from Pass #4 cluster-level consolidation view.
#639,Test Coverage Must Include Canonical Equivalence,DUPLICATE / NEAR-DUPLICATE,MERGE INTO STRONGER FINDING OR CLUSTER,Testing and Adversarial Review,HIGH,Merged,Conformance Register,#194,P4-D15,FALSE,FALSE,Primary target from Pass #4 cluster-level consolidation view. Consolidation parent carried from the first explicit Finding reference in the frozen classification rationale/related set; related references are not exhaustive.
#640,Test Coverage Must Include Non-Equivalence,CONFORMANCE / VALIDATION CANDIDATE,MOVE TO CONFORMANCE / VALIDATION,Testing and Adversarial Review,HIGH,Conformance,Conformance Register,,P4-D15,FALSE,TRUE,Primary target from Pass #4 cluster-level consolidation view.
#641,Test Coverage Must Include Transformation Traps,CONFORMANCE / VALIDATION CANDIDATE,MOVE TO CONFORMANCE / VALIDATION,Testing and Adversarial Review,HIGH,Conformance,Conformance Register,,P4-D15,FALSE,TRUE,Primary target from Pass #4 cluster-level consolidation view.
#642,Test Coverage Must Include Representation Traps,CONFORMANCE / VALIDATION CANDIDATE,MOVE TO CONFORMANCE / VALIDATION,Testing and Adversarial Review,HIGH,Conformance,Conformance Register,,P4-D15,FALSE,TRUE,Primary target from Pass #4 cluster-level consolidation view.
#643,Test Coverage Must Include Hidden-State Traps,CONFORMANCE / VALIDATION CANDIDATE,MOVE TO CONFORMANCE / VALIDATION,Testing and Adversarial Review,HIGH,Conformance,Conformance Register,,P4-D15,FALSE,TRUE,Primary target from Pass #4 cluster-level consolidation view.
#644,Test Coverage Must Include Cross-Platform Reproduction,CONFORMANCE / VALIDATION CANDIDATE,MOVE TO CONFORMANCE / VALIDATION,Testing and Adversarial Review,HIGH,Conformance,Conformance Register,,P4-D15,FALSE,TRUE,Primary target from Pass #4 cluster-level consolidation view.
#645,Test Coverage Must Include Independent Implementation,CONFORMANCE / VALIDATION CANDIDATE,MOVE TO CONFORMANCE / VALIDATION,Independent Implementation,HIGH,Conformance,CORE-03c,,P4-D15,FALSE,FALSE,Primary target from Pass #4 cluster-level consolidation view.
#646,Independent Implementation Is a Specification Test,DUPLICATE / NEAR-DUPLICATE,MERGE INTO STRONGER FINDING OR CLUSTER,Independent Implementation,HIGH,Merged,CORE-03c,#524,P4-D15,FALSE,FALSE,Primary target from Pass #4 cluster-level consolidation view. Consolidation parent carried from the first explicit Finding reference in the frozen classification rationale/related set; related references are not exhaustive.
#647,Spatial Ground Must Be Falsifiable,DERIVED CONSEQUENCE,MERGE INTO STRONGER FINDING OR CLUSTER,Conformance and Validation,HIGH,Merged,DEF-04,#15,P4-D15,TRUE,FALSE,Primary target from Pass #4 cluster-level consolidation view. Consolidation parent carried from the first explicit Finding reference in the frozen classification rationale/related set; related references are not exhaustive.
#648,Spatial Ground Must Be Verifiable Without Deference,DUPLICATE / NEAR-DUPLICATE,MERGE INTO STRONGER FINDING OR CLUSTER,No Hidden State / Self-Containment,HIGH,Merged,CORE-05b,#27,P4-D15,FALSE,FALSE,Primary target from Pass #4 cluster-level consolidation view. Consolidation parent carried from the first explicit Finding reference in the frozen classification rationale/related set; related references are not exhaustive.
#649,Spatial Ground Must Permit Adversarial Review,DUPLICATE / NEAR-DUPLICATE,MERGE INTO STRONGER FINDING OR CLUSTER,Testing and Adversarial Review,HIGH,Merged,Conformance Register,#85,P4-D15,FALSE,FALSE,Primary target from Pass #4 cluster-level consolidation view. Consolidation parent carried from the first explicit Finding reference in the frozen classification rationale/related set; related references are not exhaustive.
#650,Spatial Ground Must Become Stronger Under Challenge,DUPLICATE / NEAR-DUPLICATE,MERGE INTO STRONGER FINDING OR CLUSTER,Inquiry Method and Framework Sequencing,HIGH,Merged,Governance Method Annex,#550,P4-D15,FALSE,FALSE,Primary target from Pass #4 cluster-level consolidation view. Consolidation parent carried from the first explicit Finding reference in the frozen classification rationale/related set; related references are not exhaustive.
#651,Spatial Ground Must Distinguish Preservation From Security,DERIVED CONSEQUENCE,MERGE INTO STRONGER FINDING OR CLUSTER,Operational Non-Authority,HIGH,Merged,CORE-05c,#19,P4-D15,FALSE,FALSE,Primary target from Pass #4 cluster-level consolidation view. Consolidation parent carried from the first explicit Finding reference in the frozen classification rationale/related set; related references are not exhaustive.
#652,Compromise Must Not Redefine The World,DERIVED CONSEQUENCE,MERGE INTO STRONGER FINDING OR CLUSTER,Operational Non-Authority,HIGH,Merged,CORE-05c,#19,P4-D15,FALSE,FALSE,Primary target from Pass #4 cluster-level consolidation view. Consolidation parent carried from the first explicit Finding reference in the frozen classification rationale/related set; related references are not exhaustive.
#653,Unauthorized Mutation Must Be Detectable,DUPLICATE / NEAR-DUPLICATE,MERGE INTO STRONGER FINDING OR CLUSTER,Preservation and Archival Survival,HIGH,Merged,Preservation Register,#657,P4-D15,FALSE,FALSE,Primary target from Pass #4 cluster-level consolidation view. Consolidation parent carried from the first explicit Finding reference in the frozen classification rationale/related set; related references are not exhaustive.
#654,Detection Must Not Depend on the Compromised System,IMPLEMENTATION / OPERATIONAL CANDIDATE,MOVE TO IMPLEMENTATION / OPERATIONS,Preservation and Archival Survival,MEDIUM,Implementation,Preservation Register,,P4-D15,FALSE,FALSE,Primary target from Pass #4 cluster-level consolidation view.
#655,Spatial Ground Must Support Authentic Canonical Recovery,DUPLICATE / NEAR-DUPLICATE,MERGE INTO STRONGER FINDING OR CLUSTER,Reconstruction and Recoverability,HIGH,Merged,DEF-02,#84,P4-D15,FALSE,FALSE,Primary target from Pass #4 cluster-level consolidation view. Consolidation parent carried from the first explicit Finding reference in the frozen classification rationale/related set; related references are not exhaustive.
#656,"Recovery Must Restore Meaning, Not Merely Files",DUPLICATE / NEAR-DUPLICATE,MERGE INTO STRONGER FINDING OR CLUSTER,Reconstruction and Recoverability,HIGH,Merged,DEF-02,#129,P4-D15,TRUE,FALSE,Primary target from Pass #4 cluster-level consolidation view. Consolidation parent carried from the first explicit Finding reference in the frozen classification rationale/related set; related references are not exhaustive.
#657,Spatial Ground Must Support Corruption Detection,PRESERVATION / RECONSTRUCTION CANDIDATE,MOVE TO PRESERVATION / RECONSTRUCTION,Preservation and Archival Survival,HIGH,Preservation,Preservation Register,,P4-D15,FALSE,FALSE,Primary target from Pass #4 cluster-level consolidation view.
#658,Corruption Must Not Be Silently Normalized,DERIVED CONSEQUENCE,MERGE INTO STRONGER FINDING OR CLUSTER,Failure Semantics,HIGH,Merged,CORE-03b,#15,P4-D15,FALSE,FALSE,Primary target from Pass #4 cluster-level consolidation view. Consolidation parent carried from the first explicit Finding reference in the frozen classification rationale/related set; related references are not exhaustive.
#659,Recovery Procedures Must Not Become Spatial Authority,DERIVED CONSEQUENCE,MERGE INTO STRONGER FINDING OR CLUSTER,Operational Non-Authority,HIGH,Merged,CORE-05c,#19,P4-D15,FALSE,TRUE,Primary target from Pass #4 cluster-level consolidation view. Consolidation parent carried from the first explicit Finding reference in the frozen classification rationale/related set; related references are not exhaustive.
#660,Backup Recency Must Not Determine Spatial Truth,DERIVED CONSEQUENCE,MERGE INTO STRONGER FINDING OR CLUSTER,Single Canonical Truth,HIGH,Merged,CORE-04,#8,P4-D15,FALSE,FALSE,Primary target from Pass #4 cluster-level consolidation view. Consolidation parent carried from the first explicit Finding reference in the frozen classification rationale/related set; related references are not exhaustive.
#661,Spatial Ground Must Survive Conflicting Copies,PRESERVATION / RECONSTRUCTION CANDIDATE,MOVE TO PRESERVATION / RECONSTRUCTION,Preservation and Archival Survival,HIGH,Preservation,Preservation Register,,P4-D15,FALSE,FALSE,Primary target from Pass #4 cluster-level consolidation view.
#662,Majority Replication Does Not Make Error Canonical,DUPLICATE / NEAR-DUPLICATE,MERGE INTO STRONGER FINDING OR CLUSTER,Single Canonical Truth,HIGH,Merged,CORE-04,#8,P4-D15,FALSE,FALSE,Primary target from Pass #4 cluster-level consolidation view. Consolidation parent carried from the first explicit Finding reference in the frozen classification rationale/related set; related references are not exhaustive.
#663,Spatial Ground Must Resist Byzantine Preservation Failure,PRESERVATION / RECONSTRUCTION CANDIDATE,MOVE TO PRESERVATION / RECONSTRUCTION,Preservation and Archival Survival,MEDIUM,Preservation,Preservation Register,,P4-D15,FALSE,FALSE,Primary target from Pass #4 cluster-level consolidation view.
#664,Consensus Mechanisms Are Optional Preservation Tools,DUPLICATE / NEAR-DUPLICATE,MERGE INTO STRONGER FINDING OR CLUSTER,Technology and Infrastructure Independence,HIGH,Merged,CORE-05b,#81,P4-D15,FALSE,FALSE,Primary target from Pass #4 cluster-level consolidation view. Consolidation parent carried from the first explicit Finding reference in the frozen classification rationale/related set; related references are not exhaustive.
#665,Chain State Must Not Become Ground State,DUPLICATE / NEAR-DUPLICATE,MERGE INTO STRONGER FINDING OR CLUSTER,Operational Non-Authority,HIGH,Merged,CORE-05c,#19,P4-D15,FALSE,FALSE,Primary target from Pass #4 cluster-level consolidation view. Consolidation parent carried from the first explicit Finding reference in the frozen classification rationale/related set; related references are not exhaustive.
#666,Cryptographic Algorithm Replacement Must Not Move The World,DUPLICATE / NEAR-DUPLICATE,MERGE INTO STRONGER FINDING OR CLUSTER,Technology and Infrastructure Independence,HIGH,Merged,CORE-05b,#81,P4-D15,FALSE,FALSE,Primary target from Pass #4 cluster-level consolidation view. Consolidation parent carried from the first explicit Finding reference in the frozen classification rationale/related set; related references are not exhaustive.
#667,Cryptographic Identity Must Be Replaceable,DERIVED CONSEQUENCE,MERGE INTO STRONGER FINDING OR CLUSTER,Representation Independence,HIGH,Merged,CORE-07,#29,P4-D15,FALSE,FALSE,Primary target from Pass #4 cluster-level consolidation view. Consolidation parent carried from the first explicit Finding reference in the frozen classification rationale/related set; related references are not exhaustive.
#668,Expired Trust Infrastructure Must Not Expire Place,DERIVED CONSEQUENCE,MERGE INTO STRONGER FINDING OR CLUSTER,Change Control and Permanence,HIGH,Merged,CORE-06,#4,P4-D15,FALSE,FALSE,Primary target from Pass #4 cluster-level consolidation view. Consolidation parent carried from the first explicit Finding reference in the frozen classification rationale/related set; related references are not exhaustive.
#669,Spatial Ground Must Separate Spatial Permanence From Credential Lifetimes,DUPLICATE / NEAR-DUPLICATE,MERGE INTO STRONGER FINDING OR CLUSTER,Change Control and Permanence,HIGH,Merged,CORE-06,#668,P4-D15,FALSE,FALSE,Primary target from Pass #4 cluster-level consolidation view. Consolidation parent carried from the first explicit Finding reference in the frozen classification rationale/related set; related references are not exhaustive.
#670,Spatial Ground Must Support Re-Attestation Without Re-Adoption,DUPLICATE / NEAR-DUPLICATE,MERGE INTO STRONGER FINDING OR CLUSTER,Change Control and Permanence,HIGH,Merged,CORE-06,#4,P4-D15,FALSE,FALSE,Primary target from Pass #4 cluster-level consolidation view. Consolidation parent carried from the first explicit Finding reference in the frozen classification rationale/related set; related references are not exhaustive.
#671,Verification Renewal Must Preserve Artifact Lineage,INSTITUTIONAL / GOVERNANCE CANDIDATE,MOVE TO GOVERNANCE / INSTITUTIONAL FRAMEWORK,Historical Traceability,HIGH,Governance,Governance Register,,P4-D15,FALSE,FALSE,Primary target from Pass #4 cluster-level consolidation view.
#672,Spatial Ground Must Preserve Canonical Lineage,INSTITUTIONAL / GOVERNANCE CANDIDATE,MOVE TO GOVERNANCE / INSTITUTIONAL FRAMEWORK,Historical Traceability,HIGH,Governance,Governance Register,,P4-D15,FALSE,FALSE,Primary target from Pass #4 cluster-level consolidation view.
#673,Lineage Must Distinguish Meaning-Preserving Change,DUPLICATE / NEAR-DUPLICATE,MERGE INTO STRONGER FINDING OR CLUSTER,Historical Traceability,HIGH,Merged,Governance Register,#395,P4-D15,FALSE,FALSE,Primary target from Pass #4 cluster-level consolidation view. Consolidation parent carried from the first explicit Finding reference in the frozen classification rationale/related set; related references are not exhaustive.
#674,Lineage Must Not Imply Spatial Motion,DERIVED CONSEQUENCE,MERGE INTO STRONGER FINDING OR CLUSTER,Historical Traceability,HIGH,Merged,Governance Register,#29,P4-D15,FALSE,FALSE,Primary target from Pass #4 cluster-level consolidation view. Consolidation parent carried from the first explicit Finding reference in the frozen classification rationale/related set; related references are not exhaustive.
#675,Spatial Ground Must Support Provenance Fork Detection,INSTITUTIONAL / GOVERNANCE CANDIDATE,MOVE TO GOVERNANCE / INSTITUTIONAL FRAMEWORK,Historical Traceability,HIGH,Governance,Governance Register,,P4-D15,FALSE,FALSE,Primary target from Pass #4 cluster-level consolidation view.
#676,Forks Must Not Create Multiple Canonical Worlds,DERIVED CONSEQUENCE,MERGE INTO STRONGER FINDING OR CLUSTER,One World / Singular World-Space,HIGH,Merged,CONST-02,#21,P4-D15,FALSE,FALSE,Primary target from Pass #4 cluster-level consolidation view. Consolidation parent carried from the first explicit Finding reference in the frozen classification rationale/related set; related references are not exhaustive.
#677,Spatial Ground Must Preserve a Single Canonical Successor Rule,INSTITUTIONAL / GOVERNANCE CANDIDATE,MOVE TO GOVERNANCE / INSTITUTIONAL FRAMEWORK,Institutional Authority and Adoption,HIGH,Governance,IF-01,,P4-D15,FALSE,FALSE,Primary target from Pass #4 cluster-level consolidation view.
#678,Supersession Must Not Imply Spatial Replacement,DUPLICATE / NEAR-DUPLICATE,MERGE INTO STRONGER FINDING OR CLUSTER,Representation Independence,HIGH,Merged,CORE-07,#29,P4-D15,FALSE,FALSE,Primary target from Pass #4 cluster-level consolidation view. Consolidation parent carried from the first explicit Finding reference in the frozen classification rationale/related set; related references are not exhaustive.
#679,Spatial Ground Must Distinguish Document Obsolescence From Spatial Obsolescence,DUPLICATE / NEAR-DUPLICATE,MERGE INTO STRONGER FINDING OR CLUSTER,Representation Independence,HIGH,Merged,CORE-07,#29,P4-D15,FALSE,FALSE,Primary target from Pass #4 cluster-level consolidation view. Consolidation parent carried from the first explicit Finding reference in the frozen classification rationale/related set; related references are not exhaustive.
#680,Spatial Ground Must Support Long-Term Evidentiary Chains,DUPLICATE / NEAR-DUPLICATE,MERGE INTO STRONGER FINDING OR CLUSTER,Historical Traceability,HIGH,Merged,Governance Register,#672,P4-D15,FALSE,FALSE,Primary target from Pass #4 cluster-level consolidation view. Consolidation parent carried from the first explicit Finding reference in the frozen classification rationale/related set; related references are not exhaustive.
#681,Evidentiary Chains Must Remain Secondary to Spatial Semantics,DUPLICATE / NEAR-DUPLICATE,MERGE INTO STRONGER FINDING OR CLUSTER,Historical Traceability,HIGH,Merged,Governance Register,#130,P4-D15,FALSE,FALSE,Primary target from Pass #4 cluster-level consolidation view. Consolidation parent carried from the first explicit Finding reference in the frozen classification rationale/related set; related references are not exhaustive.
#682,Spatial Ground Must Support Formal Change Control,INSTITUTIONAL / GOVERNANCE CANDIDATE,MOVE TO GOVERNANCE / INSTITUTIONAL FRAMEWORK,Change Control and Permanence,HIGH,Governance,CORE-06,,P4-D15,FALSE,FALSE,Primary target from Pass #4 cluster-level consolidation view.
#683,Change Classes Must Be Distinguished,DUPLICATE / NEAR-DUPLICATE,MERGE INTO STRONGER FINDING OR CLUSTER,Change Control and Permanence,HIGH,Merged,CORE-06,#395,P4-D15,FALSE,FALSE,Primary target from Pass #4 cluster-level consolidation view. Consolidation parent carried from the first explicit Finding reference in the frozen classification rationale/related set; related references are not exhaustive.
#684,Higher-Risk Changes Require Higher Scrutiny,DUPLICATE / NEAR-DUPLICATE,MERGE INTO STRONGER FINDING OR CLUSTER,Change Control and Permanence,HIGH,Merged,CORE-06,#142,P4-D15,FALSE,FALSE,Primary target from Pass #4 cluster-level consolidation view. Consolidation parent carried from the first explicit Finding reference in the frozen classification rationale/related set; related references are not exhaustive.
#685,Spatial Ground Must Prevent Accidental Normative Change,DERIVED CONSEQUENCE,MERGE INTO STRONGER FINDING OR CLUSTER,Change Control and Permanence,HIGH,Merged,CORE-06,#396,P4-D15,FALSE,FALSE,Primary target from Pass #4 cluster-level consolidation view. Consolidation parent carried from the first explicit Finding reference in the frozen classification rationale/related set; related references are not exhaustive.
#686,Spatial Ground Must Support Normative Diffing,INSTITUTIONAL / GOVERNANCE CANDIDATE,MOVE TO GOVERNANCE / INSTITUTIONAL FRAMEWORK,Change Control and Permanence,HIGH,Governance,CORE-06,,P4-D15,FALSE,FALSE,Primary target from Pass #4 cluster-level consolidation view.
#687,Semantic Difference Matters More Than Textual Difference,DERIVED CONSEQUENCE,MERGE INTO STRONGER FINDING OR CLUSTER,Change Control and Permanence,HIGH,Merged,CORE-06,#686,P4-D15,FALSE,FALSE,Primary target from Pass #4 cluster-level consolidation view. Consolidation parent carried from the first explicit Finding reference in the frozen classification rationale/related set; related references are not exhaustive.
#688,Spatial Ground Must Preserve Reviewability,DUPLICATE / NEAR-DUPLICATE,MERGE INTO STRONGER FINDING OR CLUSTER,Change Control and Permanence,MEDIUM,Merged,CORE-06,#686,P4-D15,FALSE,FALSE,Primary target from Pass #4 cluster-level consolidation view. Consolidation parent carried from the first explicit Finding reference in the frozen classification rationale/related set; related references are not exhaustive.
#689,Spatial Ground Must Reject Unreviewable Complexity,INSTITUTIONAL / GOVERNANCE CANDIDATE,MOVE TO GOVERNANCE / INSTITUTIONAL FRAMEWORK,Inquiry Method and Framework Sequencing,MEDIUM,Governance,Governance Method Annex,,P4-D15,FALSE,FALSE,Primary target from Pass #4 cluster-level consolidation view.
#690,Formal Sophistication Must Earn Its Complexity,DUPLICATE / NEAR-DUPLICATE,MERGE INTO STRONGER FINDING OR CLUSTER,Minimality and Semantic Restraint,HIGH,Merged,BOUND-01,#58,P4-D15,FALSE,FALSE,Primary target from Pass #4 cluster-level consolidation view. Consolidation parent carried from the first explicit Finding reference in the frozen classification rationale/related set; related references are not exhaustive.
#691,Simplicity Must Not Sacrifice Exactness,DERIVED CONSEQUENCE,MERGE INTO STRONGER FINDING OR CLUSTER,Minimality and Semantic Restraint,HIGH,Merged,BOUND-01,#15,P4-D15,FALSE,FALSE,Primary target from Pass #4 cluster-level consolidation view. Consolidation parent carried from the first explicit Finding reference in the frozen classification rationale/related set; related references are not exhaustive.
#692,Elegance Is Not Sufficient,DERIVED CONSEQUENCE,MERGE INTO STRONGER FINDING OR CLUSTER,Inquiry Method and Framework Sequencing,HIGH,Merged,Governance Method Annex,#695,P4-D15,FALSE,FALSE,Primary target from Pass #4 cluster-level consolidation view. Consolidation parent carried from the first explicit Finding reference in the frozen classification rationale/related set; related references are not exhaustive.
#693,Familiarity Is Not Sufficient,DERIVED CONSEQUENCE,MERGE INTO STRONGER FINDING OR CLUSTER,Inquiry Method and Framework Sequencing,HIGH,Merged,Governance Method Annex,#695,P4-D15,FALSE,FALSE,Primary target from Pass #4 cluster-level consolidation view. Consolidation parent carried from the first explicit Finding reference in the frozen classification rationale/related set; related references are not exhaustive.
#694,Novelty Is Not Sufficient,DERIVED CONSEQUENCE,MERGE INTO STRONGER FINDING OR CLUSTER,Inquiry Method and Framework Sequencing,HIGH,Merged,Governance Method Annex,#695,P4-D15,FALSE,FALSE,Primary target from Pass #4 cluster-level consolidation view. Consolidation parent carried from the first explicit Finding reference in the frozen classification rationale/related set; related references are not exhaustive.
#695,Spatial Ground Must Be Requirements-Driven,INSTITUTIONAL / GOVERNANCE CANDIDATE,MOVE TO GOVERNANCE / INSTITUTIONAL FRAMEWORK,Inquiry Method and Framework Sequencing,HIGH,Governance,Governance Method Annex,,P4-D15,FALSE,FALSE,Primary target from Pass #4 cluster-level consolidation view.
#696,Competing Models Must Be Evaluated Against the Same Requirements,DERIVED CONSEQUENCE,MERGE INTO STRONGER FINDING OR CLUSTER,Inquiry Method and Framework Sequencing,HIGH,Merged,Governance Method Annex,#695,P4-D15,FALSE,FALSE,Primary target from Pass #4 cluster-level consolidation view. Consolidation parent carried from the first explicit Finding reference in the frozen classification rationale/related set; related references are not exhaustive.
#697,Requirements Must Precede Model Scoring,DUPLICATE / NEAR-DUPLICATE,MERGE INTO STRONGER FINDING OR CLUSTER,Inquiry Method and Framework Sequencing,HIGH,Merged,Governance Method Annex,#298,P4-D15,FALSE,FALSE,Primary target from Pass #4 cluster-level consolidation view. Consolidation parent carried from the first explicit Finding reference in the frozen classification rationale/related set; related references are not exhaustive.
#698,Failed Candidates Should Remain Historically Useful,INSTITUTIONAL / GOVERNANCE CANDIDATE,MOVE TO GOVERNANCE / INSTITUTIONAL FRAMEWORK,Historical Traceability,MEDIUM,Governance,Governance Register,,P4-D15,FALSE,FALSE,Primary target from Pass #4 cluster-level consolidation view.
#699,Spatial Ground Must Preserve Decision Rationale Without Preserving Dead Architecture,DUPLICATE / NEAR-DUPLICATE,MERGE INTO STRONGER FINDING OR CLUSTER,Historical Traceability,HIGH,Merged,Governance Register,#408,P4-D15,FALSE,FALSE,Primary target from Pass #4 cluster-level consolidation view. Consolidation parent carried from the first explicit Finding reference in the frozen classification rationale/related set; related references are not exhaustive.
#700,Spatial Ground Must Ultimately Be Chosen by Survival,DUPLICATE / NEAR-DUPLICATE,MERGE INTO STRONGER FINDING OR CLUSTER,Inquiry Method and Framework Sequencing,HIGH,Merged,Governance Method Annex,#550,P4-D15,FALSE,FALSE,Primary target from Pass #4 cluster-level consolidation view. Consolidation parent carried from the first explicit Finding reference in the frozen classification rationale/related set; related references are not exhaustive.
#701,Spatial Ground Must Distinguish World-Space Definition From World-Space Description,DERIVED CONSEQUENCE,MERGE INTO STRONGER FINDING OR CLUSTER,Operational Non-Authority,HIGH,Merged,CORE-05c,#19,P4-D15,FALSE,FALSE,Primary target from Pass #4 cluster-level consolidation view. Consolidation parent carried from the first explicit Finding reference in the frozen classification rationale/related set; related references are not exhaustive.
#702,Descriptive Maps Must Remain Non-Normative Unless Explicitly Adopted,DUPLICATE / NEAR-DUPLICATE,MERGE INTO STRONGER FINDING OR CLUSTER,Operational Non-Authority,HIGH,Merged,CORE-05c,#19,P4-D15,FALSE,FALSE,Primary target from Pass #4 cluster-level consolidation view. Consolidation parent carried from the first explicit Finding reference in the frozen classification rationale/related set; related references are not exhaustive.
#703,Spatial Ground Must Distinguish Normative Geometry From Illustrative Geometry,TERMINOLOGY / DOCUMENTATION CANDIDATE,MOVE TO TERMINOLOGY / DOCUMENTATION,Terminology Discipline,HIGH,Terminology,Terminology Register,,P4-D15,FALSE,TRUE,Primary target from Pass #4 cluster-level consolidation view.
#704,Visual Fidelity Must Not Be Mistaken for Canonical Fidelity,DUPLICATE / NEAR-DUPLICATE,MERGE INTO STRONGER FINDING OR CLUSTER,Operational Non-Authority,HIGH,Merged,CORE-05c,#19,P4-D15,FALSE,FALSE,Primary target from Pass #4 cluster-level consolidation view. Consolidation parent carried from the first explicit Finding reference in the frozen classification rationale/related set; related references are not exhaustive.
#705,Spatial Ground Must Preserve Machine-Readable Canon Where Exactness Requires It,SPECIFICATION CANDIDATE,MOVE TO SPECIFICATION,Finite Expressibility and Determinism,HIGH,Specification,DEF-03,,P4-D15,FALSE,TRUE,Primary target from Pass #4 cluster-level consolidation view.
#706,Machine-Readable Canon Must Remain Human-Governed,INSTITUTIONAL / GOVERNANCE CANDIDATE,MOVE TO GOVERNANCE / INSTITUTIONAL FRAMEWORK,Institutional Authority and Adoption,MEDIUM,Governance,IF-01,,P4-D15,FALSE,FALSE,Primary target from Pass #4 cluster-level consolidation view.
#707,Human-Readable and Machine-Readable Canon Must Agree,DERIVED CONSEQUENCE,MERGE INTO STRONGER FINDING OR CLUSTER,Single Canonical Truth,HIGH,Merged,CORE-04,#8,P4-D15,FALSE,FALSE,Primary target from Pass #4 cluster-level consolidation view. Consolidation parent carried from the first explicit Finding reference in the frozen classification rationale/related set; related references are not exhaustive.
#708,Neither Form May Silently Override the Other,DUPLICATE / NEAR-DUPLICATE,MERGE INTO STRONGER FINDING OR CLUSTER,Inquiry Method and Framework Sequencing,HIGH,Merged,Governance Method Annex,#407,P4-D15,FALSE,FALSE,Primary target from Pass #4 cluster-level consolidation view. Consolidation parent carried from the first explicit Finding reference in the frozen classification rationale/related set; related references are not exhaustive.
#709,Spatial Ground Must Avoid Hidden Semantics in Tooling,DUPLICATE / NEAR-DUPLICATE,MERGE INTO STRONGER FINDING OR CLUSTER,No Hidden State / Self-Containment,HIGH,Merged,CORE-05b,#27,P4-D15,FALSE,FALSE,Primary target from Pass #4 cluster-level consolidation view. Consolidation parent carried from the first explicit Finding reference in the frozen classification rationale/related set; related references are not exhaustive.
#710,"Executable Formalization Should Confirm, Not Invent, Architecture",DUPLICATE / NEAR-DUPLICATE,MERGE INTO STRONGER FINDING OR CLUSTER,Inquiry Method and Framework Sequencing,HIGH,Merged,Governance Method Annex,#402,P4-D15,FALSE,FALSE,Primary target from Pass #4 cluster-level consolidation view. Consolidation parent carried from the first explicit Finding reference in the frozen classification rationale/related set; related references are not exhaustive.
#711,Spatial Ground Must Support Exact Re-derivation From Normative Sources,DUPLICATE / NEAR-DUPLICATE,MERGE INTO STRONGER FINDING OR CLUSTER,Reconstruction and Recoverability,HIGH,Merged,DEF-02,#10,P4-D15,FALSE,FALSE,Primary target from Pass #4 cluster-level consolidation view. Consolidation parent carried from the first explicit Finding reference in the frozen classification rationale/related set; related references are not exhaustive.
#712,Spatial Ground Must Not Require Reverse Engineering,DUPLICATE / NEAR-DUPLICATE,MERGE INTO STRONGER FINDING OR CLUSTER,Reconstruction and Recoverability,HIGH,Merged,DEF-02,#10,P4-D15,FALSE,FALSE,Primary target from Pass #4 cluster-level consolidation view. Consolidation parent carried from the first explicit Finding reference in the frozen classification rationale/related set; related references are not exhaustive.
#713,Spatial Ground Must Expose All Canonically Relevant Constants,DUPLICATE / NEAR-DUPLICATE,MERGE INTO STRONGER FINDING OR CLUSTER,No Hidden State / Self-Containment,HIGH,Merged,CORE-05b,#27,P4-D15,FALSE,FALSE,Primary target from Pass #4 cluster-level consolidation view. Consolidation parent carried from the first explicit Finding reference in the frozen classification rationale/related set; related references are not exhaustive.
#714,Configurable Values Must Not Quietly Become Canonical,DUPLICATE / NEAR-DUPLICATE,MERGE INTO STRONGER FINDING OR CLUSTER,No Hidden State / Self-Containment,HIGH,Merged,CORE-05b,#27,P4-D15,FALSE,FALSE,Primary target from Pass #4 cluster-level consolidation view. Consolidation parent carried from the first explicit Finding reference in the frozen classification rationale/related set; related references are not exhaustive.
#715,Environment Variables Must Not Move The World,DUPLICATE / NEAR-DUPLICATE,MERGE INTO STRONGER FINDING OR CLUSTER,No Hidden State / Self-Containment,HIGH,Merged,CORE-05b,#27,P4-D15,FALSE,FALSE,Primary target from Pass #4 cluster-level consolidation view. Consolidation parent carried from the first explicit Finding reference in the frozen classification rationale/related set; related references are not exhaustive.
#716,Feature Flags Must Remain Above Canonical Truth,DUPLICATE / NEAR-DUPLICATE,MERGE INTO STRONGER FINDING OR CLUSTER,No Hidden State / Self-Containment,HIGH,Merged,CORE-05b,#27,P4-D15,FALSE,FALSE,Primary target from Pass #4 cluster-level consolidation view. Consolidation parent carried from the first explicit Finding reference in the frozen classification rationale/related set; related references are not exhaustive.
#717,Spatial Ground Must Distinguish Canonical Parameters From Implementation Parameters,SPECIFICATION CANDIDATE,MOVE TO SPECIFICATION,No Hidden State / Self-Containment,HIGH,Specification,CORE-05b,,P4-D15,FALSE,TRUE,Primary target from Pass #4 cluster-level consolidation view.
#718,Canonical Parameters Must Be Immutable in Meaning,DERIVED CONSEQUENCE,MERGE INTO STRONGER FINDING OR CLUSTER,Change Control and Permanence,HIGH,Merged,CORE-06,#4,P4-D15,FALSE,FALSE,Primary target from Pass #4 cluster-level consolidation view. Consolidation parent carried from the first explicit Finding reference in the frozen classification rationale/related set; related references are not exhaustive.
#719,Spatial Ground Must Prevent Per-User Canon,DUPLICATE / NEAR-DUPLICATE,MERGE INTO STRONGER FINDING OR CLUSTER,Higher-Layer Independence,HIGH,Merged,CORE-05a,#4,P4-D15,FALSE,FALSE,Primary target from Pass #4 cluster-level consolidation view. Consolidation parent carried from the first explicit Finding reference in the frozen classification rationale/related set; related references are not exhaustive.
#720,Spatial Ground Must Prevent Per-Session Canon,DUPLICATE / NEAR-DUPLICATE,MERGE INTO STRONGER FINDING OR CLUSTER,No Hidden State / Self-Containment,HIGH,Merged,CORE-05b,#27,P4-D15,FALSE,FALSE,Primary target from Pass #4 cluster-level consolidation view. Consolidation parent carried from the first explicit Finding reference in the frozen classification rationale/related set; related references are not exhaustive.
#721,Spatial Ground Must Prevent Regional Canon,DUPLICATE / NEAR-DUPLICATE,MERGE INTO STRONGER FINDING OR CLUSTER,Single Canonical Truth,HIGH,Merged,CORE-04,#8,P4-D15,FALSE,FALSE,Primary target from Pass #4 cluster-level consolidation view. Consolidation parent carried from the first explicit Finding reference in the frozen classification rationale/related set; related references are not exhaustive.
#722,Spatial Ground Must Prevent Forked Runtime Canon,DERIVED CONSEQUENCE,MERGE INTO STRONGER FINDING OR CLUSTER,Single Canonical Truth,HIGH,Merged,CORE-04,#8,P4-D15,FALSE,FALSE,Primary target from Pass #4 cluster-level consolidation view. Consolidation parent carried from the first explicit Finding reference in the frozen classification rationale/related set; related references are not exhaustive.
#723,Spatial Ground Must Preserve Canonical Identity Across Mirrors,DUPLICATE / NEAR-DUPLICATE,MERGE INTO STRONGER FINDING OR CLUSTER,Single Canonical Truth,HIGH,Merged,CORE-04,#8,P4-D15,FALSE,FALSE,Primary target from Pass #4 cluster-level consolidation view. Consolidation parent carried from the first explicit Finding reference in the frozen classification rationale/related set; related references are not exhaustive.
#724,Spatial Ground Must Preserve Canonical Identity Across Archives,DUPLICATE / NEAR-DUPLICATE,MERGE INTO STRONGER FINDING OR CLUSTER,Historical Traceability,HIGH,Merged,Governance Register,#726,P4-D15,FALSE,FALSE,Primary target from Pass #4 cluster-level consolidation view. Consolidation parent carried from the first explicit Finding reference in the frozen classification rationale/related set; related references are not exhaustive.
#725,Spatial Ground Must Preserve Canonical Identity Across Documentation Generations,DUPLICATE / NEAR-DUPLICATE,MERGE INTO STRONGER FINDING OR CLUSTER,Representation Independence,HIGH,Merged,CORE-07,#29,P4-D15,FALSE,FALSE,Primary target from Pass #4 cluster-level consolidation view. Consolidation parent carried from the first explicit Finding reference in the frozen classification rationale/related set; related references are not exhaustive.
#726,Spatial Ground Must Distinguish Current Authority From Historical Authority,INSTITUTIONAL / GOVERNANCE CANDIDATE,MOVE TO GOVERNANCE / INSTITUTIONAL FRAMEWORK,Historical Traceability,HIGH,Governance,Governance Register,,P4-D15,FALSE,FALSE,Primary target from Pass #4 cluster-level consolidation view.
#727,Historical Ground Records Must Remain Intelligible,DUPLICATE / NEAR-DUPLICATE,MERGE INTO STRONGER FINDING OR CLUSTER,Historical Traceability,HIGH,Merged,Governance Register,#391,P4-D15,FALSE,FALSE,Primary target from Pass #4 cluster-level consolidation view. Consolidation parent carried from the first explicit Finding reference in the frozen classification rationale/related set; related references are not exhaustive.
#728,Historical Preservation Must Not Reopen Canonical Ambiguity,DUPLICATE / NEAR-DUPLICATE,MERGE INTO STRONGER FINDING OR CLUSTER,Historical Traceability,HIGH,Merged,Governance Register,#8,P4-D15,FALSE,FALSE,Primary target from Pass #4 cluster-level consolidation view. Consolidation parent carried from the first explicit Finding reference in the frozen classification rationale/related set; related references are not exhaustive.
#729,Spatial Ground Must Support Explicit Status Metadata,INSTITUTIONAL / GOVERNANCE CANDIDATE,MOVE TO GOVERNANCE / INSTITUTIONAL FRAMEWORK,Institutional Authority and Adoption,HIGH,Governance,IF-01,,P4-D15,FALSE,TRUE,Primary target from Pass #4 cluster-level consolidation view.
#730,Status Metadata Must Not Be the Sole Carrier of Meaning,PRESERVATION / RECONSTRUCTION CANDIDATE,MOVE TO PRESERVATION / RECONSTRUCTION,Preservation and Archival Survival,HIGH,Preservation,Preservation Register,,P4-D15,FALSE,FALSE,Primary target from Pass #4 cluster-level consolidation view.
#731,Spatial Ground Must Preserve Canonical Scope,SPECIFICATION CANDIDATE,MOVE TO SPECIFICATION,Layer Boundaries,HIGH,Specification,BOUND-01,,P4-D15,FALSE,TRUE,Primary target from Pass #4 cluster-level consolidation view.
#732,Scope Must Exclude Higher Spatial Semantics,DUPLICATE / NEAR-DUPLICATE,MERGE INTO STRONGER FINDING OR CLUSTER,Layer Boundaries,HIGH,Merged,BOUND-01,#20,P4-D15,FALSE,TRUE,Primary target from Pass #4 cluster-level consolidation view. Consolidation parent carried from the first explicit Finding reference in the frozen classification rationale/related set; related references are not exhaustive.
#733,Scope Must Exclude Lower Survey Redefinition,DUPLICATE / NEAR-DUPLICATE,MERGE INTO STRONGER FINDING OR CLUSTER,Survey Dependency / Downward Contract,HIGH,Merged,DOWN-01,#12,P4-D15,FALSE,TRUE,Primary target from Pass #4 cluster-level consolidation view. Consolidation parent carried from the first explicit Finding reference in the frozen classification rationale/related set; related references are not exhaustive.
#734,Spatial Ground Must Preserve a Clean Dependency Contract,DERIVED CONSEQUENCE,MERGE INTO STRONGER FINDING OR CLUSTER,Layer Boundaries,HIGH,Merged,BOUND-01,#12,P4-D15,TRUE,FALSE,Primary target from Pass #4 cluster-level consolidation view. Consolidation parent carried from the first explicit Finding reference in the frozen classification rationale/related set; related references are not exhaustive.
#735,Spatial Ground Must Avoid Hidden Upward Preconditions,DUPLICATE / NEAR-DUPLICATE,MERGE INTO STRONGER FINDING OR CLUSTER,Higher-Layer Independence,HIGH,Merged,CORE-05a,#4,P4-D15,FALSE,FALSE,Primary target from Pass #4 cluster-level consolidation view. Consolidation parent carried from the first explicit Finding reference in the frozen classification rationale/related set; related references are not exhaustive.
#736,Spatial Ground Must Avoid Hidden Downward Redefinition,DUPLICATE / NEAR-DUPLICATE,MERGE INTO STRONGER FINDING OR CLUSTER,Survey Dependency / Downward Contract,HIGH,Merged,DOWN-01,#12,P4-D15,FALSE,FALSE,Primary target from Pass #4 cluster-level consolidation view. Consolidation parent carried from the first explicit Finding reference in the frozen classification rationale/related set; related references are not exhaustive.
#737,Spatial Ground Must Define the Minimum Upward Guarantee,UPWARD HANDOFF / HIGHER-LAYER CONTRACT,MERGE INTO STRONGER FINDING OR CLUSTER,Upward Handoff,HIGH,Merged,UP-01,#174,P4-D15,TRUE,FALSE,Primary target from Pass #4 cluster-level consolidation view. Consolidation parent carried from the first explicit Finding reference in the frozen classification rationale/related set; related references are not exhaustive.
#738,Spatial Ground Must Define What It Does Not Guarantee Upward,DUPLICATE / NEAR-DUPLICATE,MERGE INTO STRONGER FINDING OR CLUSTER,Upward Handoff,HIGH,Merged,UP-01,#20,P4-D15,FALSE,FALSE,Primary target from Pass #4 cluster-level consolidation view. Consolidation parent carried from the first explicit Finding reference in the frozen classification rationale/related set; related references are not exhaustive.
#739,Spatial Ground Must Support General Spatial Interpretation Without Constraining Its Creativity,DUPLICATE / NEAR-DUPLICATE,MERGE INTO STRONGER FINDING OR CLUSTER,Upward Handoff,HIGH,Merged,UP-01,#20,P4-D15,FALSE,FALSE,Primary target from Pass #4 cluster-level consolidation view. Consolidation parent carried from the first explicit Finding reference in the frozen classification rationale/related set; related references are not exhaustive.
#740,Spatial Ground Must Support Parcel Cadastre Without Pre-Designing It,DUPLICATE / NEAR-DUPLICATE,MERGE INTO STRONGER FINDING OR CLUSTER,Parcel Independence,HIGH,Merged,CORE-05a,#6,P4-D15,FALSE,FALSE,Primary target from Pass #4 cluster-level consolidation view. Consolidation parent carried from the first explicit Finding reference in the frozen classification rationale/related set; related references are not exhaustive.
#741,Spatial Ground Must Preserve the Possibility of Unparcelized World-Space,DUPLICATE / NEAR-DUPLICATE,MERGE INTO STRONGER FINDING OR CLUSTER,Parcel Independence,HIGH,Merged,CORE-05a,#6,P4-D15,FALSE,FALSE,Primary target from Pass #4 cluster-level consolidation view. Consolidation parent carried from the first explicit Finding reference in the frozen classification rationale/related set; related references are not exhaustive.
#742,Spatial Ground Must Preserve the Possibility of Non-Visible World-Space,DUPLICATE / NEAR-DUPLICATE,MERGE INTO STRONGER FINDING OR CLUSTER,Higher-Layer Independence,HIGH,Merged,CORE-05a,#4,P4-D15,FALSE,FALSE,Primary target from Pass #4 cluster-level consolidation view. Consolidation parent carried from the first explicit Finding reference in the frozen classification rationale/related set; related references are not exhaustive.
#743,Spatial Ground Must Preserve the Possibility of Non-Interactive World-Space,DUPLICATE / NEAR-DUPLICATE,MERGE INTO STRONGER FINDING OR CLUSTER,Higher-Layer Independence,HIGH,Merged,CORE-05a,#4,P4-D15,FALSE,FALSE,Primary target from Pass #4 cluster-level consolidation view. Consolidation parent carried from the first explicit Finding reference in the frozen classification rationale/related set; related references are not exhaustive.
#744,Spatial Ground Must Preserve the Possibility of Future Higher Meaning,DUPLICATE / NEAR-DUPLICATE,MERGE INTO STRONGER FINDING OR CLUSTER,Interpretation Independence,HIGH,Merged,CORE-05a,#4,P4-D15,FALSE,FALSE,Primary target from Pass #4 cluster-level consolidation view. Consolidation parent carried from the first explicit Finding reference in the frozen classification rationale/related set; related references are not exhaustive.
#745,Spatial Ground Must Not Treat Lack of Interpretation as Incompleteness,DUPLICATE / NEAR-DUPLICATE,MERGE INTO STRONGER FINDING OR CLUSTER,Interpretation Independence,HIGH,Merged,CORE-05a,#4,P4-D15,FALSE,FALSE,Primary target from Pass #4 cluster-level consolidation view. Consolidation parent carried from the first explicit Finding reference in the frozen classification rationale/related set; related references are not exhaustive.
#746,Spatial Ground Must Not Treat Lack of Parcels as Incompleteness,DUPLICATE / NEAR-DUPLICATE,MERGE INTO STRONGER FINDING OR CLUSTER,Parcel Independence,HIGH,Merged,CORE-05a,#6,P4-D15,FALSE,FALSE,Primary target from Pass #4 cluster-level consolidation view. Consolidation parent carried from the first explicit Finding reference in the frozen classification rationale/related set; related references are not exhaustive.
#747,Spatial Ground Must Not Treat Lack of Experience as Incompleteness,DUPLICATE / NEAR-DUPLICATE,MERGE INTO STRONGER FINDING OR CLUSTER,Higher-Layer Independence,HIGH,Merged,CORE-05a,#4,P4-D15,FALSE,FALSE,Primary target from Pass #4 cluster-level consolidation view. Consolidation parent carried from the first explicit Finding reference in the frozen classification rationale/related set; related references are not exhaustive.
#748,Spatial Ground Must Not Treat Lack of Runtime as Incompleteness,DUPLICATE / NEAR-DUPLICATE,MERGE INTO STRONGER FINDING OR CLUSTER,Runtime Independence,HIGH,Merged,CORE-05a,#4,P4-D15,FALSE,FALSE,Primary target from Pass #4 cluster-level consolidation view. Consolidation parent carried from the first explicit Finding reference in the frozen classification rationale/related set; related references are not exhaustive.
#749,"Spatial Ground Completeness Must Be Architectural, Not Operational",DERIVED CONSEQUENCE,MERGE INTO STRONGER FINDING OR CLUSTER,Minimality and Semantic Restraint,HIGH,Merged,BOUND-01,#30,P4-D15,FALSE,FALSE,Primary target from Pass #4 cluster-level consolidation view. Consolidation parent carried from the first explicit Finding reference in the frozen classification rationale/related set; related references are not exhaustive.
#750,Spatial Ground Must Preserve the Foundational Sequence,DUPLICATE / NEAR-DUPLICATE,MERGE INTO STRONGER FINDING OR CLUSTER,Layer Boundaries,HIGH,Merged,BOUND-01,#465,P4-D15,FALSE,FALSE,Primary target from Pass #4 cluster-level consolidation view. Consolidation parent carried from the first explicit Finding reference in the frozen classification rationale/related set; related references are not exhaustive.
#751,Spatial Ground Must Preserve World-Space Without Requiring Immediate Interpretation,DUPLICATE / NEAR-DUPLICATE,MERGE INTO STRONGER FINDING OR CLUSTER,Interpretation Independence,HIGH,Merged,CORE-05a,#4,P4-D15,FALSE,FALSE,Primary target from Pass #4 cluster-level consolidation view. Consolidation parent carried from the first explicit Finding reference in the frozen classification rationale/related set; related references are not exhaustive.
#752,Spatial Ground Must Preserve World-Space Without Requiring Immediate Parcelization,DUPLICATE / NEAR-DUPLICATE,MERGE INTO STRONGER FINDING OR CLUSTER,Parcel Independence,HIGH,Merged,CORE-05a,#6,P4-D15,FALSE,FALSE,Primary target from Pass #4 cluster-level consolidation view. Consolidation parent carried from the first explicit Finding reference in the frozen classification rationale/related set; related references are not exhaustive.
#753,Spatial Ground Must Preserve World-Space Without Requiring Immediate Governance,DUPLICATE / NEAR-DUPLICATE,MERGE INTO STRONGER FINDING OR CLUSTER,Rights / Governance Independence,HIGH,Merged,CORE-05a,#4,P4-D15,FALSE,FALSE,Primary target from Pass #4 cluster-level consolidation view. Consolidation parent carried from the first explicit Finding reference in the frozen classification rationale/related set; related references are not exhaustive.
#754,Spatial Ground Must Preserve World-Space Without Requiring Immediate Rights,DUPLICATE / NEAR-DUPLICATE,MERGE INTO STRONGER FINDING OR CLUSTER,Rights / Governance Independence,HIGH,Merged,CORE-05a,#4,P4-D15,FALSE,FALSE,Primary target from Pass #4 cluster-level consolidation view. Consolidation parent carried from the first explicit Finding reference in the frozen classification rationale/related set; related references are not exhaustive.
#755,Spatial Ground Must Preserve World-Space Without Requiring Immediate Persistence Services,DUPLICATE / NEAR-DUPLICATE,MERGE INTO STRONGER FINDING OR CLUSTER,Change Control and Permanence,HIGH,Merged,CORE-06,#4,P4-D15,FALSE,FALSE,Primary target from Pass #4 cluster-level consolidation view. Consolidation parent carried from the first explicit Finding reference in the frozen classification rationale/related set; related references are not exhaustive.
#756,Spatial Ground Must Preserve World-Space Without Requiring Immediate Interoperability,DERIVED CONSEQUENCE,MERGE INTO STRONGER FINDING OR CLUSTER,Higher-Layer Independence,HIGH,Merged,CORE-05a,#4,P4-D15,FALSE,FALSE,Primary target from Pass #4 cluster-level consolidation view. Consolidation parent carried from the first explicit Finding reference in the frozen classification rationale/related set; related references are not exhaustive.
#757,Spatial Ground Must Preserve World-Space Without Requiring Immediate Experience,DUPLICATE / NEAR-DUPLICATE,MERGE INTO STRONGER FINDING OR CLUSTER,Higher-Layer Independence,HIGH,Merged,CORE-05a,#4,P4-D15,FALSE,FALSE,Primary target from Pass #4 cluster-level consolidation view. Consolidation parent carried from the first explicit Finding reference in the frozen classification rationale/related set; related references are not exhaustive.
#758,Spatial Ground Must Preserve World-Space Without Requiring Immediate Naming,DUPLICATE / NEAR-DUPLICATE,MERGE INTO STRONGER FINDING OR CLUSTER,Interpretation Independence,HIGH,Merged,CORE-05a,#4,P4-D15,FALSE,FALSE,Primary target from Pass #4 cluster-level consolidation view. Consolidation parent carried from the first explicit Finding reference in the frozen classification rationale/related set; related references are not exhaustive.
#759,Spatial Ground Must Preserve World-Space Without Requiring Immediate Categorization,DUPLICATE / NEAR-DUPLICATE,MERGE INTO STRONGER FINDING OR CLUSTER,Interpretation Independence,HIGH,Merged,CORE-05a,#4,P4-D15,FALSE,FALSE,Primary target from Pass #4 cluster-level consolidation view. Consolidation parent carried from the first explicit Finding reference in the frozen classification rationale/related set; related references are not exhaustive.
#760,Spatial Ground Must Preserve World-Space Without Requiring Immediate Use,DUPLICATE / NEAR-DUPLICATE,MERGE INTO STRONGER FINDING OR CLUSTER,Higher-Layer Independence,HIGH,Merged,CORE-05a,#4,P4-D15,FALSE,FALSE,Primary target from Pass #4 cluster-level consolidation view. Consolidation parent carried from the first explicit Finding reference in the frozen classification rationale/related set; related references are not exhaustive.
#761,Spatial Ground Must Distinguish Canonical Presence From Semantic Presence,DUPLICATE / NEAR-DUPLICATE,MERGE INTO STRONGER FINDING OR CLUSTER,Minimality and Semantic Restraint,HIGH,Merged,BOUND-01,#20,P4-D15,FALSE,FALSE,Primary target from Pass #4 cluster-level consolidation view. Consolidation parent carried from the first explicit Finding reference in the frozen classification rationale/related set; related references are not exhaustive.
#762,Spatial Ground Must Distinguish Semantic Absence From Spatial Absence,DUPLICATE / NEAR-DUPLICATE,MERGE INTO STRONGER FINDING OR CLUSTER,Higher-Layer Independence,HIGH,Merged,CORE-05a,#4,P4-D15,FALSE,FALSE,Primary target from Pass #4 cluster-level consolidation view. Consolidation parent carried from the first explicit Finding reference in the frozen classification rationale/related set; related references are not exhaustive.
#763,Spatial Ground Must Distinguish Spatial Presence From Entity Presence,DUPLICATE / NEAR-DUPLICATE,MERGE INTO STRONGER FINDING OR CLUSTER,Higher-Layer Independence,HIGH,Merged,CORE-05a,#4,P4-D15,FALSE,FALSE,Primary target from Pass #4 cluster-level consolidation view. Consolidation parent carried from the first explicit Finding reference in the frozen classification rationale/related set; related references are not exhaustive.
#764,Spatial Ground Must Distinguish Spatial Presence From Content Presence,DUPLICATE / NEAR-DUPLICATE,MERGE INTO STRONGER FINDING OR CLUSTER,Higher-Layer Independence,HIGH,Merged,CORE-05a,#4,P4-D15,FALSE,FALSE,Primary target from Pass #4 cluster-level consolidation view. Consolidation parent carried from the first explicit Finding reference in the frozen classification rationale/related set; related references are not exhaustive.
#765,Spatial Ground Must Distinguish Spatial Presence From Record Presence,DUPLICATE / NEAR-DUPLICATE,MERGE INTO STRONGER FINDING OR CLUSTER,Higher-Layer Independence,HIGH,Merged,CORE-05a,#4,P4-D15,FALSE,FALSE,Primary target from Pass #4 cluster-level consolidation view. Consolidation parent carried from the first explicit Finding reference in the frozen classification rationale/related set; related references are not exhaustive.
#766,Spatial Ground Must Not Require Per-Location Records,DUPLICATE / NEAR-DUPLICATE,MERGE INTO STRONGER FINDING OR CLUSTER,Representation Independence,HIGH,Merged,CORE-07,#18,P4-D15,FALSE,FALSE,Primary target from Pass #4 cluster-level consolidation view. Consolidation parent carried from the first explicit Finding reference in the frozen classification rationale/related set; related references are not exhaustive.
#767,Spatial Ground Must Prefer Rule-Based Truth Over Exhaustive Enumeration Where Equivalent,DUPLICATE / NEAR-DUPLICATE,MERGE INTO STRONGER FINDING OR CLUSTER,Representation Independence,HIGH,Merged,CORE-07,#18,P4-D15,FALSE,FALSE,Primary target from Pass #4 cluster-level consolidation view. Consolidation parent carried from the first explicit Finding reference in the frozen classification rationale/related set; related references are not exhaustive.
#768,Enumeration Must Not Become the Only Recoverable Form,DERIVED CONSEQUENCE,MERGE INTO STRONGER FINDING OR CLUSTER,Reconstruction and Recoverability,HIGH,Merged,DEF-02,#19,P4-D15,FALSE,FALSE,Primary target from Pass #4 cluster-level consolidation view. Consolidation parent carried from the first explicit Finding reference in the frozen classification rationale/related set; related references are not exhaustive.
#769,Materialized Ground Must Remain Auditable Against Canon,DUPLICATE / NEAR-DUPLICATE,MERGE INTO STRONGER FINDING OR CLUSTER,Operational Non-Authority,HIGH,Merged,CORE-05c,#19,P4-D15,FALSE,FALSE,Primary target from Pass #4 cluster-level consolidation view. Consolidation parent carried from the first explicit Finding reference in the frozen classification rationale/related set; related references are not exhaustive.
#770,Spatial Ground Must Avoid Canonical Dependence on Enumeration Order,DUPLICATE / NEAR-DUPLICATE,MERGE INTO STRONGER FINDING OR CLUSTER,Canonical Equivalence,HIGH,Merged,DEF-05,#215,P4-D15,FALSE,FALSE,Primary target from Pass #4 cluster-level consolidation view. Consolidation parent carried from the first explicit Finding reference in the frozen classification rationale/related set; related references are not exhaustive.
#771,Spatial Ground Must Avoid Canonical Dependence on Record Count,DERIVED CONSEQUENCE,MERGE INTO STRONGER FINDING OR CLUSTER,Operational Non-Authority,MEDIUM,Merged,CORE-05c,#19,P4-D15,FALSE,FALSE,Primary target from Pass #4 cluster-level consolidation view. Consolidation parent carried from the first explicit Finding reference in the frozen classification rationale/related set; related references are not exhaustive.
#772,Spatial Ground Must Avoid Canonical Dependence on Storage Density,DUPLICATE / NEAR-DUPLICATE,MERGE INTO STRONGER FINDING OR CLUSTER,Operational Non-Authority,HIGH,Merged,CORE-05c,#19,P4-D15,FALSE,FALSE,Primary target from Pass #4 cluster-level consolidation view. Consolidation parent carried from the first explicit Finding reference in the frozen classification rationale/related set; related references are not exhaustive.
#773,Spatial Ground Must Avoid Canonical Dependence on Compression,DUPLICATE / NEAR-DUPLICATE,MERGE INTO STRONGER FINDING OR CLUSTER,Representation Independence,HIGH,Merged,CORE-07,#29,P4-D15,FALSE,FALSE,Primary target from Pass #4 cluster-level consolidation view. Consolidation parent carried from the first explicit Finding reference in the frozen classification rationale/related set; related references are not exhaustive.
#774,Lossy Compression Must Never Become Authoritative,DUPLICATE / NEAR-DUPLICATE,MERGE INTO STRONGER FINDING OR CLUSTER,Operational Non-Authority,HIGH,Merged,CORE-05c,#19,P4-D15,FALSE,FALSE,Primary target from Pass #4 cluster-level consolidation view. Consolidation parent carried from the first explicit Finding reference in the frozen classification rationale/related set; related references are not exhaustive.
#775,Spatial Ground Must Be Reconstructable From a Minimal Authoritative Set,DUPLICATE / NEAR-DUPLICATE,MERGE INTO STRONGER FINDING OR CLUSTER,Reconstruction and Recoverability,HIGH,Merged,DEF-02,#542,P4-D15,FALSE,FALSE,Primary target from Pass #4 cluster-level consolidation view. Consolidation parent carried from the first explicit Finding reference in the frozen classification rationale/related set; related references are not exhaustive.
#776,Minimality Must Be Demonstrated,DUPLICATE / NEAR-DUPLICATE,MERGE INTO STRONGER FINDING OR CLUSTER,Minimality and Semantic Restraint,HIGH,Merged,BOUND-01,#140,P4-D15,FALSE,FALSE,Primary target from Pass #4 cluster-level consolidation view. Consolidation parent carried from the first explicit Finding reference in the frozen classification rationale/related set; related references are not exhaustive.
#777,Irreducible Ground Facts Must Be Explicit,DUPLICATE / NEAR-DUPLICATE,MERGE INTO STRONGER FINDING OR CLUSTER,Minimality and Semantic Restraint,HIGH,Merged,BOUND-01,#58,P4-D15,FALSE,FALSE,Primary target from Pass #4 cluster-level consolidation view. Consolidation parent carried from the first explicit Finding reference in the frozen classification rationale/related set; related references are not exhaustive.
#778,Irreducible Facts Must Be Few,DUPLICATE / NEAR-DUPLICATE,MERGE INTO STRONGER FINDING OR CLUSTER,Minimality and Semantic Restraint,HIGH,Merged,BOUND-01,#58,P4-D15,FALSE,FALSE,Primary target from Pass #4 cluster-level consolidation view. Consolidation parent carried from the first explicit Finding reference in the frozen classification rationale/related set; related references are not exhaustive.
#779,Irreducible Facts Must Be Stable,DERIVED CONSEQUENCE,MERGE INTO STRONGER FINDING OR CLUSTER,Change Control and Permanence,MEDIUM,Merged,CORE-06,#4,P4-D15,FALSE,FALSE,Primary target from Pass #4 cluster-level consolidation view. Consolidation parent carried from the first explicit Finding reference in the frozen classification rationale/related set; related references are not exhaustive.
#780,Irreducible Facts Must Be Independently Verifiable,DUPLICATE / NEAR-DUPLICATE,MERGE INTO STRONGER FINDING OR CLUSTER,No Hidden State / Self-Containment,HIGH,Merged,CORE-05b,#27,P4-D15,FALSE,FALSE,Primary target from Pass #4 cluster-level consolidation view. Consolidation parent carried from the first explicit Finding reference in the frozen classification rationale/related set; related references are not exhaustive.
#781,Spatial Ground Must Distinguish Primitive From Derived Geometry,DUPLICATE / NEAR-DUPLICATE,MERGE INTO STRONGER FINDING OR CLUSTER,Minimality and Semantic Restraint,HIGH,Merged,BOUND-01,#58,P4-D15,FALSE,FALSE,Primary target from Pass #4 cluster-level consolidation view. Consolidation parent carried from the first explicit Finding reference in the frozen classification rationale/related set; related references are not exhaustive.
#782,Primitive Geometry Must Serve Membership,DUPLICATE / NEAR-DUPLICATE,MERGE INTO STRONGER FINDING OR CLUSTER,Layer Boundaries,HIGH,Merged,BOUND-01,#25,P4-D15,FALSE,FALSE,Primary target from Pass #4 cluster-level consolidation view. Consolidation parent carried from the first explicit Finding reference in the frozen classification rationale/related set; related references are not exhaustive.
#783,Primitive Geometry Must Not Serve Appearance Alone,DUPLICATE / NEAR-DUPLICATE,MERGE INTO STRONGER FINDING OR CLUSTER,Layer Boundaries,HIGH,Merged,BOUND-01,#25,P4-D15,FALSE,FALSE,Primary target from Pass #4 cluster-level consolidation view. Consolidation parent carried from the first explicit Finding reference in the frozen classification rationale/related set; related references are not exhaustive.
#784,Spatial Ground Must Resist Decorative Canon,DERIVED CONSEQUENCE,MERGE INTO STRONGER FINDING OR CLUSTER,Minimality and Semantic Restraint,HIGH,Merged,BOUND-01,#20,P4-D15,FALSE,FALSE,Primary target from Pass #4 cluster-level consolidation view. Consolidation parent carried from the first explicit Finding reference in the frozen classification rationale/related set; related references are not exhaustive.
#785,Recognizable World Form Does Not Require Ground-Level Morphology,DERIVED CONSEQUENCE,MERGE INTO STRONGER FINDING OR CLUSTER,Interpretation Independence,MEDIUM,Merged,CORE-05a,#20,P4-D15,FALSE,FALSE,Primary target from Pass #4 cluster-level consolidation view. Consolidation parent carried from the first explicit Finding reference in the frozen classification rationale/related set; related references are not exhaustive.
#786,Spatial Ground Must Distinguish World Identity From World Appearance,DUPLICATE / NEAR-DUPLICATE,MERGE INTO STRONGER FINDING OR CLUSTER,Higher-Layer Independence,HIGH,Merged,CORE-05a,#4,P4-D15,FALSE,FALSE,Primary target from Pass #4 cluster-level consolidation view. Consolidation parent carried from the first explicit Finding reference in the frozen classification rationale/related set; related references are not exhaustive.
#787,Appearance Continuity Is Not Ground Continuity,DUPLICATE / NEAR-DUPLICATE,MERGE INTO STRONGER FINDING OR CLUSTER,Operational Non-Authority,HIGH,Merged,CORE-05c,#19,P4-D15,FALSE,FALSE,Primary target from Pass #4 cluster-level consolidation view. Consolidation parent carried from the first explicit Finding reference in the frozen classification rationale/related set; related references are not exhaustive.
#788,Spatial Ground Must Distinguish Shape Recognition From Exact Membership,DUPLICATE / NEAR-DUPLICATE,MERGE INTO STRONGER FINDING OR CLUSTER,Operational Non-Authority,HIGH,Merged,CORE-05c,#19,P4-D15,FALSE,FALSE,Primary target from Pass #4 cluster-level consolidation view. Consolidation parent carried from the first explicit Finding reference in the frozen classification rationale/related set; related references are not exhaustive.
#789,Spatial Ground Must Preserve Exactness Beneath Stylization,DUPLICATE / NEAR-DUPLICATE,MERGE INTO STRONGER FINDING OR CLUSTER,Operational Non-Authority,HIGH,Merged,CORE-05c,#19,P4-D15,FALSE,FALSE,Primary target from Pass #4 cluster-level consolidation view. Consolidation parent carried from the first explicit Finding reference in the frozen classification rationale/related set; related references are not exhaustive.
#790,Spatial Ground Must Preserve Exactness Beneath Simplification,DUPLICATE / NEAR-DUPLICATE,MERGE INTO STRONGER FINDING OR CLUSTER,Operational Non-Authority,HIGH,Merged,CORE-05c,#19,P4-D15,FALSE,FALSE,Primary target from Pass #4 cluster-level consolidation view. Consolidation parent carried from the first explicit Finding reference in the frozen classification rationale/related set; related references are not exhaustive.
#791,Spatial Ground Must Preserve Exactness Beneath Level-of-Detail Systems,DUPLICATE / NEAR-DUPLICATE,MERGE INTO STRONGER FINDING OR CLUSTER,Operational Non-Authority,HIGH,Merged,CORE-05c,#19,P4-D15,FALSE,FALSE,Primary target from Pass #4 cluster-level consolidation view. Consolidation parent carried from the first explicit Finding reference in the frozen classification rationale/related set; related references are not exhaustive.
#792,Spatial Ground Must Be Independent of Zoom Level,DUPLICATE / NEAR-DUPLICATE,MERGE INTO STRONGER FINDING OR CLUSTER,Higher-Layer Independence,HIGH,Merged,CORE-05a,#4,P4-D15,FALSE,FALSE,Primary target from Pass #4 cluster-level consolidation view. Consolidation parent carried from the first explicit Finding reference in the frozen classification rationale/related set; related references are not exhaustive.
#793,Spatial Ground Must Be Independent of View Resolution,DUPLICATE / NEAR-DUPLICATE,MERGE INTO STRONGER FINDING OR CLUSTER,Higher-Layer Independence,HIGH,Merged,CORE-05a,#4,P4-D15,FALSE,FALSE,Primary target from Pass #4 cluster-level consolidation view. Consolidation parent carried from the first explicit Finding reference in the frozen classification rationale/related set; related references are not exhaustive.
#794,Spatial Ground Must Be Independent of Device Capability,DUPLICATE / NEAR-DUPLICATE,MERGE INTO STRONGER FINDING OR CLUSTER,Independent Implementation,HIGH,Merged,CORE-03c,#26,P4-D15,FALSE,FALSE,Primary target from Pass #4 cluster-level consolidation view. Consolidation parent carried from the first explicit Finding reference in the frozen classification rationale/related set; related references are not exhaustive.
#795,Spatial Ground Must Permit Approximate Views Without Approximate Canon,DUPLICATE / NEAR-DUPLICATE,MERGE INTO STRONGER FINDING OR CLUSTER,Operational Non-Authority,HIGH,Merged,CORE-05c,#19,P4-D15,FALSE,FALSE,Primary target from Pass #4 cluster-level consolidation view. Consolidation parent carried from the first explicit Finding reference in the frozen classification rationale/related set; related references are not exhaustive.
#796,Spatial Ground Must Support Exact Escalation,IMPLEMENTATION / OPERATIONAL CANDIDATE,MOVE TO IMPLEMENTATION / OPERATIONS,Operational Non-Authority,MEDIUM,Implementation,CORE-05c,,P4-D15,FALSE,FALSE,Primary target from Pass #4 cluster-level consolidation view.
#797,Exact Resolution Must Be Authoritative Over Approximate Views,DUPLICATE / NEAR-DUPLICATE,MERGE INTO STRONGER FINDING OR CLUSTER,Single Canonical Truth,HIGH,Merged,CORE-04,#541,P4-D15,FALSE,FALSE,Primary target from Pass #4 cluster-level consolidation view. Consolidation parent carried from the first explicit Finding reference in the frozen classification rationale/related set; related references are not exhaustive.
#798,Spatial Ground Must Not Allow Approximation to Become Sticky,DUPLICATE / NEAR-DUPLICATE,MERGE INTO STRONGER FINDING OR CLUSTER,Operational Non-Authority,HIGH,Merged,CORE-05c,#19,P4-D15,FALSE,FALSE,Primary target from Pass #4 cluster-level consolidation view. Consolidation parent carried from the first explicit Finding reference in the frozen classification rationale/related set; related references are not exhaustive.
#799,Spatial Ground Must Preserve Boundary Correctness Under Approximation,DERIVED CONSEQUENCE,MERGE INTO STRONGER FINDING OR CLUSTER,Exact Membership and Boundary Resolution,MEDIUM,Merged,CORE-03,#15,P4-D15,FALSE,FALSE,Primary target from Pass #4 cluster-level consolidation view. Consolidation parent carried from the first explicit Finding reference in the frozen classification rationale/related set; related references are not exhaustive.
#800,Spatial Ground Must Preserve a Clear Exact/Derived Divide,DERIVED CONSEQUENCE,MERGE INTO STRONGER FINDING OR CLUSTER,Operational Non-Authority,HIGH,Merged,CORE-05c,#19,P4-D15,TRUE,FALSE,Primary target from Pass #4 cluster-level consolidation view. Consolidation parent carried from the first explicit Finding reference in the frozen classification rationale/related set; related references are not exhaustive.
#801,Spatial Ground Must Distinguish Canonical World-Space From Derived Spatial Coverage,DUPLICATE / NEAR-DUPLICATE,MERGE INTO STRONGER FINDING OR CLUSTER,Runtime Independence,HIGH,Merged,CORE-05a,#4,P4-D15,FALSE,FALSE,Primary target from Pass #4 cluster-level consolidation view. Consolidation parent carried from the first explicit Finding reference in the frozen classification rationale/related set; related references are not exhaustive.
#802,Spatial Ground Must Distinguish Coverage From Completeness,DUPLICATE / NEAR-DUPLICATE,MERGE INTO STRONGER FINDING OR CLUSTER,Minimality and Semantic Restraint,HIGH,Merged,BOUND-01,#30,P4-D15,FALSE,FALSE,Primary target from Pass #4 cluster-level consolidation view. Consolidation parent carried from the first explicit Finding reference in the frozen classification rationale/related set; related references are not exhaustive.
#803,Spatial Ground Must Support Sparse Implementations,DUPLICATE / NEAR-DUPLICATE,MERGE INTO STRONGER FINDING OR CLUSTER,Representation Independence,HIGH,Merged,CORE-07,#18,P4-D15,FALSE,FALSE,Primary target from Pass #4 cluster-level consolidation view. Consolidation parent carried from the first explicit Finding reference in the frozen classification rationale/related set; related references are not exhaustive.
#804,Sparse Implementation Must Not Create Spatial Gaps,DUPLICATE / NEAR-DUPLICATE,MERGE INTO STRONGER FINDING OR CLUSTER,Failure Semantics,HIGH,Merged,CORE-03b,#251,P4-D15,FALSE,FALSE,Primary target from Pass #4 cluster-level consolidation view. Consolidation parent carried from the first explicit Finding reference in the frozen classification rationale/related set; related references are not exhaustive.
#805,Spatial Ground Must Support Progressive Loading Without Progressive Existence,DUPLICATE / NEAR-DUPLICATE,MERGE INTO STRONGER FINDING OR CLUSTER,Runtime Independence,HIGH,Merged,CORE-05a,#4,P4-D15,FALSE,FALSE,Primary target from Pass #4 cluster-level consolidation view. Consolidation parent carried from the first explicit Finding reference in the frozen classification rationale/related set; related references are not exhaustive.
#806,Spatial Ground Must Support Partial Replication Without Partial Canon,DERIVED CONSEQUENCE,MERGE INTO STRONGER FINDING OR CLUSTER,Single Canonical Truth,HIGH,Merged,CORE-04,#8,P4-D15,FALSE,FALSE,Primary target from Pass #4 cluster-level consolidation view. Consolidation parent carried from the first explicit Finding reference in the frozen classification rationale/related set; related references are not exhaustive.
#807,Partial Replicas Must Declare Their Scope,DUPLICATE / NEAR-DUPLICATE,MERGE INTO STRONGER FINDING OR CLUSTER,Conformance and Validation,HIGH,Merged,DEF-04,#120,P4-D15,FALSE,FALSE,Primary target from Pass #4 cluster-level consolidation view. Consolidation parent carried from the first explicit Finding reference in the frozen classification rationale/related set; related references are not exhaustive.
#808,Partial Scope Must Not Alter Membership,DUPLICATE / NEAR-DUPLICATE,MERGE INTO STRONGER FINDING OR CLUSTER,Failure Semantics,MEDIUM,Merged,CORE-03b,#251,P4-D15,FALSE,FALSE,Primary target from Pass #4 cluster-level consolidation view. Consolidation parent carried from the first explicit Finding reference in the frozen classification rationale/related set; related references are not exhaustive.
#809,Spatial Ground Must Distinguish Availability From Authority at Query Time,DUPLICATE / NEAR-DUPLICATE,MERGE INTO STRONGER FINDING OR CLUSTER,Operational Non-Authority,HIGH,Merged,CORE-05c,#19,P4-D15,FALSE,FALSE,Primary target from Pass #4 cluster-level consolidation view. Consolidation parent carried from the first explicit Finding reference in the frozen classification rationale/related set; related references are not exhaustive.
#810,Canonical Queries Must Preserve Result Semantics,IMPLEMENTATION / OPERATIONAL CANDIDATE,MOVE TO IMPLEMENTATION / OPERATIONS,Failure Semantics,HIGH,Implementation,CORE-03b,,P4-D15,FALSE,TRUE,Primary target from Pass #4 cluster-level consolidation view.
#811,Spatial Ground Must Permit Multiple Query Mechanisms,DUPLICATE / NEAR-DUPLICATE,MERGE INTO STRONGER FINDING OR CLUSTER,Representation Independence,HIGH,Merged,CORE-07,#29,P4-D15,FALSE,FALSE,Primary target from Pass #4 cluster-level consolidation view. Consolidation parent carried from the first explicit Finding reference in the frozen classification rationale/related set; related references are not exhaustive.
#812,Query API Design Must Not Become Ground Architecture,DUPLICATE / NEAR-DUPLICATE,MERGE INTO STRONGER FINDING OR CLUSTER,Technology and Infrastructure Independence,HIGH,Merged,CORE-05b,#81,P4-D15,FALSE,FALSE,Primary target from Pass #4 cluster-level consolidation view. Consolidation parent carried from the first explicit Finding reference in the frozen classification rationale/related set; related references are not exhaustive.
#813,Spatial Ground Must Preserve Semantic Independence From API Version,DUPLICATE / NEAR-DUPLICATE,MERGE INTO STRONGER FINDING OR CLUSTER,Representation Independence,HIGH,Merged,CORE-07,#29,P4-D15,FALSE,FALSE,Primary target from Pass #4 cluster-level consolidation view. Consolidation parent carried from the first explicit Finding reference in the frozen classification rationale/related set; related references are not exhaustive.
#814,Spatial Ground Must Support Batch and Point Resolution Equally,DUPLICATE / NEAR-DUPLICATE,MERGE INTO STRONGER FINDING OR CLUSTER,Finite Expressibility and Determinism,HIGH,Merged,DEF-03,#26,P4-D15,FALSE,FALSE,Primary target from Pass #4 cluster-level consolidation view. Consolidation parent carried from the first explicit Finding reference in the frozen classification rationale/related set; related references are not exhaustive.
#815,Spatial Ground Must Support Deterministic Set Resolution,DUPLICATE / NEAR-DUPLICATE,MERGE INTO STRONGER FINDING OR CLUSTER,Finite Expressibility and Determinism,HIGH,Merged,DEF-03,#814,P4-D15,FALSE,FALSE,Primary target from Pass #4 cluster-level consolidation view. Consolidation parent carried from the first explicit Finding reference in the frozen classification rationale/related set; related references are not exhaustive.
#816,Spatial Ground Must Preserve Membership Under Partitioned Computation,DUPLICATE / NEAR-DUPLICATE,MERGE INTO STRONGER FINDING OR CLUSTER,Operational Non-Authority,HIGH,Merged,CORE-05c,#19,P4-D15,FALSE,FALSE,Primary target from Pass #4 cluster-level consolidation view. Consolidation parent carried from the first explicit Finding reference in the frozen classification rationale/related set; related references are not exhaustive.
#817,Partition Boundaries Must Be Semantically Invisible,DERIVED CONSEQUENCE,MERGE INTO STRONGER FINDING OR CLUSTER,Operational Non-Authority,HIGH,Merged,CORE-05c,#15,P4-D15,FALSE,FALSE,Primary target from Pass #4 cluster-level consolidation view. Consolidation parent carried from the first explicit Finding reference in the frozen classification rationale/related set; related references are not exhaustive.
#818,Spatial Ground Must Support Parallel Reconstruction,DUPLICATE / NEAR-DUPLICATE,MERGE INTO STRONGER FINDING OR CLUSTER,Independent Implementation,HIGH,Merged,CORE-03c,#26,P4-D15,FALSE,FALSE,Primary target from Pass #4 cluster-level consolidation view. Consolidation parent carried from the first explicit Finding reference in the frozen classification rationale/related set; related references are not exhaustive.
#819,Spatial Ground Must Support Incremental Verification,CONFORMANCE / VALIDATION CANDIDATE,MOVE TO CONFORMANCE / VALIDATION,Conformance and Validation,HIGH,Conformance,DEF-04,,P4-D15,FALSE,FALSE,Primary target from Pass #4 cluster-level consolidation view.
#820,Partial Verification Must Not Imply Whole Verification,DUPLICATE / NEAR-DUPLICATE,MERGE INTO STRONGER FINDING OR CLUSTER,Conformance and Validation,HIGH,Merged,DEF-04,#120,P4-D15,FALSE,FALSE,Primary target from Pass #4 cluster-level consolidation view. Consolidation parent carried from the first explicit Finding reference in the frozen classification rationale/related set; related references are not exhaustive.
#821,Spatial Ground Must Support Whole-World Consistency Checks,CONFORMANCE / VALIDATION CANDIDATE,MOVE TO CONFORMANCE / VALIDATION,Connectedness and Topology,HIGH,Conformance,CONST-04,,P4-D15,FALSE,TRUE,Primary target from Pass #4 cluster-level consolidation view.
#822,Local Correctness Must Compose Into Global Correctness,DUPLICATE / NEAR-DUPLICATE,MERGE INTO STRONGER FINDING OR CLUSTER,Single Canonical Truth,HIGH,Merged,CORE-04,#8,P4-D15,FALSE,FALSE,Primary target from Pass #4 cluster-level consolidation view. Consolidation parent carried from the first explicit Finding reference in the frozen classification rationale/related set; related references are not exhaustive.
#823,Global Coherence Must Be Explicitly Testable,DUPLICATE / NEAR-DUPLICATE,MERGE INTO STRONGER FINDING OR CLUSTER,Connectedness and Topology,MEDIUM,Merged,CONST-04,#821,P4-D15,FALSE,FALSE,Primary target from Pass #4 cluster-level consolidation view. Consolidation parent carried from the first explicit Finding reference in the frozen classification rationale/related set; related references are not exhaustive.
#824,Spatial Ground Must Preserve Singular World Coherence,DUPLICATE / NEAR-DUPLICATE,MERGE INTO STRONGER FINDING OR CLUSTER,One World / Singular World-Space,HIGH,Merged,CONST-02,#21,P4-D15,FALSE,FALSE,Primary target from Pass #4 cluster-level consolidation view. Consolidation parent carried from the first explicit Finding reference in the frozen classification rationale/related set; related references are not exhaustive.
#825,Connectedness Must Be Verified at the Correct Level,DERIVED CONSEQUENCE,MERGE INTO STRONGER FINDING OR CLUSTER,Connectedness and Topology,HIGH,Merged,CONST-04,#22,P4-D15,FALSE,FALSE,Primary target from Pass #4 cluster-level consolidation view. Consolidation parent carried from the first explicit Finding reference in the frozen classification rationale/related set; related references are not exhaustive.
#826,Parcel Contiguity Must Not Substitute for Ground Connectedness,DERIVED CONSEQUENCE,MERGE INTO STRONGER FINDING OR CLUSTER,Connectedness and Topology,HIGH,Merged,CONST-04,#825,P4-D15,FALSE,FALSE,Primary target from Pass #4 cluster-level consolidation view. Consolidation parent carried from the first explicit Finding reference in the frozen classification rationale/related set; related references are not exhaustive.
#827,Ground Connectedness Must Not Substitute for Parcel Contiguity,UPWARD HANDOFF / HIGHER-LAYER CONTRACT,MERGE INTO STRONGER FINDING OR CLUSTER,Connectedness and Topology,MEDIUM,Merged,CONST-04,#738,P4-D15,FALSE,FALSE,Primary target from Pass #4 cluster-level consolidation view. Consolidation parent carried from the first explicit Finding reference in the frozen classification rationale/related set; related references are not exhaustive.
#828,Spatial Ground Must Preserve Layer-Specific Topological Truth,LAYER BOUNDARY / EXCLUSION,MERGE INTO STRONGER FINDING OR CLUSTER,Connectedness and Topology,HIGH,Merged,CONST-04,#264,P4-D15,TRUE,FALSE,Primary target from Pass #4 cluster-level consolidation view. Consolidation parent carried from the first explicit Finding reference in the frozen classification rationale/related set; related references are not exhaustive.
#829,Spatial Ground Must Not Overclaim Topology,DUPLICATE / NEAR-DUPLICATE,MERGE INTO STRONGER FINDING OR CLUSTER,Connectedness and Topology,HIGH,Merged,CONST-04,#96,P4-D15,FALSE,FALSE,Primary target from Pass #4 cluster-level consolidation view. Consolidation parent carried from the first explicit Finding reference in the frozen classification rationale/related set; related references are not exhaustive.
#830,Additional Topology Requires Independent Justification,DUPLICATE / NEAR-DUPLICATE,MERGE INTO STRONGER FINDING OR CLUSTER,Connectedness and Topology,HIGH,Merged,CONST-04,#97,P4-D15,FALSE,FALSE,Primary target from Pass #4 cluster-level consolidation view. Consolidation parent carried from the first explicit Finding reference in the frozen classification rationale/related set; related references are not exhaustive.
#831,Spatial Ground Must Distinguish Connectivity From Path Accessibility,DUPLICATE / NEAR-DUPLICATE,MERGE INTO STRONGER FINDING OR CLUSTER,Interpretation Independence,HIGH,Merged,CORE-05a,#20,P4-D15,FALSE,FALSE,Primary target from Pass #4 cluster-level consolidation view. Consolidation parent carried from the first explicit Finding reference in the frozen classification rationale/related set; related references are not exhaustive.
#832,Spatial Ground Must Distinguish Connectivity From Adjacency,TERMINOLOGY / DOCUMENTATION CANDIDATE,MOVE TO TERMINOLOGY / DOCUMENTATION,Terminology Discipline,HIGH,Terminology,Terminology Register,,P4-D15,FALSE,FALSE,Primary target from Pass #4 cluster-level consolidation view.
#833,Spatial Ground Must Distinguish Continuity From Visual Seamlessness,DUPLICATE / NEAR-DUPLICATE,MERGE INTO STRONGER FINDING OR CLUSTER,Operational Non-Authority,HIGH,Merged,CORE-05c,#19,P4-D15,FALSE,FALSE,Primary target from Pass #4 cluster-level consolidation view. Consolidation parent carried from the first explicit Finding reference in the frozen classification rationale/related set; related references are not exhaustive.
#834,Spatial Ground Must Distinguish Continuity From Runtime Streaming,DUPLICATE / NEAR-DUPLICATE,MERGE INTO STRONGER FINDING OR CLUSTER,Runtime Independence,HIGH,Merged,CORE-05a,#4,P4-D15,FALSE,FALSE,Primary target from Pass #4 cluster-level consolidation view. Consolidation parent carried from the first explicit Finding reference in the frozen classification rationale/related set; related references are not exhaustive.
#835,Spatial Ground Must Preserve Continuous Meaning Across Implementation Seams,DUPLICATE / NEAR-DUPLICATE,MERGE INTO STRONGER FINDING OR CLUSTER,Operational Non-Authority,HIGH,Merged,CORE-05c,#817,P4-D15,FALSE,FALSE,Primary target from Pass #4 cluster-level consolidation view. Consolidation parent carried from the first explicit Finding reference in the frozen classification rationale/related set; related references are not exhaustive.
#836,Spatial Ground Must Forbid Artificial World Seams,DUPLICATE / NEAR-DUPLICATE,MERGE INTO STRONGER FINDING OR CLUSTER,Operational Non-Authority,HIGH,Merged,CORE-05c,#817,P4-D15,FALSE,FALSE,Primary target from Pass #4 cluster-level consolidation view. Consolidation parent carried from the first explicit Finding reference in the frozen classification rationale/related set; related references are not exhaustive.
#837,Spatial Ground Must Support Seam Verification,CONFORMANCE / VALIDATION CANDIDATE,MOVE TO CONFORMANCE / VALIDATION,Testing and Adversarial Review,HIGH,Conformance,Conformance Register,,P4-D15,FALSE,TRUE,Primary target from Pass #4 cluster-level consolidation view.
#838,Seam Verification Must Include Boundary Precision,DUPLICATE / NEAR-DUPLICATE,MERGE INTO STRONGER FINDING OR CLUSTER,Testing and Adversarial Review,HIGH,Merged,Conformance Register,#837,P4-D15,FALSE,FALSE,Primary target from Pass #4 cluster-level consolidation view. Consolidation parent carried from the first explicit Finding reference in the frozen classification rationale/related set; related references are not exhaustive.
#839,Spatial Ground Must Preserve Deterministic Set Boundaries,SPECIFICATION CANDIDATE,MOVE TO SPECIFICATION,Exact Membership and Boundary Resolution,HIGH,Specification,CORE-03,,P4-D15,FALSE,FALSE,Primary target from Pass #4 cluster-level consolidation view.
#840,Set Operations Must Not Depend on Library Convention,DUPLICATE / NEAR-DUPLICATE,MERGE INTO STRONGER FINDING OR CLUSTER,No Hidden State / Self-Containment,HIGH,Merged,CORE-05b,#27,P4-D15,FALSE,FALSE,Primary target from Pass #4 cluster-level consolidation view. Consolidation parent carried from the first explicit Finding reference in the frozen classification rationale/related set; related references are not exhaustive.
#841,Spatial Ground Must Define Inclusion Precedence Where Expressions Overlap,SPECIFICATION CANDIDATE,MOVE TO SPECIFICATION,Exact Membership and Boundary Resolution,HIGH,Specification,CORE-03,,P4-D15,FALSE,FALSE,Primary target from Pass #4 cluster-level consolidation view.
#842,Spatial Ground Must Define Exclusion Precedence Where Expressions Conflict,SPECIFICATION CANDIDATE,MOVE TO SPECIFICATION,Exact Membership and Boundary Resolution,HIGH,Specification,CORE-03,,P4-D15,FALSE,FALSE,Primary target from Pass #4 cluster-level consolidation view.
#843,Record Order Must Not Resolve Spatial Conflict Unless Normatively Defined,DUPLICATE / NEAR-DUPLICATE,MERGE INTO STRONGER FINDING OR CLUSTER,Canonical Equivalence,HIGH,Merged,DEF-05,#215,P4-D15,FALSE,FALSE,Primary target from Pass #4 cluster-level consolidation view. Consolidation parent carried from the first explicit Finding reference in the frozen classification rationale/related set; related references are not exhaustive.
#844,Spatial Ground Should Prefer Conflict-Free Canonical Expression,SPECIFICATION CANDIDATE,MOVE TO SPECIFICATION,Minimality and Semantic Restraint,MEDIUM,Specification,BOUND-01,,P4-D15,FALSE,FALSE,Primary target from Pass #4 cluster-level consolidation view.
#845,Canonical Ground Should Be Declarative Where Possible,SPECIFICATION CANDIDATE,MOVE TO SPECIFICATION,Reconstruction and Recoverability,MEDIUM,Specification,DEF-02,,P4-D15,FALSE,FALSE,Primary target from Pass #4 cluster-level consolidation view.
#846,Procedural Construction Must Collapse Into Stable Truth,DERIVED CONSEQUENCE,MERGE INTO STRONGER FINDING OR CLUSTER,Reconstruction and Recoverability,HIGH,Merged,DEF-02,#44,P4-D15,FALSE,FALSE,Primary target from Pass #4 cluster-level consolidation view. Consolidation parent carried from the first explicit Finding reference in the frozen classification rationale/related set; related references are not exhaustive.
#847,Historical Construction Sequence Must Not Be Required for Ordinary Resolution,DUPLICATE / NEAR-DUPLICATE,MERGE INTO STRONGER FINDING OR CLUSTER,Reconstruction and Recoverability,HIGH,Merged,DEF-02,#44,P4-D15,FALSE,FALSE,Primary target from Pass #4 cluster-level consolidation view. Consolidation parent carried from the first explicit Finding reference in the frozen classification rationale/related set; related references are not exhaustive.
#848,Event Sourcing Must Not Be Mandatory for Ground Existence,DUPLICATE / NEAR-DUPLICATE,MERGE INTO STRONGER FINDING OR CLUSTER,Reconstruction and Recoverability,HIGH,Merged,DEF-02,#44,P4-D15,FALSE,FALSE,Primary target from Pass #4 cluster-level consolidation view. Consolidation parent carried from the first explicit Finding reference in the frozen classification rationale/related set; related references are not exhaustive.
#849,Spatial Ground Must Distinguish Provenance Replay From Spatial Reconstruction,DUPLICATE / NEAR-DUPLICATE,MERGE INTO STRONGER FINDING OR CLUSTER,Historical Traceability,HIGH,Merged,Governance Register,#44,P4-D15,FALSE,FALSE,Primary target from Pass #4 cluster-level consolidation view. Consolidation parent carried from the first explicit Finding reference in the frozen classification rationale/related set; related references are not exhaustive.
#850,Spatial Ground Must Favor Stable State Over Permanent Procedural Dependency,DUPLICATE / NEAR-DUPLICATE,MERGE INTO STRONGER FINDING OR CLUSTER,Reconstruction and Recoverability,HIGH,Merged,DEF-02,#44,P4-D15,FALSE,FALSE,Primary target from Pass #4 cluster-level consolidation view. Consolidation parent carried from the first explicit Finding reference in the frozen classification rationale/related set; related references are not exhaustive.
#851,Spatial Ground Must Distinguish Stable State From Mutable State,DUPLICATE / NEAR-DUPLICATE,MERGE INTO STRONGER FINDING OR CLUSTER,Operational Non-Authority,HIGH,Merged,CORE-05c,#19,P4-D15,FALSE,FALSE,Primary target from Pass #4 cluster-level consolidation view. Consolidation parent carried from the first explicit Finding reference in the frozen classification rationale/related set; related references are not exhaustive.
#852,Mutable Operational State Must Never Be the Sole Canonical Source,DUPLICATE / NEAR-DUPLICATE,MERGE INTO STRONGER FINDING OR CLUSTER,Operational Non-Authority,HIGH,Merged,CORE-05c,#19,P4-D15,FALSE,FALSE,Primary target from Pass #4 cluster-level consolidation view. Consolidation parent carried from the first explicit Finding reference in the frozen classification rationale/related set; related references are not exhaustive.
#853,Spatial Ground Must Resist Accidental Mutation,DERIVED CONSEQUENCE,MERGE INTO STRONGER FINDING OR CLUSTER,Change Control and Permanence,HIGH,Merged,CORE-06,#396,P4-D15,FALSE,TRUE,Primary target from Pass #4 cluster-level consolidation view. Consolidation parent carried from the first explicit Finding reference in the frozen classification rationale/related set; related references are not exhaustive.
#854,Spatial Ground Must Distinguish Editing From Redefinition,DUPLICATE / NEAR-DUPLICATE,MERGE INTO STRONGER FINDING OR CLUSTER,Change Control and Permanence,HIGH,Merged,CORE-06,#29,P4-D15,FALSE,FALSE,Primary target from Pass #4 cluster-level consolidation view. Consolidation parent carried from the first explicit Finding reference in the frozen classification rationale/related set; related references are not exhaustive.
#855,Spatial Ground Must Distinguish Maintenance From Mutation,DUPLICATE / NEAR-DUPLICATE,MERGE INTO STRONGER FINDING OR CLUSTER,Change Control and Permanence,HIGH,Merged,CORE-06,#135,P4-D15,FALSE,FALSE,Primary target from Pass #4 cluster-level consolidation view. Consolidation parent carried from the first explicit Finding reference in the frozen classification rationale/related set; related references are not exhaustive.
#856,Spatial Ground Must Make Canonical Mutation Exceptional,DUPLICATE / NEAR-DUPLICATE,MERGE INTO STRONGER FINDING OR CLUSTER,Change Control and Permanence,HIGH,Merged,CORE-06,#682,P4-D15,FALSE,FALSE,Primary target from Pass #4 cluster-level consolidation view. Consolidation parent carried from the first explicit Finding reference in the frozen classification rationale/related set; related references are not exhaustive.
#857,Routine Administration Must Not Move The World,DUPLICATE / NEAR-DUPLICATE,MERGE INTO STRONGER FINDING OR CLUSTER,Change Control and Permanence,HIGH,Merged,CORE-06,#855,P4-D15,FALSE,FALSE,Primary target from Pass #4 cluster-level consolidation view. Consolidation parent carried from the first explicit Finding reference in the frozen classification rationale/related set; related references are not exhaustive.
#858,Spatial Ground Must Survive Operational Rollback,DERIVED CONSEQUENCE,MERGE INTO STRONGER FINDING OR CLUSTER,Operational Non-Authority,HIGH,Merged,CORE-05c,#19,P4-D15,FALSE,FALSE,Primary target from Pass #4 cluster-level consolidation view. Consolidation parent carried from the first explicit Finding reference in the frozen classification rationale/related set; related references are not exhaustive.
#859,Software Version Must Not Determine World Version,DUPLICATE / NEAR-DUPLICATE,MERGE INTO STRONGER FINDING OR CLUSTER,Representation Independence,HIGH,Merged,CORE-07,#29,P4-D15,FALSE,FALSE,Primary target from Pass #4 cluster-level consolidation view. Consolidation parent carried from the first explicit Finding reference in the frozen classification rationale/related set; related references are not exhaustive.
#860,Spatial Ground Must Survive Blue-Green Deployment,DUPLICATE / NEAR-DUPLICATE,MERGE INTO STRONGER FINDING OR CLUSTER,Independent Implementation,HIGH,Merged,CORE-03c,#26,P4-D15,FALSE,FALSE,Primary target from Pass #4 cluster-level consolidation view. Consolidation parent carried from the first explicit Finding reference in the frozen classification rationale/related set; related references are not exhaustive.
#861,Spatial Ground Must Survive Distributed Upgrade,DUPLICATE / NEAR-DUPLICATE,MERGE INTO STRONGER FINDING OR CLUSTER,Independent Implementation,HIGH,Merged,CORE-03c,#26,P4-D15,FALSE,FALSE,Primary target from Pass #4 cluster-level consolidation view. Consolidation parent carried from the first explicit Finding reference in the frozen classification rationale/related set; related references are not exhaustive.
#862,Spatial Ground Must Preserve Canon During Migration Windows,IMPLEMENTATION / OPERATIONAL CANDIDATE,MOVE TO IMPLEMENTATION / OPERATIONS,Single Canonical Truth,MEDIUM,Implementation,CORE-04,,P4-D15,FALSE,FALSE,Primary target from Pass #4 cluster-level consolidation view.
#863,Spatial Ground Must Have Atomic Normative Transition Where Meaning Changes,INSTITUTIONAL / GOVERNANCE CANDIDATE,MOVE TO GOVERNANCE / INSTITUTIONAL FRAMEWORK,Change Control and Permanence,HIGH,Governance,CORE-06,,P4-D15,FALSE,FALSE,Primary target from Pass #4 cluster-level consolidation view.
#864,Compatible Migration Must Require No Spatial Transition,DUPLICATE / NEAR-DUPLICATE,MERGE INTO STRONGER FINDING OR CLUSTER,Representation Independence,HIGH,Merged,CORE-07,#29,P4-D15,FALSE,FALSE,Primary target from Pass #4 cluster-level consolidation view. Consolidation parent carried from the first explicit Finding reference in the frozen classification rationale/related set; related references are not exhaustive.
#865,Spatial Ground Must Distinguish Data Migration From Spatial Change,DUPLICATE / NEAR-DUPLICATE,MERGE INTO STRONGER FINDING OR CLUSTER,Representation Independence,HIGH,Merged,CORE-07,#29,P4-D15,FALSE,FALSE,Primary target from Pass #4 cluster-level consolidation view. Consolidation parent carried from the first explicit Finding reference in the frozen classification rationale/related set; related references are not exhaustive.
#866,Spatial Ground Must Distinguish Precision Representation From Precision Meaning,DUPLICATE / NEAR-DUPLICATE,MERGE INTO STRONGER FINDING OR CLUSTER,Precision and Refinement,MEDIUM,Merged,DEF-06,#244,P4-D15,FALSE,FALSE,Primary target from Pass #4 cluster-level consolidation view. Consolidation parent carried from the first explicit Finding reference in the frozen classification rationale/related set; related references are not exhaustive.
#867,More Data Does Not Necessarily Mean More Canon,DUPLICATE / NEAR-DUPLICATE,MERGE INTO STRONGER FINDING OR CLUSTER,Operational Non-Authority,HIGH,Merged,CORE-05c,#19,P4-D15,FALSE,FALSE,Primary target from Pass #4 cluster-level consolidation view. Consolidation parent carried from the first explicit Finding reference in the frozen classification rationale/related set; related references are not exhaustive.
#868,Less Data Does Not Necessarily Mean Less Canon,DUPLICATE / NEAR-DUPLICATE,MERGE INTO STRONGER FINDING OR CLUSTER,Representation Independence,HIGH,Merged,CORE-07,#18,P4-D15,FALSE,FALSE,Primary target from Pass #4 cluster-level consolidation view. Consolidation parent carried from the first explicit Finding reference in the frozen classification rationale/related set; related references are not exhaustive.
#869,Compression of Meaning Must Be Lossless,DUPLICATE / NEAR-DUPLICATE,MERGE INTO STRONGER FINDING OR CLUSTER,Representation Independence,HIGH,Merged,CORE-07,#29,P4-D15,FALSE,FALSE,Primary target from Pass #4 cluster-level consolidation view. Consolidation parent carried from the first explicit Finding reference in the frozen classification rationale/related set; related references are not exhaustive.
#870,Spatial Ground Must Distinguish Canonical Sufficiency From Verbosity,DUPLICATE / NEAR-DUPLICATE,MERGE INTO STRONGER FINDING OR CLUSTER,Minimality and Semantic Restraint,HIGH,Merged,BOUND-01,#867,P4-D15,FALSE,FALSE,Primary target from Pass #4 cluster-level consolidation view. Consolidation parent carried from the first explicit Finding reference in the frozen classification rationale/related set; related references are not exhaustive.
#871,Spatial Ground Must Prefer Semantic Compression,DUPLICATE / NEAR-DUPLICATE,MERGE INTO STRONGER FINDING OR CLUSTER,Minimality and Semantic Restraint,HIGH,Merged,BOUND-01,#18,P4-D15,FALSE,FALSE,Primary target from Pass #4 cluster-level consolidation view. Consolidation parent carried from the first explicit Finding reference in the frozen classification rationale/related set; related references are not exhaustive.
#872,Semantic Compression Must Remain Transparent,DUPLICATE / NEAR-DUPLICATE,MERGE INTO STRONGER FINDING OR CLUSTER,Minimality and Semantic Restraint,HIGH,Merged,BOUND-01,#873,P4-D15,FALSE,FALSE,Primary target from Pass #4 cluster-level consolidation view. Consolidation parent carried from the first explicit Finding reference in the frozen classification rationale/related set; related references are not exhaustive.
#873,Spatial Ground Must Balance Minimality and Auditability,DERIVED CONSEQUENCE,MERGE INTO STRONGER FINDING OR CLUSTER,Minimality and Semantic Restraint,HIGH,Merged,BOUND-01,#58,P4-D15,FALSE,FALSE,Primary target from Pass #4 cluster-level consolidation view. Consolidation parent carried from the first explicit Finding reference in the frozen classification rationale/related set; related references are not exhaustive.
#874,Spatial Ground Must Prefer Minimal Sufficient Complexity,DERIVED CONSEQUENCE,MERGE INTO STRONGER FINDING OR CLUSTER,Minimality and Semantic Restraint,HIGH,Merged,BOUND-01,#58,P4-D15,TRUE,FALSE,Primary target from Pass #4 cluster-level consolidation view. Consolidation parent carried from the first explicit Finding reference in the frozen classification rationale/related set; related references are not exhaustive.
#875,Spatial Ground Must Expose Its Canonical Invariants,SPECIFICATION CANDIDATE,MOVE TO SPECIFICATION,Conformance and Validation,HIGH,Specification,DEF-04,,P4-D15,TRUE,FALSE,Primary target from Pass #4 cluster-level consolidation view.
#876,Invariants Must Include World Membership Stability,DUPLICATE / NEAR-DUPLICATE,MERGE INTO STRONGER FINDING OR CLUSTER,Change Control and Permanence,HIGH,Merged,CORE-06,#4,P4-D15,FALSE,FALSE,Primary target from Pass #4 cluster-level consolidation view. Consolidation parent carried from the first explicit Finding reference in the frozen classification rationale/related set; related references are not exhaustive.
#877,Invariants Must Include Survey Correspondence,DUPLICATE / NEAR-DUPLICATE,MERGE INTO STRONGER FINDING OR CLUSTER,Canonical Placement,HIGH,Merged,CORE-02,#46,P4-D15,FALSE,FALSE,Primary target from Pass #4 cluster-level consolidation view. Consolidation parent carried from the first explicit Finding reference in the frozen classification rationale/related set; related references are not exhaustive.
#878,Invariants Must Include One-World Coherence,DUPLICATE / NEAR-DUPLICATE,MERGE INTO STRONGER FINDING OR CLUSTER,One World / Singular World-Space,HIGH,Merged,CONST-02,#21,P4-D15,FALSE,FALSE,Primary target from Pass #4 cluster-level consolidation view. Consolidation parent carried from the first explicit Finding reference in the frozen classification rationale/related set; related references are not exhaustive.
#879,Invariants Must Include Deterministic Boundary Resolution,DUPLICATE / NEAR-DUPLICATE,MERGE INTO STRONGER FINDING OR CLUSTER,Exact Membership and Boundary Resolution,HIGH,Merged,CORE-03,#15,P4-D15,FALSE,FALSE,Primary target from Pass #4 cluster-level consolidation view. Consolidation parent carried from the first explicit Finding reference in the frozen classification rationale/related set; related references are not exhaustive.
#880,Invariants Must Include Independence From Higher Layers,DUPLICATE / NEAR-DUPLICATE,MERGE INTO STRONGER FINDING OR CLUSTER,Higher-Layer Independence,HIGH,Merged,CORE-05a,#4,P4-D15,FALSE,FALSE,Primary target from Pass #4 cluster-level consolidation view. Consolidation parent carried from the first explicit Finding reference in the frozen classification rationale/related set; related references are not exhaustive.
#881,Invariants Must Include Reconstructability,DUPLICATE / NEAR-DUPLICATE,MERGE INTO STRONGER FINDING OR CLUSTER,Reconstruction and Recoverability,HIGH,Merged,DEF-02,#10,P4-D15,FALSE,FALSE,Primary target from Pass #4 cluster-level consolidation view. Consolidation parent carried from the first explicit Finding reference in the frozen classification rationale/related set; related references are not exhaustive.
#882,Invariants Must Include Representation Independence,DUPLICATE / NEAR-DUPLICATE,MERGE INTO STRONGER FINDING OR CLUSTER,Representation Independence,HIGH,Merged,CORE-07,#29,P4-D15,FALSE,FALSE,Primary target from Pass #4 cluster-level consolidation view. Consolidation parent carried from the first explicit Finding reference in the frozen classification rationale/related set; related references are not exhaustive.
#883,Invariants Must Include Architectural Minimality,DUPLICATE / NEAR-DUPLICATE,MERGE INTO STRONGER FINDING OR CLUSTER,Minimality and Semantic Restraint,HIGH,Merged,BOUND-01,#20,P4-D15,FALSE,FALSE,Primary target from Pass #4 cluster-level consolidation view. Consolidation parent carried from the first explicit Finding reference in the frozen classification rationale/related set; related references are not exhaustive.
#884,Spatial Ground Must Make Invariants Testable,DUPLICATE / NEAR-DUPLICATE,MERGE INTO STRONGER FINDING OR CLUSTER,Conformance and Validation,HIGH,Merged,DEF-04,#647,P4-D15,FALSE,FALSE,Primary target from Pass #4 cluster-level consolidation view. Consolidation parent carried from the first explicit Finding reference in the frozen classification rationale/related set; related references are not exhaustive.
#885,Spatial Ground Must Distinguish Invariants From Implementation Guarantees,DERIVED CONSEQUENCE,MERGE INTO STRONGER FINDING OR CLUSTER,Minimality and Semantic Restraint,HIGH,Merged,BOUND-01,#19,P4-D15,FALSE,FALSE,Primary target from Pass #4 cluster-level consolidation view. Consolidation parent carried from the first explicit Finding reference in the frozen classification rationale/related set; related references are not exhaustive.
#886,Spatial Ground Must Distinguish Necessary Invariants From Desirable Qualities,DUPLICATE / NEAR-DUPLICATE,MERGE INTO STRONGER FINDING OR CLUSTER,Minimality and Semantic Restraint,HIGH,Merged,BOUND-01,#58,P4-D15,FALSE,FALSE,Primary target from Pass #4 cluster-level consolidation view. Consolidation parent carried from the first explicit Finding reference in the frozen classification rationale/related set; related references are not exhaustive.
#887,Spatial Ground Must Avoid Accidental Invariants,DERIVED CONSEQUENCE,MERGE INTO STRONGER FINDING OR CLUSTER,Minimality and Semantic Restraint,HIGH,Merged,BOUND-01,#19,P4-D15,FALSE,FALSE,Primary target from Pass #4 cluster-level consolidation view. Consolidation parent carried from the first explicit Finding reference in the frozen classification rationale/related set; related references are not exhaustive.
#888,Spatial Ground Must Challenge Every Apparent Invariant,DUPLICATE / NEAR-DUPLICATE,MERGE INTO STRONGER FINDING OR CLUSTER,Minimality and Semantic Restraint,HIGH,Merged,BOUND-01,#140,P4-D15,FALSE,FALSE,Primary target from Pass #4 cluster-level consolidation view. Consolidation parent carried from the first explicit Finding reference in the frozen classification rationale/related set; related references are not exhaustive.
#889,Spatial Ground Must Preserve Only Demonstrated Permanence,DUPLICATE / NEAR-DUPLICATE,MERGE INTO STRONGER FINDING OR CLUSTER,Minimality and Semantic Restraint,HIGH,Merged,BOUND-01,#58,P4-D15,FALSE,FALSE,Primary target from Pass #4 cluster-level consolidation view. Consolidation parent carried from the first explicit Finding reference in the frozen classification rationale/related set; related references are not exhaustive.
#890,Spatial Ground Must Distinguish Permanence From Immutability of Representation,DUPLICATE / NEAR-DUPLICATE,MERGE INTO STRONGER FINDING OR CLUSTER,Representation Independence,HIGH,Merged,CORE-07,#29,P4-D15,FALSE,FALSE,Primary target from Pass #4 cluster-level consolidation view. Consolidation parent carried from the first explicit Finding reference in the frozen classification rationale/related set; related references are not exhaustive.
#891,Spatial Ground Must Distinguish Permanence From Inflexibility Above,DUPLICATE / NEAR-DUPLICATE,MERGE INTO STRONGER FINDING OR CLUSTER,Minimality and Semantic Restraint,HIGH,Merged,BOUND-01,#143,P4-D15,FALSE,FALSE,Primary target from Pass #4 cluster-level consolidation view. Consolidation parent carried from the first explicit Finding reference in the frozen classification rationale/related set; related references are not exhaustive.
#892,Spatial Ground Must Preserve Change Budget Above It,DUPLICATE / NEAR-DUPLICATE,MERGE INTO STRONGER FINDING OR CLUSTER,Minimality and Semantic Restraint,HIGH,Merged,BOUND-01,#143,P4-D15,FALSE,FALSE,Primary target from Pass #4 cluster-level consolidation view. Consolidation parent carried from the first explicit Finding reference in the frozen classification rationale/related set; related references are not exhaustive.
#893,Every Ground Commitment Consumes Future Freedom,DUPLICATE / NEAR-DUPLICATE,MERGE INTO STRONGER FINDING OR CLUSTER,Change Control and Permanence,HIGH,Merged,CORE-06,#142,P4-D15,FALSE,FALSE,Primary target from Pass #4 cluster-level consolidation view. Consolidation parent carried from the first explicit Finding reference in the frozen classification rationale/related set; related references are not exhaustive.
#894,Spatial Ground Must Treat Permanence as a Cost,HISTORICAL REASONING ONLY,PRESERVE AS HISTORICAL REASONING ONLY,Change Control and Permanence,HIGH,Historical only,CORE-06,,P4-D15,FALSE,FALSE,Primary target from Pass #4 cluster-level consolidation view.
#895,Spatial Ground Must Minimize Future Architectural Debt,DUPLICATE / NEAR-DUPLICATE,MERGE INTO STRONGER FINDING OR CLUSTER,Technology and Infrastructure Independence,HIGH,Merged,CORE-05b,#80,P4-D15,FALSE,FALSE,Primary target from Pass #4 cluster-level consolidation view. Consolidation parent carried from the first explicit Finding reference in the frozen classification rationale/related set; related references are not exhaustive.
#896,Spatial Ground Must Preserve Unknown Future Optionality,DUPLICATE / NEAR-DUPLICATE,MERGE INTO STRONGER FINDING OR CLUSTER,Minimality and Semantic Restraint,HIGH,Merged,BOUND-01,#58,P4-D15,FALSE,FALSE,Primary target from Pass #4 cluster-level consolidation view. Consolidation parent carried from the first explicit Finding reference in the frozen classification rationale/related set; related references are not exhaustive.
#897,Deferral Can Be Architecturally Correct,DUPLICATE / NEAR-DUPLICATE,MERGE INTO STRONGER FINDING OR CLUSTER,Minimality and Semantic Restraint,HIGH,Merged,BOUND-01,#896,P4-D15,FALSE,FALSE,Primary target from Pass #4 cluster-level consolidation view. Consolidation parent carried from the first explicit Finding reference in the frozen classification rationale/related set; related references are not exhaustive.
#898,Spatial Ground Must Distinguish Required Closure From Premature Closure,DUPLICATE / NEAR-DUPLICATE,MERGE INTO STRONGER FINDING OR CLUSTER,Inquiry Method and Framework Sequencing,HIGH,Merged,Governance Method Annex,#429,P4-D15,FALSE,FALSE,Primary target from Pass #4 cluster-level consolidation view. Consolidation parent carried from the first explicit Finding reference in the frozen classification rationale/related set; related references are not exhaustive.
#899,Spatial Ground Must Reach Closure Through Exclusion as Well as Inclusion,DUPLICATE / NEAR-DUPLICATE,MERGE INTO STRONGER FINDING OR CLUSTER,Layer Boundaries,HIGH,Merged,BOUND-01,#20,P4-D15,FALSE,FALSE,Primary target from Pass #4 cluster-level consolidation view. Consolidation parent carried from the first explicit Finding reference in the frozen classification rationale/related set; related references are not exhaustive.
#900,Spatial Ground Must Preserve the Minimum Permanent World-Space Contract,DUPLICATE / NEAR-DUPLICATE,MERGE INTO STRONGER FINDING OR CLUSTER,Core World-Space Membership,HIGH,Merged,CORE-01,#1,P4-D15,FALSE,FALSE,Primary target from Pass #4 cluster-level consolidation view. Consolidation parent carried from the first explicit Finding reference in the frozen classification rationale/related set; related references are not exhaustive.
#901,Spatial Ground Must Distinguish Permanent Contract From Implementation Profile,CONFORMANCE / VALIDATION CANDIDATE,MOVE TO CONFORMANCE / VALIDATION,Conformance and Validation,HIGH,Conformance,DEF-04,,P4-D15,FALSE,FALSE,Primary target from Pass #4 cluster-level consolidation view.
#902,Implementation Profiles Must Remain Conformant Subsets,CONFORMANCE / VALIDATION CANDIDATE,MOVE TO CONFORMANCE / VALIDATION,Conformance and Validation,HIGH,Conformance,DEF-04,,P4-D15,FALSE,FALSE,Primary target from Pass #4 cluster-level consolidation view.
#903,Profiles Must Not Create Alternate Ground,DUPLICATE / NEAR-DUPLICATE,MERGE INTO STRONGER FINDING OR CLUSTER,Independent Implementation,HIGH,Merged,CORE-03c,#26,P4-D15,FALSE,FALSE,Primary target from Pass #4 cluster-level consolidation view. Consolidation parent carried from the first explicit Finding reference in the frozen classification rationale/related set; related references are not exhaustive.
#904,Spatial Ground Must Support Future Profiles,DUPLICATE / NEAR-DUPLICATE,MERGE INTO STRONGER FINDING OR CLUSTER,Technology and Infrastructure Independence,HIGH,Merged,CORE-05b,#81,P4-D15,FALSE,FALSE,Primary target from Pass #4 cluster-level consolidation view. Consolidation parent carried from the first explicit Finding reference in the frozen classification rationale/related set; related references are not exhaustive.
#905,Profile-Specific Constraints Must Be Explicitly Non-Canonical,DUPLICATE / NEAR-DUPLICATE,MERGE INTO STRONGER FINDING OR CLUSTER,Minimality and Semantic Restraint,HIGH,Merged,BOUND-01,#19,P4-D15,FALSE,FALSE,Primary target from Pass #4 cluster-level consolidation view. Consolidation parent carried from the first explicit Finding reference in the frozen classification rationale/related set; related references are not exhaustive.
#906,Spatial Ground Must Distinguish Core Conformance From Profile Conformance,CONFORMANCE / VALIDATION CANDIDATE,MOVE TO CONFORMANCE / VALIDATION,Conformance and Validation,HIGH,Conformance,DEF-04,,P4-D15,FALSE,FALSE,Primary target from Pass #4 cluster-level consolidation view.
#907,Spatial Ground Must Preserve One Canonical Conformance Core,DUPLICATE / NEAR-DUPLICATE,MERGE INTO STRONGER FINDING OR CLUSTER,Conformance and Validation,HIGH,Merged,DEF-04,#86,P4-D15,FALSE,FALSE,Primary target from Pass #4 cluster-level consolidation view. Consolidation parent carried from the first explicit Finding reference in the frozen classification rationale/related set; related references are not exhaustive.
#908,Optional Capability Must Not Alter Core Semantics,DUPLICATE / NEAR-DUPLICATE,MERGE INTO STRONGER FINDING OR CLUSTER,Independent Implementation,HIGH,Merged,CORE-03c,#8,P4-D15,FALSE,FALSE,Primary target from Pass #4 cluster-level consolidation view. Consolidation parent carried from the first explicit Finding reference in the frozen classification rationale/related set; related references are not exhaustive.
#909,Spatial Ground Must Support Minimal Implementations,DUPLICATE / NEAR-DUPLICATE,MERGE INTO STRONGER FINDING OR CLUSTER,Conformance and Validation,HIGH,Merged,DEF-04,#86,P4-D15,FALSE,FALSE,Primary target from Pass #4 cluster-level consolidation view. Consolidation parent carried from the first explicit Finding reference in the frozen classification rationale/related set; related references are not exhaustive.
#910,Minimal Implementations Must Still Be Fully Correct,DUPLICATE / NEAR-DUPLICATE,MERGE INTO STRONGER FINDING OR CLUSTER,Independent Implementation,HIGH,Merged,CORE-03c,#87,P4-D15,FALSE,FALSE,Primary target from Pass #4 cluster-level consolidation view. Consolidation parent carried from the first explicit Finding reference in the frozen classification rationale/related set; related references are not exhaustive.
#911,Spatial Ground Must Support Rich Implementations Without Semantic Expansion,DUPLICATE / NEAR-DUPLICATE,MERGE INTO STRONGER FINDING OR CLUSTER,Operational Non-Authority,HIGH,Merged,CORE-05c,#19,P4-D15,FALSE,FALSE,Primary target from Pass #4 cluster-level consolidation view. Consolidation parent carried from the first explicit Finding reference in the frozen classification rationale/related set; related references are not exhaustive.
#912,Spatial Ground Must Distinguish Capability From Authority,DUPLICATE / NEAR-DUPLICATE,MERGE INTO STRONGER FINDING OR CLUSTER,Independent Implementation,HIGH,Merged,CORE-03c,#87,P4-D15,FALSE,FALSE,Primary target from Pass #4 cluster-level consolidation view. Consolidation parent carried from the first explicit Finding reference in the frozen classification rationale/related set; related references are not exhaustive.
#913,Spatial Ground Must Distinguish Performance From Correctness,DUPLICATE / NEAR-DUPLICATE,MERGE INTO STRONGER FINDING OR CLUSTER,Independent Implementation,HIGH,Merged,CORE-03c,#87,P4-D15,FALSE,FALSE,Primary target from Pass #4 cluster-level consolidation view. Consolidation parent carried from the first explicit Finding reference in the frozen classification rationale/related set; related references are not exhaustive.
#914,Spatial Ground Must Distinguish Scale From Authority,DUPLICATE / NEAR-DUPLICATE,MERGE INTO STRONGER FINDING OR CLUSTER,Independent Implementation,HIGH,Merged,CORE-03c,#87,P4-D15,FALSE,FALSE,Primary target from Pass #4 cluster-level consolidation view. Consolidation parent carried from the first explicit Finding reference in the frozen classification rationale/related set; related references are not exhaustive.
#915,Spatial Ground Must Distinguish Institutional Weight From Spatial Truth,DUPLICATE / NEAR-DUPLICATE,MERGE INTO STRONGER FINDING OR CLUSTER,Institutional Authority and Adoption,HIGH,Merged,IF-01,#8,P4-D15,FALSE,FALSE,Primary target from Pass #4 cluster-level consolidation view. Consolidation parent carried from the first explicit Finding reference in the frozen classification rationale/related set; related references are not exhaustive.
#916,Spatial Ground Must Preserve Equal Semantic Standing Among Conforming Implementations,DUPLICATE / NEAR-DUPLICATE,MERGE INTO STRONGER FINDING OR CLUSTER,Independent Implementation,HIGH,Merged,CORE-03c,#26,P4-D15,FALSE,FALSE,Primary target from Pass #4 cluster-level consolidation view. Consolidation parent carried from the first explicit Finding reference in the frozen classification rationale/related set; related references are not exhaustive.
#917,Spatial Ground Must Support Independent Public Verification,DUPLICATE / NEAR-DUPLICATE,MERGE INTO STRONGER FINDING OR CLUSTER,No Hidden State / Self-Containment,HIGH,Merged,CORE-05b,#27,P4-D15,FALSE,FALSE,Primary target from Pass #4 cluster-level consolidation view. Consolidation parent carried from the first explicit Finding reference in the frozen classification rationale/related set; related references are not exhaustive.
#918,Spatial Ground Must Support Reproducible Demonstration,DUPLICATE / NEAR-DUPLICATE,MERGE INTO STRONGER FINDING OR CLUSTER,Independent Implementation,HIGH,Merged,CORE-03c,#26,P4-D15,FALSE,FALSE,Primary target from Pass #4 cluster-level consolidation view. Consolidation parent carried from the first explicit Finding reference in the frozen classification rationale/related set; related references are not exhaustive.
#919,Spatial Ground Must Permit Third-Party Validators,DUPLICATE / NEAR-DUPLICATE,MERGE INTO STRONGER FINDING OR CLUSTER,Independent Implementation,HIGH,Merged,CORE-03c,#26,P4-D15,FALSE,FALSE,Primary target from Pass #4 cluster-level consolidation view. Consolidation parent carried from the first explicit Finding reference in the frozen classification rationale/related set; related references are not exhaustive.
#920,Validator Diversity Should Strengthen Confidence,DERIVED CONSEQUENCE,MERGE INTO STRONGER FINDING OR CLUSTER,Independent Implementation,MEDIUM,Merged,CORE-03c,#524,P4-D15,FALSE,FALSE,Primary target from Pass #4 cluster-level consolidation view. Consolidation parent carried from the first explicit Finding reference in the frozen classification rationale/related set; related references are not exhaustive.
#921,"Validator Agreement Is Evidence, Not Authority",DUPLICATE / NEAR-DUPLICATE,MERGE INTO STRONGER FINDING OR CLUSTER,Operational Non-Authority,HIGH,Merged,CORE-05c,#19,P4-D15,FALSE,FALSE,Primary target from Pass #4 cluster-level consolidation view. Consolidation parent carried from the first explicit Finding reference in the frozen classification rationale/related set; related references are not exhaustive.
#922,Spatial Ground Must Support Formal Proof Where Practical,CONFORMANCE / VALIDATION CANDIDATE,MOVE TO CONFORMANCE / VALIDATION,Conformance and Validation,HIGH,Conformance,DEF-04,,P4-D15,FALSE,FALSE,Primary target from Pass #4 cluster-level consolidation view.
#923,Proof Must Not Replace Conformance Testing Entirely,DERIVED CONSEQUENCE,MERGE INTO STRONGER FINDING OR CLUSTER,Conformance and Validation,HIGH,Merged,DEF-04,#922,P4-D15,FALSE,FALSE,Primary target from Pass #4 cluster-level consolidation view. Consolidation parent carried from the first explicit Finding reference in the frozen classification rationale/related set; related references are not exhaustive.
#924,Spatial Ground Must Distinguish Model Correctness From Implementation Correctness,CONFORMANCE / VALIDATION CANDIDATE,MOVE TO CONFORMANCE / VALIDATION,Conformance and Validation,HIGH,Conformance,DEF-04,,P4-D15,FALSE,FALSE,Primary target from Pass #4 cluster-level consolidation view.
#925,Spatial Ground Must Support Model-Level Review,DUPLICATE / NEAR-DUPLICATE,MERGE INTO STRONGER FINDING OR CLUSTER,Conformance and Validation,HIGH,Merged,DEF-04,#924,P4-D15,FALSE,FALSE,Primary target from Pass #4 cluster-level consolidation view. Consolidation parent carried from the first explicit Finding reference in the frozen classification rationale/related set; related references are not exhaustive.
#926,Spatial Ground Must Support Implementation-Level Review,DUPLICATE / NEAR-DUPLICATE,MERGE INTO STRONGER FINDING OR CLUSTER,Conformance and Validation,HIGH,Merged,DEF-04,#924,P4-D15,FALSE,FALSE,Primary target from Pass #4 cluster-level consolidation view. Consolidation parent carried from the first explicit Finding reference in the frozen classification rationale/related set; related references are not exhaustive.
#927,Spatial Ground Must Support Artifact-Level Review,DUPLICATE / NEAR-DUPLICATE,MERGE INTO STRONGER FINDING OR CLUSTER,Conformance and Validation,HIGH,Merged,DEF-04,#924,P4-D15,FALSE,FALSE,Primary target from Pass #4 cluster-level consolidation view. Consolidation parent carried from the first explicit Finding reference in the frozen classification rationale/related set; related references are not exhaustive.
#928,Spatial Ground Must Support End-to-End Review,DUPLICATE / NEAR-DUPLICATE,MERGE INTO STRONGER FINDING OR CLUSTER,Constitutional Subordination,HIGH,Merged,CONST-01,#291,P4-D15,TRUE,FALSE,Primary target from Pass #4 cluster-level consolidation view. Consolidation parent carried from the first explicit Finding reference in the frozen classification rationale/related set; related references are not exhaustive.
#929,Spatial Ground Must Preserve Traceability of Requirement Satisfaction,INSTITUTIONAL / GOVERNANCE CANDIDATE,MOVE TO GOVERNANCE / INSTITUTIONAL FRAMEWORK,Inquiry Method and Framework Sequencing,HIGH,Governance,Governance Method Annex,,P4-D15,FALSE,FALSE,Primary target from Pass #4 cluster-level consolidation view.
#930,Spatial Ground Must Preserve Traceability of Conformance Tests,DUPLICATE / NEAR-DUPLICATE,MERGE INTO STRONGER FINDING OR CLUSTER,Inquiry Method and Framework Sequencing,HIGH,Merged,Governance Method Annex,#929,P4-D15,FALSE,FALSE,Primary target from Pass #4 cluster-level consolidation view. Consolidation parent carried from the first explicit Finding reference in the frozen classification rationale/related set; related references are not exhaustive.
#931,Spatial Ground Must Preserve Traceability of Reference Vectors,DUPLICATE / NEAR-DUPLICATE,MERGE INTO STRONGER FINDING OR CLUSTER,Inquiry Method and Framework Sequencing,HIGH,Merged,Governance Method Annex,#929,P4-D15,FALSE,FALSE,Primary target from Pass #4 cluster-level consolidation view. Consolidation parent carried from the first explicit Finding reference in the frozen classification rationale/related set; related references are not exhaustive.
#932,Spatial Ground Must Avoid Orphaned Tests,DUPLICATE / NEAR-DUPLICATE,MERGE INTO STRONGER FINDING OR CLUSTER,Inquiry Method and Framework Sequencing,HIGH,Merged,Governance Method Annex,#404,P4-D15,FALSE,FALSE,Primary target from Pass #4 cluster-level consolidation view. Consolidation parent carried from the first explicit Finding reference in the frozen classification rationale/related set; related references are not exhaustive.
#933,Spatial Ground Must Avoid Untested Normative Rules,CONFORMANCE / VALIDATION CANDIDATE,MOVE TO CONFORMANCE / VALIDATION,Conformance and Validation,HIGH,Conformance,DEF-04,,P4-D15,FALSE,FALSE,Primary target from Pass #4 cluster-level consolidation view.
#934,Spatial Ground Must Identify Non-Testable Normative Claims,CONFORMANCE / VALIDATION CANDIDATE,MOVE TO CONFORMANCE / VALIDATION,Conformance and Validation,HIGH,Conformance,DEF-04,,P4-D15,FALSE,FALSE,Primary target from Pass #4 cluster-level consolidation view.
#935,Spatial Ground Must Support Requirements Coverage Analysis,INSTITUTIONAL / GOVERNANCE CANDIDATE,MOVE TO GOVERNANCE / INSTITUTIONAL FRAMEWORK,Inquiry Method and Framework Sequencing,HIGH,Governance,Governance Method Annex,,P4-D15,FALSE,FALSE,Primary target from Pass #4 cluster-level consolidation view.
#936,Spatial Ground Must Support Contradiction Analysis,DUPLICATE / NEAR-DUPLICATE,MERGE INTO STRONGER FINDING OR CLUSTER,Inquiry Method and Framework Sequencing,HIGH,Merged,Governance Method Annex,#294,P4-D15,FALSE,FALSE,Primary target from Pass #4 cluster-level consolidation view. Consolidation parent carried from the first explicit Finding reference in the frozen classification rationale/related set; related references are not exhaustive.
#937,Spatial Ground Must Support Dependency Analysis,DUPLICATE / NEAR-DUPLICATE,MERGE INTO STRONGER FINDING OR CLUSTER,Inquiry Method and Framework Sequencing,HIGH,Merged,Governance Method Annex,#294,P4-D15,FALSE,FALSE,Primary target from Pass #4 cluster-level consolidation view. Consolidation parent carried from the first explicit Finding reference in the frozen classification rationale/related set; related references are not exhaustive.
#938,Spatial Ground Must Support Redundancy Analysis,DUPLICATE / NEAR-DUPLICATE,MERGE INTO STRONGER FINDING OR CLUSTER,Inquiry Method and Framework Sequencing,HIGH,Merged,Governance Method Annex,#294,P4-D15,FALSE,FALSE,Primary target from Pass #4 cluster-level consolidation view. Consolidation parent carried from the first explicit Finding reference in the frozen classification rationale/related set; related references are not exhaustive.
#939,Spatial Ground Must Support Implication Analysis,DUPLICATE / NEAR-DUPLICATE,MERGE INTO STRONGER FINDING OR CLUSTER,Inquiry Method and Framework Sequencing,HIGH,Merged,Governance Method Annex,#294,P4-D15,FALSE,FALSE,Primary target from Pass #4 cluster-level consolidation view. Consolidation parent carried from the first explicit Finding reference in the frozen classification rationale/related set; related references are not exhaustive.
#940,Spatial Ground Must Support Necessity Analysis,DUPLICATE / NEAR-DUPLICATE,MERGE INTO STRONGER FINDING OR CLUSTER,Inquiry Method and Framework Sequencing,HIGH,Merged,Governance Method Annex,#140,P4-D15,FALSE,FALSE,Primary target from Pass #4 cluster-level consolidation view. Consolidation parent carried from the first explicit Finding reference in the frozen classification rationale/related set; related references are not exhaustive.
#941,Requirements Without Demonstrable Necessity Should Be Rejected,DUPLICATE / NEAR-DUPLICATE,MERGE INTO STRONGER FINDING OR CLUSTER,Inquiry Method and Framework Sequencing,HIGH,Merged,Governance Method Annex,#414,P4-D15,FALSE,FALSE,Primary target from Pass #4 cluster-level consolidation view. Consolidation parent carried from the first explicit Finding reference in the frozen classification rationale/related set; related references are not exhaustive.
#942,Spatial Ground Must Not Preserve Findings by Sentiment,DUPLICATE / NEAR-DUPLICATE,MERGE INTO STRONGER FINDING OR CLUSTER,Inquiry Method and Framework Sequencing,HIGH,Merged,Governance Method Annex,#295,P4-D15,FALSE,FALSE,Primary target from Pass #4 cluster-level consolidation view. Consolidation parent carried from the first explicit Finding reference in the frozen classification rationale/related set; related references are not exhaustive.
#943,Spatial Ground Must Preserve Findings Historically,DUPLICATE / NEAR-DUPLICATE,MERGE INTO STRONGER FINDING OR CLUSTER,Historical Traceability,HIGH,Merged,Governance Register,#408,P4-D15,FALSE,FALSE,Primary target from Pass #4 cluster-level consolidation view. Consolidation parent carried from the first explicit Finding reference in the frozen classification rationale/related set; related references are not exhaustive.
#944,Historical Preservation Must Not Inflate Normative Burden,DUPLICATE / NEAR-DUPLICATE,MERGE INTO STRONGER FINDING OR CLUSTER,Historical Traceability,HIGH,Merged,Governance Register,#296,P4-D15,FALSE,FALSE,Primary target from Pass #4 cluster-level consolidation view. Consolidation parent carried from the first explicit Finding reference in the frozen classification rationale/related set; related references are not exhaustive.
#945,Spatial Ground Requirements Must Be Finite,INSTITUTIONAL / GOVERNANCE CANDIDATE,MOVE TO GOVERNANCE / INSTITUTIONAL FRAMEWORK,Inquiry Method and Framework Sequencing,HIGH,Governance,Governance Method Annex,,P4-D15,FALSE,TRUE,Primary target from Pass #4 cluster-level consolidation view.
#946,Spatial Ground Specification Must Be Finite,DUPLICATE / NEAR-DUPLICATE,MERGE INTO STRONGER FINDING OR CLUSTER,Finite Expressibility and Determinism,HIGH,Merged,DEF-03,#28,P4-D15,FALSE,FALSE,Primary target from Pass #4 cluster-level consolidation view. Consolidation parent carried from the first explicit Finding reference in the frozen classification rationale/related set; related references are not exhaustive.
#947,Spatial Ground Conformance Must Be Finite in Obligation,CONFORMANCE / VALIDATION CANDIDATE,MOVE TO CONFORMANCE / VALIDATION,Conformance and Validation,HIGH,Conformance,DEF-04,,P4-D15,FALSE,TRUE,Primary target from Pass #4 cluster-level consolidation view.
#948,Spatial Ground Reference Vectors Must Be Finite but Strategically Complete,CONFORMANCE / VALIDATION CANDIDATE,MOVE TO CONFORMANCE / VALIDATION,Testing and Adversarial Review,HIGH,Conformance,Conformance Register,,P4-D15,FALSE,TRUE,Primary target from Pass #4 cluster-level consolidation view.
#949,Finite Testing Must Be Supplemented by Formal Invariants,CONFORMANCE / VALIDATION CANDIDATE,MOVE TO CONFORMANCE / VALIDATION,Conformance and Validation,HIGH,Conformance,DEF-04,,P4-D15,TRUE,FALSE,Primary target from Pass #4 cluster-level consolidation view.
#950,Spatial Ground Must Distinguish Exhaustive Proof From Representative Testing,DUPLICATE / NEAR-DUPLICATE,MERGE INTO STRONGER FINDING OR CLUSTER,Conformance and Validation,HIGH,Merged,DEF-04,#949,P4-D15,FALSE,FALSE,Primary target from Pass #4 cluster-level consolidation view. Consolidation parent carried from the first explicit Finding reference in the frozen classification rationale/related set; related references are not exhaustive.
#951,Spatial Ground Must Support Property-Based Testing,CONFORMANCE / VALIDATION CANDIDATE,MOVE TO CONFORMANCE / VALIDATION,Testing and Adversarial Review,HIGH,Conformance,Conformance Register,,P4-D15,FALSE,FALSE,Primary target from Pass #4 cluster-level consolidation view.
#952,Generated Tests Must Not Become Canonical Inputs,CONFORMANCE / VALIDATION CANDIDATE,MOVE TO CONFORMANCE / VALIDATION,Testing and Adversarial Review,HIGH,Conformance,Conformance Register,,P4-D15,FALSE,FALSE,Primary target from Pass #4 cluster-level consolidation view.
#953,Spatial Ground Must Support Boundary-Focused Test Generation,DUPLICATE / NEAR-DUPLICATE,MERGE INTO STRONGER FINDING OR CLUSTER,Testing and Adversarial Review,HIGH,Merged,Conformance Register,#193,P4-D15,FALSE,FALSE,Primary target from Pass #4 cluster-level consolidation view. Consolidation parent carried from the first explicit Finding reference in the frozen classification rationale/related set; related references are not exhaustive.
#954,Spatial Ground Must Support Precision-Focused Test Generation,DUPLICATE / NEAR-DUPLICATE,MERGE INTO STRONGER FINDING OR CLUSTER,Testing and Adversarial Review,HIGH,Merged,Conformance Register,#637,P4-D15,FALSE,FALSE,Primary target from Pass #4 cluster-level consolidation view. Consolidation parent carried from the first explicit Finding reference in the frozen classification rationale/related set; related references are not exhaustive.
#955,Spatial Ground Must Support Transformation-Based Negative Testing,DUPLICATE / NEAR-DUPLICATE,MERGE INTO STRONGER FINDING OR CLUSTER,Testing and Adversarial Review,HIGH,Merged,Conformance Register,#641,P4-D15,FALSE,FALSE,Primary target from Pass #4 cluster-level consolidation view. Consolidation parent carried from the first explicit Finding reference in the frozen classification rationale/related set; related references are not exhaustive.
#956,Spatial Ground Must Support Serialization-Roundtrip Testing,DUPLICATE / NEAR-DUPLICATE,MERGE INTO STRONGER FINDING OR CLUSTER,Testing and Adversarial Review,HIGH,Merged,Conformance Register,#197,P4-D15,FALSE,FALSE,Primary target from Pass #4 cluster-level consolidation view. Consolidation parent carried from the first explicit Finding reference in the frozen classification rationale/related set; related references are not exhaustive.
#957,Spatial Ground Must Support Migration-Roundtrip Testing,DUPLICATE / NEAR-DUPLICATE,MERGE INTO STRONGER FINDING OR CLUSTER,Testing and Adversarial Review,HIGH,Merged,Conformance Register,#197,P4-D15,FALSE,FALSE,Primary target from Pass #4 cluster-level consolidation view. Consolidation parent carried from the first explicit Finding reference in the frozen classification rationale/related set; related references are not exhaustive.
#958,Spatial Ground Must Support Cross-Implementation Differential Testing,DUPLICATE / NEAR-DUPLICATE,MERGE INTO STRONGER FINDING OR CLUSTER,Testing and Adversarial Review,HIGH,Merged,Conformance Register,#26,P4-D15,FALSE,FALSE,Primary target from Pass #4 cluster-level consolidation view. Consolidation parent carried from the first explicit Finding reference in the frozen classification rationale/related set; related references are not exhaustive.
#959,Differential Disagreement Must Be Resolved Against the Specification,DUPLICATE / NEAR-DUPLICATE,MERGE INTO STRONGER FINDING OR CLUSTER,Independent Implementation,HIGH,Merged,CORE-03c,#499,P4-D15,FALSE,FALSE,Primary target from Pass #4 cluster-level consolidation view. Consolidation parent carried from the first explicit Finding reference in the frozen classification rationale/related set; related references are not exhaustive.
#960,Spatial Ground Must Support Long-Horizon Regression Testing,CONFORMANCE / VALIDATION CANDIDATE,MOVE TO CONFORMANCE / VALIDATION,Testing and Adversarial Review,HIGH,Conformance,Conformance Register,,P4-D15,FALSE,TRUE,Primary target from Pass #4 cluster-level consolidation view.
#961,Spatial Ground Must Preserve Historical Test Vectors,PRESERVATION / RECONSTRUCTION CANDIDATE,MOVE TO PRESERVATION / RECONSTRUCTION,Preservation and Archival Survival,HIGH,Preservation,Preservation Register,,P4-D15,FALSE,FALSE,Primary target from Pass #4 cluster-level consolidation view.
#962,New Vectors May Extend Coverage Without Changing Old Truth,DUPLICATE / NEAR-DUPLICATE,MERGE INTO STRONGER FINDING OR CLUSTER,Change Control and Permanence,HIGH,Merged,CORE-06,#29,P4-D15,FALSE,FALSE,Primary target from Pass #4 cluster-level consolidation view. Consolidation parent carried from the first explicit Finding reference in the frozen classification rationale/related set; related references are not exhaustive.
#963,Changed Expected Results Signal Normative Change or Prior Error,CONFORMANCE / VALIDATION CANDIDATE,MOVE TO CONFORMANCE / VALIDATION,Testing and Adversarial Review,HIGH,Conformance,Conformance Register,,P4-D15,FALSE,TRUE,Primary target from Pass #4 cluster-level consolidation view.
#964,Spatial Ground Must Never Quietly Rewrite Test History,DUPLICATE / NEAR-DUPLICATE,MERGE INTO STRONGER FINDING OR CLUSTER,Historical Traceability,HIGH,Merged,Governance Register,#134,P4-D15,FALSE,FALSE,Primary target from Pass #4 cluster-level consolidation view. Consolidation parent carried from the first explicit Finding reference in the frozen classification rationale/related set; related references are not exhaustive.
#965,Spatial Ground Must Support Implementation Certification Without Centralizing Truth,INSTITUTIONAL / GOVERNANCE CANDIDATE,MOVE TO GOVERNANCE / INSTITUTIONAL FRAMEWORK,Institutional Authority and Adoption,HIGH,Governance,IF-01,,P4-D15,FALSE,TRUE,Primary target from Pass #4 cluster-level consolidation view.
#966,Certification Expiration Must Not Expire Ground,DUPLICATE / NEAR-DUPLICATE,MERGE INTO STRONGER FINDING OR CLUSTER,Change Control and Permanence,HIGH,Merged,CORE-06,#4,P4-D15,FALSE,FALSE,Primary target from Pass #4 cluster-level consolidation view. Consolidation parent carried from the first explicit Finding reference in the frozen classification rationale/related set; related references are not exhaustive.
#967,"Conformance Status Must Attach to Implementations, Not Places",DERIVED CONSEQUENCE,MERGE INTO STRONGER FINDING OR CLUSTER,Operational Non-Authority,HIGH,Merged,CORE-05c,#19,P4-D15,FALSE,FALSE,Primary target from Pass #4 cluster-level consolidation view. Consolidation parent carried from the first explicit Finding reference in the frozen classification rationale/related set; related references are not exhaustive.
#968,Spatial Ground Must Support Self-Verification,CONFORMANCE / VALIDATION CANDIDATE,MOVE TO CONFORMANCE / VALIDATION,Conformance and Validation,HIGH,Conformance,DEF-04,,P4-D15,FALSE,FALSE,Primary target from Pass #4 cluster-level consolidation view.
#969,Self-Verification Must Not Be Sole Evidence,DERIVED CONSEQUENCE,MERGE INTO STRONGER FINDING OR CLUSTER,Conformance and Validation,HIGH,Merged,DEF-04,#26,P4-D15,FALSE,FALSE,Primary target from Pass #4 cluster-level consolidation view. Consolidation parent carried from the first explicit Finding reference in the frozen classification rationale/related set; related references are not exhaustive.
#970,Spatial Ground Must Support Reproducible Build Environments Where Useful,IMPLEMENTATION / OPERATIONAL CANDIDATE,MOVE TO IMPLEMENTATION / OPERATIONS,Independent Implementation,MEDIUM,Implementation,CORE-03c,,P4-D15,FALSE,FALSE,Primary target from Pass #4 cluster-level consolidation view.
#971,Spatial Ground Must Preserve Semantic Reproducibility Above Binary Reproducibility,DERIVED CONSEQUENCE,MERGE INTO STRONGER FINDING OR CLUSTER,Independent Implementation,HIGH,Merged,CORE-03c,#26,P4-D15,FALSE,FALSE,Primary target from Pass #4 cluster-level consolidation view. Consolidation parent carried from the first explicit Finding reference in the frozen classification rationale/related set; related references are not exhaustive.
#972,Spatial Ground Must Support Multiple Correct Implementations,DUPLICATE / NEAR-DUPLICATE,MERGE INTO STRONGER FINDING OR CLUSTER,Independent Implementation,HIGH,Merged,CORE-03c,#26,P4-D15,FALSE,FALSE,Primary target from Pass #4 cluster-level consolidation view. Consolidation parent carried from the first explicit Finding reference in the frozen classification rationale/related set; related references are not exhaustive.
#973,Implementation Diversity Is a Resilience Feature,HISTORICAL REASONING ONLY,PRESERVE AS HISTORICAL REASONING ONLY,Independent Implementation,HIGH,Historical only,CORE-03c,,P4-D15,FALSE,FALSE,Primary target from Pass #4 cluster-level consolidation view.
#974,Implementation Diversity Must Not Become Semantic Diversity,DUPLICATE / NEAR-DUPLICATE,MERGE INTO STRONGER FINDING OR CLUSTER,Independent Implementation,HIGH,Merged,CORE-03c,#26,P4-D15,FALSE,FALSE,Primary target from Pass #4 cluster-level consolidation view. Consolidation parent carried from the first explicit Finding reference in the frozen classification rationale/related set; related references are not exhaustive.
#975,Spatial Ground Must Support Replacement of Every Implementation,DUPLICATE / NEAR-DUPLICATE,MERGE INTO STRONGER FINDING OR CLUSTER,Technology and Infrastructure Independence,HIGH,Merged,CORE-05b,#81,P4-D15,FALSE,FALSE,Primary target from Pass #4 cluster-level consolidation view. Consolidation parent carried from the first explicit Finding reference in the frozen classification rationale/related set; related references are not exhaustive.
#976,Spatial Ground Must Support Clean-Room Reimplementation,DUPLICATE / NEAR-DUPLICATE,MERGE INTO STRONGER FINDING OR CLUSTER,Reconstruction and Recoverability,HIGH,Merged,DEF-02,#10,P4-D15,FALSE,FALSE,Primary target from Pass #4 cluster-level consolidation view. Consolidation parent carried from the first explicit Finding reference in the frozen classification rationale/related set; related references are not exhaustive.
#977,Clean-Room Success Is a Permanence Test,DUPLICATE / NEAR-DUPLICATE,MERGE INTO STRONGER FINDING OR CLUSTER,Reconstruction and Recoverability,HIGH,Merged,DEF-02,#524,P4-D15,FALSE,FALSE,Primary target from Pass #4 cluster-level consolidation view. Consolidation parent carried from the first explicit Finding reference in the frozen classification rationale/related set; related references are not exhaustive.
#978,Spatial Ground Must Support Institutional Succession,DUPLICATE / NEAR-DUPLICATE,MERGE INTO STRONGER FINDING OR CLUSTER,Preservation and Archival Survival,HIGH,Merged,Preservation Register,#147,P4-D15,FALSE,FALSE,Primary target from Pass #4 cluster-level consolidation view. Consolidation parent carried from the first explicit Finding reference in the frozen classification rationale/related set; related references are not exhaustive.
#979,"Institutional Succession Must Preserve Canon, Not Authority Personality",DUPLICATE / NEAR-DUPLICATE,MERGE INTO STRONGER FINDING OR CLUSTER,Institutional Authority and Adoption,HIGH,Merged,IF-01,#147,P4-D15,FALSE,FALSE,Primary target from Pass #4 cluster-level consolidation view. Consolidation parent carried from the first explicit Finding reference in the frozen classification rationale/related set; related references are not exhaustive.
#980,Spatial Ground Must Survive Governance Replacement,DUPLICATE / NEAR-DUPLICATE,MERGE INTO STRONGER FINDING OR CLUSTER,Rights / Governance Independence,HIGH,Merged,CORE-05a,#4,P4-D15,FALSE,FALSE,Primary target from Pass #4 cluster-level consolidation view. Consolidation parent carried from the first explicit Finding reference in the frozen classification rationale/related set; related references are not exhaustive.
#981,Spatial Ground Must Survive Legal Reorganization,DUPLICATE / NEAR-DUPLICATE,MERGE INTO STRONGER FINDING OR CLUSTER,Preservation and Archival Survival,HIGH,Merged,Preservation Register,#147,P4-D15,FALSE,FALSE,Primary target from Pass #4 cluster-level consolidation view. Consolidation parent carried from the first explicit Finding reference in the frozen classification rationale/related set; related references are not exhaustive.
#982,Spatial Ground Must Survive Naming Change of the Institution,DUPLICATE / NEAR-DUPLICATE,MERGE INTO STRONGER FINDING OR CLUSTER,Preservation and Archival Survival,HIGH,Merged,Preservation Register,#147,P4-D15,FALSE,FALSE,Primary target from Pass #4 cluster-level consolidation view. Consolidation parent carried from the first explicit Finding reference in the frozen classification rationale/related set; related references are not exhaustive.
#983,Spatial Ground Must Survive Domain-Name Loss,DERIVED CONSEQUENCE,MERGE INTO STRONGER FINDING OR CLUSTER,Operational Non-Authority,HIGH,Merged,CORE-05c,#19,P4-D15,FALSE,FALSE,Primary target from Pass #4 cluster-level consolidation view. Consolidation parent carried from the first explicit Finding reference in the frozen classification rationale/related set; related references are not exhaustive.
#984,Spatial Ground Must Survive Repository-Hosting Loss,DUPLICATE / NEAR-DUPLICATE,MERGE INTO STRONGER FINDING OR CLUSTER,Preservation and Archival Survival,HIGH,Merged,Preservation Register,#84,P4-D15,FALSE,FALSE,Primary target from Pass #4 cluster-level consolidation view. Consolidation parent carried from the first explicit Finding reference in the frozen classification rationale/related set; related references are not exhaustive.
#985,Spatial Ground Must Survive Commercial Platform Failure,DUPLICATE / NEAR-DUPLICATE,MERGE INTO STRONGER FINDING OR CLUSTER,Technology and Infrastructure Independence,HIGH,Merged,CORE-05b,#81,P4-D15,FALSE,FALSE,Primary target from Pass #4 cluster-level consolidation view. Consolidation parent carried from the first explicit Finding reference in the frozen classification rationale/related set; related references are not exhaustive.
#986,Spatial Ground Must Survive Network Partition,DERIVED CONSEQUENCE,MERGE INTO STRONGER FINDING OR CLUSTER,Single Canonical Truth,HIGH,Merged,CORE-04,#8,P4-D15,FALSE,FALSE,Primary target from Pass #4 cluster-level consolidation view. Consolidation parent carried from the first explicit Finding reference in the frozen classification rationale/related set; related references are not exhaustive.
#987,Spatial Ground Must Survive Long Isolation,DERIVED CONSEQUENCE,MERGE INTO STRONGER FINDING OR CLUSTER,Single Canonical Truth,HIGH,Merged,CORE-04,#4,P4-D15,FALSE,FALSE,Primary target from Pass #4 cluster-level consolidation view. Consolidation parent carried from the first explicit Finding reference in the frozen classification rationale/related set; related references are not exhaustive.
#988,"Reconnection Must Reconcile Records, Not Places",DERIVED CONSEQUENCE,MERGE INTO STRONGER FINDING OR CLUSTER,Historical Traceability,HIGH,Merged,Governance Register,#29,P4-D15,FALSE,FALSE,Primary target from Pass #4 cluster-level consolidation view. Consolidation parent carried from the first explicit Finding reference in the frozen classification rationale/related set; related references are not exhaustive.
#989,Spatial Ground Must Support Disaster Reconstruction,DUPLICATE / NEAR-DUPLICATE,MERGE INTO STRONGER FINDING OR CLUSTER,Reconstruction and Recoverability,HIGH,Merged,DEF-02,#84,P4-D15,FALSE,FALSE,Primary target from Pass #4 cluster-level consolidation view. Consolidation parent carried from the first explicit Finding reference in the frozen classification rationale/related set; related references are not exhaustive.
#990,Disaster Reconstruction Must Not Require Historical Personnel,DUPLICATE / NEAR-DUPLICATE,MERGE INTO STRONGER FINDING OR CLUSTER,Reconstruction and Recoverability,HIGH,Merged,DEF-02,#148,P4-D15,FALSE,FALSE,Primary target from Pass #4 cluster-level consolidation view. Consolidation parent carried from the first explicit Finding reference in the frozen classification rationale/related set; related references are not exhaustive.
#991,Disaster Reconstruction Must Not Require Historical Hardware,DUPLICATE / NEAR-DUPLICATE,MERGE INTO STRONGER FINDING OR CLUSTER,Technology and Infrastructure Independence,HIGH,Merged,CORE-05b,#81,P4-D15,FALSE,FALSE,Primary target from Pass #4 cluster-level consolidation view. Consolidation parent carried from the first explicit Finding reference in the frozen classification rationale/related set; related references are not exhaustive.
#992,Disaster Reconstruction Must Not Require Historical Services,DUPLICATE / NEAR-DUPLICATE,MERGE INTO STRONGER FINDING OR CLUSTER,Preservation and Archival Survival,HIGH,Merged,Preservation Register,#83,P4-D15,FALSE,FALSE,Primary target from Pass #4 cluster-level consolidation view. Consolidation parent carried from the first explicit Finding reference in the frozen classification rationale/related set; related references are not exhaustive.
#993,Disaster Reconstruction Must Preserve Exact Place,DUPLICATE / NEAR-DUPLICATE,MERGE INTO STRONGER FINDING OR CLUSTER,Reconstruction and Recoverability,HIGH,Merged,DEF-02,#84,P4-D15,FALSE,FALSE,Primary target from Pass #4 cluster-level consolidation view. Consolidation parent carried from the first explicit Finding reference in the frozen classification rationale/related set; related references are not exhaustive.
#994,Spatial Ground Must Support Archival Verification After Long Dormancy,DUPLICATE / NEAR-DUPLICATE,MERGE INTO STRONGER FINDING OR CLUSTER,Preservation and Archival Survival,HIGH,Merged,Preservation Register,#4,P4-D15,FALSE,FALSE,Primary target from Pass #4 cluster-level consolidation view. Consolidation parent carried from the first explicit Finding reference in the frozen classification rationale/related set; related references are not exhaustive.
#995,Spatial Ground Must Support Format Renewal Without Semantic Renewal,DUPLICATE / NEAR-DUPLICATE,MERGE INTO STRONGER FINDING OR CLUSTER,Representation Independence,HIGH,Merged,CORE-07,#29,P4-D15,FALSE,FALSE,Primary target from Pass #4 cluster-level consolidation view. Consolidation parent carried from the first explicit Finding reference in the frozen classification rationale/related set; related references are not exhaustive.
#996,Spatial Ground Must Support Documentation Renewal Without Architectural Renewal,DUPLICATE / NEAR-DUPLICATE,MERGE INTO STRONGER FINDING OR CLUSTER,Representation Independence,HIGH,Merged,CORE-07,#29,P4-D15,FALSE,FALSE,Primary target from Pass #4 cluster-level consolidation view. Consolidation parent carried from the first explicit Finding reference in the frozen classification rationale/related set; related references are not exhaustive.
#997,Spatial Ground Must Support Tool Renewal Without Standard Renewal,DUPLICATE / NEAR-DUPLICATE,MERGE INTO STRONGER FINDING OR CLUSTER,Technology and Infrastructure Independence,HIGH,Merged,CORE-05b,#81,P4-D15,FALSE,FALSE,Primary target from Pass #4 cluster-level consolidation view. Consolidation parent carried from the first explicit Finding reference in the frozen classification rationale/related set; related references are not exhaustive.
#998,Spatial Ground Must Support Institutional Memory Loss,DUPLICATE / NEAR-DUPLICATE,MERGE INTO STRONGER FINDING OR CLUSTER,Preservation and Archival Survival,HIGH,Merged,Preservation Register,#27,P4-D15,FALSE,FALSE,Primary target from Pass #4 cluster-level consolidation view. Consolidation parent carried from the first explicit Finding reference in the frozen classification rationale/related set; related references are not exhaustive.
#999,Spatial Ground Must Be Stronger Than Memory,DUPLICATE / NEAR-DUPLICATE,MERGE INTO STRONGER FINDING OR CLUSTER,No Hidden State / Self-Containment,HIGH,Merged,CORE-05b,#27,P4-D15,TRUE,FALSE,Primary target from Pass #4 cluster-level consolidation view. Consolidation parent carried from the first explicit Finding reference in the frozen classification rationale/related set; related references are not exhaustive.
#1000,Spatial Ground Must Be Capable of Becoming Boring Forever,DUPLICATE / NEAR-DUPLICATE,MERGE INTO STRONGER FINDING OR CLUSTER,Change Control and Permanence,HIGH,Merged,CORE-06,#419,P4-D15,FALSE,FALSE,Primary target from Pass #4 cluster-level consolidation view. Consolidation parent carried from the first explicit Finding reference in the frozen classification rationale/related set; related references are not exhaustive.
#1001,Spatial Ground Must Preserve Canonical Stability Through Documentation Expansion,DUPLICATE / NEAR-DUPLICATE,MERGE INTO STRONGER FINDING OR CLUSTER,Layer Boundaries,HIGH,Merged,BOUND-01,#30,P4-D15,FALSE,FALSE,Primary target from Pass #4 cluster-level consolidation view. Consolidation parent carried from the first explicit Finding reference in the frozen classification rationale/related set; related references are not exhaustive.
#1002,More Explanation Must Not Mean More Ground,DUPLICATE / NEAR-DUPLICATE,MERGE INTO STRONGER FINDING OR CLUSTER,Operational Non-Authority,HIGH,Merged,CORE-05c,#19,P4-D15,FALSE,FALSE,Primary target from Pass #4 cluster-level consolidation view. Consolidation parent carried from the first explicit Finding reference in the frozen classification rationale/related set; related references are not exhaustive.
#1003,Spatial Ground Must Distinguish Clarification From Expansion,DERIVED CONSEQUENCE,MERGE INTO STRONGER FINDING OR CLUSTER,Change Control and Permanence,MEDIUM,Merged,CORE-06,#266,P4-D15,FALSE,FALSE,Primary target from Pass #4 cluster-level consolidation view. Consolidation parent carried from the first explicit Finding reference in the frozen classification rationale/related set; related references are not exhaustive.
#1004,Canonical Expansion Requires Necessity Review,DUPLICATE / NEAR-DUPLICATE,MERGE INTO STRONGER FINDING OR CLUSTER,Change Control and Permanence,HIGH,Merged,CORE-06,#267,P4-D15,FALSE,FALSE,Primary target from Pass #4 cluster-level consolidation view. Consolidation parent carried from the first explicit Finding reference in the frozen classification rationale/related set; related references are not exhaustive.
#1005,Spatial Ground Must Resist Conceptual Inflation Over Time,DUPLICATE / NEAR-DUPLICATE,MERGE INTO STRONGER FINDING OR CLUSTER,Minimality and Semantic Restraint,HIGH,Merged,BOUND-01,#58,P4-D15,FALSE,FALSE,Primary target from Pass #4 cluster-level consolidation view. Consolidation parent carried from the first explicit Finding reference in the frozen classification rationale/related set; related references are not exhaustive.
#1006,Spatial Ground Must Preserve Its Original Architectural Question,DUPLICATE / NEAR-DUPLICATE,MERGE INTO STRONGER FINDING OR CLUSTER,Inquiry Method and Framework Sequencing,HIGH,Merged,Governance Method Annex,#414,P4-D15,FALSE,FALSE,Primary target from Pass #4 cluster-level consolidation view. Consolidation parent carried from the first explicit Finding reference in the frozen classification rationale/related set; related references are not exhaustive.
#1007,Spatial Ground Must Preserve the Removal Test,DUPLICATE / NEAR-DUPLICATE,MERGE INTO STRONGER FINDING OR CLUSTER,Inquiry Method and Framework Sequencing,HIGH,Merged,Governance Method Annex,#140,P4-D15,FALSE,FALSE,Primary target from Pass #4 cluster-level consolidation view. Consolidation parent carried from the first explicit Finding reference in the frozen classification rationale/related set; related references are not exhaustive.
#1008,Spatial Ground Must Preserve the Upward Placement Test,INSTITUTIONAL / GOVERNANCE CANDIDATE,MOVE TO GOVERNANCE / INSTITUTIONAL FRAMEWORK,Inquiry Method and Framework Sequencing,HIGH,Governance,Governance Method Annex,,P4-D15,TRUE,FALSE,Primary target from Pass #4 cluster-level consolidation view.
#1009,Spatial Ground Must Preserve the Downward Placement Test,INSTITUTIONAL / GOVERNANCE CANDIDATE,MOVE TO GOVERNANCE / INSTITUTIONAL FRAMEWORK,Inquiry Method and Framework Sequencing,HIGH,Governance,Governance Method Annex,,P4-D15,FALSE,FALSE,Primary target from Pass #4 cluster-level consolidation view.
#1010,Spatial Ground Must Preserve the Derivation Test,DUPLICATE / NEAR-DUPLICATE,MERGE INTO STRONGER FINDING OR CLUSTER,Inquiry Method and Framework Sequencing,HIGH,Merged,Governance Method Annex,#58,P4-D15,FALSE,FALSE,Primary target from Pass #4 cluster-level consolidation view. Consolidation parent carried from the first explicit Finding reference in the frozen classification rationale/related set; related references are not exhaustive.
#1011,Spatial Ground Must Preserve the Permanence Test,DUPLICATE / NEAR-DUPLICATE,MERGE INTO STRONGER FINDING OR CLUSTER,Inquiry Method and Framework Sequencing,HIGH,Merged,Governance Method Annex,#58,P4-D15,FALSE,FALSE,Primary target from Pass #4 cluster-level consolidation view. Consolidation parent carried from the first explicit Finding reference in the frozen classification rationale/related set; related references are not exhaustive.
#1012,Spatial Ground Must Preserve the 2150 Test,DUPLICATE / NEAR-DUPLICATE,MERGE INTO STRONGER FINDING OR CLUSTER,Preservation and Archival Survival,HIGH,Merged,Preservation Register,#200,P4-D15,FALSE,FALSE,Primary target from Pass #4 cluster-level consolidation view. Consolidation parent carried from the first explicit Finding reference in the frozen classification rationale/related set; related references are not exhaustive.
#1013,Spatial Ground Must Preserve the 2200 Test in Principle,HISTORICAL REASONING ONLY,PRESERVE AS HISTORICAL REASONING ONLY,Preservation and Archival Survival,HIGH,Historical only,Preservation Register,,P4-D15,FALSE,FALSE,Primary target from Pass #4 cluster-level consolidation view.
#1014,Spatial Ground Must Avoid Historical Parochialism,DUPLICATE / NEAR-DUPLICATE,MERGE INTO STRONGER FINDING OR CLUSTER,Technology and Infrastructure Independence,HIGH,Merged,CORE-05b,#80,P4-D15,FALSE,FALSE,Primary target from Pass #4 cluster-level consolidation view. Consolidation parent carried from the first explicit Finding reference in the frozen classification rationale/related set; related references are not exhaustive.
#1015,Spatial Ground Must Be Era-Neutral,DUPLICATE / NEAR-DUPLICATE,MERGE INTO STRONGER FINDING OR CLUSTER,Technology and Infrastructure Independence,HIGH,Merged,CORE-05b,#80,P4-D15,FALSE,FALSE,Primary target from Pass #4 cluster-level consolidation view. Consolidation parent carried from the first explicit Finding reference in the frozen classification rationale/related set; related references are not exhaustive.
#1016,Spatial Ground Must Be Vendor-Neutral,DUPLICATE / NEAR-DUPLICATE,MERGE INTO STRONGER FINDING OR CLUSTER,Technology and Infrastructure Independence,HIGH,Merged,CORE-05b,#81,P4-D15,FALSE,FALSE,Primary target from Pass #4 cluster-level consolidation view. Consolidation parent carried from the first explicit Finding reference in the frozen classification rationale/related set; related references are not exhaustive.
#1017,Spatial Ground Must Be Platform-Neutral,DUPLICATE / NEAR-DUPLICATE,MERGE INTO STRONGER FINDING OR CLUSTER,Technology and Infrastructure Independence,HIGH,Merged,CORE-05b,#81,P4-D15,FALSE,FALSE,Primary target from Pass #4 cluster-level consolidation view. Consolidation parent carried from the first explicit Finding reference in the frozen classification rationale/related set; related references are not exhaustive.
#1018,Spatial Ground Must Be Protocol-Neutral Where Possible,DUPLICATE / NEAR-DUPLICATE,MERGE INTO STRONGER FINDING OR CLUSTER,Technology and Infrastructure Independence,HIGH,Merged,CORE-05b,#81,P4-D15,FALSE,FALSE,Primary target from Pass #4 cluster-level consolidation view. Consolidation parent carried from the first explicit Finding reference in the frozen classification rationale/related set; related references are not exhaustive.
#1019,Spatial Ground Must Be Language-Neutral,DUPLICATE / NEAR-DUPLICATE,MERGE INTO STRONGER FINDING OR CLUSTER,Independent Implementation,HIGH,Merged,CORE-03c,#26,P4-D15,FALSE,FALSE,Primary target from Pass #4 cluster-level consolidation view. Consolidation parent carried from the first explicit Finding reference in the frozen classification rationale/related set; related references are not exhaustive.
#1020,Spatial Ground Must Be Interface-Neutral,DUPLICATE / NEAR-DUPLICATE,MERGE INTO STRONGER FINDING OR CLUSTER,Technology and Infrastructure Independence,HIGH,Merged,CORE-05b,#29,P4-D15,FALSE,FALSE,Primary target from Pass #4 cluster-level consolidation view. Consolidation parent carried from the first explicit Finding reference in the frozen classification rationale/related set; related references are not exhaustive.
#1021,Spatial Ground Must Preserve Meaning Under Automation,DUPLICATE / NEAR-DUPLICATE,MERGE INTO STRONGER FINDING OR CLUSTER,Operational Non-Authority,HIGH,Merged,CORE-05c,#19,P4-D15,FALSE,FALSE,Primary target from Pass #4 cluster-level consolidation view. Consolidation parent carried from the first explicit Finding reference in the frozen classification rationale/related set; related references are not exhaustive.
#1022,Spatial Ground Must Preserve Meaning Under Autonomous Agents,DUPLICATE / NEAR-DUPLICATE,MERGE INTO STRONGER FINDING OR CLUSTER,Operational Non-Authority,HIGH,Merged,CORE-05c,#19,P4-D15,FALSE,FALSE,Primary target from Pass #4 cluster-level consolidation view. Consolidation parent carried from the first explicit Finding reference in the frozen classification rationale/related set; related references are not exhaustive.
#1023,Spatial Ground Must Preserve Meaning Under Procedural Generation,DUPLICATE / NEAR-DUPLICATE,MERGE INTO STRONGER FINDING OR CLUSTER,Runtime Independence,HIGH,Merged,CORE-05a,#4,P4-D15,FALSE,FALSE,Primary target from Pass #4 cluster-level consolidation view. Consolidation parent carried from the first explicit Finding reference in the frozen classification rationale/related set; related references are not exhaustive.
#1024,Spatial Ground Must Preserve Meaning Under Simulation,DUPLICATE / NEAR-DUPLICATE,MERGE INTO STRONGER FINDING OR CLUSTER,Runtime Independence,HIGH,Merged,CORE-05a,#4,P4-D15,FALSE,FALSE,Primary target from Pass #4 cluster-level consolidation view. Consolidation parent carried from the first explicit Finding reference in the frozen classification rationale/related set; related references are not exhaustive.
#1025,Spatial Ground Must Preserve Meaning Under User Creation,DUPLICATE / NEAR-DUPLICATE,MERGE INTO STRONGER FINDING OR CLUSTER,Higher-Layer Independence,HIGH,Merged,CORE-05a,#4,P4-D15,FALSE,FALSE,Primary target from Pass #4 cluster-level consolidation view. Consolidation parent carried from the first explicit Finding reference in the frozen classification rationale/related set; related references are not exhaustive.
#1026,Spatial Ground Must Preserve Meaning Under Collective Creation,DUPLICATE / NEAR-DUPLICATE,MERGE INTO STRONGER FINDING OR CLUSTER,Higher-Layer Independence,HIGH,Merged,CORE-05a,#4,P4-D15,FALSE,FALSE,Primary target from Pass #4 cluster-level consolidation view. Consolidation parent carried from the first explicit Finding reference in the frozen classification rationale/related set; related references are not exhaustive.
#1027,Spatial Ground Must Preserve Meaning Under Ownership Transfer,DUPLICATE / NEAR-DUPLICATE,MERGE INTO STRONGER FINDING OR CLUSTER,Rights / Governance Independence,HIGH,Merged,CORE-05a,#20,P4-D15,FALSE,FALSE,Primary target from Pass #4 cluster-level consolidation view. Consolidation parent carried from the first explicit Finding reference in the frozen classification rationale/related set; related references are not exhaustive.
#1028,Spatial Ground Must Preserve Meaning Under Institutional Transfer,DUPLICATE / NEAR-DUPLICATE,MERGE INTO STRONGER FINDING OR CLUSTER,Institutional Authority and Adoption,HIGH,Merged,IF-01,#147,P4-D15,FALSE,FALSE,Primary target from Pass #4 cluster-level consolidation view. Consolidation parent carried from the first explicit Finding reference in the frozen classification rationale/related set; related references are not exhaustive.
#1029,Spatial Ground Must Preserve Meaning Under Economic Collapse,DUPLICATE / NEAR-DUPLICATE,MERGE INTO STRONGER FINDING OR CLUSTER,Interpretation Independence,HIGH,Merged,CORE-05a,#20,P4-D15,FALSE,FALSE,Primary target from Pass #4 cluster-level consolidation view. Consolidation parent carried from the first explicit Finding reference in the frozen classification rationale/related set; related references are not exhaustive.
#1030,Spatial Ground Must Preserve Meaning Under Governance Collapse,DUPLICATE / NEAR-DUPLICATE,MERGE INTO STRONGER FINDING OR CLUSTER,Preservation and Archival Survival,HIGH,Merged,Preservation Register,#147,P4-D15,FALSE,FALSE,Primary target from Pass #4 cluster-level consolidation view. Consolidation parent carried from the first explicit Finding reference in the frozen classification rationale/related set; related references are not exhaustive.
#1031,Spatial Ground Must Preserve Meaning Under Network Collapse,DUPLICATE / NEAR-DUPLICATE,MERGE INTO STRONGER FINDING OR CLUSTER,Preservation and Archival Survival,HIGH,Merged,Preservation Register,#83,P4-D15,FALSE,FALSE,Primary target from Pass #4 cluster-level consolidation view. Consolidation parent carried from the first explicit Finding reference in the frozen classification rationale/related set; related references are not exhaustive.
#1032,Spatial Ground Must Preserve Meaning Under Software Collapse,DUPLICATE / NEAR-DUPLICATE,MERGE INTO STRONGER FINDING OR CLUSTER,Technology and Infrastructure Independence,HIGH,Merged,CORE-05b,#81,P4-D15,FALSE,FALSE,Primary target from Pass #4 cluster-level consolidation view. Consolidation parent carried from the first explicit Finding reference in the frozen classification rationale/related set; related references are not exhaustive.
#1033,Spatial Ground Must Preserve Meaning Under Hardware Collapse,DUPLICATE / NEAR-DUPLICATE,MERGE INTO STRONGER FINDING OR CLUSTER,Technology and Infrastructure Independence,HIGH,Merged,CORE-05b,#81,P4-D15,FALSE,FALSE,Primary target from Pass #4 cluster-level consolidation view. Consolidation parent carried from the first explicit Finding reference in the frozen classification rationale/related set; related references are not exhaustive.
#1034,Spatial Ground Must Preserve Meaning Under Cryptographic Collapse,DUPLICATE / NEAR-DUPLICATE,MERGE INTO STRONGER FINDING OR CLUSTER,Technology and Infrastructure Independence,HIGH,Merged,CORE-05b,#81,P4-D15,FALSE,FALSE,Primary target from Pass #4 cluster-level consolidation view. Consolidation parent carried from the first explicit Finding reference in the frozen classification rationale/related set; related references are not exhaustive.
#1035,Spatial Ground Must Preserve Meaning Under File-Format Collapse,DUPLICATE / NEAR-DUPLICATE,MERGE INTO STRONGER FINDING OR CLUSTER,Representation Independence,HIGH,Merged,CORE-07,#81,P4-D15,FALSE,FALSE,Primary target from Pass #4 cluster-level consolidation view. Consolidation parent carried from the first explicit Finding reference in the frozen classification rationale/related set; related references are not exhaustive.
#1036,Spatial Ground Must Preserve Meaning Under Institutional Forgetfulness,DUPLICATE / NEAR-DUPLICATE,MERGE INTO STRONGER FINDING OR CLUSTER,Preservation and Archival Survival,HIGH,Merged,Preservation Register,#27,P4-D15,FALSE,FALSE,Primary target from Pass #4 cluster-level consolidation view. Consolidation parent carried from the first explicit Finding reference in the frozen classification rationale/related set; related references are not exhaustive.
#1037,Spatial Ground Must Preserve Meaning Under Cultural Change,DUPLICATE / NEAR-DUPLICATE,MERGE INTO STRONGER FINDING OR CLUSTER,Interpretation Independence,HIGH,Merged,CORE-05a,#20,P4-D15,FALSE,FALSE,Primary target from Pass #4 cluster-level consolidation view. Consolidation parent carried from the first explicit Finding reference in the frozen classification rationale/related set; related references are not exhaustive.
#1038,Spatial Ground Must Preserve Meaning Under Renaming of The World,DUPLICATE / NEAR-DUPLICATE,MERGE INTO STRONGER FINDING OR CLUSTER,Interpretation Independence,HIGH,Merged,CORE-05a,#4,P4-D15,FALSE,FALSE,Primary target from Pass #4 cluster-level consolidation view. Consolidation parent carried from the first explicit Finding reference in the frozen classification rationale/related set; related references are not exhaustive.
#1039,Spatial Ground Must Preserve Meaning Under Rebranding,DUPLICATE / NEAR-DUPLICATE,MERGE INTO STRONGER FINDING OR CLUSTER,Interpretation Independence,HIGH,Merged,CORE-05a,#4,P4-D15,FALSE,FALSE,Primary target from Pass #4 cluster-level consolidation view. Consolidation parent carried from the first explicit Finding reference in the frozen classification rationale/related set; related references are not exhaustive.
#1040,Spatial Ground Must Preserve Meaning Under Experience Revolution,DUPLICATE / NEAR-DUPLICATE,MERGE INTO STRONGER FINDING OR CLUSTER,Technology and Infrastructure Independence,HIGH,Merged,CORE-05b,#81,P4-D15,FALSE,FALSE,Primary target from Pass #4 cluster-level consolidation view. Consolidation parent carried from the first explicit Finding reference in the frozen classification rationale/related set; related references are not exhaustive.
#1041,Spatial Ground Must Remain Legible to Non-Experience Systems,DUPLICATE / NEAR-DUPLICATE,MERGE INTO STRONGER FINDING OR CLUSTER,Technology and Infrastructure Independence,HIGH,Merged,CORE-05b,#19,P4-D15,FALSE,FALSE,Primary target from Pass #4 cluster-level consolidation view. Consolidation parent carried from the first explicit Finding reference in the frozen classification rationale/related set; related references are not exhaustive.
#1042,Spatial Ground Must Support Durable Spatial Evidence,DUPLICATE / NEAR-DUPLICATE,MERGE INTO STRONGER FINDING OR CLUSTER,Change Control and Permanence,HIGH,Merged,CORE-06,#4,P4-D15,FALSE,FALSE,Primary target from Pass #4 cluster-level consolidation view. Consolidation parent carried from the first explicit Finding reference in the frozen classification rationale/related set; related references are not exhaustive.
#1043,Spatial Ground Must Support Historical Reconstruction Above It,DUPLICATE / NEAR-DUPLICATE,MERGE INTO STRONGER FINDING OR CLUSTER,Change Control and Permanence,HIGH,Merged,CORE-06,#4,P4-D15,FALSE,FALSE,Primary target from Pass #4 cluster-level consolidation view. Consolidation parent carried from the first explicit Finding reference in the frozen classification rationale/related set; related references are not exhaustive.
#1044,Spatial Ground Must Preserve Canonical Anchoring for The Chronicle,DUPLICATE / NEAR-DUPLICATE,MERGE INTO STRONGER FINDING OR CLUSTER,Layer Boundaries,HIGH,Merged,BOUND-01,#20,P4-D15,FALSE,FALSE,Primary target from Pass #4 cluster-level consolidation view. Consolidation parent carried from the first explicit Finding reference in the frozen classification rationale/related set; related references are not exhaustive.
#1045,Spatial Ground Must Preserve Canonical Anchoring for The Atlas,DUPLICATE / NEAR-DUPLICATE,MERGE INTO STRONGER FINDING OR CLUSTER,Layer Boundaries,HIGH,Merged,BOUND-01,#20,P4-D15,FALSE,FALSE,Primary target from Pass #4 cluster-level consolidation view. Consolidation parent carried from the first explicit Finding reference in the frozen classification rationale/related set; related references are not exhaustive.
#1046,Spatial Ground Must Preserve Canonical Anchoring for The Codex,DUPLICATE / NEAR-DUPLICATE,MERGE INTO STRONGER FINDING OR CLUSTER,Constitutional Subordination,HIGH,Merged,CONST-01,#91,P4-D15,FALSE,FALSE,Primary target from Pass #4 cluster-level consolidation view. Consolidation parent carried from the first explicit Finding reference in the frozen classification rationale/related set; related references are not exhaustive.
#1047,Spatial Ground Must Preserve Canonical Anchoring for Future Institutions,DERIVED CONSEQUENCE,MERGE INTO STRONGER FINDING OR CLUSTER,Institutional Authority and Adoption,HIGH,Merged,IF-01,#19,P4-D15,FALSE,FALSE,Primary target from Pass #4 cluster-level consolidation view. Consolidation parent carried from the first explicit Finding reference in the frozen classification rationale/related set; related references are not exhaustive.
#1048,Spatial Ground Must Remain Institutionally Narrow,DERIVED CONSEQUENCE,MERGE INTO STRONGER FINDING OR CLUSTER,Minimality and Semantic Restraint,HIGH,Merged,BOUND-01,#58,P4-D15,FALSE,FALSE,Primary target from Pass #4 cluster-level consolidation view. Consolidation parent carried from the first explicit Finding reference in the frozen classification rationale/related set; related references are not exhaustive.
#1049,Spatial Ground Must Resist Semantic Capture,DERIVED CONSEQUENCE,MERGE INTO STRONGER FINDING OR CLUSTER,Terminology Discipline,HIGH,Merged,Terminology Register,#8,P4-D15,FALSE,FALSE,Primary target from Pass #4 cluster-level consolidation view. Consolidation parent carried from the first explicit Finding reference in the frozen classification rationale/related set; related references are not exhaustive.
#1050,Spatial Ground Must Remain the Quiet Spatial Constitution Beneath Architecture,DUPLICATE / NEAR-DUPLICATE,MERGE INTO STRONGER FINDING OR CLUSTER,Core World-Space Membership,HIGH,Merged,CORE-01,#1,P4-D15,FALSE,FALSE,Primary target from Pass #4 cluster-level consolidation view. Consolidation parent carried from the first explicit Finding reference in the frozen classification rationale/related set; related references are not exhaustive.
#1051,Spatial Ground Must Distinguish Canonical Place From Spatial Narrative,DUPLICATE / NEAR-DUPLICATE,MERGE INTO STRONGER FINDING OR CLUSTER,Interpretation Independence,HIGH,Merged,CORE-05a,#4,P4-D15,FALSE,FALSE,Primary target from Pass #4 cluster-level consolidation view. Consolidation parent carried from the first explicit Finding reference in the frozen classification rationale/related set; related references are not exhaustive.
#1052,Spatial Ground Must Distinguish Canonical Place From Spatial Metaphor,DUPLICATE / NEAR-DUPLICATE,MERGE INTO STRONGER FINDING OR CLUSTER,Terminology Discipline,HIGH,Merged,Terminology Register,#480,P4-D15,FALSE,FALSE,Primary target from Pass #4 cluster-level consolidation view. Consolidation parent carried from the first explicit Finding reference in the frozen classification rationale/related set; related references are not exhaustive.
#1053,Spatial Ground Must Preserve Formal Meaning Beneath Metaphor,TERMINOLOGY / DOCUMENTATION CANDIDATE,MOVE TO TERMINOLOGY / DOCUMENTATION,Terminology Discipline,HIGH,Terminology,Terminology Register,,P4-D15,FALSE,FALSE,Primary target from Pass #4 cluster-level consolidation view.
#1054,Spatial Ground Must Prevent Metaphor From Becoming Constraint,DERIVED CONSEQUENCE,MERGE INTO STRONGER FINDING OR CLUSTER,Terminology Discipline,MEDIUM,Merged,Terminology Register,#480,P4-D15,FALSE,FALSE,Primary target from Pass #4 cluster-level consolidation view. Consolidation parent carried from the first explicit Finding reference in the frozen classification rationale/related set; related references are not exhaustive.
#1055,Spatial Ground Must Distinguish Conceptual Model From Canonical Model,DUPLICATE / NEAR-DUPLICATE,MERGE INTO STRONGER FINDING OR CLUSTER,Operational Non-Authority,HIGH,Merged,CORE-05c,#19,P4-D15,FALSE,FALSE,Primary target from Pass #4 cluster-level consolidation view. Consolidation parent carried from the first explicit Finding reference in the frozen classification rationale/related set; related references are not exhaustive.
#1056,Spatial Ground Must Preserve Conceptual Simplicity,DUPLICATE / NEAR-DUPLICATE,MERGE INTO STRONGER FINDING OR CLUSTER,Preservation and Archival Survival,HIGH,Merged,Preservation Register,#69,P4-D15,FALSE,FALSE,Primary target from Pass #4 cluster-level consolidation view. Consolidation parent carried from the first explicit Finding reference in the frozen classification rationale/related set; related references are not exhaustive.
#1057,Spatial Ground Must Avoid Conceptual Overload,DUPLICATE / NEAR-DUPLICATE,MERGE INTO STRONGER FINDING OR CLUSTER,Preservation and Archival Survival,HIGH,Merged,Preservation Register,#69,P4-D15,FALSE,FALSE,Primary target from Pass #4 cluster-level consolidation view. Consolidation parent carried from the first explicit Finding reference in the frozen classification rationale/related set; related references are not exhaustive.
#1058,Spatial Ground Must Preserve a Clear Mental Model,DUPLICATE / NEAR-DUPLICATE,MERGE INTO STRONGER FINDING OR CLUSTER,Preservation and Archival Survival,HIGH,Merged,Preservation Register,#69,P4-D15,FALSE,FALSE,Primary target from Pass #4 cluster-level consolidation view. Consolidation parent carried from the first explicit Finding reference in the frozen classification rationale/related set; related references are not exhaustive.
#1059,Spatial Ground Must Preserve Semantic Economy,DUPLICATE / NEAR-DUPLICATE,MERGE INTO STRONGER FINDING OR CLUSTER,Minimality and Semantic Restraint,HIGH,Merged,BOUND-01,#58,P4-D15,FALSE,FALSE,Primary target from Pass #4 cluster-level consolidation view. Consolidation parent carried from the first explicit Finding reference in the frozen classification rationale/related set; related references are not exhaustive.
#1060,Spatial Ground Must Minimize Canonical Vocabulary,TERMINOLOGY / DOCUMENTATION CANDIDATE,MOVE TO TERMINOLOGY / DOCUMENTATION,Terminology Discipline,HIGH,Terminology,Terminology Register,,P4-D15,FALSE,TRUE,Primary target from Pass #4 cluster-level consolidation view.
#1061,Spatial Ground Must Avoid Redundant Terms,DUPLICATE / NEAR-DUPLICATE,MERGE INTO STRONGER FINDING OR CLUSTER,Terminology Discipline,HIGH,Merged,Terminology Register,#469,P4-D15,FALSE,FALSE,Primary target from Pass #4 cluster-level consolidation view. Consolidation parent carried from the first explicit Finding reference in the frozen classification rationale/related set; related references are not exhaustive.
#1062,Spatial Ground Must Avoid Ambiguous Terms,DUPLICATE / NEAR-DUPLICATE,MERGE INTO STRONGER FINDING OR CLUSTER,Terminology Discipline,HIGH,Merged,Terminology Register,#469,P4-D15,FALSE,FALSE,Primary target from Pass #4 cluster-level consolidation view. Consolidation parent carried from the first explicit Finding reference in the frozen classification rationale/related set; related references are not exhaustive.
#1063,Spatial Ground Must Define Terms Before Formal Dependence,TERMINOLOGY / DOCUMENTATION CANDIDATE,MOVE TO TERMINOLOGY / DOCUMENTATION,Terminology Discipline,HIGH,Terminology,Terminology Register,,P4-D15,FALSE,FALSE,Primary target from Pass #4 cluster-level consolidation view.
#1064,Spatial Ground Must Preserve Terminological Dependency Order,DUPLICATE / NEAR-DUPLICATE,MERGE INTO STRONGER FINDING OR CLUSTER,Terminology Discipline,HIGH,Merged,Terminology Register,#1063,P4-D15,FALSE,FALSE,Primary target from Pass #4 cluster-level consolidation view. Consolidation parent carried from the first explicit Finding reference in the frozen classification rationale/related set; related references are not exhaustive.
#1065,Spatial Ground Must Preserve Definition Stability,DUPLICATE / NEAR-DUPLICATE,MERGE INTO STRONGER FINDING OR CLUSTER,Terminology Discipline,HIGH,Merged,Terminology Register,#469,P4-D15,FALSE,FALSE,Primary target from Pass #4 cluster-level consolidation view. Consolidation parent carried from the first explicit Finding reference in the frozen classification rationale/related set; related references are not exhaustive.
#1066,Spatial Ground Must Distinguish Defined Terms From Ordinary Language,TERMINOLOGY / DOCUMENTATION CANDIDATE,MOVE TO TERMINOLOGY / DOCUMENTATION,Terminology Discipline,HIGH,Terminology,Terminology Register,,P4-D15,FALSE,FALSE,Primary target from Pass #4 cluster-level consolidation view.
#1067,Spatial Ground Must Avoid Definitions by Example Alone,TERMINOLOGY / DOCUMENTATION CANDIDATE,MOVE TO TERMINOLOGY / DOCUMENTATION,Terminology Discipline,HIGH,Terminology,Terminology Register,,P4-D15,FALSE,FALSE,Primary target from Pass #4 cluster-level consolidation view.
#1068,Spatial Ground Must Avoid Circular Definitions,TERMINOLOGY / DOCUMENTATION CANDIDATE,MOVE TO TERMINOLOGY / DOCUMENTATION,Terminology Discipline,HIGH,Terminology,Terminology Register,,P4-D15,FALSE,FALSE,Primary target from Pass #4 cluster-level consolidation view.
#1069,Spatial Ground Must Avoid Hidden Assumptions in Definitions,TERMINOLOGY / DOCUMENTATION CANDIDATE,MOVE TO TERMINOLOGY / DOCUMENTATION,Terminology Discipline,HIGH,Terminology,Terminology Register,,P4-D15,FALSE,TRUE,Primary target from Pass #4 cluster-level consolidation view.
#1070,Spatial Ground Must Define World-Space Positively,DERIVED CONSEQUENCE,MERGE INTO STRONGER FINDING OR CLUSTER,Core World-Space Membership,MEDIUM,Merged,CORE-01,#1,P4-D15,FALSE,FALSE,Primary target from Pass #4 cluster-level consolidation view. Consolidation parent carried from the first explicit Finding reference in the frozen classification rationale/related set; related references are not exhaustive.
#1071,Non-World-Space Should Be Defined Relationally,DERIVED CONSEQUENCE,MERGE INTO STRONGER FINDING OR CLUSTER,Survey-to-World Relationship,HIGH,Merged,CORE-02,#8,P4-D15,TRUE,FALSE,Primary target from Pass #4 cluster-level consolidation view. Consolidation parent carried from the first explicit Finding reference in the frozen classification rationale/related set; related references are not exhaustive.
#1072,Non-World-Space Must Not Become a Second World Ontology,DUPLICATE / NEAR-DUPLICATE,MERGE INTO STRONGER FINDING OR CLUSTER,Minimality and Semantic Restraint,HIGH,Merged,BOUND-01,#20,P4-D15,FALSE,FALSE,Primary target from Pass #4 cluster-level consolidation view. Consolidation parent carried from the first explicit Finding reference in the frozen classification rationale/related set; related references are not exhaustive.
#1073,Spatial Ground Must Avoid Positive Semantics for Non-World-Space,DUPLICATE / NEAR-DUPLICATE,MERGE INTO STRONGER FINDING OR CLUSTER,Minimality and Semantic Restraint,HIGH,Merged,BOUND-01,#20,P4-D15,FALSE,FALSE,Primary target from Pass #4 cluster-level consolidation view. Consolidation parent carried from the first explicit Finding reference in the frozen classification rationale/related set; related references are not exhaustive.
#1074,Spatial Ground Must Preserve Survey Validity Outside The World,DUPLICATE / NEAR-DUPLICATE,MERGE INTO STRONGER FINDING OR CLUSTER,Survey-to-World Relationship,HIGH,Merged,CORE-02,#13,P4-D15,FALSE,FALSE,Primary target from Pass #4 cluster-level consolidation view. Consolidation parent carried from the first explicit Finding reference in the frozen classification rationale/related set; related references are not exhaustive.
#1075,Spatial Ground Must Avoid Treating Non-World-Space as Error,DUPLICATE / NEAR-DUPLICATE,MERGE INTO STRONGER FINDING OR CLUSTER,Failure Semantics,HIGH,Merged,CORE-03b,#252,P4-D15,FALSE,FALSE,Primary target from Pass #4 cluster-level consolidation view. Consolidation parent carried from the first explicit Finding reference in the frozen classification rationale/related set; related references are not exhaustive.
#1076,Spatial Ground Must Distinguish Valid Non-Membership From Invalid Input,DUPLICATE / NEAR-DUPLICATE,MERGE INTO STRONGER FINDING OR CLUSTER,Failure Semantics,HIGH,Merged,CORE-03b,#159,P4-D15,FALSE,FALSE,Primary target from Pass #4 cluster-level consolidation view. Consolidation parent carried from the first explicit Finding reference in the frozen classification rationale/related set; related references are not exhaustive.
#1077,Spatial Ground Must Preserve Query Completeness Across Both Classes,DUPLICATE / NEAR-DUPLICATE,MERGE INTO STRONGER FINDING OR CLUSTER,Exact Membership and Boundary Resolution,HIGH,Merged,CORE-03,#15,P4-D15,FALSE,FALSE,Primary target from Pass #4 cluster-level consolidation view. Consolidation parent carried from the first explicit Finding reference in the frozen classification rationale/related set; related references are not exhaustive.
#1078,Spatial Ground Must Not Privilege Inclusion Computationally,DERIVED CONSEQUENCE,MERGE INTO STRONGER FINDING OR CLUSTER,Single Canonical Truth,HIGH,Merged,CORE-04,#8,P4-D15,FALSE,FALSE,Primary target from Pass #4 cluster-level consolidation view. Consolidation parent carried from the first explicit Finding reference in the frozen classification rationale/related set; related references are not exhaustive.
#1079,Spatial Ground Must Not Privilege Exclusion Computationally,DUPLICATE / NEAR-DUPLICATE,MERGE INTO STRONGER FINDING OR CLUSTER,Failure Semantics,HIGH,Merged,CORE-03b,#251,P4-D15,FALSE,FALSE,Primary target from Pass #4 cluster-level consolidation view. Consolidation parent carried from the first explicit Finding reference in the frozen classification rationale/related set; related references are not exhaustive.
#1080,Spatial Ground Must Prefer Explicit Membership Logic Over Missing-Record Logic,DUPLICATE / NEAR-DUPLICATE,MERGE INTO STRONGER FINDING OR CLUSTER,Failure Semantics,HIGH,Merged,CORE-03b,#251,P4-D15,FALSE,FALSE,Primary target from Pass #4 cluster-level consolidation view. Consolidation parent carried from the first explicit Finding reference in the frozen classification rationale/related set; related references are not exhaustive.
#1081,Spatial Ground Must Define Membership Domain Clearly,SPECIFICATION CANDIDATE,MOVE TO SPECIFICATION,Exact Membership and Boundary Resolution,HIGH,Specification,CORE-03,,P4-D15,FALSE,FALSE,Primary target from Pass #4 cluster-level consolidation view.
#1082,Spatial Ground Must Define Membership Codomain Clearly,SPECIFICATION CANDIDATE,MOVE TO SPECIFICATION,Exact Membership and Boundary Resolution,HIGH,Specification,CORE-03,,P4-D15,FALSE,FALSE,Primary target from Pass #4 cluster-level consolidation view.
#1083,Spatial Ground Must Distinguish Canonical Outcome From Operational Response,CONFORMANCE / VALIDATION CANDIDATE,MOVE TO CONFORMANCE / VALIDATION,Failure Semantics,MEDIUM,Conformance,CORE-03b,,P4-D15,TRUE,FALSE,Primary target from Pass #4 cluster-level consolidation view.
#1084,Spatial Ground Must Preserve Canonical Outcome Semantics Across APIs,DUPLICATE / NEAR-DUPLICATE,MERGE INTO STRONGER FINDING OR CLUSTER,Representation Independence,HIGH,Merged,CORE-07,#29,P4-D15,FALSE,FALSE,Primary target from Pass #4 cluster-level consolidation view. Consolidation parent carried from the first explicit Finding reference in the frozen classification rationale/related set; related references are not exhaustive.
#1085,Spatial Ground Must Avoid Boolean Oversimplification Where It Hides Invalidity,DUPLICATE / NEAR-DUPLICATE,MERGE INTO STRONGER FINDING OR CLUSTER,Failure Semantics,HIGH,Merged,CORE-03b,#252,P4-D15,FALSE,FALSE,Primary target from Pass #4 cluster-level consolidation view. Consolidation parent carried from the first explicit Finding reference in the frozen classification rationale/related set; related references are not exhaustive.
#1086,Spatial Ground Must Preserve Exact Membership Under Canonical Transformation,DUPLICATE / NEAR-DUPLICATE,MERGE INTO STRONGER FINDING OR CLUSTER,Canonical Equivalence,HIGH,Merged,DEF-05,#116,P4-D15,FALSE,FALSE,Primary target from Pass #4 cluster-level consolidation view. Consolidation parent carried from the first explicit Finding reference in the frozen classification rationale/related set; related references are not exhaustive.
#1087,Spatial Ground Must Preserve Membership Under Serialization,DUPLICATE / NEAR-DUPLICATE,MERGE INTO STRONGER FINDING OR CLUSTER,Representation Independence,HIGH,Merged,CORE-07,#29,P4-D15,FALSE,FALSE,Primary target from Pass #4 cluster-level consolidation view. Consolidation parent carried from the first explicit Finding reference in the frozen classification rationale/related set; related references are not exhaustive.
#1088,Spatial Ground Must Preserve Membership Under Migration,DUPLICATE / NEAR-DUPLICATE,MERGE INTO STRONGER FINDING OR CLUSTER,Representation Independence,HIGH,Merged,CORE-07,#29,P4-D15,FALSE,FALSE,Primary target from Pass #4 cluster-level consolidation view. Consolidation parent carried from the first explicit Finding reference in the frozen classification rationale/related set; related references are not exhaustive.
#1089,Spatial Ground Must Preserve Membership Under Replication,DUPLICATE / NEAR-DUPLICATE,MERGE INTO STRONGER FINDING OR CLUSTER,Single Canonical Truth,HIGH,Merged,CORE-04,#8,P4-D15,FALSE,FALSE,Primary target from Pass #4 cluster-level consolidation view. Consolidation parent carried from the first explicit Finding reference in the frozen classification rationale/related set; related references are not exhaustive.
#1090,Spatial Ground Must Preserve Membership Under Independent Reimplementation,DUPLICATE / NEAR-DUPLICATE,MERGE INTO STRONGER FINDING OR CLUSTER,Independent Implementation,HIGH,Merged,CORE-03c,#26,P4-D15,FALSE,FALSE,Primary target from Pass #4 cluster-level consolidation view. Consolidation parent carried from the first explicit Finding reference in the frozen classification rationale/related set; related references are not exhaustive.
#1091,Spatial Ground Must Preserve Membership Under Future Optimization,DUPLICATE / NEAR-DUPLICATE,MERGE INTO STRONGER FINDING OR CLUSTER,Technology and Infrastructure Independence,HIGH,Merged,CORE-05b,#80,P4-D15,FALSE,FALSE,Primary target from Pass #4 cluster-level consolidation view. Consolidation parent carried from the first explicit Finding reference in the frozen classification rationale/related set; related references are not exhaustive.
#1092,Spatial Ground Must Preserve Membership Under Parallelism,DUPLICATE / NEAR-DUPLICATE,MERGE INTO STRONGER FINDING OR CLUSTER,Independent Implementation,HIGH,Merged,CORE-03c,#26,P4-D15,FALSE,FALSE,Primary target from Pass #4 cluster-level consolidation view. Consolidation parent carried from the first explicit Finding reference in the frozen classification rationale/related set; related references are not exhaustive.
#1093,Spatial Ground Must Preserve Membership Under Caching,DUPLICATE / NEAR-DUPLICATE,MERGE INTO STRONGER FINDING OR CLUSTER,Operational Non-Authority,HIGH,Merged,CORE-05c,#19,P4-D15,FALSE,FALSE,Primary target from Pass #4 cluster-level consolidation view. Consolidation parent carried from the first explicit Finding reference in the frozen classification rationale/related set; related references are not exhaustive.
#1094,Spatial Ground Must Preserve Membership Under Indexing,DUPLICATE / NEAR-DUPLICATE,MERGE INTO STRONGER FINDING OR CLUSTER,Operational Non-Authority,HIGH,Merged,CORE-05c,#19,P4-D15,FALSE,FALSE,Primary target from Pass #4 cluster-level consolidation view. Consolidation parent carried from the first explicit Finding reference in the frozen classification rationale/related set; related references are not exhaustive.
#1095,Spatial Ground Must Preserve Membership Under Partitioning,DUPLICATE / NEAR-DUPLICATE,MERGE INTO STRONGER FINDING OR CLUSTER,Operational Non-Authority,HIGH,Merged,CORE-05c,#817,P4-D15,FALSE,FALSE,Primary target from Pass #4 cluster-level consolidation view. Consolidation parent carried from the first explicit Finding reference in the frozen classification rationale/related set; related references are not exhaustive.
#1096,Spatial Ground Must Preserve Membership Under Distribution,DUPLICATE / NEAR-DUPLICATE,MERGE INTO STRONGER FINDING OR CLUSTER,Operational Non-Authority,HIGH,Merged,CORE-05c,#19,P4-D15,FALSE,FALSE,Primary target from Pass #4 cluster-level consolidation view. Consolidation parent carried from the first explicit Finding reference in the frozen classification rationale/related set; related references are not exhaustive.
#1097,Spatial Ground Must Preserve Membership Under Offline Evaluation,DUPLICATE / NEAR-DUPLICATE,MERGE INTO STRONGER FINDING OR CLUSTER,Reconstruction and Recoverability,HIGH,Merged,DEF-02,#83,P4-D15,FALSE,FALSE,Primary target from Pass #4 cluster-level consolidation view. Consolidation parent carried from the first explicit Finding reference in the frozen classification rationale/related set; related references are not exhaustive.
#1098,Spatial Ground Must Preserve Membership Under Long-Term Archival Recovery,DUPLICATE / NEAR-DUPLICATE,MERGE INTO STRONGER FINDING OR CLUSTER,Reconstruction and Recoverability,HIGH,Merged,DEF-02,#26,P4-D15,FALSE,FALSE,Primary target from Pass #4 cluster-level consolidation view. Consolidation parent carried from the first explicit Finding reference in the frozen classification rationale/related set; related references are not exhaustive.
#1099,Spatial Ground Must Preserve Membership Under Institutional Succession,DUPLICATE / NEAR-DUPLICATE,MERGE INTO STRONGER FINDING OR CLUSTER,Institutional Authority and Adoption,HIGH,Merged,IF-01,#147,P4-D15,FALSE,FALSE,Primary target from Pass #4 cluster-level consolidation view. Consolidation parent carried from the first explicit Finding reference in the frozen classification rationale/related set; related references are not exhaustive.
#1100,Spatial Ground Must Make World Membership the Permanent Core,DUPLICATE / NEAR-DUPLICATE,MERGE INTO STRONGER FINDING OR CLUSTER,Core World-Space Membership,HIGH,Merged,CORE-01,#1,P4-D15,FALSE,FALSE,Primary target from Pass #4 cluster-level consolidation view. Consolidation parent carried from the first explicit Finding reference in the frozen classification rationale/related set; related references are not exhaustive.
#1101,Spatial Ground Must Distinguish Canonical Membership From Canonical Addressability,DERIVED CONSEQUENCE,MERGE INTO STRONGER FINDING OR CLUSTER,Survey-to-World Relationship,MEDIUM,Merged,CORE-02,#12,P4-D15,FALSE,FALSE,Primary target from Pass #4 cluster-level consolidation view. Consolidation parent carried from the first explicit Finding reference in the frozen classification rationale/related set; related references are not exhaustive.
#1102,Addressability Must Not Imply Inclusion,DUPLICATE / NEAR-DUPLICATE,MERGE INTO STRONGER FINDING OR CLUSTER,Survey-to-World Relationship,HIGH,Merged,CORE-02,#13,P4-D15,FALSE,FALSE,Primary target from Pass #4 cluster-level consolidation view. Consolidation parent carried from the first explicit Finding reference in the frozen classification rationale/related set; related references are not exhaustive.
#1103,Inclusion Must Not Alter Addressability,DERIVED CONSEQUENCE,MERGE INTO STRONGER FINDING OR CLUSTER,Survey Dependency / Downward Contract,HIGH,Merged,DOWN-01,#12,P4-D15,FALSE,FALSE,Primary target from Pass #4 cluster-level consolidation view. Consolidation parent carried from the first explicit Finding reference in the frozen classification rationale/related set; related references are not exhaustive.
#1104,Spatial Ground Must Preserve Stable Address-to-Place Meaning,DUPLICATE / NEAR-DUPLICATE,MERGE INTO STRONGER FINDING OR CLUSTER,Change Control and Permanence,HIGH,Merged,CORE-06,#4,P4-D15,FALSE,FALSE,Primary target from Pass #4 cluster-level consolidation view. Consolidation parent carried from the first explicit Finding reference in the frozen classification rationale/related set; related references are not exhaustive.
#1105,Spatial Ground Must Not Create Alias Ambiguity,SPECIFICATION CANDIDATE,MOVE TO SPECIFICATION,Canonical Equivalence,MEDIUM,Specification,DEF-05,,P4-D15,FALSE,FALSE,Primary target from Pass #4 cluster-level consolidation view.
#1106,Alias Support Must Preserve One Place,DUPLICATE / NEAR-DUPLICATE,MERGE INTO STRONGER FINDING OR CLUSTER,Canonical Equivalence,HIGH,Merged,DEF-05,#1105,P4-D15,FALSE,FALSE,Primary target from Pass #4 cluster-level consolidation view. Consolidation parent carried from the first explicit Finding reference in the frozen classification rationale/related set; related references are not exhaustive.
#1107,Spatial Ground Must Prevent Accidental Alias Creation,DERIVED CONSEQUENCE,MERGE INTO STRONGER FINDING OR CLUSTER,Canonical Equivalence,HIGH,Merged,DEF-05,#15,P4-D15,FALSE,FALSE,Primary target from Pass #4 cluster-level consolidation view. Consolidation parent carried from the first explicit Finding reference in the frozen classification rationale/related set; related references are not exhaustive.
#1108,Spatial Ground Must Prevent Accidental Place Splitting,DUPLICATE / NEAR-DUPLICATE,MERGE INTO STRONGER FINDING OR CLUSTER,Canonical Equivalence,HIGH,Merged,DEF-05,#216,P4-D15,FALSE,FALSE,Primary target from Pass #4 cluster-level consolidation view. Consolidation parent carried from the first explicit Finding reference in the frozen classification rationale/related set; related references are not exhaustive.
#1109,Spatial Ground Must Preserve Canonical Identity Under Reference Normalization,DUPLICATE / NEAR-DUPLICATE,MERGE INTO STRONGER FINDING OR CLUSTER,Canonical Equivalence,HIGH,Merged,DEF-05,#116,P4-D15,FALSE,FALSE,Primary target from Pass #4 cluster-level consolidation view. Consolidation parent carried from the first explicit Finding reference in the frozen classification rationale/related set; related references are not exhaustive.
#1110,Spatial Ground Must Reject Ambiguous Reference Normalization,SPECIFICATION CANDIDATE,MOVE TO SPECIFICATION,Canonical Equivalence,HIGH,Specification,DEF-05,,P4-D15,FALSE,FALSE,Primary target from Pass #4 cluster-level consolidation view.
#1111,Spatial Ground Must Distinguish Point Reference From Area Membership,SPECIFICATION CANDIDATE,MOVE TO SPECIFICATION,Exact Membership and Boundary Resolution,HIGH,Specification,CORE-03,,P4-D15,FALSE,FALSE,Primary target from Pass #4 cluster-level consolidation view.
#1112,Spatial Ground Must Distinguish Location Membership From Extent Intersection,DERIVED CONSEQUENCE,MERGE INTO STRONGER FINDING OR CLUSTER,Exact Membership and Boundary Resolution,HIGH,Merged,CORE-03,#1111,P4-D15,FALSE,FALSE,Primary target from Pass #4 cluster-level consolidation view. Consolidation parent carried from the first explicit Finding reference in the frozen classification rationale/related set; related references are not exhaustive.
#1113,Spatial Ground Must Distinguish Full Inclusion From Partial Intersection,SPECIFICATION CANDIDATE,MOVE TO SPECIFICATION,Exact Membership and Boundary Resolution,MEDIUM,Specification,CORE-03,,P4-D15,FALSE,FALSE,Primary target from Pass #4 cluster-level consolidation view.
#1114,Area Queries Must Derive From Canonical Membership,DERIVED CONSEQUENCE,MERGE INTO STRONGER FINDING OR CLUSTER,Single Canonical Truth,HIGH,Merged,CORE-04,#8,P4-D15,FALSE,FALSE,Primary target from Pass #4 cluster-level consolidation view. Consolidation parent carried from the first explicit Finding reference in the frozen classification rationale/related set; related references are not exhaustive.
#1115,Spatial Ground Must Preserve Exact Intersection Semantics,SPECIFICATION CANDIDATE,MOVE TO SPECIFICATION,Exact Membership and Boundary Resolution,HIGH,Specification,CORE-03,,P4-D15,FALSE,FALSE,Primary target from Pass #4 cluster-level consolidation view.
#1116,Spatial Ground Must Not Let Bounding Boxes Become Canon,DUPLICATE / NEAR-DUPLICATE,MERGE INTO STRONGER FINDING OR CLUSTER,Operational Non-Authority,HIGH,Merged,CORE-05c,#19,P4-D15,FALSE,FALSE,Primary target from Pass #4 cluster-level consolidation view. Consolidation parent carried from the first explicit Finding reference in the frozen classification rationale/related set; related references are not exhaustive.
#1117,Spatial Ground Must Not Let Convex Hulls Become Canon,DUPLICATE / NEAR-DUPLICATE,MERGE INTO STRONGER FINDING OR CLUSTER,Operational Non-Authority,HIGH,Merged,CORE-05c,#19,P4-D15,FALSE,FALSE,Primary target from Pass #4 cluster-level consolidation view. Consolidation parent carried from the first explicit Finding reference in the frozen classification rationale/related set; related references are not exhaustive.
#1118,Spatial Ground Must Not Let Centroids Become Canonical Identity,DUPLICATE / NEAR-DUPLICATE,MERGE INTO STRONGER FINDING OR CLUSTER,Operational Non-Authority,HIGH,Merged,CORE-05c,#19,P4-D15,FALSE,FALSE,Primary target from Pass #4 cluster-level consolidation view. Consolidation parent carried from the first explicit Finding reference in the frozen classification rationale/related set; related references are not exhaustive.
#1119,Spatial Ground Must Not Let Representative Points Replace Exact Geometry,DUPLICATE / NEAR-DUPLICATE,MERGE INTO STRONGER FINDING OR CLUSTER,Operational Non-Authority,HIGH,Merged,CORE-05c,#19,P4-D15,FALSE,FALSE,Primary target from Pass #4 cluster-level consolidation view. Consolidation parent carried from the first explicit Finding reference in the frozen classification rationale/related set; related references are not exhaustive.
#1120,Spatial Ground Must Distinguish Summary Geometry From Defining Geometry,DUPLICATE / NEAR-DUPLICATE,MERGE INTO STRONGER FINDING OR CLUSTER,Operational Non-Authority,HIGH,Merged,CORE-05c,#19,P4-D15,FALSE,FALSE,Primary target from Pass #4 cluster-level consolidation view. Consolidation parent carried from the first explicit Finding reference in the frozen classification rationale/related set; related references are not exhaustive.
#1121,Spatial Ground Must Preserve Exactness Under Spatial Index Approximation,DUPLICATE / NEAR-DUPLICATE,MERGE INTO STRONGER FINDING OR CLUSTER,Operational Non-Authority,HIGH,Merged,CORE-05c,#19,P4-D15,FALSE,FALSE,Primary target from Pass #4 cluster-level consolidation view. Consolidation parent carried from the first explicit Finding reference in the frozen classification rationale/related set; related references are not exhaustive.
#1122,Spatial Ground Must Support Two-Stage Resolution,DUPLICATE / NEAR-DUPLICATE,MERGE INTO STRONGER FINDING OR CLUSTER,Operational Non-Authority,HIGH,Merged,CORE-05c,#796,P4-D15,FALSE,FALSE,Primary target from Pass #4 cluster-level consolidation view. Consolidation parent carried from the first explicit Finding reference in the frozen classification rationale/related set; related references are not exhaustive.
#1123,Spatial Ground Must Prevent Approximate Pre-Filters From Returning Canonical Falsehoods,IMPLEMENTATION / OPERATIONAL CANDIDATE,MOVE TO IMPLEMENTATION / OPERATIONS,Operational Non-Authority,HIGH,Implementation,CORE-05c,,P4-D15,FALSE,FALSE,Primary target from Pass #4 cluster-level consolidation view.
#1124,Spatial Ground Must Preserve Canonical Resolution at Every Boundary Crossing,DERIVED CONSEQUENCE,MERGE INTO STRONGER FINDING OR CLUSTER,Exact Membership and Boundary Resolution,HIGH,Merged,CORE-03,#15,P4-D15,FALSE,FALSE,Primary target from Pass #4 cluster-level consolidation view. Consolidation parent carried from the first explicit Finding reference in the frozen classification rationale/related set; related references are not exhaustive.
#1125,Traversal Sampling Must Not Define the Boundary,DUPLICATE / NEAR-DUPLICATE,MERGE INTO STRONGER FINDING OR CLUSTER,Operational Non-Authority,HIGH,Merged,CORE-05c,#1126,P4-D15,FALSE,FALSE,Primary target from Pass #4 cluster-level consolidation view. Consolidation parent carried from the first explicit Finding reference in the frozen classification rationale/related set; related references are not exhaustive.
#1126,Spatial Ground Must Distinguish Continuous Truth From Discrete Sampling,DERIVED CONSEQUENCE,MERGE INTO STRONGER FINDING OR CLUSTER,Operational Non-Authority,MEDIUM,Merged,CORE-05c,#19,P4-D15,FALSE,FALSE,Primary target from Pass #4 cluster-level consolidation view. Consolidation parent carried from the first explicit Finding reference in the frozen classification rationale/related set; related references are not exhaustive.
#1127,Spatial Ground Must Preserve Exactness Between Samples,DUPLICATE / NEAR-DUPLICATE,MERGE INTO STRONGER FINDING OR CLUSTER,Exact Membership and Boundary Resolution,HIGH,Merged,CORE-03,#15,P4-D15,FALSE,FALSE,Primary target from Pass #4 cluster-level consolidation view. Consolidation parent carried from the first explicit Finding reference in the frozen classification rationale/related set; related references are not exhaustive.
#1128,Spatial Ground Must Not Depend on Discovery Density,DUPLICATE / NEAR-DUPLICATE,MERGE INTO STRONGER FINDING OR CLUSTER,Higher-Layer Independence,HIGH,Merged,CORE-05a,#4,P4-D15,FALSE,FALSE,Primary target from Pass #4 cluster-level consolidation view. Consolidation parent carried from the first explicit Finding reference in the frozen classification rationale/related set; related references are not exhaustive.
#1129,Spatial Ground Must Not Depend on Observation Resolution,DUPLICATE / NEAR-DUPLICATE,MERGE INTO STRONGER FINDING OR CLUSTER,Precision and Refinement,HIGH,Merged,DEF-06,#244,P4-D15,FALSE,FALSE,Primary target from Pass #4 cluster-level consolidation view. Consolidation parent carried from the first explicit Finding reference in the frozen classification rationale/related set; related references are not exhaustive.
#1130,Refinement Must Not Create New Foundational Geography,DUPLICATE / NEAR-DUPLICATE,MERGE INTO STRONGER FINDING OR CLUSTER,Precision and Refinement,HIGH,Merged,DEF-06,#20,P4-D15,FALSE,FALSE,Primary target from Pass #4 cluster-level consolidation view. Consolidation parent carried from the first explicit Finding reference in the frozen classification rationale/related set; related references are not exhaustive.
#1131,Spatial Ground Must Distinguish Refinement From Subdivision,DERIVED CONSEQUENCE,MERGE INTO STRONGER FINDING OR CLUSTER,Precision and Refinement,HIGH,Merged,DEF-06,#58,P4-D15,FALSE,FALSE,Primary target from Pass #4 cluster-level consolidation view. Consolidation parent carried from the first explicit Finding reference in the frozen classification rationale/related set; related references are not exhaustive.
#1132,Spatial Ground Must Distinguish Refinement From Parcelization,DUPLICATE / NEAR-DUPLICATE,MERGE INTO STRONGER FINDING OR CLUSTER,Parcel Independence,HIGH,Merged,CORE-05a,#6,P4-D15,FALSE,FALSE,Primary target from Pass #4 cluster-level consolidation view. Consolidation parent carried from the first explicit Finding reference in the frozen classification rationale/related set; related references are not exhaustive.
#1133,Spatial Ground Must Not Treat Survey Cells as Parcels,DERIVED CONSEQUENCE,MERGE INTO STRONGER FINDING OR CLUSTER,Parcel Independence,MEDIUM,Merged,CORE-05a,#6,P4-D15,FALSE,FALSE,Primary target from Pass #4 cluster-level consolidation view. Consolidation parent carried from the first explicit Finding reference in the frozen classification rationale/related set; related references are not exhaustive.
#1134,Spatial Ground Must Not Treat Membership Cells as Land Units,DUPLICATE / NEAR-DUPLICATE,MERGE INTO STRONGER FINDING OR CLUSTER,Operational Non-Authority,HIGH,Merged,CORE-05c,#19,P4-D15,FALSE,FALSE,Primary target from Pass #4 cluster-level consolidation view. Consolidation parent carried from the first explicit Finding reference in the frozen classification rationale/related set; related references are not exhaustive.
#1135,Spatial Ground Must Not Create Hidden Proto-Parcels,DERIVED CONSEQUENCE,MERGE INTO STRONGER FINDING OR CLUSTER,Parcel Independence,HIGH,Merged,CORE-05a,#6,P4-D15,FALSE,FALSE,Primary target from Pass #4 cluster-level consolidation view. Consolidation parent carried from the first explicit Finding reference in the frozen classification rationale/related set; related references are not exhaustive.
#1136,Spatial Ground Must Preserve Cadastral Freedom,DUPLICATE / NEAR-DUPLICATE,MERGE INTO STRONGER FINDING OR CLUSTER,Parcel Independence,HIGH,Merged,CORE-05a,#6,P4-D15,FALSE,FALSE,Primary target from Pass #4 cluster-level consolidation view. Consolidation parent carried from the first explicit Finding reference in the frozen classification rationale/related set; related references are not exhaustive.
#1137,Spatial Ground Must Preserve Interpretive Freedom,DUPLICATE / NEAR-DUPLICATE,MERGE INTO STRONGER FINDING OR CLUSTER,Upward Handoff,HIGH,Merged,UP-01,#20,P4-D15,FALSE,FALSE,Primary target from Pass #4 cluster-level consolidation view. Consolidation parent carried from the first explicit Finding reference in the frozen classification rationale/related set; related references are not exhaustive.
#1138,Spatial Ground Must Distinguish Canonical Ground Geometry From Computational Partitioning,DUPLICATE / NEAR-DUPLICATE,MERGE INTO STRONGER FINDING OR CLUSTER,Operational Non-Authority,HIGH,Merged,CORE-05c,#19,P4-D15,FALSE,FALSE,Primary target from Pass #4 cluster-level consolidation view. Consolidation parent carried from the first explicit Finding reference in the frozen classification rationale/related set; related references are not exhaustive.
#1139,Spatial Ground Must Preserve Geometric Meaning Across Repartitioning,DUPLICATE / NEAR-DUPLICATE,MERGE INTO STRONGER FINDING OR CLUSTER,Operational Non-Authority,HIGH,Merged,CORE-05c,#19,P4-D15,FALSE,FALSE,Primary target from Pass #4 cluster-level consolidation view. Consolidation parent carried from the first explicit Finding reference in the frozen classification rationale/related set; related references are not exhaustive.
#1140,Spatial Ground Must Permit Arbitrary Operational Repartitioning,DUPLICATE / NEAR-DUPLICATE,MERGE INTO STRONGER FINDING OR CLUSTER,Technology and Infrastructure Independence,HIGH,Merged,CORE-05b,#81,P4-D15,FALSE,FALSE,Primary target from Pass #4 cluster-level consolidation view. Consolidation parent carried from the first explicit Finding reference in the frozen classification rationale/related set; related references are not exhaustive.
#1141,Spatial Ground Must Preserve Exact Union Across Partitions,DUPLICATE / NEAR-DUPLICATE,MERGE INTO STRONGER FINDING OR CLUSTER,Operational Non-Authority,HIGH,Merged,CORE-05c,#19,P4-D15,FALSE,FALSE,Primary target from Pass #4 cluster-level consolidation view. Consolidation parent carried from the first explicit Finding reference in the frozen classification rationale/related set; related references are not exhaustive.
#1142,Spatial Ground Must Prevent Partition Gaps,DUPLICATE / NEAR-DUPLICATE,MERGE INTO STRONGER FINDING OR CLUSTER,Operational Non-Authority,HIGH,Merged,CORE-05c,#817,P4-D15,FALSE,FALSE,Primary target from Pass #4 cluster-level consolidation view. Consolidation parent carried from the first explicit Finding reference in the frozen classification rationale/related set; related references are not exhaustive.
#1143,Spatial Ground Must Prevent Partition Overlaps From Creating Double Meaning,DUPLICATE / NEAR-DUPLICATE,MERGE INTO STRONGER FINDING OR CLUSTER,Operational Non-Authority,HIGH,Merged,CORE-05c,#817,P4-D15,FALSE,FALSE,Primary target from Pass #4 cluster-level consolidation view. Consolidation parent carried from the first explicit Finding reference in the frozen classification rationale/related set; related references are not exhaustive.
#1144,Spatial Ground Must Preserve Set Idempotence,SPECIFICATION CANDIDATE,MOVE TO SPECIFICATION,Exact Membership and Boundary Resolution,HIGH,Specification,CORE-03,,P4-D15,FALSE,FALSE,Primary target from Pass #4 cluster-level consolidation view.
#1145,Spatial Ground Must Preserve Set Commutativity Where Applicable,SPECIFICATION CANDIDATE,MOVE TO SPECIFICATION,Exact Membership and Boundary Resolution,HIGH,Specification,CORE-03,,P4-D15,FALSE,FALSE,Primary target from Pass #4 cluster-level consolidation view.
#1146,Spatial Ground Must Preserve Set Associativity Where Applicable,SPECIFICATION CANDIDATE,MOVE TO SPECIFICATION,Exact Membership and Boundary Resolution,HIGH,Specification,CORE-03,,P4-D15,FALSE,FALSE,Primary target from Pass #4 cluster-level consolidation view.
#1147,Spatial Ground Must Define Complement Relative to the Correct Domain,DERIVED CONSEQUENCE,MERGE INTO STRONGER FINDING OR CLUSTER,Survey-to-World Relationship,HIGH,Merged,CORE-02,#13,P4-D15,FALSE,FALSE,Primary target from Pass #4 cluster-level consolidation view. Consolidation parent carried from the first explicit Finding reference in the frozen classification rationale/related set; related references are not exhaustive.
#1148,Spatial Ground Must Not Imply Infinite Outside Space,DUPLICATE / NEAR-DUPLICATE,MERGE INTO STRONGER FINDING OR CLUSTER,Survey-to-World Relationship,HIGH,Merged,CORE-02,#1147,P4-D15,FALSE,FALSE,Primary target from Pass #4 cluster-level consolidation view. Consolidation parent carried from the first explicit Finding reference in the frozen classification rationale/related set; related references are not exhaustive.
#1149,Spatial Ground Must Preserve Survey Domain Finitude,DUPLICATE / NEAR-DUPLICATE,MERGE INTO STRONGER FINDING OR CLUSTER,Survey-to-World Relationship,HIGH,Merged,CORE-02,#13,P4-D15,FALSE,FALSE,Primary target from Pass #4 cluster-level consolidation view. Consolidation parent carried from the first explicit Finding reference in the frozen classification rationale/related set; related references are not exhaustive.
#1150,Spatial Ground Must Not Create Meaning Beyond Survey Domain,DUPLICATE / NEAR-DUPLICATE,MERGE INTO STRONGER FINDING OR CLUSTER,Survey-to-World Relationship,HIGH,Merged,CORE-02,#13,P4-D15,FALSE,FALSE,Primary target from Pass #4 cluster-level consolidation view. Consolidation parent carried from the first explicit Finding reference in the frozen classification rationale/related set; related references are not exhaustive.
#1151,Spatial Ground Must Distinguish Survey-Domain Limit From World-Space Limit,DERIVED CONSEQUENCE,MERGE INTO STRONGER FINDING OR CLUSTER,Survey-to-World Relationship,HIGH,Merged,CORE-02,#13,P4-D15,FALSE,FALSE,Primary target from Pass #4 cluster-level consolidation view. Consolidation parent carried from the first explicit Finding reference in the frozen classification rationale/related set; related references are not exhaustive.
#1152,Survey-Domain Boundary Must Remain Lower-Layer Authority,DUPLICATE / NEAR-DUPLICATE,MERGE INTO STRONGER FINDING OR CLUSTER,Survey Dependency / Downward Contract,HIGH,Merged,DOWN-01,#12,P4-D15,FALSE,FALSE,Primary target from Pass #4 cluster-level consolidation view. Consolidation parent carried from the first explicit Finding reference in the frozen classification rationale/related set; related references are not exhaustive.
#1153,World-Space May Not Touch the Survey-Domain Limit by Assumption,DERIVED CONSEQUENCE,MERGE INTO STRONGER FINDING OR CLUSTER,Survey-to-World Relationship,MEDIUM,Merged,CORE-02,#1151,P4-D15,FALSE,FALSE,Primary target from Pass #4 cluster-level consolidation view. Consolidation parent carried from the first explicit Finding reference in the frozen classification rationale/related set; related references are not exhaustive.
#1154,Spatial Ground Must Not Reserve a Mandatory Margin,DERIVED CONSEQUENCE,MERGE INTO STRONGER FINDING OR CLUSTER,Minimality and Semantic Restraint,MEDIUM,Merged,BOUND-01,#58,P4-D15,FALSE,FALSE,Primary target from Pass #4 cluster-level consolidation view. Consolidation parent carried from the first explicit Finding reference in the frozen classification rationale/related set; related references are not exhaustive.
#1155,Spatial Ground Must Not Assume Exterior Navigability,DUPLICATE / NEAR-DUPLICATE,MERGE INTO STRONGER FINDING OR CLUSTER,Minimality and Semantic Restraint,HIGH,Merged,BOUND-01,#20,P4-D15,FALSE,FALSE,Primary target from Pass #4 cluster-level consolidation view. Consolidation parent carried from the first explicit Finding reference in the frozen classification rationale/related set; related references are not exhaustive.
#1156,Spatial Ground Must Not Assume Exterior Inaccessibility,DUPLICATE / NEAR-DUPLICATE,MERGE INTO STRONGER FINDING OR CLUSTER,Minimality and Semantic Restraint,HIGH,Merged,BOUND-01,#20,P4-D15,FALSE,FALSE,Primary target from Pass #4 cluster-level consolidation view. Consolidation parent carried from the first explicit Finding reference in the frozen classification rationale/related set; related references are not exhaustive.
#1157,Spatial Ground Must Distinguish Membership From Experience Eligibility,DUPLICATE / NEAR-DUPLICATE,MERGE INTO STRONGER FINDING OR CLUSTER,Interpretation Independence,HIGH,Merged,CORE-05a,#4,P4-D15,FALSE,FALSE,Primary target from Pass #4 cluster-level consolidation view. Consolidation parent carried from the first explicit Finding reference in the frozen classification rationale/related set; related references are not exhaustive.
#1158,Spatial Ground Must Distinguish Membership From Construction Eligibility,DUPLICATE / NEAR-DUPLICATE,MERGE INTO STRONGER FINDING OR CLUSTER,Interpretation Independence,HIGH,Merged,CORE-05a,#20,P4-D15,FALSE,FALSE,Primary target from Pass #4 cluster-level consolidation view. Consolidation parent carried from the first explicit Finding reference in the frozen classification rationale/related set; related references are not exhaustive.
#1159,Spatial Ground Must Distinguish Membership From Parcel Eligibility,DERIVED CONSEQUENCE,MERGE INTO STRONGER FINDING OR CLUSTER,Parcel Independence,MEDIUM,Merged,CORE-05a,#6,P4-D15,FALSE,FALSE,Primary target from Pass #4 cluster-level consolidation view. Consolidation parent carried from the first explicit Finding reference in the frozen classification rationale/related set; related references are not exhaustive.
#1160,Spatial Ground Must Distinguish Membership From Region Eligibility,DERIVED CONSEQUENCE,MERGE INTO STRONGER FINDING OR CLUSTER,Interpretation Independence,HIGH,Merged,CORE-05a,#20,P4-D15,FALSE,FALSE,Primary target from Pass #4 cluster-level consolidation view. Consolidation parent carried from the first explicit Finding reference in the frozen classification rationale/related set; related references are not exhaustive.
#1161,Spatial Ground Must Preserve Neutrality Toward Higher Spatial Partition,DUPLICATE / NEAR-DUPLICATE,MERGE INTO STRONGER FINDING OR CLUSTER,Minimality and Semantic Restraint,HIGH,Merged,BOUND-01,#20,P4-D15,FALSE,FALSE,Primary target from Pass #4 cluster-level consolidation view. Consolidation parent carried from the first explicit Finding reference in the frozen classification rationale/related set; related references are not exhaustive.
#1162,Spatial Ground Must Preserve Neutrality Toward Scale of Interpretation,DUPLICATE / NEAR-DUPLICATE,MERGE INTO STRONGER FINDING OR CLUSTER,Minimality and Semantic Restraint,HIGH,Merged,BOUND-01,#20,P4-D15,FALSE,FALSE,Primary target from Pass #4 cluster-level consolidation view. Consolidation parent carried from the first explicit Finding reference in the frozen classification rationale/related set; related references are not exhaustive.
#1163,Spatial Ground Must Not Establish Semantic Levels of Detail,DUPLICATE / NEAR-DUPLICATE,MERGE INTO STRONGER FINDING OR CLUSTER,Minimality and Semantic Restraint,HIGH,Merged,BOUND-01,#20,P4-D15,FALSE,FALSE,Primary target from Pass #4 cluster-level consolidation view. Consolidation parent carried from the first explicit Finding reference in the frozen classification rationale/related set; related references are not exhaustive.
#1164,Spatial Ground Must Not Establish Administrative Levels,DUPLICATE / NEAR-DUPLICATE,MERGE INTO STRONGER FINDING OR CLUSTER,Rights / Governance Independence,HIGH,Merged,CORE-05a,#20,P4-D15,FALSE,FALSE,Primary target from Pass #4 cluster-level consolidation view. Consolidation parent carried from the first explicit Finding reference in the frozen classification rationale/related set; related references are not exhaustive.
#1165,Spatial Ground Must Not Establish Navigational Levels,DUPLICATE / NEAR-DUPLICATE,MERGE INTO STRONGER FINDING OR CLUSTER,Interpretation Independence,HIGH,Merged,CORE-05a,#20,P4-D15,FALSE,FALSE,Primary target from Pass #4 cluster-level consolidation view. Consolidation parent carried from the first explicit Finding reference in the frozen classification rationale/related set; related references are not exhaustive.
#1166,Spatial Ground Must Not Establish Simulation Levels,DUPLICATE / NEAR-DUPLICATE,MERGE INTO STRONGER FINDING OR CLUSTER,Runtime Independence,HIGH,Merged,CORE-05a,#19,P4-D15,FALSE,FALSE,Primary target from Pass #4 cluster-level consolidation view. Consolidation parent carried from the first explicit Finding reference in the frozen classification rationale/related set; related references are not exhaustive.
#1167,Spatial Ground Must Preserve One Spatial Membership Semantics Across Scale,DUPLICATE / NEAR-DUPLICATE,MERGE INTO STRONGER FINDING OR CLUSTER,Precision and Refinement,HIGH,Merged,DEF-06,#244,P4-D15,FALSE,FALSE,Primary target from Pass #4 cluster-level consolidation view. Consolidation parent carried from the first explicit Finding reference in the frozen classification rationale/related set; related references are not exhaustive.
#1168,"Scale Must Affect Resolution, Not Meaning",DUPLICATE / NEAR-DUPLICATE,MERGE INTO STRONGER FINDING OR CLUSTER,Precision and Refinement,HIGH,Merged,DEF-06,#244,P4-D15,FALSE,FALSE,Primary target from Pass #4 cluster-level consolidation view. Consolidation parent carried from the first explicit Finding reference in the frozen classification rationale/related set; related references are not exhaustive.
#1169,Spatial Ground Must Distinguish Mixed-Area Queries From Fundamental Membership,DERIVED CONSEQUENCE,MERGE INTO STRONGER FINDING OR CLUSTER,Exact Membership and Boundary Resolution,HIGH,Merged,CORE-03,#15,P4-D15,TRUE,FALSE,Primary target from Pass #4 cluster-level consolidation view. Consolidation parent carried from the first explicit Finding reference in the frozen classification rationale/related set; related references are not exhaustive.
#1170,Mixed Coverage Is a Derived Property,DUPLICATE / NEAR-DUPLICATE,MERGE INTO STRONGER FINDING OR CLUSTER,Minimality and Semantic Restraint,HIGH,Merged,BOUND-01,#58,P4-D15,FALSE,FALSE,Primary target from Pass #4 cluster-level consolidation view. Consolidation parent carried from the first explicit Finding reference in the frozen classification rationale/related set; related references are not exhaustive.
#1171,Spatial Ground Must Not Canonize Coverage Percentages,DUPLICATE / NEAR-DUPLICATE,MERGE INTO STRONGER FINDING OR CLUSTER,Minimality and Semantic Restraint,HIGH,Merged,BOUND-01,#1170,P4-D15,FALSE,FALSE,Primary target from Pass #4 cluster-level consolidation view. Consolidation parent carried from the first explicit Finding reference in the frozen classification rationale/related set; related references are not exhaustive.
#1172,Spatial Ground Must Preserve Exact Set Membership Beneath Aggregation,DUPLICATE / NEAR-DUPLICATE,MERGE INTO STRONGER FINDING OR CLUSTER,Minimality and Semantic Restraint,HIGH,Merged,BOUND-01,#57,P4-D15,FALSE,FALSE,Primary target from Pass #4 cluster-level consolidation view. Consolidation parent carried from the first explicit Finding reference in the frozen classification rationale/related set; related references are not exhaustive.
#1173,Spatial Ground Must Not Infer Canon From Statistical Majority,DUPLICATE / NEAR-DUPLICATE,MERGE INTO STRONGER FINDING OR CLUSTER,Exact Membership and Boundary Resolution,HIGH,Merged,CORE-03,#15,P4-D15,FALSE,FALSE,Primary target from Pass #4 cluster-level consolidation view. Consolidation parent carried from the first explicit Finding reference in the frozen classification rationale/related set; related references are not exhaustive.
#1174,Spatial Ground Must Not Infer Canon From Representative Sampling,DUPLICATE / NEAR-DUPLICATE,MERGE INTO STRONGER FINDING OR CLUSTER,Exact Membership and Boundary Resolution,HIGH,Merged,CORE-03,#15,P4-D15,FALSE,FALSE,Primary target from Pass #4 cluster-level consolidation view. Consolidation parent carried from the first explicit Finding reference in the frozen classification rationale/related set; related references are not exhaustive.
#1175,Spatial Ground Must Preserve Deterministic Membership at Arbitrarily Small Supported Extents,DUPLICATE / NEAR-DUPLICATE,MERGE INTO STRONGER FINDING OR CLUSTER,Exact Membership and Boundary Resolution,HIGH,Merged,CORE-03,#15,P4-D15,FALSE,FALSE,Primary target from Pass #4 cluster-level consolidation view. Consolidation parent carried from the first explicit Finding reference in the frozen classification rationale/related set; related references are not exhaustive.
#1176,Spatial Ground Must Preserve Exact Boundary Interaction for Extents,DUPLICATE / NEAR-DUPLICATE,MERGE INTO STRONGER FINDING OR CLUSTER,Exact Membership and Boundary Resolution,HIGH,Merged,CORE-03,#1115,P4-D15,FALSE,FALSE,Primary target from Pass #4 cluster-level consolidation view. Consolidation parent carried from the first explicit Finding reference in the frozen classification rationale/related set; related references are not exhaustive.
#1177,Touching and Crossing Must Remain Distinct Where Relevant,SPECIFICATION CANDIDATE,MOVE TO SPECIFICATION,Exact Membership and Boundary Resolution,HIGH,Specification,CORE-03,,P4-D15,FALSE,FALSE,Primary target from Pass #4 cluster-level consolidation view.
#1178,Tangency Must Not Be Left to Numerical Guessing,DUPLICATE / NEAR-DUPLICATE,MERGE INTO STRONGER FINDING OR CLUSTER,Exact Membership and Boundary Resolution,HIGH,Merged,CORE-03,#15,P4-D15,FALSE,FALSE,Primary target from Pass #4 cluster-level consolidation view. Consolidation parent carried from the first explicit Finding reference in the frozen classification rationale/related set; related references are not exhaustive.
#1179,Spatial Ground Must Preserve Exact Inclusion of Limit Points,DUPLICATE / NEAR-DUPLICATE,MERGE INTO STRONGER FINDING OR CLUSTER,Exact Membership and Boundary Resolution,HIGH,Merged,CORE-03,#15,P4-D15,FALSE,FALSE,Primary target from Pass #4 cluster-level consolidation view. Consolidation parent carried from the first explicit Finding reference in the frozen classification rationale/related set; related references are not exhaustive.
#1180,Limit Inclusion Must Be Uniformly Interpretable,DUPLICATE / NEAR-DUPLICATE,MERGE INTO STRONGER FINDING OR CLUSTER,Exact Membership and Boundary Resolution,HIGH,Merged,CORE-03,#15,P4-D15,FALSE,FALSE,Primary target from Pass #4 cluster-level consolidation view. Consolidation parent carried from the first explicit Finding reference in the frozen classification rationale/related set; related references are not exhaustive.
#1181,Spatial Ground Must Not Create Mixed Boundary Conventions Without Necessity,DERIVED CONSEQUENCE,MERGE INTO STRONGER FINDING OR CLUSTER,Exact Membership and Boundary Resolution,MEDIUM,Merged,CORE-03,#16,P4-D15,FALSE,FALSE,Primary target from Pass #4 cluster-level consolidation view. Consolidation parent carried from the first explicit Finding reference in the frozen classification rationale/related set; related references are not exhaustive.
#1182,Exceptional Boundary Rules Must Be Explicit,DUPLICATE / NEAR-DUPLICATE,MERGE INTO STRONGER FINDING OR CLUSTER,No Hidden State / Self-Containment,HIGH,Merged,CORE-05b,#27,P4-D15,FALSE,FALSE,Primary target from Pass #4 cluster-level consolidation view. Consolidation parent carried from the first explicit Finding reference in the frozen classification rationale/related set; related references are not exhaustive.
#1183,Spatial Ground Must Preserve Boundary Rule Locality,SPECIFICATION CANDIDATE,MOVE TO SPECIFICATION,Exact Membership and Boundary Resolution,HIGH,Specification,CORE-03,,P4-D15,FALSE,FALSE,Primary target from Pass #4 cluster-level consolidation view.
#1184,Spatial Ground Must Support Boundary Proof Cases,DUPLICATE / NEAR-DUPLICATE,MERGE INTO STRONGER FINDING OR CLUSTER,Testing and Adversarial Review,HIGH,Merged,Conformance Register,#193,P4-D15,FALSE,FALSE,Primary target from Pass #4 cluster-level consolidation view. Consolidation parent carried from the first explicit Finding reference in the frozen classification rationale/related set; related references are not exhaustive.
#1185,Spatial Ground Must Distinguish Canonical Limit From Measured Approximation,DUPLICATE / NEAR-DUPLICATE,MERGE INTO STRONGER FINDING OR CLUSTER,Operational Non-Authority,HIGH,Merged,CORE-05c,#19,P4-D15,FALSE,FALSE,Primary target from Pass #4 cluster-level consolidation view. Consolidation parent carried from the first explicit Finding reference in the frozen classification rationale/related set; related references are not exhaustive.
#1186,Spatial Ground Must Distinguish Canonical Limit From Survey Refinement Artifact,DERIVED CONSEQUENCE,MERGE INTO STRONGER FINDING OR CLUSTER,Precision and Refinement,HIGH,Merged,DEF-06,#19,P4-D15,FALSE,FALSE,Primary target from Pass #4 cluster-level consolidation view. Consolidation parent carried from the first explicit Finding reference in the frozen classification rationale/related set; related references are not exhaustive.
#1187,Spatial Ground Must Not Fossilize Early Resolution Artifacts,DUPLICATE / NEAR-DUPLICATE,MERGE INTO STRONGER FINDING OR CLUSTER,Precision and Refinement,HIGH,Merged,DEF-06,#1186,P4-D15,FALSE,FALSE,Primary target from Pass #4 cluster-level consolidation view. Consolidation parent carried from the first explicit Finding reference in the frozen classification rationale/related set; related references are not exhaustive.
#1188,Spatial Ground Must Preserve Refinement Compatibility,DUPLICATE / NEAR-DUPLICATE,MERGE INTO STRONGER FINDING OR CLUSTER,Precision and Refinement,HIGH,Merged,DEF-06,#244,P4-D15,FALSE,FALSE,Primary target from Pass #4 cluster-level consolidation view. Consolidation parent carried from the first explicit Finding reference in the frozen classification rationale/related set; related references are not exhaustive.
#1189,Spatial Ground Must Preserve Place Through Precision Expansion,DUPLICATE / NEAR-DUPLICATE,MERGE INTO STRONGER FINDING OR CLUSTER,Precision and Refinement,HIGH,Merged,DEF-06,#244,P4-D15,FALSE,FALSE,Primary target from Pass #4 cluster-level consolidation view. Consolidation parent carried from the first explicit Finding reference in the frozen classification rationale/related set; related references are not exhaustive.
#1190,Precision Expansion Must Not Create New World Membership by Accident,DERIVED CONSEQUENCE,MERGE INTO STRONGER FINDING OR CLUSTER,Precision and Refinement,HIGH,Merged,DEF-06,#15,P4-D15,TRUE,FALSE,Primary target from Pass #4 cluster-level consolidation view. Consolidation parent carried from the first explicit Finding reference in the frozen classification rationale/related set; related references are not exhaustive.
#1191,Spatial Ground Must Preserve Refinement Determinism,DUPLICATE / NEAR-DUPLICATE,MERGE INTO STRONGER FINDING OR CLUSTER,Precision and Refinement,HIGH,Merged,DEF-06,#26,P4-D15,FALSE,FALSE,Primary target from Pass #4 cluster-level consolidation view. Consolidation parent carried from the first explicit Finding reference in the frozen classification rationale/related set; related references are not exhaustive.
#1192,Spatial Ground Must Not Depend on Maximum Contemporary Precision,DUPLICATE / NEAR-DUPLICATE,MERGE INTO STRONGER FINDING OR CLUSTER,Precision and Refinement,HIGH,Merged,DEF-06,#80,P4-D15,FALSE,FALSE,Primary target from Pass #4 cluster-level consolidation view. Consolidation parent carried from the first explicit Finding reference in the frozen classification rationale/related set; related references are not exhaustive.
#1193,Spatial Ground Must Respect Survey Precision Bounds,DUPLICATE / NEAR-DUPLICATE,MERGE INTO STRONGER FINDING OR CLUSTER,Precision and Refinement,HIGH,Merged,DEF-06,#12,P4-D15,FALSE,FALSE,Primary target from Pass #4 cluster-level consolidation view. Consolidation parent carried from the first explicit Finding reference in the frozen classification rationale/related set; related references are not exhaustive.
#1194,Ground Precision Cannot Exceed Survey Authority,DUPLICATE / NEAR-DUPLICATE,MERGE INTO STRONGER FINDING OR CLUSTER,Precision and Refinement,HIGH,Merged,DEF-06,#1193,P4-D15,FALSE,FALSE,Primary target from Pass #4 cluster-level consolidation view. Consolidation parent carried from the first explicit Finding reference in the frozen classification rationale/related set; related references are not exhaustive.
#1195,Spatial Ground Must Preserve Downward Precision Consistency,DUPLICATE / NEAR-DUPLICATE,MERGE INTO STRONGER FINDING OR CLUSTER,Precision and Refinement,HIGH,Merged,DEF-06,#12,P4-D15,FALSE,FALSE,Primary target from Pass #4 cluster-level consolidation view. Consolidation parent carried from the first explicit Finding reference in the frozen classification rationale/related set; related references are not exhaustive.
#1196,Spatial Ground Must Preserve Upward Precision Freedom,UPWARD HANDOFF / HIGHER-LAYER CONTRACT,MERGE INTO STRONGER FINDING OR CLUSTER,Upward Handoff,HIGH,Merged,UP-01,#173,P4-D15,FALSE,FALSE,Primary target from Pass #4 cluster-level consolidation view. Consolidation parent carried from the first explicit Finding reference in the frozen classification rationale/related set; related references are not exhaustive.
#1197,Spatial Ground Must Distinguish Derived Interpolation From Canonical Precision,DUPLICATE / NEAR-DUPLICATE,MERGE INTO STRONGER FINDING OR CLUSTER,Operational Non-Authority,HIGH,Merged,CORE-05c,#19,P4-D15,FALSE,FALSE,Primary target from Pass #4 cluster-level consolidation view. Consolidation parent carried from the first explicit Finding reference in the frozen classification rationale/related set; related references are not exhaustive.
#1198,Spatial Ground Must Distinguish Analytic Continuity From Stored Resolution,DUPLICATE / NEAR-DUPLICATE,MERGE INTO STRONGER FINDING OR CLUSTER,Operational Non-Authority,HIGH,Merged,CORE-05c,#1126,P4-D15,FALSE,FALSE,Primary target from Pass #4 cluster-level consolidation view. Consolidation parent carried from the first explicit Finding reference in the frozen classification rationale/related set; related references are not exhaustive.
#1199,Spatial Ground Must Preserve the World Beyond Materialization,DUPLICATE / NEAR-DUPLICATE,MERGE INTO STRONGER FINDING OR CLUSTER,Representation Independence,HIGH,Merged,CORE-07,#18,P4-D15,FALSE,FALSE,Primary target from Pass #4 cluster-level consolidation view. Consolidation parent carried from the first explicit Finding reference in the frozen classification rationale/related set; related references are not exhaustive.
#1200,Spatial Ground Must Make Canonical Place Prior to Representation,DUPLICATE / NEAR-DUPLICATE,MERGE INTO STRONGER FINDING OR CLUSTER,Higher-Layer Independence,HIGH,Merged,CORE-05a,#4,P4-D15,FALSE,FALSE,Primary target from Pass #4 cluster-level consolidation view. Consolidation parent carried from the first explicit Finding reference in the frozen classification rationale/related set; related references are not exhaustive.
#1201,Spatial Ground Must Distinguish Canonical Place From Derived Measurement,DUPLICATE / NEAR-DUPLICATE,MERGE INTO STRONGER FINDING OR CLUSTER,Minimality and Semantic Restraint,HIGH,Merged,BOUND-01,#58,P4-D15,FALSE,FALSE,Primary target from Pass #4 cluster-level consolidation view. Consolidation parent carried from the first explicit Finding reference in the frozen classification rationale/related set; related references are not exhaustive.
#1202,Measurement Results Must Not Become Independent Authority,DUPLICATE / NEAR-DUPLICATE,MERGE INTO STRONGER FINDING OR CLUSTER,Single Canonical Truth,HIGH,Merged,CORE-04,#541,P4-D15,FALSE,FALSE,Primary target from Pass #4 cluster-level consolidation view. Consolidation parent carried from the first explicit Finding reference in the frozen classification rationale/related set; related references are not exhaustive.
#1203,Spatial Ground Must Preserve Measurement Reproducibility,DUPLICATE / NEAR-DUPLICATE,MERGE INTO STRONGER FINDING OR CLUSTER,Independent Implementation,HIGH,Merged,CORE-03c,#26,P4-D15,FALSE,FALSE,Primary target from Pass #4 cluster-level consolidation view. Consolidation parent carried from the first explicit Finding reference in the frozen classification rationale/related set; related references are not exhaustive.
#1204,Spatial Ground Must Distinguish Exact Measurement From Approximate Measurement,DUPLICATE / NEAR-DUPLICATE,MERGE INTO STRONGER FINDING OR CLUSTER,Operational Non-Authority,HIGH,Merged,CORE-05c,#19,P4-D15,FALSE,FALSE,Primary target from Pass #4 cluster-level consolidation view. Consolidation parent carried from the first explicit Finding reference in the frozen classification rationale/related set; related references are not exhaustive.
#1205,Spatial Ground Must Not Require Measurement Where Membership Suffices,DUPLICATE / NEAR-DUPLICATE,MERGE INTO STRONGER FINDING OR CLUSTER,Minimality and Semantic Restraint,HIGH,Merged,BOUND-01,#58,P4-D15,FALSE,FALSE,Primary target from Pass #4 cluster-level consolidation view. Consolidation parent carried from the first explicit Finding reference in the frozen classification rationale/related set; related references are not exhaustive.
#1206,Spatial Ground Must Distinguish Metric From Topological Truth,DERIVED CONSEQUENCE,MERGE INTO STRONGER FINDING OR CLUSTER,Connectedness and Topology,MEDIUM,Merged,CONST-04,#96,P4-D15,FALSE,FALSE,Primary target from Pass #4 cluster-level consolidation view. Consolidation parent carried from the first explicit Finding reference in the frozen classification rationale/related set; related references are not exhaustive.
#1207,Spatial Ground Must Distinguish Geometry From Topology,DERIVED CONSEQUENCE,MERGE INTO STRONGER FINDING OR CLUSTER,Connectedness and Topology,MEDIUM,Merged,CONST-04,#25,P4-D15,FALSE,FALSE,Primary target from Pass #4 cluster-level consolidation view. Consolidation parent carried from the first explicit Finding reference in the frozen classification rationale/related set; related references are not exhaustive.
#1208,Spatial Ground Must Not Infer Topology From Appearance,DUPLICATE / NEAR-DUPLICATE,MERGE INTO STRONGER FINDING OR CLUSTER,Connectedness and Topology,HIGH,Merged,CONST-04,#19,P4-D15,FALSE,FALSE,Primary target from Pass #4 cluster-level consolidation view. Consolidation parent carried from the first explicit Finding reference in the frozen classification rationale/related set; related references are not exhaustive.
#1209,Spatial Ground Must Not Infer Geometry From Topological Requirements,DERIVED CONSEQUENCE,MERGE INTO STRONGER FINDING OR CLUSTER,Connectedness and Topology,MEDIUM,Merged,CONST-04,#96,P4-D15,FALSE,FALSE,Primary target from Pass #4 cluster-level consolidation view. Consolidation parent carried from the first explicit Finding reference in the frozen classification rationale/related set; related references are not exhaustive.
#1210,Spatial Ground Must Preserve Freedom of Exact Form Until Specification,DUPLICATE / NEAR-DUPLICATE,MERGE INTO STRONGER FINDING OR CLUSTER,Inquiry Method and Framework Sequencing,HIGH,Merged,Governance Method Annex,#298,P4-D15,FALSE,FALSE,Primary target from Pass #4 cluster-level consolidation view. Consolidation parent carried from the first explicit Finding reference in the frozen classification rationale/related set; related references are not exhaustive.
#1211,Spatial Ground Must Not Select Representation by Familiarity,DUPLICATE / NEAR-DUPLICATE,MERGE INTO STRONGER FINDING OR CLUSTER,Inquiry Method and Framework Sequencing,HIGH,Merged,Governance Method Annex,#695,P4-D15,FALSE,FALSE,Primary target from Pass #4 cluster-level consolidation view. Consolidation parent carried from the first explicit Finding reference in the frozen classification rationale/related set; related references are not exhaustive.
#1212,Spatial Ground Must Not Select Representation by Rendering Convenience,DUPLICATE / NEAR-DUPLICATE,MERGE INTO STRONGER FINDING OR CLUSTER,Inquiry Method and Framework Sequencing,HIGH,Merged,Governance Method Annex,#695,P4-D15,FALSE,FALSE,Primary target from Pass #4 cluster-level consolidation view. Consolidation parent carried from the first explicit Finding reference in the frozen classification rationale/related set; related references are not exhaustive.
#1213,Spatial Ground Must Not Select Representation by Storage Convenience,DUPLICATE / NEAR-DUPLICATE,MERGE INTO STRONGER FINDING OR CLUSTER,Inquiry Method and Framework Sequencing,HIGH,Merged,Governance Method Annex,#695,P4-D15,FALSE,FALSE,Primary target from Pass #4 cluster-level consolidation view. Consolidation parent carried from the first explicit Finding reference in the frozen classification rationale/related set; related references are not exhaustive.
#1214,Spatial Ground Must Not Select Representation by Editing Convenience,DUPLICATE / NEAR-DUPLICATE,MERGE INTO STRONGER FINDING OR CLUSTER,Inquiry Method and Framework Sequencing,HIGH,Merged,Governance Method Annex,#695,P4-D15,FALSE,FALSE,Primary target from Pass #4 cluster-level consolidation view. Consolidation parent carried from the first explicit Finding reference in the frozen classification rationale/related set; related references are not exhaustive.
#1215,Spatial Ground Must Not Select Representation by Contemporary Tool Support,DUPLICATE / NEAR-DUPLICATE,MERGE INTO STRONGER FINDING OR CLUSTER,Inquiry Method and Framework Sequencing,HIGH,Merged,Governance Method Annex,#695,P4-D15,FALSE,FALSE,Primary target from Pass #4 cluster-level consolidation view. Consolidation parent carried from the first explicit Finding reference in the frozen classification rationale/related set; related references are not exhaustive.
#1216,Spatial Ground Must Evaluate Representation Longevity,DUPLICATE / NEAR-DUPLICATE,MERGE INTO STRONGER FINDING OR CLUSTER,Inquiry Method and Framework Sequencing,HIGH,Merged,Governance Method Annex,#695,P4-D15,FALSE,FALSE,Primary target from Pass #4 cluster-level consolidation view. Consolidation parent carried from the first explicit Finding reference in the frozen classification rationale/related set; related references are not exhaustive.
#1217,Spatial Ground Must Evaluate Representation Exactness,DUPLICATE / NEAR-DUPLICATE,MERGE INTO STRONGER FINDING OR CLUSTER,Inquiry Method and Framework Sequencing,HIGH,Merged,Governance Method Annex,#695,P4-D15,FALSE,FALSE,Primary target from Pass #4 cluster-level consolidation view. Consolidation parent carried from the first explicit Finding reference in the frozen classification rationale/related set; related references are not exhaustive.
#1218,Spatial Ground Must Evaluate Representation Determinism,DUPLICATE / NEAR-DUPLICATE,MERGE INTO STRONGER FINDING OR CLUSTER,Inquiry Method and Framework Sequencing,HIGH,Merged,Governance Method Annex,#695,P4-D15,FALSE,FALSE,Primary target from Pass #4 cluster-level consolidation view. Consolidation parent carried from the first explicit Finding reference in the frozen classification rationale/related set; related references are not exhaustive.
#1219,Spatial Ground Must Evaluate Representation Reconstructability,DUPLICATE / NEAR-DUPLICATE,MERGE INTO STRONGER FINDING OR CLUSTER,Inquiry Method and Framework Sequencing,HIGH,Merged,Governance Method Annex,#695,P4-D15,FALSE,FALSE,Primary target from Pass #4 cluster-level consolidation view. Consolidation parent carried from the first explicit Finding reference in the frozen classification rationale/related set; related references are not exhaustive.
#1220,Spatial Ground Must Evaluate Representation Auditability,DUPLICATE / NEAR-DUPLICATE,MERGE INTO STRONGER FINDING OR CLUSTER,Inquiry Method and Framework Sequencing,HIGH,Merged,Governance Method Annex,#695,P4-D15,FALSE,FALSE,Primary target from Pass #4 cluster-level consolidation view. Consolidation parent carried from the first explicit Finding reference in the frozen classification rationale/related set; related references are not exhaustive.
#1221,Spatial Ground Must Evaluate Representation Minimality,DUPLICATE / NEAR-DUPLICATE,MERGE INTO STRONGER FINDING OR CLUSTER,Inquiry Method and Framework Sequencing,HIGH,Merged,Governance Method Annex,#695,P4-D15,FALSE,FALSE,Primary target from Pass #4 cluster-level consolidation view. Consolidation parent carried from the first explicit Finding reference in the frozen classification rationale/related set; related references are not exhaustive.
#1222,Spatial Ground Must Evaluate Representation Boundary Behavior,DUPLICATE / NEAR-DUPLICATE,MERGE INTO STRONGER FINDING OR CLUSTER,Inquiry Method and Framework Sequencing,HIGH,Merged,Governance Method Annex,#695,P4-D15,FALSE,FALSE,Primary target from Pass #4 cluster-level consolidation view. Consolidation parent carried from the first explicit Finding reference in the frozen classification rationale/related set; related references are not exhaustive.
#1223,Spatial Ground Must Evaluate Representation Refinement Behavior,DUPLICATE / NEAR-DUPLICATE,MERGE INTO STRONGER FINDING OR CLUSTER,Inquiry Method and Framework Sequencing,HIGH,Merged,Governance Method Annex,#695,P4-D15,FALSE,FALSE,Primary target from Pass #4 cluster-level consolidation view. Consolidation parent carried from the first explicit Finding reference in the frozen classification rationale/related set; related references are not exhaustive.
#1224,Spatial Ground Must Evaluate Representation Equivalence,DUPLICATE / NEAR-DUPLICATE,MERGE INTO STRONGER FINDING OR CLUSTER,Inquiry Method and Framework Sequencing,HIGH,Merged,Governance Method Annex,#695,P4-D15,FALSE,FALSE,Primary target from Pass #4 cluster-level consolidation view. Consolidation parent carried from the first explicit Finding reference in the frozen classification rationale/related set; related references are not exhaustive.
#1225,Spatial Ground Must Evaluate Representation Portability,DUPLICATE / NEAR-DUPLICATE,MERGE INTO STRONGER FINDING OR CLUSTER,Inquiry Method and Framework Sequencing,HIGH,Merged,Governance Method Annex,#695,P4-D15,FALSE,FALSE,Primary target from Pass #4 cluster-level consolidation view. Consolidation parent carried from the first explicit Finding reference in the frozen classification rationale/related set; related references are not exhaustive.
#1226,Spatial Ground Must Evaluate Representation Conformance Burden,DUPLICATE / NEAR-DUPLICATE,MERGE INTO STRONGER FINDING OR CLUSTER,Inquiry Method and Framework Sequencing,HIGH,Merged,Governance Method Annex,#695,P4-D15,FALSE,FALSE,Primary target from Pass #4 cluster-level consolidation view. Consolidation parent carried from the first explicit Finding reference in the frozen classification rationale/related set; related references are not exhaustive.
#1227,Spatial Ground Must Evaluate Representation Failure Modes,DUPLICATE / NEAR-DUPLICATE,MERGE INTO STRONGER FINDING OR CLUSTER,Inquiry Method and Framework Sequencing,HIGH,Merged,Governance Method Annex,#695,P4-D15,FALSE,FALSE,Primary target from Pass #4 cluster-level consolidation view. Consolidation parent carried from the first explicit Finding reference in the frozen classification rationale/related set; related references are not exhaustive.
#1228,Spatial Ground Must Evaluate Representation Layer Purity,DUPLICATE / NEAR-DUPLICATE,MERGE INTO STRONGER FINDING OR CLUSTER,Inquiry Method and Framework Sequencing,HIGH,Merged,Governance Method Annex,#695,P4-D15,FALSE,FALSE,Primary target from Pass #4 cluster-level consolidation view. Consolidation parent carried from the first explicit Finding reference in the frozen classification rationale/related set; related references are not exhaustive.
#1229,Spatial Ground Must Evaluate Representation Independence From Higher Geometry,DUPLICATE / NEAR-DUPLICATE,MERGE INTO STRONGER FINDING OR CLUSTER,Inquiry Method and Framework Sequencing,HIGH,Merged,Governance Method Annex,#695,P4-D15,FALSE,FALSE,Primary target from Pass #4 cluster-level consolidation view. Consolidation parent carried from the first explicit Finding reference in the frozen classification rationale/related set; related references are not exhaustive.
#1230,Spatial Ground Must Evaluate Representation Independence From Parcel Geometry,DUPLICATE / NEAR-DUPLICATE,MERGE INTO STRONGER FINDING OR CLUSTER,Inquiry Method and Framework Sequencing,HIGH,Merged,Governance Method Annex,#695,P4-D15,FALSE,FALSE,Primary target from Pass #4 cluster-level consolidation view. Consolidation parent carried from the first explicit Finding reference in the frozen classification rationale/related set; related references are not exhaustive.
#1231,Spatial Ground Must Evaluate Representation Independence From Ownership,DUPLICATE / NEAR-DUPLICATE,MERGE INTO STRONGER FINDING OR CLUSTER,Inquiry Method and Framework Sequencing,HIGH,Merged,Governance Method Annex,#695,P4-D15,FALSE,FALSE,Primary target from Pass #4 cluster-level consolidation view. Consolidation parent carried from the first explicit Finding reference in the frozen classification rationale/related set; related references are not exhaustive.
#1232,Spatial Ground Must Evaluate Representation Independence From Runtime,DUPLICATE / NEAR-DUPLICATE,MERGE INTO STRONGER FINDING OR CLUSTER,Inquiry Method and Framework Sequencing,HIGH,Merged,Governance Method Annex,#695,P4-D15,FALSE,FALSE,Primary target from Pass #4 cluster-level consolidation view. Consolidation parent carried from the first explicit Finding reference in the frozen classification rationale/related set; related references are not exhaustive.
#1233,Spatial Ground Must Evaluate Representation Independence From Experience,DUPLICATE / NEAR-DUPLICATE,MERGE INTO STRONGER FINDING OR CLUSTER,Inquiry Method and Framework Sequencing,HIGH,Merged,Governance Method Annex,#695,P4-D15,FALSE,FALSE,Primary target from Pass #4 cluster-level consolidation view. Consolidation parent carried from the first explicit Finding reference in the frozen classification rationale/related set; related references are not exhaustive.
#1234,Spatial Ground Must Evaluate Representation Against the One-World Requirement,DUPLICATE / NEAR-DUPLICATE,MERGE INTO STRONGER FINDING OR CLUSTER,Inquiry Method and Framework Sequencing,HIGH,Merged,Governance Method Annex,#695,P4-D15,FALSE,FALSE,Primary target from Pass #4 cluster-level consolidation view. Consolidation parent carried from the first explicit Finding reference in the frozen classification rationale/related set; related references are not exhaustive.
#1235,Spatial Ground Must Evaluate Representation Against Continuity,DUPLICATE / NEAR-DUPLICATE,MERGE INTO STRONGER FINDING OR CLUSTER,Inquiry Method and Framework Sequencing,HIGH,Merged,Governance Method Annex,#695,P4-D15,FALSE,FALSE,Primary target from Pass #4 cluster-level consolidation view. Consolidation parent carried from the first explicit Finding reference in the frozen classification rationale/related set; related references are not exhaustive.
#1236,Spatial Ground Must Evaluate Representation Against Survey Non-Identity,DUPLICATE / NEAR-DUPLICATE,MERGE INTO STRONGER FINDING OR CLUSTER,Inquiry Method and Framework Sequencing,HIGH,Merged,Governance Method Annex,#695,P4-D15,FALSE,FALSE,Primary target from Pass #4 cluster-level consolidation view. Consolidation parent carried from the first explicit Finding reference in the frozen classification rationale/related set; related references are not exhaustive.
#1237,Spatial Ground Must Evaluate Representation Against Non-World Validity,DUPLICATE / NEAR-DUPLICATE,MERGE INTO STRONGER FINDING OR CLUSTER,Inquiry Method and Framework Sequencing,HIGH,Merged,Governance Method Annex,#695,P4-D15,FALSE,FALSE,Primary target from Pass #4 cluster-level consolidation view. Consolidation parent carried from the first explicit Finding reference in the frozen classification rationale/related set; related references are not exhaustive.
#1238,Spatial Ground Must Evaluate Representation Against Exact Placement,DUPLICATE / NEAR-DUPLICATE,MERGE INTO STRONGER FINDING OR CLUSTER,Inquiry Method and Framework Sequencing,HIGH,Merged,Governance Method Annex,#695,P4-D15,FALSE,FALSE,Primary target from Pass #4 cluster-level consolidation view. Consolidation parent carried from the first explicit Finding reference in the frozen classification rationale/related set; related references are not exhaustive.
#1239,Spatial Ground Must Evaluate Representation Against Transformation Errors,DUPLICATE / NEAR-DUPLICATE,MERGE INTO STRONGER FINDING OR CLUSTER,Inquiry Method and Framework Sequencing,HIGH,Merged,Governance Method Annex,#695,P4-D15,FALSE,FALSE,Primary target from Pass #4 cluster-level consolidation view. Consolidation parent carried from the first explicit Finding reference in the frozen classification rationale/related set; related references are not exhaustive.
#1240,Spatial Ground Must Evaluate Representation Against Hidden State,DUPLICATE / NEAR-DUPLICATE,MERGE INTO STRONGER FINDING OR CLUSTER,Inquiry Method and Framework Sequencing,HIGH,Merged,Governance Method Annex,#695,P4-D15,FALSE,FALSE,Primary target from Pass #4 cluster-level consolidation view. Consolidation parent carried from the first explicit Finding reference in the frozen classification rationale/related set; related references are not exhaustive.
#1241,Spatial Ground Must Evaluate Representation Against Long-Term Archival Recovery,DUPLICATE / NEAR-DUPLICATE,MERGE INTO STRONGER FINDING OR CLUSTER,Inquiry Method and Framework Sequencing,HIGH,Merged,Governance Method Annex,#695,P4-D15,FALSE,FALSE,Primary target from Pass #4 cluster-level consolidation view. Consolidation parent carried from the first explicit Finding reference in the frozen classification rationale/related set; related references are not exhaustive.
#1242,Spatial Ground Must Evaluate Representation Against Independent Implementation,DUPLICATE / NEAR-DUPLICATE,MERGE INTO STRONGER FINDING OR CLUSTER,Inquiry Method and Framework Sequencing,MEDIUM,Merged,Governance Method Annex,#695,P4-D15,FALSE,FALSE,Primary target from Pass #4 cluster-level consolidation view. Consolidation parent carried from the first explicit Finding reference in the frozen classification rationale/related set; related references are not exhaustive.
#1243,Spatial Ground Must Evaluate Representation Against Adversarial Inputs,DUPLICATE / NEAR-DUPLICATE,MERGE INTO STRONGER FINDING OR CLUSTER,Inquiry Method and Framework Sequencing,HIGH,Merged,Governance Method Annex,#695,P4-D15,FALSE,FALSE,Primary target from Pass #4 cluster-level consolidation view. Consolidation parent carried from the first explicit Finding reference in the frozen classification rationale/related set; related references are not exhaustive.
#1244,Spatial Ground Must Evaluate Representation Against Semantic Drift,DUPLICATE / NEAR-DUPLICATE,MERGE INTO STRONGER FINDING OR CLUSTER,Inquiry Method and Framework Sequencing,HIGH,Merged,Governance Method Annex,#695,P4-D15,FALSE,FALSE,Primary target from Pass #4 cluster-level consolidation view. Consolidation parent carried from the first explicit Finding reference in the frozen classification rationale/related set; related references are not exhaustive.
#1245,Spatial Ground Must Evaluate Representation Against Foundational Overreach,DUPLICATE / NEAR-DUPLICATE,MERGE INTO STRONGER FINDING OR CLUSTER,Inquiry Method and Framework Sequencing,HIGH,Merged,Governance Method Annex,#695,P4-D15,FALSE,FALSE,Primary target from Pass #4 cluster-level consolidation view. Consolidation parent carried from the first explicit Finding reference in the frozen classification rationale/related set; related references are not exhaustive.
#1246,Spatial Ground Must Evaluate Representation Against Foundational Underreach,DUPLICATE / NEAR-DUPLICATE,MERGE INTO STRONGER FINDING OR CLUSTER,Inquiry Method and Framework Sequencing,HIGH,Merged,Governance Method Annex,#695,P4-D15,FALSE,FALSE,Primary target from Pass #4 cluster-level consolidation view. Consolidation parent carried from the first explicit Finding reference in the frozen classification rationale/related set; related references are not exhaustive.
#1247,Spatial Ground Must Occupy the Exact Architectural Middle,DUPLICATE / NEAR-DUPLICATE,MERGE INTO STRONGER FINDING OR CLUSTER,Layer Boundaries,HIGH,Merged,BOUND-01,#30,P4-D15,TRUE,FALSE,Primary target from Pass #4 cluster-level consolidation view. Consolidation parent carried from the first explicit Finding reference in the frozen classification rationale/related set; related references are not exhaustive.
#1248,Spatial Ground Must Define Enough and No More,DUPLICATE / NEAR-DUPLICATE,MERGE INTO STRONGER FINDING OR CLUSTER,Core World-Space Membership,HIGH,Merged,CORE-01,#1,P4-D15,FALSE,FALSE,Primary target from Pass #4 cluster-level consolidation view. Consolidation parent carried from the first explicit Finding reference in the frozen classification rationale/related set; related references are not exhaustive.
#1249,Spatial Ground Model Selection Must Follow Consolidated Requirements,DUPLICATE / NEAR-DUPLICATE,MERGE INTO STRONGER FINDING OR CLUSTER,Inquiry Method and Framework Sequencing,HIGH,Merged,Governance Method Annex,#298,P4-D15,FALSE,FALSE,Primary target from Pass #4 cluster-level consolidation view. Consolidation parent carried from the first explicit Finding reference in the frozen classification rationale/related set; related references are not exhaustive.
#1250,Spatial Ground Must Delay Mathematical Commitment Until the Architecture Earns It,DUPLICATE / NEAR-DUPLICATE,MERGE INTO STRONGER FINDING OR CLUSTER,Inquiry Method and Framework Sequencing,HIGH,Merged,Governance Method Annex,#298,P4-D15,FALSE,FALSE,Primary target from Pass #4 cluster-level consolidation view. Consolidation parent carried from the first explicit Finding reference in the frozen classification rationale/related set; related references are not exhaustive.
#1251,Spatial Ground Must Preserve Model Independence Until Candidate Comparison Begins,DUPLICATE / NEAR-DUPLICATE,MERGE INTO STRONGER FINDING OR CLUSTER,Inquiry Method and Framework Sequencing,HIGH,Merged,Governance Method Annex,#695,P4-D15,FALSE,FALSE,Primary target from Pass #4 cluster-level consolidation view. Consolidation parent carried from the first explicit Finding reference in the frozen classification rationale/related set; related references are not exhaustive.
#1252,Candidate Models Must Be Compared on Requirements Satisfaction,DUPLICATE / NEAR-DUPLICATE,MERGE INTO STRONGER FINDING OR CLUSTER,Inquiry Method and Framework Sequencing,HIGH,Merged,Governance Method Annex,#695,P4-D15,FALSE,FALSE,Primary target from Pass #4 cluster-level consolidation view. Consolidation parent carried from the first explicit Finding reference in the frozen classification rationale/related set; related references are not exhaustive.
#1253,Candidate Comparison Must Use Common Evaluation Criteria,DUPLICATE / NEAR-DUPLICATE,MERGE INTO STRONGER FINDING OR CLUSTER,Inquiry Method and Framework Sequencing,HIGH,Merged,Governance Method Annex,#695,P4-D15,FALSE,FALSE,Primary target from Pass #4 cluster-level consolidation view. Consolidation parent carried from the first explicit Finding reference in the frozen classification rationale/related set; related references are not exhaustive.
#1254,Candidate Comparison Must Expose Tradeoffs,INSTITUTIONAL / GOVERNANCE CANDIDATE,MOVE TO GOVERNANCE / INSTITUTIONAL FRAMEWORK,Inquiry Method and Framework Sequencing,HIGH,Governance,Governance Method Annex,,P4-D15,FALSE,FALSE,Primary target from Pass #4 cluster-level consolidation view.
#1255,Candidate Comparison Must Distinguish Foundational From Operational Tradeoffs,INSTITUTIONAL / GOVERNANCE CANDIDATE,MOVE TO GOVERNANCE / INSTITUTIONAL FRAMEWORK,Inquiry Method and Framework Sequencing,HIGH,Governance,Governance Method Annex,,P4-D15,FALSE,FALSE,Primary target from Pass #4 cluster-level consolidation view.
#1256,Candidate Models Must Be Rejected for Canonical Ambiguity,DUPLICATE / NEAR-DUPLICATE,MERGE INTO STRONGER FINDING OR CLUSTER,Inquiry Method and Framework Sequencing,HIGH,Merged,Governance Method Annex,#695,P4-D15,FALSE,FALSE,Primary target from Pass #4 cluster-level consolidation view. Consolidation parent carried from the first explicit Finding reference in the frozen classification rationale/related set; related references are not exhaustive.
#1257,Candidate Models Must Be Rejected for Hidden Approximation,DUPLICATE / NEAR-DUPLICATE,MERGE INTO STRONGER FINDING OR CLUSTER,Inquiry Method and Framework Sequencing,HIGH,Merged,Governance Method Annex,#695,P4-D15,FALSE,FALSE,Primary target from Pass #4 cluster-level consolidation view. Consolidation parent carried from the first explicit Finding reference in the frozen classification rationale/related set; related references are not exhaustive.
#1258,Candidate Models Must Be Rejected for Layer Leakage,DUPLICATE / NEAR-DUPLICATE,MERGE INTO STRONGER FINDING OR CLUSTER,Inquiry Method and Framework Sequencing,HIGH,Merged,Governance Method Annex,#695,P4-D15,FALSE,FALSE,Primary target from Pass #4 cluster-level consolidation view. Consolidation parent carried from the first explicit Finding reference in the frozen classification rationale/related set; related references are not exhaustive.
#1259,Candidate Models Must Be Rejected for Irrecoverability,DUPLICATE / NEAR-DUPLICATE,MERGE INTO STRONGER FINDING OR CLUSTER,Inquiry Method and Framework Sequencing,HIGH,Merged,Governance Method Annex,#695,P4-D15,FALSE,FALSE,Primary target from Pass #4 cluster-level consolidation view. Consolidation parent carried from the first explicit Finding reference in the frozen classification rationale/related set; related references are not exhaustive.
#1260,Candidate Models Must Be Rejected for Unbounded Complexity,DUPLICATE / NEAR-DUPLICATE,MERGE INTO STRONGER FINDING OR CLUSTER,Inquiry Method and Framework Sequencing,HIGH,Merged,Governance Method Annex,#689,P4-D15,FALSE,FALSE,Primary target from Pass #4 cluster-level consolidation view. Consolidation parent carried from the first explicit Finding reference in the frozen classification rationale/related set; related references are not exhaustive.
#1261,Candidate Models Must Be Rejected for Excess Primitive State,DUPLICATE / NEAR-DUPLICATE,MERGE INTO STRONGER FINDING OR CLUSTER,Inquiry Method and Framework Sequencing,HIGH,Merged,Governance Method Annex,#695,P4-D15,FALSE,FALSE,Primary target from Pass #4 cluster-level consolidation view. Consolidation parent carried from the first explicit Finding reference in the frozen classification rationale/related set; related references are not exhaustive.
#1262,Candidate Models Must Be Rejected for Representation Fragility,DUPLICATE / NEAR-DUPLICATE,MERGE INTO STRONGER FINDING OR CLUSTER,Inquiry Method and Framework Sequencing,HIGH,Merged,Governance Method Annex,#695,P4-D15,FALSE,FALSE,Primary target from Pass #4 cluster-level consolidation view. Consolidation parent carried from the first explicit Finding reference in the frozen classification rationale/related set; related references are not exhaustive.
#1263,Candidate Models Must Be Rejected for Poor Independent Implementability,DUPLICATE / NEAR-DUPLICATE,MERGE INTO STRONGER FINDING OR CLUSTER,Inquiry Method and Framework Sequencing,HIGH,Merged,Governance Method Annex,#695,P4-D15,FALSE,FALSE,Primary target from Pass #4 cluster-level consolidation view. Consolidation parent carried from the first explicit Finding reference in the frozen classification rationale/related set; related references are not exhaustive.
#1264,Candidate Models Must Be Rejected for Boundary Instability,DUPLICATE / NEAR-DUPLICATE,MERGE INTO STRONGER FINDING OR CLUSTER,Inquiry Method and Framework Sequencing,HIGH,Merged,Governance Method Annex,#695,P4-D15,FALSE,FALSE,Primary target from Pass #4 cluster-level consolidation view. Consolidation parent carried from the first explicit Finding reference in the frozen classification rationale/related set; related references are not exhaustive.
#1265,Candidate Models Must Be Rejected for Refinement Instability,DUPLICATE / NEAR-DUPLICATE,MERGE INTO STRONGER FINDING OR CLUSTER,Inquiry Method and Framework Sequencing,HIGH,Merged,Governance Method Annex,#695,P4-D15,FALSE,FALSE,Primary target from Pass #4 cluster-level consolidation view. Consolidation parent carried from the first explicit Finding reference in the frozen classification rationale/related set; related references are not exhaustive.
#1266,Candidate Models Must Be Rejected for Transformation Confusion,DUPLICATE / NEAR-DUPLICATE,MERGE INTO STRONGER FINDING OR CLUSTER,Inquiry Method and Framework Sequencing,HIGH,Merged,Governance Method Annex,#695,P4-D15,FALSE,FALSE,Primary target from Pass #4 cluster-level consolidation view. Consolidation parent carried from the first explicit Finding reference in the frozen classification rationale/related set; related references are not exhaustive.
#1267,Candidate Models Must Be Rejected for Historical Replay Dependency,DUPLICATE / NEAR-DUPLICATE,MERGE INTO STRONGER FINDING OR CLUSTER,Inquiry Method and Framework Sequencing,HIGH,Merged,Governance Method Annex,#695,P4-D15,FALSE,FALSE,Primary target from Pass #4 cluster-level consolidation view. Consolidation parent carried from the first explicit Finding reference in the frozen classification rationale/related set; related references are not exhaustive.
#1268,Candidate Models Must Be Rejected for Operational Liveness Dependency,DUPLICATE / NEAR-DUPLICATE,MERGE INTO STRONGER FINDING OR CLUSTER,Inquiry Method and Framework Sequencing,HIGH,Merged,Governance Method Annex,#695,P4-D15,FALSE,FALSE,Primary target from Pass #4 cluster-level consolidation view. Consolidation parent carried from the first explicit Finding reference in the frozen classification rationale/related set; related references are not exhaustive.
#1269,Candidate Models Must Be Rejected for Centralized Semantic Dependency,DUPLICATE / NEAR-DUPLICATE,MERGE INTO STRONGER FINDING OR CLUSTER,Inquiry Method and Framework Sequencing,HIGH,Merged,Governance Method Annex,#695,P4-D15,FALSE,FALSE,Primary target from Pass #4 cluster-level consolidation view. Consolidation parent carried from the first explicit Finding reference in the frozen classification rationale/related set; related references are not exhaustive.
#1270,Candidate Models Must Be Rejected for Semantic Forkability,DERIVED CONSEQUENCE,MERGE INTO STRONGER FINDING OR CLUSTER,One World / Singular World-Space,MEDIUM,Merged,CONST-02,#21,P4-D15,FALSE,FALSE,Primary target from Pass #4 cluster-level consolidation view. Consolidation parent carried from the first explicit Finding reference in the frozen classification rationale/related set; related references are not exhaustive.
#1271,Candidate Models Must Be Rejected for Undefined Failure Behavior,DUPLICATE / NEAR-DUPLICATE,MERGE INTO STRONGER FINDING OR CLUSTER,Inquiry Method and Framework Sequencing,HIGH,Merged,Governance Method Annex,#695,P4-D15,FALSE,FALSE,Primary target from Pass #4 cluster-level consolidation view. Consolidation parent carried from the first explicit Finding reference in the frozen classification rationale/related set; related references are not exhaustive.
#1272,Candidate Models Must Be Rejected for Poor Auditability,DUPLICATE / NEAR-DUPLICATE,MERGE INTO STRONGER FINDING OR CLUSTER,Inquiry Method and Framework Sequencing,HIGH,Merged,Governance Method Annex,#695,P4-D15,FALSE,FALSE,Primary target from Pass #4 cluster-level consolidation view. Consolidation parent carried from the first explicit Finding reference in the frozen classification rationale/related set; related references are not exhaustive.
#1273,Candidate Models Must Be Rejected for Excessive Special Cases,DUPLICATE / NEAR-DUPLICATE,MERGE INTO STRONGER FINDING OR CLUSTER,Inquiry Method and Framework Sequencing,HIGH,Merged,Governance Method Annex,#695,P4-D15,FALSE,FALSE,Primary target from Pass #4 cluster-level consolidation view. Consolidation parent carried from the first explicit Finding reference in the frozen classification rationale/related set; related references are not exhaustive.
#1274,Candidate Models Must Be Rejected for Unnecessary Semantic Richness,DUPLICATE / NEAR-DUPLICATE,MERGE INTO STRONGER FINDING OR CLUSTER,Inquiry Method and Framework Sequencing,HIGH,Merged,Governance Method Annex,#695,P4-D15,FALSE,FALSE,Primary target from Pass #4 cluster-level consolidation view. Consolidation parent carried from the first explicit Finding reference in the frozen classification rationale/related set; related references are not exhaustive.
#1275,Candidate Models Must Be Rejected for Foundational Under-Specification,DUPLICATE / NEAR-DUPLICATE,MERGE INTO STRONGER FINDING OR CLUSTER,Inquiry Method and Framework Sequencing,HIGH,Merged,Governance Method Annex,#695,P4-D15,FALSE,FALSE,Primary target from Pass #4 cluster-level consolidation view. Consolidation parent carried from the first explicit Finding reference in the frozen classification rationale/related set; related references are not exhaustive.
#1276,Candidate Models Must Be Rejected for Survey Duplication,DUPLICATE / NEAR-DUPLICATE,MERGE INTO STRONGER FINDING OR CLUSTER,Inquiry Method and Framework Sequencing,MEDIUM,Merged,DOWN-01,#695,P2-D1,FALSE,FALSE,Item-level target override from Architectural Resolution Passes. Consolidation parent carried from the first explicit Finding reference in the frozen classification rationale/related set; related references are not exhaustive. Exception clause struck; FSF deficiency is never patched by Ground.
#1277,Candidate Models Must Be Rejected for Survey Mutation,DUPLICATE / NEAR-DUPLICATE,MERGE INTO STRONGER FINDING OR CLUSTER,Inquiry Method and Framework Sequencing,HIGH,Merged,Governance Method Annex,#695,P4-D15,FALSE,FALSE,Primary target from Pass #4 cluster-level consolidation view. Consolidation parent carried from the first explicit Finding reference in the frozen classification rationale/related set; related references are not exhaustive.
#1278,Candidate Models Must Preserve Survey Orthogonality,DUPLICATE / NEAR-DUPLICATE,MERGE INTO STRONGER FINDING OR CLUSTER,Survey Dependency / Downward Contract,HIGH,Merged,DOWN-01,#12,P4-D15,TRUE,FALSE,Primary target from Pass #4 cluster-level consolidation view. Consolidation parent carried from the first explicit Finding reference in the frozen classification rationale/related set; related references are not exhaustive.
#1279,Candidate Models Must Preserve Ground Orthogonality to Interpretation,DUPLICATE / NEAR-DUPLICATE,MERGE INTO STRONGER FINDING OR CLUSTER,Interpretation Independence,HIGH,Merged,CORE-05a,#4,P4-D15,FALSE,FALSE,Primary target from Pass #4 cluster-level consolidation view. Consolidation parent carried from the first explicit Finding reference in the frozen classification rationale/related set; related references are not exhaustive.
#1280,Candidate Models Must Preserve Ground Orthogonality to Cadastre,DUPLICATE / NEAR-DUPLICATE,MERGE INTO STRONGER FINDING OR CLUSTER,Parcel Independence,HIGH,Merged,CORE-05a,#6,P4-D15,FALSE,FALSE,Primary target from Pass #4 cluster-level consolidation view. Consolidation parent carried from the first explicit Finding reference in the frozen classification rationale/related set; related references are not exhaustive.
#1281,Candidate Models Must Preserve Ground Orthogonality to Rights,DUPLICATE / NEAR-DUPLICATE,MERGE INTO STRONGER FINDING OR CLUSTER,Rights / Governance Independence,HIGH,Merged,CORE-05a,#20,P4-D15,FALSE,FALSE,Primary target from Pass #4 cluster-level consolidation view. Consolidation parent carried from the first explicit Finding reference in the frozen classification rationale/related set; related references are not exhaustive.
#1282,Candidate Models Must Preserve Ground Orthogonality to Runtime,DUPLICATE / NEAR-DUPLICATE,MERGE INTO STRONGER FINDING OR CLUSTER,Runtime Independence,HIGH,Merged,CORE-05a,#4,P4-D15,FALSE,FALSE,Primary target from Pass #4 cluster-level consolidation view. Consolidation parent carried from the first explicit Finding reference in the frozen classification rationale/related set; related references are not exhaustive.
#1283,Candidate Models Must Preserve Ground Orthogonality to Experience,DUPLICATE / NEAR-DUPLICATE,MERGE INTO STRONGER FINDING OR CLUSTER,Higher-Layer Independence,HIGH,Merged,CORE-05a,#4,P4-D15,FALSE,FALSE,Primary target from Pass #4 cluster-level consolidation view. Consolidation parent carried from the first explicit Finding reference in the frozen classification rationale/related set; related references are not exhaustive.
#1284,Candidate Models Must Preserve Ground Orthogonality to Economics,DUPLICATE / NEAR-DUPLICATE,MERGE INTO STRONGER FINDING OR CLUSTER,Interpretation Independence,HIGH,Merged,CORE-05a,#20,P4-D15,FALSE,FALSE,Primary target from Pass #4 cluster-level consolidation view. Consolidation parent carried from the first explicit Finding reference in the frozen classification rationale/related set; related references are not exhaustive.
#1285,Candidate Models Must Preserve Ground Orthogonality to Governance Operations,DUPLICATE / NEAR-DUPLICATE,MERGE INTO STRONGER FINDING OR CLUSTER,Change Control and Permanence,HIGH,Merged,CORE-06,#4,P4-D15,FALSE,FALSE,Primary target from Pass #4 cluster-level consolidation view. Consolidation parent carried from the first explicit Finding reference in the frozen classification rationale/related set; related references are not exhaustive.
#1286,Candidate Models Must Preserve Ground Orthogonality to Provenance Systems,DUPLICATE / NEAR-DUPLICATE,MERGE INTO STRONGER FINDING OR CLUSTER,Historical Traceability,HIGH,Merged,Governance Register,#130,P4-D15,FALSE,FALSE,Primary target from Pass #4 cluster-level consolidation view. Consolidation parent carried from the first explicit Finding reference in the frozen classification rationale/related set; related references are not exhaustive.
#1287,Candidate Models Must Preserve Ground Orthogonality to Security Systems,DUPLICATE / NEAR-DUPLICATE,MERGE INTO STRONGER FINDING OR CLUSTER,Operational Non-Authority,HIGH,Merged,CORE-05c,#19,P4-D15,FALSE,FALSE,Primary target from Pass #4 cluster-level consolidation view. Consolidation parent carried from the first explicit Finding reference in the frozen classification rationale/related set; related references are not exhaustive.
#1288,Candidate Models Must Preserve Ground Orthogonality to Interoperability Standards,DUPLICATE / NEAR-DUPLICATE,MERGE INTO STRONGER FINDING OR CLUSTER,Operational Non-Authority,HIGH,Merged,CORE-05c,#19,P4-D15,FALSE,FALSE,Primary target from Pass #4 cluster-level consolidation view. Consolidation parent carried from the first explicit Finding reference in the frozen classification rationale/related set; related references are not exhaustive.
#1289,Candidate Models Must Preserve Ground Orthogonality to Documentation Layout,DUPLICATE / NEAR-DUPLICATE,MERGE INTO STRONGER FINDING OR CLUSTER,Representation Independence,HIGH,Merged,CORE-07,#29,P4-D15,FALSE,FALSE,Primary target from Pass #4 cluster-level consolidation view. Consolidation parent carried from the first explicit Finding reference in the frozen classification rationale/related set; related references are not exhaustive.
#1290,Candidate Models Must Preserve Ground Orthogonality to Creator History,DUPLICATE / NEAR-DUPLICATE,MERGE INTO STRONGER FINDING OR CLUSTER,Historical Traceability,HIGH,Merged,Governance Register,#27,P4-D15,FALSE,FALSE,Primary target from Pass #4 cluster-level consolidation view. Consolidation parent carried from the first explicit Finding reference in the frozen classification rationale/related set; related references are not exhaustive.
#1291,Candidate Models Must Support Canonical Compression,DUPLICATE / NEAR-DUPLICATE,MERGE INTO STRONGER FINDING OR CLUSTER,Minimality and Semantic Restraint,HIGH,Merged,BOUND-01,#58,P4-D15,FALSE,FALSE,Primary target from Pass #4 cluster-level consolidation view. Consolidation parent carried from the first explicit Finding reference in the frozen classification rationale/related set; related references are not exhaustive.
#1292,Candidate Models Must Support Canonical Expansion,DUPLICATE / NEAR-DUPLICATE,MERGE INTO STRONGER FINDING OR CLUSTER,Operational Non-Authority,HIGH,Merged,CORE-05c,#19,P4-D15,FALSE,FALSE,Primary target from Pass #4 cluster-level consolidation view. Consolidation parent carried from the first explicit Finding reference in the frozen classification rationale/related set; related references are not exhaustive.
#1293,Canonical Compression and Expansion Must Be Reversible in Meaning,DUPLICATE / NEAR-DUPLICATE,MERGE INTO STRONGER FINDING OR CLUSTER,Representation Independence,HIGH,Merged,CORE-07,#48,P4-D15,FALSE,FALSE,Primary target from Pass #4 cluster-level consolidation view. Consolidation parent carried from the first explicit Finding reference in the frozen classification rationale/related set; related references are not exhaustive.
#1294,Candidate Models Must Support Semantic Round-Trip,DUPLICATE / NEAR-DUPLICATE,MERGE INTO STRONGER FINDING OR CLUSTER,Representation Independence,HIGH,Merged,CORE-07,#29,P4-D15,FALSE,FALSE,Primary target from Pass #4 cluster-level consolidation view. Consolidation parent carried from the first explicit Finding reference in the frozen classification rationale/related set; related references are not exhaustive.
#1295,Candidate Models Must Support Canonical Comparison,DUPLICATE / NEAR-DUPLICATE,MERGE INTO STRONGER FINDING OR CLUSTER,Canonical Equivalence,HIGH,Merged,DEF-05,#65,P4-D15,FALSE,FALSE,Primary target from Pass #4 cluster-level consolidation view. Consolidation parent carried from the first explicit Finding reference in the frozen classification rationale/related set; related references are not exhaustive.
#1296,Canonical Comparison Must Not Require Rendering,DUPLICATE / NEAR-DUPLICATE,MERGE INTO STRONGER FINDING OR CLUSTER,Canonical Equivalence,HIGH,Merged,DEF-05,#65,P4-D15,FALSE,FALSE,Primary target from Pass #4 cluster-level consolidation view. Consolidation parent carried from the first explicit Finding reference in the frozen classification rationale/related set; related references are not exhaustive.
#1297,Candidate Models Must Support Canonical Difference Analysis,CONFORMANCE / VALIDATION CANDIDATE,MOVE TO CONFORMANCE / VALIDATION,Canonical Equivalence,MEDIUM,Conformance,DEF-05,,P4-D15,FALSE,FALSE,Primary target from Pass #4 cluster-level consolidation view.
#1298,Difference Analysis Must Distinguish Meaning From Encoding,DUPLICATE / NEAR-DUPLICATE,MERGE INTO STRONGER FINDING OR CLUSTER,Canonical Equivalence,HIGH,Merged,DEF-05,#216,P4-D15,FALSE,FALSE,Primary target from Pass #4 cluster-level consolidation view. Consolidation parent carried from the first explicit Finding reference in the frozen classification rationale/related set; related references are not exhaustive.
#1299,Candidate Models Must Support Canonical Regression Analysis,DUPLICATE / NEAR-DUPLICATE,MERGE INTO STRONGER FINDING OR CLUSTER,Testing and Adversarial Review,HIGH,Merged,Conformance Register,#393,P4-D15,FALSE,FALSE,Primary target from Pass #4 cluster-level consolidation view. Consolidation parent carried from the first explicit Finding reference in the frozen classification rationale/related set; related references are not exhaustive.
#1300,Spatial Ground Must Select the Smallest Model That Fully Survives,DUPLICATE / NEAR-DUPLICATE,MERGE INTO STRONGER FINDING OR CLUSTER,Inquiry Method and Framework Sequencing,HIGH,Merged,Governance Method Annex,#550,P4-D15,FALSE,FALSE,Primary target from Pass #4 cluster-level consolidation view. Consolidation parent carried from the first explicit Finding reference in the frozen classification rationale/related set; related references are not exhaustive.
#1301,Spatial Ground Must Distinguish Model Fitness From Model Popularity,DUPLICATE / NEAR-DUPLICATE,MERGE INTO STRONGER FINDING OR CLUSTER,Inquiry Method and Framework Sequencing,HIGH,Merged,Governance Method Annex,#695,P4-D15,FALSE,FALSE,Primary target from Pass #4 cluster-level consolidation view. Consolidation parent carried from the first explicit Finding reference in the frozen classification rationale/related set; related references are not exhaustive.
#1302,Spatial Ground Must Distinguish Standards Adoption From Architectural Merit,DUPLICATE / NEAR-DUPLICATE,MERGE INTO STRONGER FINDING OR CLUSTER,Inquiry Method and Framework Sequencing,HIGH,Merged,Governance Method Annex,#695,P4-D15,FALSE,FALSE,Primary target from Pass #4 cluster-level consolidation view. Consolidation parent carried from the first explicit Finding reference in the frozen classification rationale/related set; related references are not exhaustive.
#1303,Spatial Ground Must Distinguish Ecosystem Maturity From Permanence,DUPLICATE / NEAR-DUPLICATE,MERGE INTO STRONGER FINDING OR CLUSTER,Inquiry Method and Framework Sequencing,HIGH,Merged,Governance Method Annex,#695,P4-D15,FALSE,FALSE,Primary target from Pass #4 cluster-level consolidation view. Consolidation parent carried from the first explicit Finding reference in the frozen classification rationale/related set; related references are not exhaustive.
#1304,Spatial Ground Must Distinguish Mathematical Maturity From Architectural Fit,DUPLICATE / NEAR-DUPLICATE,MERGE INTO STRONGER FINDING OR CLUSTER,Inquiry Method and Framework Sequencing,HIGH,Merged,Governance Method Annex,#695,P4-D15,FALSE,FALSE,Primary target from Pass #4 cluster-level consolidation view. Consolidation parent carried from the first explicit Finding reference in the frozen classification rationale/related set; related references are not exhaustive.
#1305,Spatial Ground Must Permit Composite Models Only Where Necessary,INSTITUTIONAL / GOVERNANCE CANDIDATE,MOVE TO GOVERNANCE / INSTITUTIONAL FRAMEWORK,Inquiry Method and Framework Sequencing,HIGH,Governance,Governance Method Annex,,P4-D15,FALSE,FALSE,Primary target from Pass #4 cluster-level consolidation view.
#1306,Composite Models Must Preserve One Canonical Meaning,DUPLICATE / NEAR-DUPLICATE,MERGE INTO STRONGER FINDING OR CLUSTER,Single Canonical Truth,HIGH,Merged,CORE-04,#8,P4-D15,FALSE,FALSE,Primary target from Pass #4 cluster-level consolidation view. Consolidation parent carried from the first explicit Finding reference in the frozen classification rationale/related set; related references are not exhaustive.
#1307,Composite Models Must Avoid Competing Authorities,DUPLICATE / NEAR-DUPLICATE,MERGE INTO STRONGER FINDING OR CLUSTER,Single Canonical Truth,HIGH,Merged,CORE-04,#8,P4-D15,FALSE,FALSE,Primary target from Pass #4 cluster-level consolidation view. Consolidation parent carried from the first explicit Finding reference in the frozen classification rationale/related set; related references are not exhaustive.
#1308,Composite Models Must Have Explicit Precedence,SPECIFICATION CANDIDATE,MOVE TO SPECIFICATION,Single Canonical Truth,HIGH,Specification,CORE-04,,P4-D15,FALSE,FALSE,Primary target from Pass #4 cluster-level consolidation view.
#1309,Composite Models Must Be More Justified Than Single Models,DUPLICATE / NEAR-DUPLICATE,MERGE INTO STRONGER FINDING OR CLUSTER,Inquiry Method and Framework Sequencing,HIGH,Merged,Governance Method Annex,#1305,P4-D15,FALSE,FALSE,Primary target from Pass #4 cluster-level consolidation view. Consolidation parent carried from the first explicit Finding reference in the frozen classification rationale/related set; related references are not exhaustive.
#1310,Spatial Ground Must Resist Architectural Patchwork,DUPLICATE / NEAR-DUPLICATE,MERGE INTO STRONGER FINDING OR CLUSTER,Inquiry Method and Framework Sequencing,HIGH,Merged,Governance Method Annex,#378,P4-D15,FALSE,FALSE,Primary target from Pass #4 cluster-level consolidation view. Consolidation parent carried from the first explicit Finding reference in the frozen classification rationale/related set; related references are not exhaustive.
#1311,Spatial Ground Must Prefer Coherent General Rules,DUPLICATE / NEAR-DUPLICATE,MERGE INTO STRONGER FINDING OR CLUSTER,Minimality and Semantic Restraint,HIGH,Merged,BOUND-01,#378,P4-D15,FALSE,FALSE,Primary target from Pass #4 cluster-level consolidation view. Consolidation parent carried from the first explicit Finding reference in the frozen classification rationale/related set; related references are not exhaustive.
#1312,Generality Must Not Sacrifice Exact World Identity,DERIVED CONSEQUENCE,MERGE INTO STRONGER FINDING OR CLUSTER,One World / Singular World-Space,MEDIUM,Merged,CONST-02,#21,P4-D15,FALSE,FALSE,Primary target from Pass #4 cluster-level consolidation view. Consolidation parent carried from the first explicit Finding reference in the frozen classification rationale/related set; related references are not exhaustive.
#1313,Spatial Ground Must Permit BitPangea-Specific Constraints,SPECIFICATION CANDIDATE,MOVE TO SPECIFICATION,Constitutional Subordination,MEDIUM,Specification,CONST-01,,P4-D15,FALSE,FALSE,Primary target from Pass #4 cluster-level consolidation view.
#1314,BitPangea-Specific Constraints Must Remain Minimal,DUPLICATE / NEAR-DUPLICATE,MERGE INTO STRONGER FINDING OR CLUSTER,Minimality and Semantic Restraint,HIGH,Merged,BOUND-01,#58,P4-D15,FALSE,FALSE,Primary target from Pass #4 cluster-level consolidation view. Consolidation parent carried from the first explicit Finding reference in the frozen classification rationale/related set; related references are not exhaustive.
#1315,Spatial Ground Must Distinguish Universal Mathematics From Project Rules,SPECIFICATION CANDIDATE,MOVE TO SPECIFICATION,Finite Expressibility and Determinism,HIGH,Specification,DEF-03,,P4-D15,FALSE,FALSE,Primary target from Pass #4 cluster-level consolidation view.
#1316,Spatial Ground Must Preserve Replaceability of Non-Canonical Mathematics,DUPLICATE / NEAR-DUPLICATE,MERGE INTO STRONGER FINDING OR CLUSTER,Technology and Infrastructure Independence,HIGH,Merged,CORE-05b,#81,P4-D15,FALSE,FALSE,Primary target from Pass #4 cluster-level consolidation view. Consolidation parent carried from the first explicit Finding reference in the frozen classification rationale/related set; related references are not exhaustive.
#1317,Canonical Mathematics Must Be Explicitly Identified,DUPLICATE / NEAR-DUPLICATE,MERGE INTO STRONGER FINDING OR CLUSTER,No Hidden State / Self-Containment,HIGH,Merged,CORE-05b,#27,P4-D15,FALSE,FALSE,Primary target from Pass #4 cluster-level consolidation view. Consolidation parent carried from the first explicit Finding reference in the frozen classification rationale/related set; related references are not exhaustive.
#1318,Spatial Ground Must Avoid Accidental Mathematical Dependencies,DUPLICATE / NEAR-DUPLICATE,MERGE INTO STRONGER FINDING OR CLUSTER,No Hidden State / Self-Containment,HIGH,Merged,CORE-05b,#27,P4-D15,FALSE,FALSE,Primary target from Pass #4 cluster-level consolidation view. Consolidation parent carried from the first explicit Finding reference in the frozen classification rationale/related set; related references are not exhaustive.
#1319,Spatial Ground Must Preserve Mathematical Closure,DERIVED CONSEQUENCE,MERGE INTO STRONGER FINDING OR CLUSTER,No Hidden State / Self-Containment,HIGH,Merged,CORE-05b,#27,P4-D15,TRUE,FALSE,Primary target from Pass #4 cluster-level consolidation view. Consolidation parent carried from the first explicit Finding reference in the frozen classification rationale/related set; related references are not exhaustive.
#1320,Mathematical Closure Must Not Duplicate Lower Authority,DUPLICATE / NEAR-DUPLICATE,MERGE INTO STRONGER FINDING OR CLUSTER,Survey Dependency / Downward Contract,HIGH,Merged,DOWN-01,#12,P4-D15,FALSE,FALSE,Primary target from Pass #4 cluster-level consolidation view. Consolidation parent carried from the first explicit Finding reference in the frozen classification rationale/related set; related references are not exhaustive.
#1321,Spatial Ground Must Define Any Additional Mathematics Narrowly,DERIVED CONSEQUENCE,MERGE INTO STRONGER FINDING OR CLUSTER,Survey Dependency / Downward Contract,MEDIUM,Merged,DOWN-01,#24,P4-D15,FALSE,FALSE,Primary target from Pass #4 cluster-level consolidation view. Consolidation parent carried from the first explicit Finding reference in the frozen classification rationale/related set; related references are not exhaustive.
#1322,Additional Mathematics Must Pass the Removal Test,DUPLICATE / NEAR-DUPLICATE,MERGE INTO STRONGER FINDING OR CLUSTER,Inquiry Method and Framework Sequencing,HIGH,Merged,Governance Method Annex,#140,P4-D15,FALSE,FALSE,Primary target from Pass #4 cluster-level consolidation view. Consolidation parent carried from the first explicit Finding reference in the frozen classification rationale/related set; related references are not exhaustive.
#1323,Spatial Ground Must Avoid Mathematical Ornamentation,DUPLICATE / NEAR-DUPLICATE,MERGE INTO STRONGER FINDING OR CLUSTER,Inquiry Method and Framework Sequencing,HIGH,Merged,Governance Method Annex,#695,P4-D15,FALSE,FALSE,Primary target from Pass #4 cluster-level consolidation view. Consolidation parent carried from the first explicit Finding reference in the frozen classification rationale/related set; related references are not exhaustive.
#1324,Spatial Ground Must Preserve Proof Simplicity Where Possible,DERIVED CONSEQUENCE,MERGE INTO STRONGER FINDING OR CLUSTER,Inquiry Method and Framework Sequencing,HIGH,Merged,Governance Method Annex,#874,P4-D15,FALSE,FALSE,Primary target from Pass #4 cluster-level consolidation view. Consolidation parent carried from the first explicit Finding reference in the frozen classification rationale/related set; related references are not exhaustive.
#1325,Spatial Ground Must Preserve Implementation Simplicity Where It Does Not Cost Permanence,DUPLICATE / NEAR-DUPLICATE,MERGE INTO STRONGER FINDING OR CLUSTER,Inquiry Method and Framework Sequencing,HIGH,Merged,Governance Method Annex,#874,P4-D15,FALSE,FALSE,Primary target from Pass #4 cluster-level consolidation view. Consolidation parent carried from the first explicit Finding reference in the frozen classification rationale/related set; related references are not exhaustive.
#1326,Spatial Ground Must Preserve Conceptual Simplicity Above Implementation Cleverness,DUPLICATE / NEAR-DUPLICATE,MERGE INTO STRONGER FINDING OR CLUSTER,Inquiry Method and Framework Sequencing,HIGH,Merged,Governance Method Annex,#69,P4-D15,FALSE,FALSE,Primary target from Pass #4 cluster-level consolidation view. Consolidation parent carried from the first explicit Finding reference in the frozen classification rationale/related set; related references are not exhaustive.
#1327,Spatial Ground Must Avoid Canonical Dependence on Optimization Tricks,DUPLICATE / NEAR-DUPLICATE,MERGE INTO STRONGER FINDING OR CLUSTER,Operational Non-Authority,HIGH,Merged,CORE-05c,#19,P4-D15,FALSE,FALSE,Primary target from Pass #4 cluster-level consolidation view. Consolidation parent carried from the first explicit Finding reference in the frozen classification rationale/related set; related references are not exhaustive.
#1328,Spatial Ground Must Permit Optimization Replacement,DUPLICATE / NEAR-DUPLICATE,MERGE INTO STRONGER FINDING OR CLUSTER,Technology and Infrastructure Independence,HIGH,Merged,CORE-05b,#81,P4-D15,FALSE,FALSE,Primary target from Pass #4 cluster-level consolidation view. Consolidation parent carried from the first explicit Finding reference in the frozen classification rationale/related set; related references are not exhaustive.
#1329,Spatial Ground Must Permit Multiple Optimization Strategies,DUPLICATE / NEAR-DUPLICATE,MERGE INTO STRONGER FINDING OR CLUSTER,Independent Implementation,HIGH,Merged,CORE-03c,#26,P4-D15,FALSE,FALSE,Primary target from Pass #4 cluster-level consolidation view. Consolidation parent carried from the first explicit Finding reference in the frozen classification rationale/related set; related references are not exhaustive.
#1330,Optimization Diversity Must Not Affect Conformance,DUPLICATE / NEAR-DUPLICATE,MERGE INTO STRONGER FINDING OR CLUSTER,Independent Implementation,HIGH,Merged,CORE-03c,#26,P4-D15,FALSE,FALSE,Primary target from Pass #4 cluster-level consolidation view. Consolidation parent carried from the first explicit Finding reference in the frozen classification rationale/related set; related references are not exhaustive.
#1331,Spatial Ground Must Distinguish Deterministic Semantics From Deterministic Performance,DUPLICATE / NEAR-DUPLICATE,MERGE INTO STRONGER FINDING OR CLUSTER,Independent Implementation,HIGH,Merged,CORE-03c,#26,P4-D15,FALSE,FALSE,Primary target from Pass #4 cluster-level consolidation view. Consolidation parent carried from the first explicit Finding reference in the frozen classification rationale/related set; related references are not exhaustive.
#1332,Spatial Ground Must Avoid Performance-Based Canonical Shortcuts,DUPLICATE / NEAR-DUPLICATE,MERGE INTO STRONGER FINDING OR CLUSTER,Exact Membership and Boundary Resolution,HIGH,Merged,CORE-03,#15,P4-D15,FALSE,FALSE,Primary target from Pass #4 cluster-level consolidation view. Consolidation parent carried from the first explicit Finding reference in the frozen classification rationale/related set; related references are not exhaustive.
#1333,Spatial Ground Must Permit Deferred Exact Computation,DERIVED CONSEQUENCE,MERGE INTO STRONGER FINDING OR CLUSTER,Operational Non-Authority,HIGH,Merged,CORE-05c,#15,P4-D15,FALSE,FALSE,Primary target from Pass #4 cluster-level consolidation view. Consolidation parent carried from the first explicit Finding reference in the frozen classification rationale/related set; related references are not exhaustive.
#1334,Spatial Ground Must Preserve the Right to Say “Unresolved Operationally”,DUPLICATE / NEAR-DUPLICATE,MERGE INTO STRONGER FINDING OR CLUSTER,Failure Semantics,HIGH,Merged,CORE-03b,#252,P4-D15,FALSE,FALSE,Primary target from Pass #4 cluster-level consolidation view. Consolidation parent carried from the first explicit Finding reference in the frozen classification rationale/related set; related references are not exhaustive.
#1335,Operational Unavailability Must Not Create Canonical Uncertainty,DUPLICATE / NEAR-DUPLICATE,MERGE INTO STRONGER FINDING OR CLUSTER,Failure Semantics,HIGH,Merged,CORE-03b,#19,P4-D15,FALSE,FALSE,Primary target from Pass #4 cluster-level consolidation view. Consolidation parent carried from the first explicit Finding reference in the frozen classification rationale/related set; related references are not exhaustive.
#1336,Spatial Ground Must Distinguish Epistemic Limits From Ontological Limits,DERIVED CONSEQUENCE,MERGE INTO STRONGER FINDING OR CLUSTER,Exact Membership and Boundary Resolution,HIGH,Merged,CORE-03,#15,P4-D15,TRUE,FALSE,Primary target from Pass #4 cluster-level consolidation view. Consolidation parent carried from the first explicit Finding reference in the frozen classification rationale/related set; related references are not exhaustive.
#1337,Spatial Ground Must Preserve Canonical Determinacy Beyond Immediate Computability,DUPLICATE / NEAR-DUPLICATE,MERGE INTO STRONGER FINDING OR CLUSTER,Exact Membership and Boundary Resolution,HIGH,Merged,CORE-03,#1336,P4-D15,FALSE,FALSE,Primary target from Pass #4 cluster-level consolidation view. Consolidation parent carried from the first explicit Finding reference in the frozen classification rationale/related set; related references are not exhaustive.
#1338,Spatial Ground Must Avoid Unbounded Canonical Computation,DUPLICATE / NEAR-DUPLICATE,MERGE INTO STRONGER FINDING OR CLUSTER,Finite Expressibility and Determinism,HIGH,Merged,DEF-03,#28,P4-D15,FALSE,FALSE,Primary target from Pass #4 cluster-level consolidation view. Consolidation parent carried from the first explicit Finding reference in the frozen classification rationale/related set; related references are not exhaustive.
#1339,Canonical Membership Must Be Decidable,DUPLICATE / NEAR-DUPLICATE,MERGE INTO STRONGER FINDING OR CLUSTER,Finite Expressibility and Determinism,HIGH,Merged,DEF-03,#15,P4-D15,FALSE,FALSE,Primary target from Pass #4 cluster-level consolidation view. Consolidation parent carried from the first explicit Finding reference in the frozen classification rationale/related set; related references are not exhaustive.
#1340,Canonical Validity Must Be Decidable Where Claimed,DUPLICATE / NEAR-DUPLICATE,MERGE INTO STRONGER FINDING OR CLUSTER,Conformance and Validation,HIGH,Merged,DEF-04,#64,P4-D15,FALSE,FALSE,Primary target from Pass #4 cluster-level consolidation view. Consolidation parent carried from the first explicit Finding reference in the frozen classification rationale/related set; related references are not exhaustive.
#1341,Canonical Equivalence Must Be Decidable Where Required,DUPLICATE / NEAR-DUPLICATE,MERGE INTO STRONGER FINDING OR CLUSTER,Canonical Equivalence,HIGH,Merged,DEF-05,#65,P4-D15,FALSE,FALSE,Primary target from Pass #4 cluster-level consolidation view. Consolidation parent carried from the first explicit Finding reference in the frozen classification rationale/related set; related references are not exhaustive.
#1342,Canonical Boundary Semantics Must Be Decidable,DUPLICATE / NEAR-DUPLICATE,MERGE INTO STRONGER FINDING OR CLUSTER,Exact Membership and Boundary Resolution,HIGH,Merged,CORE-03,#15,P4-D15,FALSE,FALSE,Primary target from Pass #4 cluster-level consolidation view. Consolidation parent carried from the first explicit Finding reference in the frozen classification rationale/related set; related references are not exhaustive.
#1343,Spatial Ground Must Avoid Computational Undecidability in Core Semantics,DUPLICATE / NEAR-DUPLICATE,MERGE INTO STRONGER FINDING OR CLUSTER,Inquiry Method and Framework Sequencing,HIGH,Merged,Governance Method Annex,#695,P4-D15,FALSE,FALSE,Primary target from Pass #4 cluster-level consolidation view. Consolidation parent carried from the first explicit Finding reference in the frozen classification rationale/related set; related references are not exhaustive.
#1344,Spatial Ground Must Preserve Bounded Canonical Dependency,DUPLICATE / NEAR-DUPLICATE,MERGE INTO STRONGER FINDING OR CLUSTER,Reconstruction and Recoverability,HIGH,Merged,DEF-02,#27,P4-D15,FALSE,FALSE,Primary target from Pass #4 cluster-level consolidation view. Consolidation parent carried from the first explicit Finding reference in the frozen classification rationale/related set; related references are not exhaustive.
#1345,Spatial Ground Must Avoid Recursive Institutional Dependency,DERIVED CONSEQUENCE,MERGE INTO STRONGER FINDING OR CLUSTER,No Hidden State / Self-Containment,HIGH,Merged,CORE-05b,#27,P4-D15,FALSE,FALSE,Primary target from Pass #4 cluster-level consolidation view. Consolidation parent carried from the first explicit Finding reference in the frozen classification rationale/related set; related references are not exhaustive.
#1346,Spatial Ground Must Permit Canonical Snapshot Preservation,PRESERVATION / RECONSTRUCTION CANDIDATE,MOVE TO PRESERVATION / RECONSTRUCTION,Preservation and Archival Survival,HIGH,Preservation,Preservation Register,,P4-D15,FALSE,FALSE,Primary target from Pass #4 cluster-level consolidation view.
#1347,"Canonical Snapshot Must Preserve Meaning, Not Just State",DUPLICATE / NEAR-DUPLICATE,MERGE INTO STRONGER FINDING OR CLUSTER,Preservation and Archival Survival,HIGH,Merged,Preservation Register,#129,P4-D15,FALSE,FALSE,Primary target from Pass #4 cluster-level consolidation view. Consolidation parent carried from the first explicit Finding reference in the frozen classification rationale/related set; related references are not exhaustive.
#1348,Spatial Ground Must Support Snapshot Verification,DUPLICATE / NEAR-DUPLICATE,MERGE INTO STRONGER FINDING OR CLUSTER,Preservation and Archival Survival,HIGH,Merged,Preservation Register,#1355,P4-D15,FALSE,FALSE,Primary target from Pass #4 cluster-level consolidation view. Consolidation parent carried from the first explicit Finding reference in the frozen classification rationale/related set; related references are not exhaustive.
#1349,Spatial Ground Must Support Snapshot Portability,DUPLICATE / NEAR-DUPLICATE,MERGE INTO STRONGER FINDING OR CLUSTER,Preservation and Archival Survival,HIGH,Merged,Preservation Register,#29,P4-D15,FALSE,FALSE,Primary target from Pass #4 cluster-level consolidation view. Consolidation parent carried from the first explicit Finding reference in the frozen classification rationale/related set; related references are not exhaustive.
#1350,Spatial Ground Must Support Snapshot Reconstruction,DUPLICATE / NEAR-DUPLICATE,MERGE INTO STRONGER FINDING OR CLUSTER,Reconstruction and Recoverability,HIGH,Merged,DEF-02,#84,P4-D15,FALSE,FALSE,Primary target from Pass #4 cluster-level consolidation view. Consolidation parent carried from the first explicit Finding reference in the frozen classification rationale/related set; related references are not exhaustive.
#1351,Spatial Ground Must Distinguish Canonical Snapshot From Operational Backup,PRESERVATION / RECONSTRUCTION CANDIDATE,MOVE TO PRESERVATION / RECONSTRUCTION,Preservation and Archival Survival,HIGH,Preservation,Preservation Register,,P4-D15,FALSE,FALSE,Primary target from Pass #4 cluster-level consolidation view.
#1352,Spatial Ground Must Support Minimal Canonical Preservation Packages,PRESERVATION / RECONSTRUCTION CANDIDATE,MOVE TO PRESERVATION / RECONSTRUCTION,Preservation and Archival Survival,HIGH,Preservation,Preservation Register,,P4-D15,FALSE,TRUE,Primary target from Pass #4 cluster-level consolidation view.
#1353,Minimal Preservation Must Include Normative Dependencies,DUPLICATE / NEAR-DUPLICATE,MERGE INTO STRONGER FINDING OR CLUSTER,Preservation and Archival Survival,HIGH,Merged,Preservation Register,#27,P4-D15,FALSE,FALSE,Primary target from Pass #4 cluster-level consolidation view. Consolidation parent carried from the first explicit Finding reference in the frozen classification rationale/related set; related references are not exhaustive.
#1354,Minimal Preservation Must Exclude Unnecessary Runtime State,DUPLICATE / NEAR-DUPLICATE,MERGE INTO STRONGER FINDING OR CLUSTER,Preservation and Archival Survival,HIGH,Merged,Preservation Register,#44,P4-D15,FALSE,FALSE,Primary target from Pass #4 cluster-level consolidation view. Consolidation parent carried from the first explicit Finding reference in the frozen classification rationale/related set; related references are not exhaustive.
#1355,Spatial Ground Must Support Preservation Package Validation,PRESERVATION / RECONSTRUCTION CANDIDATE,MOVE TO PRESERVATION / RECONSTRUCTION,Preservation and Archival Survival,HIGH,Preservation,Preservation Register,,P4-D15,FALSE,FALSE,Primary target from Pass #4 cluster-level consolidation view.
#1356,Preservation Package Validation Must Be Independent,DUPLICATE / NEAR-DUPLICATE,MERGE INTO STRONGER FINDING OR CLUSTER,Preservation and Archival Survival,HIGH,Merged,Preservation Register,#26,P4-D15,FALSE,FALSE,Primary target from Pass #4 cluster-level consolidation view. Consolidation parent carried from the first explicit Finding reference in the frozen classification rationale/related set; related references are not exhaustive.
#1357,Spatial Ground Must Support Preservation Package Versioning,DUPLICATE / NEAR-DUPLICATE,MERGE INTO STRONGER FINDING OR CLUSTER,Historical Traceability,HIGH,Merged,Governance Register,#29,P4-D15,FALSE,FALSE,Primary target from Pass #4 cluster-level consolidation view. Consolidation parent carried from the first explicit Finding reference in the frozen classification rationale/related set; related references are not exhaustive.
#1358,Preservation Package Versioning Must Not Version Place,DUPLICATE / NEAR-DUPLICATE,MERGE INTO STRONGER FINDING OR CLUSTER,Representation Independence,HIGH,Merged,CORE-07,#29,P4-D15,FALSE,FALSE,Primary target from Pass #4 cluster-level consolidation view. Consolidation parent carried from the first explicit Finding reference in the frozen classification rationale/related set; related references are not exhaustive.
#1359,Spatial Ground Must Preserve Canon Across Archival Generations,DUPLICATE / NEAR-DUPLICATE,MERGE INTO STRONGER FINDING OR CLUSTER,Reconstruction and Recoverability,HIGH,Merged,DEF-02,#26,P4-D15,FALSE,FALSE,Primary target from Pass #4 cluster-level consolidation view. Consolidation parent carried from the first explicit Finding reference in the frozen classification rationale/related set; related references are not exhaustive.
#1360,Spatial Ground Must Permit Canonical Regeneration of Preservation Packages,DUPLICATE / NEAR-DUPLICATE,MERGE INTO STRONGER FINDING OR CLUSTER,Representation Independence,HIGH,Merged,CORE-07,#29,P4-D15,FALSE,FALSE,Primary target from Pass #4 cluster-level consolidation view. Consolidation parent carried from the first explicit Finding reference in the frozen classification rationale/related set; related references are not exhaustive.
#1361,Spatial Ground Must Distinguish Regeneration From Re-Creation,DUPLICATE / NEAR-DUPLICATE,MERGE INTO STRONGER FINDING OR CLUSTER,Change Control and Permanence,HIGH,Merged,CORE-06,#4,P4-D15,FALSE,FALSE,Primary target from Pass #4 cluster-level consolidation view. Consolidation parent carried from the first explicit Finding reference in the frozen classification rationale/related set; related references are not exhaustive.
#1362,Spatial Ground Must Support Long-Term Integrity Renewal,DUPLICATE / NEAR-DUPLICATE,MERGE INTO STRONGER FINDING OR CLUSTER,Representation Independence,HIGH,Merged,CORE-07,#29,P4-D15,FALSE,FALSE,Primary target from Pass #4 cluster-level consolidation view. Consolidation parent carried from the first explicit Finding reference in the frozen classification rationale/related set; related references are not exhaustive.
#1363,Integrity Renewal Must Preserve Historical Evidence,DUPLICATE / NEAR-DUPLICATE,MERGE INTO STRONGER FINDING OR CLUSTER,Historical Traceability,HIGH,Merged,Governance Register,#672,P4-D15,FALSE,FALSE,Primary target from Pass #4 cluster-level consolidation view. Consolidation parent carried from the first explicit Finding reference in the frozen classification rationale/related set; related references are not exhaustive.
#1364,Spatial Ground Must Survive Loss of Verification Algorithms,DUPLICATE / NEAR-DUPLICATE,MERGE INTO STRONGER FINDING OR CLUSTER,Technology and Infrastructure Independence,HIGH,Merged,CORE-05b,#81,P4-D15,FALSE,FALSE,Primary target from Pass #4 cluster-level consolidation view. Consolidation parent carried from the first explicit Finding reference in the frozen classification rationale/related set; related references are not exhaustive.
#1365,Spatial Ground Must Distinguish Authentic Historical Record From Current Verification Strength,DERIVED CONSEQUENCE,MERGE INTO STRONGER FINDING OR CLUSTER,Operational Non-Authority,HIGH,Merged,CORE-05c,#19,P4-D15,FALSE,FALSE,Primary target from Pass #4 cluster-level consolidation view. Consolidation parent carried from the first explicit Finding reference in the frozen classification rationale/related set; related references are not exhaustive.
#1366,Spatial Ground Must Support Evidentiary Renewal Without Semantic Renewal,DUPLICATE / NEAR-DUPLICATE,MERGE INTO STRONGER FINDING OR CLUSTER,Representation Independence,HIGH,Merged,CORE-07,#1362,P4-D15,FALSE,FALSE,Primary target from Pass #4 cluster-level consolidation view. Consolidation parent carried from the first explicit Finding reference in the frozen classification rationale/related set; related references are not exhaustive.
#1367,Spatial Ground Must Preserve Archival Redundancy Across Technologies,DUPLICATE / NEAR-DUPLICATE,MERGE INTO STRONGER FINDING OR CLUSTER,Preservation and Archival Survival,HIGH,Merged,Preservation Register,#206,P4-D15,FALSE,FALSE,Primary target from Pass #4 cluster-level consolidation view. Consolidation parent carried from the first explicit Finding reference in the frozen classification rationale/related set; related references are not exhaustive.
#1368,Technological Redundancy Must Preserve Semantic Identity,DUPLICATE / NEAR-DUPLICATE,MERGE INTO STRONGER FINDING OR CLUSTER,Single Canonical Truth,HIGH,Merged,CORE-04,#8,P4-D15,FALSE,FALSE,Primary target from Pass #4 cluster-level consolidation view. Consolidation parent carried from the first explicit Finding reference in the frozen classification rationale/related set; related references are not exhaustive.
#1369,Spatial Ground Must Support Human-Readable Archival Fallback,PRESERVATION / RECONSTRUCTION CANDIDATE,MOVE TO PRESERVATION / RECONSTRUCTION,Preservation and Archival Survival,HIGH,Preservation,Preservation Register,,P4-D15,FALSE,TRUE,Primary target from Pass #4 cluster-level consolidation view.
#1370,Human-Readable Fallback Must Not Weaken Formal Exactness,DUPLICATE / NEAR-DUPLICATE,MERGE INTO STRONGER FINDING OR CLUSTER,Finite Expressibility and Determinism,HIGH,Merged,DEF-03,#70,P4-D15,FALSE,FALSE,Primary target from Pass #4 cluster-level consolidation view. Consolidation parent carried from the first explicit Finding reference in the frozen classification rationale/related set; related references are not exhaustive.
#1371,Spatial Ground Must Support Machine-Readable Archival Fallback,DUPLICATE / NEAR-DUPLICATE,MERGE INTO STRONGER FINDING OR CLUSTER,Preservation and Archival Survival,HIGH,Merged,Preservation Register,#70,P4-D15,FALSE,FALSE,Primary target from Pass #4 cluster-level consolidation view. Consolidation parent carried from the first explicit Finding reference in the frozen classification rationale/related set; related references are not exhaustive.
#1372,Dual Preservation Should Reduce Semantic Risk,HISTORICAL REASONING ONLY,PRESERVE AS HISTORICAL REASONING ONLY,Preservation and Archival Survival,HIGH,Historical only,Preservation Register,,P4-D15,FALSE,FALSE,Primary target from Pass #4 cluster-level consolidation view.
#1373,Dual Preservation Must Remain Synchronized,DUPLICATE / NEAR-DUPLICATE,MERGE INTO STRONGER FINDING OR CLUSTER,Single Canonical Truth,HIGH,Merged,CORE-04,#8,P4-D15,FALSE,FALSE,Primary target from Pass #4 cluster-level consolidation view. Consolidation parent carried from the first explicit Finding reference in the frozen classification rationale/related set; related references are not exhaustive.
#1374,Spatial Ground Must Preserve One Normative Interpretation Across Media,DUPLICATE / NEAR-DUPLICATE,MERGE INTO STRONGER FINDING OR CLUSTER,Representation Independence,HIGH,Merged,CORE-07,#29,P4-D15,FALSE,FALSE,Primary target from Pass #4 cluster-level consolidation view. Consolidation parent carried from the first explicit Finding reference in the frozen classification rationale/related set; related references are not exhaustive.
#1375,Spatial Ground Must Be Recoverable From Institutional Ruins,DUPLICATE / NEAR-DUPLICATE,MERGE INTO STRONGER FINDING OR CLUSTER,Preservation and Archival Survival,HIGH,Merged,Preservation Register,#147,P4-D15,FALSE,FALSE,Primary target from Pass #4 cluster-level consolidation view. Consolidation parent carried from the first explicit Finding reference in the frozen classification rationale/related set; related references are not exhaustive.
#1376,Spatial Ground Must Be Recoverable From Technological Ruins,DUPLICATE / NEAR-DUPLICATE,MERGE INTO STRONGER FINDING OR CLUSTER,Technology and Infrastructure Independence,HIGH,Merged,CORE-05b,#81,P4-D15,FALSE,FALSE,Primary target from Pass #4 cluster-level consolidation view. Consolidation parent carried from the first explicit Finding reference in the frozen classification rationale/related set; related references are not exhaustive.
#1377,Spatial Ground Must Be Recoverable From Cultural Ruins,DUPLICATE / NEAR-DUPLICATE,MERGE INTO STRONGER FINDING OR CLUSTER,Terminology Discipline,HIGH,Merged,Terminology Register,#20,P4-D15,FALSE,FALSE,Primary target from Pass #4 cluster-level consolidation view. Consolidation parent carried from the first explicit Finding reference in the frozen classification rationale/related set; related references are not exhaustive.
#1378,Spatial Ground Must Preserve a Durable Semantic Rosetta Stone,PRESERVATION / RECONSTRUCTION CANDIDATE,MOVE TO PRESERVATION / RECONSTRUCTION,Terminology Discipline,HIGH,Preservation,Terminology Register,,P4-D15,FALSE,FALSE,Primary target from Pass #4 cluster-level consolidation view.
#1379,Spatial Ground Must Preserve Architectural Context With the Canon,PRESERVATION / RECONSTRUCTION CANDIDATE,MOVE TO PRESERVATION / RECONSTRUCTION,Preservation and Archival Survival,HIGH,Preservation,Preservation Register,,P4-D15,TRUE,TRUE,Primary target from Pass #4 cluster-level consolidation view.
#1380,Spatial Ground Must Preserve Its Exclusion Boundaries With the Canon,PRESERVATION / RECONSTRUCTION CANDIDATE,MOVE TO PRESERVATION / RECONSTRUCTION,Preservation and Archival Survival,HIGH,Preservation,Preservation Register,,P4-D15,FALSE,TRUE,Primary target from Pass #4 cluster-level consolidation view.
#1381,Spatial Ground Must Preserve Its Constitutional Context With the Canon,PRESERVATION / RECONSTRUCTION CANDIDATE,MOVE TO PRESERVATION / RECONSTRUCTION,Constitutional Subordination,HIGH,Preservation,CONST-01,,P4-D15,FALSE,TRUE,Primary target from Pass #4 cluster-level consolidation view.
#1382,Spatial Ground Must Preserve Its Survey Dependency With the Canon,PRESERVATION / RECONSTRUCTION CANDIDATE,MOVE TO PRESERVATION / RECONSTRUCTION,Survey Dependency / Downward Contract,HIGH,Preservation,DOWN-01,,P4-D15,FALSE,TRUE,Primary target from Pass #4 cluster-level consolidation view.
#1383,Spatial Ground Must Preserve Its Upward Contract With the Canon,PRESERVATION / RECONSTRUCTION CANDIDATE,MOVE TO PRESERVATION / RECONSTRUCTION,Upward Handoff,HIGH,Preservation,UP-01,,P4-D15,FALSE,TRUE,Primary target from Pass #4 cluster-level consolidation view.
#1384,Spatial Ground Must Preserve Its Conformance Model With the Canon,PRESERVATION / RECONSTRUCTION CANDIDATE,MOVE TO PRESERVATION / RECONSTRUCTION,Conformance and Validation,HIGH,Preservation,DEF-04,,P4-D15,FALSE,TRUE,Primary target from Pass #4 cluster-level consolidation view.
#1385,Spatial Ground Must Preserve Its Reference Evidence With the Canon,DUPLICATE / NEAR-DUPLICATE,MERGE INTO STRONGER FINDING OR CLUSTER,Preservation and Archival Survival,HIGH,Merged,Preservation Register,#961,P4-D15,FALSE,FALSE,Primary target from Pass #4 cluster-level consolidation view. Consolidation parent carried from the first explicit Finding reference in the frozen classification rationale/related set; related references are not exhaustive.
#1386,Spatial Ground Must Preserve Enough to Rebuild Validation,DUPLICATE / NEAR-DUPLICATE,MERGE INTO STRONGER FINDING OR CLUSTER,Reconstruction and Recoverability,HIGH,Merged,DEF-02,#10,P4-D15,FALSE,FALSE,Primary target from Pass #4 cluster-level consolidation view. Consolidation parent carried from the first explicit Finding reference in the frozen classification rationale/related set; related references are not exhaustive.
#1387,Spatial Ground Must Preserve Enough to Rebuild Reference Implementations,DUPLICATE / NEAR-DUPLICATE,MERGE INTO STRONGER FINDING OR CLUSTER,Reconstruction and Recoverability,HIGH,Merged,DEF-02,#10,P4-D15,FALSE,FALSE,Primary target from Pass #4 cluster-level consolidation view. Consolidation parent carried from the first explicit Finding reference in the frozen classification rationale/related set; related references are not exhaustive.
#1388,Spatial Ground Must Preserve Enough to Reject False Reconstructions,DERIVED CONSEQUENCE,MERGE INTO STRONGER FINDING OR CLUSTER,Conformance and Validation,HIGH,Merged,DEF-04,#15,P4-D15,FALSE,FALSE,Primary target from Pass #4 cluster-level consolidation view. Consolidation parent carried from the first explicit Finding reference in the frozen classification rationale/related set; related references are not exhaustive.
#1389,Spatial Ground Must Preserve Enough to Detect Semantic Drift Across Centuries,DUPLICATE / NEAR-DUPLICATE,MERGE INTO STRONGER FINDING OR CLUSTER,Testing and Adversarial Review,HIGH,Merged,Conformance Register,#960,P4-D15,FALSE,FALSE,Primary target from Pass #4 cluster-level consolidation view. Consolidation parent carried from the first explicit Finding reference in the frozen classification rationale/related set; related references are not exhaustive.
#1390,Spatial Ground Must Preserve Enough to Prove Place Continuity,DUPLICATE / NEAR-DUPLICATE,MERGE INTO STRONGER FINDING OR CLUSTER,Change Control and Permanence,HIGH,Merged,CORE-06,#1396,P4-D15,FALSE,FALSE,Primary target from Pass #4 cluster-level consolidation view. Consolidation parent carried from the first explicit Finding reference in the frozen classification rationale/related set; related references are not exhaustive.
#1391,"Place Continuity Must Be Semantic, Not Merely Institutional",DUPLICATE / NEAR-DUPLICATE,MERGE INTO STRONGER FINDING OR CLUSTER,Operational Non-Authority,HIGH,Merged,CORE-05c,#19,P4-D15,FALSE,FALSE,Primary target from Pass #4 cluster-level consolidation view. Consolidation parent carried from the first explicit Finding reference in the frozen classification rationale/related set; related references are not exhaustive.
#1392,"Place Continuity Must Be Semantic, Not Merely Cryptographic",DUPLICATE / NEAR-DUPLICATE,MERGE INTO STRONGER FINDING OR CLUSTER,Operational Non-Authority,HIGH,Merged,CORE-05c,#19,P4-D15,FALSE,FALSE,Primary target from Pass #4 cluster-level consolidation view. Consolidation parent carried from the first explicit Finding reference in the frozen classification rationale/related set; related references are not exhaustive.
#1393,"Place Continuity Must Be Semantic, Not Merely Visual",DUPLICATE / NEAR-DUPLICATE,MERGE INTO STRONGER FINDING OR CLUSTER,Operational Non-Authority,HIGH,Merged,CORE-05c,#19,P4-D15,FALSE,FALSE,Primary target from Pass #4 cluster-level consolidation view. Consolidation parent carried from the first explicit Finding reference in the frozen classification rationale/related set; related references are not exhaustive.
#1394,"Place Continuity Must Be Semantic, Not Merely Cadastral",DERIVED CONSEQUENCE,MERGE INTO STRONGER FINDING OR CLUSTER,Parcel Independence,HIGH,Merged,CORE-05a,#6,P4-D15,FALSE,FALSE,Primary target from Pass #4 cluster-level consolidation view. Consolidation parent carried from the first explicit Finding reference in the frozen classification rationale/related set; related references are not exhaustive.
#1395,"Place Continuity Must Be Semantic, Not Merely Narrative",DUPLICATE / NEAR-DUPLICATE,MERGE INTO STRONGER FINDING OR CLUSTER,Operational Non-Authority,HIGH,Merged,CORE-05c,#19,P4-D15,FALSE,FALSE,Primary target from Pass #4 cluster-level consolidation view. Consolidation parent carried from the first explicit Finding reference in the frozen classification rationale/related set; related references are not exhaustive.
#1396,Spatial Ground Must Make Continuity Provable,CONFORMANCE / VALIDATION CANDIDATE,MOVE TO CONFORMANCE / VALIDATION,Canonical Equivalence,HIGH,Conformance,DEF-05,,P4-D15,FALSE,FALSE,Primary target from Pass #4 cluster-level consolidation view.
#1397,Spatial Ground Must Make Discontinuity Detectable,DUPLICATE / NEAR-DUPLICATE,MERGE INTO STRONGER FINDING OR CLUSTER,Canonical Equivalence,HIGH,Merged,DEF-05,#1297,P4-D15,FALSE,FALSE,Primary target from Pass #4 cluster-level consolidation view. Consolidation parent carried from the first explicit Finding reference in the frozen classification rationale/related set; related references are not exhaustive.
#1398,Spatial Ground Must Never Hide Foundational Discontinuity,DUPLICATE / NEAR-DUPLICATE,MERGE INTO STRONGER FINDING OR CLUSTER,Change Control and Permanence,HIGH,Merged,CORE-06,#29,P4-D15,FALSE,FALSE,Primary target from Pass #4 cluster-level consolidation view. Consolidation parent carried from the first explicit Finding reference in the frozen classification rationale/related set; related references are not exhaustive.
#1399,Spatial Ground Must Treat Foundational Discontinuity as Extraordinary,DUPLICATE / NEAR-DUPLICATE,MERGE INTO STRONGER FINDING OR CLUSTER,Change Control and Permanence,HIGH,Merged,CORE-06,#682,P4-D15,FALSE,FALSE,Primary target from Pass #4 cluster-level consolidation view. Consolidation parent carried from the first explicit Finding reference in the frozen classification rationale/related set; related references are not exhaustive.
#1400,Spatial Ground Must Be Designed So Foundational Discontinuity Is Almost Never Necessary,DUPLICATE / NEAR-DUPLICATE,MERGE INTO STRONGER FINDING OR CLUSTER,Change Control and Permanence,HIGH,Merged,CORE-06,#58,P4-D15,FALSE,FALSE,Primary target from Pass #4 cluster-level consolidation view. Consolidation parent carried from the first explicit Finding reference in the frozen classification rationale/related set; related references are not exhaustive.
#1401,Spatial Ground Must Distinguish Canonical Stability From Architectural Stagnation,HISTORICAL REASONING ONLY,PRESERVE AS HISTORICAL REASONING ONLY,Change Control and Permanence,HIGH,Historical only,CORE-06,,P4-D15,FALSE,FALSE,Primary target from Pass #4 cluster-level consolidation view.
#1402,Spatial Ground Must Enable Change Above Without Change Below,DUPLICATE / NEAR-DUPLICATE,MERGE INTO STRONGER FINDING OR CLUSTER,Minimality and Semantic Restraint,HIGH,Merged,BOUND-01,#143,P4-D15,FALSE,FALSE,Primary target from Pass #4 cluster-level consolidation view. Consolidation parent carried from the first explicit Finding reference in the frozen classification rationale/related set; related references are not exhaustive.
#1403,Spatial Ground Must Function as a Stable Dependency Base,DUPLICATE / NEAR-DUPLICATE,MERGE INTO STRONGER FINDING OR CLUSTER,Upward Handoff,HIGH,Merged,UP-01,#4,P4-D15,FALSE,FALSE,Primary target from Pass #4 cluster-level consolidation view. Consolidation parent carried from the first explicit Finding reference in the frozen classification rationale/related set; related references are not exhaustive.
#1404,Spatial Ground Must Minimize Dependency Risk,DUPLICATE / NEAR-DUPLICATE,MERGE INTO STRONGER FINDING OR CLUSTER,Minimality and Semantic Restraint,HIGH,Merged,BOUND-01,#58,P4-D15,FALSE,FALSE,Primary target from Pass #4 cluster-level consolidation view. Consolidation parent carried from the first explicit Finding reference in the frozen classification rationale/related set; related references are not exhaustive.
#1405,Spatial Ground Must Avoid Broad Foundational APIs,DUPLICATE / NEAR-DUPLICATE,MERGE INTO STRONGER FINDING OR CLUSTER,Upward Handoff,HIGH,Merged,UP-01,#20,P4-D15,FALSE,FALSE,Primary target from Pass #4 cluster-level consolidation view. Consolidation parent carried from the first explicit Finding reference in the frozen classification rationale/related set; related references are not exhaustive.
#1406,Spatial Ground Must Avoid Leaking Internal Representation Upward,DERIVED CONSEQUENCE,MERGE INTO STRONGER FINDING OR CLUSTER,Upward Handoff,HIGH,Merged,UP-01,#29,P4-D15,FALSE,FALSE,Primary target from Pass #4 cluster-level consolidation view. Consolidation parent carried from the first explicit Finding reference in the frozen classification rationale/related set; related references are not exhaustive.
#1407,Spatial Ground Must Preserve Representation Encapsulation,DUPLICATE / NEAR-DUPLICATE,MERGE INTO STRONGER FINDING OR CLUSTER,Upward Handoff,HIGH,Merged,UP-01,#29,P4-D15,FALSE,FALSE,Primary target from Pass #4 cluster-level consolidation view. Consolidation parent carried from the first explicit Finding reference in the frozen classification rationale/related set; related references are not exhaustive.
#1408,Spatial Ground Must Preserve Semantic Interfaces,DUPLICATE / NEAR-DUPLICATE,MERGE INTO STRONGER FINDING OR CLUSTER,Upward Handoff,HIGH,Merged,UP-01,#1406,P4-D15,FALSE,FALSE,Primary target from Pass #4 cluster-level consolidation view. Consolidation parent carried from the first explicit Finding reference in the frozen classification rationale/related set; related references are not exhaustive.
#1409,Spatial Ground Must Define What Higher Architecture May Assume,DUPLICATE / NEAR-DUPLICATE,MERGE INTO STRONGER FINDING OR CLUSTER,Upward Handoff,HIGH,Merged,UP-01,#174,P4-D15,FALSE,FALSE,Primary target from Pass #4 cluster-level consolidation view. Consolidation parent carried from the first explicit Finding reference in the frozen classification rationale/related set; related references are not exhaustive.
#1410,Spatial Ground Must Define What Higher Architecture May Not Assume,DUPLICATE / NEAR-DUPLICATE,MERGE INTO STRONGER FINDING OR CLUSTER,Upward Handoff,HIGH,Merged,UP-01,#20,P4-D15,FALSE,FALSE,Primary target from Pass #4 cluster-level consolidation view. Consolidation parent carried from the first explicit Finding reference in the frozen classification rationale/related set; related references are not exhaustive.
#1411,Spatial Ground Must Prevent Assumption Creep,DERIVED CONSEQUENCE,MERGE INTO STRONGER FINDING OR CLUSTER,Minimality and Semantic Restraint,HIGH,Merged,BOUND-01,#19,P4-D15,FALSE,FALSE,Primary target from Pass #4 cluster-level consolidation view. Consolidation parent carried from the first explicit Finding reference in the frozen classification rationale/related set; related references are not exhaustive.
#1412,Spatial Ground Must Prevent Dependency Capture,DUPLICATE / NEAR-DUPLICATE,MERGE INTO STRONGER FINDING OR CLUSTER,Minimality and Semantic Restraint,HIGH,Merged,BOUND-01,#1048,P4-D15,FALSE,FALSE,Primary target from Pass #4 cluster-level consolidation view. Consolidation parent carried from the first explicit Finding reference in the frozen classification rationale/related set; related references are not exhaustive.
#1413,"Higher Architecture Must Adapt to Ground, Not Rewrite It",UPWARD HANDOFF / HIGHER-LAYER CONTRACT,MERGE INTO STRONGER FINDING OR CLUSTER,Upward Handoff,HIGH,Merged,UP-01,#23,P4-D15,TRUE,FALSE,Primary target from Pass #4 cluster-level consolidation view. Consolidation parent carried from the first explicit Finding reference in the frozen classification rationale/related set; related references are not exhaustive.
#1414,Spatial Ground Must Preserve Downward Authority,DUPLICATE / NEAR-DUPLICATE,MERGE INTO STRONGER FINDING OR CLUSTER,Upward Handoff,HIGH,Merged,UP-01,#23,P4-D15,FALSE,FALSE,Primary target from Pass #4 cluster-level consolidation view. Consolidation parent carried from the first explicit Finding reference in the frozen classification rationale/related set; related references are not exhaustive.
#1415,Spatial Ground Must Preserve Upward Freedom,DUPLICATE / NEAR-DUPLICATE,MERGE INTO STRONGER FINDING OR CLUSTER,Minimality and Semantic Restraint,HIGH,Merged,BOUND-01,#143,P4-D15,FALSE,FALSE,Primary target from Pass #4 cluster-level consolidation view. Consolidation parent carried from the first explicit Finding reference in the frozen classification rationale/related set; related references are not exhaustive.
#1416,Spatial Ground Must Support Multiple Higher Representations Simultaneously,DUPLICATE / NEAR-DUPLICATE,MERGE INTO STRONGER FINDING OR CLUSTER,Upward Handoff,HIGH,Merged,UP-01,#8,P4-D15,FALSE,FALSE,Primary target from Pass #4 cluster-level consolidation view. Consolidation parent carried from the first explicit Finding reference in the frozen classification rationale/related set; related references are not exhaustive.
#1417,Spatial Ground Must Support Concurrent Higher Interpretations,DUPLICATE / NEAR-DUPLICATE,MERGE INTO STRONGER FINDING OR CLUSTER,Upward Handoff,HIGH,Merged,UP-01,#8,P4-D15,FALSE,FALSE,Primary target from Pass #4 cluster-level consolidation view. Consolidation parent carried from the first explicit Finding reference in the frozen classification rationale/related set; related references are not exhaustive.
#1418,Higher Interpretive Conflict Must Remain Above Ground,DUPLICATE / NEAR-DUPLICATE,MERGE INTO STRONGER FINDING OR CLUSTER,Upward Handoff,HIGH,Merged,UP-01,#4,P4-D15,FALSE,FALSE,Primary target from Pass #4 cluster-level consolidation view. Consolidation parent carried from the first explicit Finding reference in the frozen classification rationale/related set; related references are not exhaustive.
#1419,Spatial Ground Must Remain Neutral Between Valid Higher Interpretations,DUPLICATE / NEAR-DUPLICATE,MERGE INTO STRONGER FINDING OR CLUSTER,Minimality and Semantic Restraint,HIGH,Merged,BOUND-01,#20,P4-D15,FALSE,FALSE,Primary target from Pass #4 cluster-level consolidation view. Consolidation parent carried from the first explicit Finding reference in the frozen classification rationale/related set; related references are not exhaustive.
#1420,Spatial Ground Must Not Contain Interpretive Priority Rules,LAYER BOUNDARY / EXCLUSION,MERGE INTO STRONGER FINDING OR CLUSTER,Layer Boundaries,HIGH,Merged,BOUND-01,#20,P4-D15,FALSE,FALSE,Primary target from Pass #4 cluster-level consolidation view. Consolidation parent carried from the first explicit Finding reference in the frozen classification rationale/related set; related references are not exhaustive.
#1421,Spatial Ground Must Preserve a Clean Handoff to General Spatial Interpretation,DUPLICATE / NEAR-DUPLICATE,MERGE INTO STRONGER FINDING OR CLUSTER,Upward Handoff,HIGH,Merged,UP-01,#54,P4-D15,FALSE,FALSE,Primary target from Pass #4 cluster-level consolidation view. Consolidation parent carried from the first explicit Finding reference in the frozen classification rationale/related set; related references are not exhaustive.
#1422,General Spatial Interpretation Must Not Be Required to Infer World Extent,DUPLICATE / NEAR-DUPLICATE,MERGE INTO STRONGER FINDING OR CLUSTER,Upward Handoff,HIGH,Merged,UP-01,#54,P4-D15,FALSE,FALSE,Primary target from Pass #4 cluster-level consolidation view. Consolidation parent carried from the first explicit Finding reference in the frozen classification rationale/related set; related references are not exhaustive.
#1423,General Spatial Interpretation May Describe the Limit Without Owning It,UPWARD HANDOFF / HIGHER-LAYER CONTRACT,MERGE INTO STRONGER FINDING OR CLUSTER,Upward Handoff,MEDIUM,Merged,UP-01,#23,P4-D15,FALSE,FALSE,Primary target from Pass #4 cluster-level consolidation view. Consolidation parent carried from the first explicit Finding reference in the frozen classification rationale/related set; related references are not exhaustive.
#1424,Spatial Ground Must Preserve Interpretive Independence of the Limit,DUPLICATE / NEAR-DUPLICATE,MERGE INTO STRONGER FINDING OR CLUSTER,Interpretation Independence,HIGH,Merged,CORE-05a,#4,P4-D15,FALSE,FALSE,Primary target from Pass #4 cluster-level consolidation view. Consolidation parent carried from the first explicit Finding reference in the frozen classification rationale/related set; related references are not exhaustive.
#1425,Spatial Ground Must Not Require a Visible Edge,DUPLICATE / NEAR-DUPLICATE,MERGE INTO STRONGER FINDING OR CLUSTER,Operational Non-Authority,HIGH,Merged,CORE-05c,#19,P4-D15,FALSE,FALSE,Primary target from Pass #4 cluster-level consolidation view. Consolidation parent carried from the first explicit Finding reference in the frozen classification rationale/related set; related references are not exhaustive.
#1426,Spatial Ground Must Not Require a Named Edge,DUPLICATE / NEAR-DUPLICATE,MERGE INTO STRONGER FINDING OR CLUSTER,Interpretation Independence,HIGH,Merged,CORE-05a,#4,P4-D15,FALSE,FALSE,Primary target from Pass #4 cluster-level consolidation view. Consolidation parent carried from the first explicit Finding reference in the frozen classification rationale/related set; related references are not exhaustive.
#1427,Spatial Ground Must Avoid Reifying the Limit Into an Entity,DUPLICATE / NEAR-DUPLICATE,MERGE INTO STRONGER FINDING OR CLUSTER,Exact Membership and Boundary Resolution,HIGH,Merged,CORE-03,#8,P4-D15,FALSE,FALSE,Primary target from Pass #4 cluster-level consolidation view. Consolidation parent carried from the first explicit Finding reference in the frozen classification rationale/related set; related references are not exhaustive.
#1428,The Limit May Be a Property of Membership,DUPLICATE / NEAR-DUPLICATE,MERGE INTO STRONGER FINDING OR CLUSTER,Exact Membership and Boundary Resolution,HIGH,Merged,CORE-03,#8,P4-D15,FALSE,FALSE,Primary target from Pass #4 cluster-level consolidation view. Consolidation parent carried from the first explicit Finding reference in the frozen classification rationale/related set; related references are not exhaustive.
#1429,Spatial Ground Must Avoid Duplicate Boundary Authority,DUPLICATE / NEAR-DUPLICATE,MERGE INTO STRONGER FINDING OR CLUSTER,Single Canonical Truth,HIGH,Merged,CORE-04,#8,P4-D15,FALSE,FALSE,Primary target from Pass #4 cluster-level consolidation view. Consolidation parent carried from the first explicit Finding reference in the frozen classification rationale/related set; related references are not exhaustive.
#1430,"If Boundary Geometry Is Stored, It Must Be Derivable or Normatively Primary",SPECIFICATION CANDIDATE,MOVE TO SPECIFICATION,Single Canonical Truth,MEDIUM,Specification,CORE-04,,P4-D15,FALSE,FALSE,Primary target from Pass #4 cluster-level consolidation view.
#1431,Spatial Ground Must Not Permit Ambiguous Primary Authority,DERIVED CONSEQUENCE,MERGE INTO STRONGER FINDING OR CLUSTER,Single Canonical Truth,HIGH,Merged,CORE-04,#8,P4-D15,TRUE,FALSE,Primary target from Pass #4 cluster-level consolidation view. Consolidation parent carried from the first explicit Finding reference in the frozen classification rationale/related set; related references are not exhaustive.
#1432,Spatial Ground Must Prefer One Direction of Derivation,DERIVED CONSEQUENCE,MERGE INTO STRONGER FINDING OR CLUSTER,Single Canonical Truth,HIGH,Merged,CORE-04,#8,P4-D15,FALSE,FALSE,Primary target from Pass #4 cluster-level consolidation view. Consolidation parent carried from the first explicit Finding reference in the frozen classification rationale/related set; related references are not exhaustive.
#1433,Spatial Ground Must Avoid Mutual Validation Loops,DERIVED CONSEQUENCE,MERGE INTO STRONGER FINDING OR CLUSTER,Conformance and Validation,HIGH,Merged,DEF-04,#64,P4-D15,FALSE,FALSE,Primary target from Pass #4 cluster-level consolidation view. Consolidation parent carried from the first explicit Finding reference in the frozen classification rationale/related set; related references are not exhaustive.
#1434,Spatial Ground Must Have Independent Normative Basis,DERIVED CONSEQUENCE,MERGE INTO STRONGER FINDING OR CLUSTER,Institutional Authority and Adoption,MEDIUM,Merged,IF-01,#503,P4-D15,FALSE,FALSE,Primary target from Pass #4 cluster-level consolidation view. Consolidation parent carried from the first explicit Finding reference in the frozen classification rationale/related set; related references are not exhaustive.
#1435,Spatial Ground Must Preserve Deterministic Derivation Chains,DERIVED CONSEQUENCE,MERGE INTO STRONGER FINDING OR CLUSTER,Reconstruction and Recoverability,HIGH,Merged,DEF-02,#28,P4-D15,FALSE,FALSE,Primary target from Pass #4 cluster-level consolidation view. Consolidation parent carried from the first explicit Finding reference in the frozen classification rationale/related set; related references are not exhaustive.
#1436,Derivation Chains Must Be Auditable,DUPLICATE / NEAR-DUPLICATE,MERGE INTO STRONGER FINDING OR CLUSTER,No Hidden State / Self-Containment,HIGH,Merged,CORE-05b,#27,P4-D15,FALSE,FALSE,Primary target from Pass #4 cluster-level consolidation view. Consolidation parent carried from the first explicit Finding reference in the frozen classification rationale/related set; related references are not exhaustive.
#1437,Derivation Chains Must Be Reproducible,DUPLICATE / NEAR-DUPLICATE,MERGE INTO STRONGER FINDING OR CLUSTER,Independent Implementation,HIGH,Merged,CORE-03c,#26,P4-D15,FALSE,FALSE,Primary target from Pass #4 cluster-level consolidation view. Consolidation parent carried from the first explicit Finding reference in the frozen classification rationale/related set; related references are not exhaustive.
#1438,Derivation Chains Must Not Depend on Historical Accident,DUPLICATE / NEAR-DUPLICATE,MERGE INTO STRONGER FINDING OR CLUSTER,Canonical Equivalence,HIGH,Merged,DEF-05,#215,P4-D15,FALSE,FALSE,Primary target from Pass #4 cluster-level consolidation view. Consolidation parent carried from the first explicit Finding reference in the frozen classification rationale/related set; related references are not exhaustive.
#1439,Spatial Ground Must Preserve Functional Equivalence Across Algorithms,DUPLICATE / NEAR-DUPLICATE,MERGE INTO STRONGER FINDING OR CLUSTER,Independent Implementation,HIGH,Merged,CORE-03c,#26,P4-D15,FALSE,FALSE,Primary target from Pass #4 cluster-level consolidation view. Consolidation parent carried from the first explicit Finding reference in the frozen classification rationale/related set; related references are not exhaustive.
#1440,Algorithm Choice Must Not Become Place Identity,DUPLICATE / NEAR-DUPLICATE,MERGE INTO STRONGER FINDING OR CLUSTER,Independent Implementation,HIGH,Merged,CORE-03c,#19,P4-D15,FALSE,FALSE,Primary target from Pass #4 cluster-level consolidation view. Consolidation parent carried from the first explicit Finding reference in the frozen classification rationale/related set; related references are not exhaustive.
#1441,Spatial Ground Must Support Algorithm Replacement,DUPLICATE / NEAR-DUPLICATE,MERGE INTO STRONGER FINDING OR CLUSTER,Technology and Infrastructure Independence,HIGH,Merged,CORE-05b,#81,P4-D15,FALSE,FALSE,Primary target from Pass #4 cluster-level consolidation view. Consolidation parent carried from the first explicit Finding reference in the frozen classification rationale/related set; related references are not exhaustive.
#1442,Algorithm Optimization Must Preserve Proof Obligations,CONFORMANCE / VALIDATION CANDIDATE,MOVE TO CONFORMANCE / VALIDATION,Conformance and Validation,HIGH,Conformance,DEF-04,,P4-D15,FALSE,FALSE,Primary target from Pass #4 cluster-level consolidation view.
#1443,Spatial Ground Must Distinguish Specification Algorithm From Reference Algorithm,SPECIFICATION CANDIDATE,MOVE TO SPECIFICATION,Finite Expressibility and Determinism,HIGH,Specification,DEF-03,,P4-D15,FALSE,FALSE,Primary target from Pass #4 cluster-level consolidation view.
#1444,Spatial Ground Must Avoid Unnecessary Algorithm Mandates,DUPLICATE / NEAR-DUPLICATE,MERGE INTO STRONGER FINDING OR CLUSTER,Independent Implementation,HIGH,Merged,CORE-03c,#26,P4-D15,FALSE,FALSE,Primary target from Pass #4 cluster-level consolidation view. Consolidation parent carried from the first explicit Finding reference in the frozen classification rationale/related set; related references are not exhaustive.
#1445,Spatial Ground Must Preserve Semantic Freedom in Implementation,DUPLICATE / NEAR-DUPLICATE,MERGE INTO STRONGER FINDING OR CLUSTER,Independent Implementation,HIGH,Merged,CORE-03c,#26,P4-D15,FALSE,FALSE,Primary target from Pass #4 cluster-level consolidation view. Consolidation parent carried from the first explicit Finding reference in the frozen classification rationale/related set; related references are not exhaustive.
#1446,Spatial Ground Must Support Formal Handoff Testing,CONFORMANCE / VALIDATION CANDIDATE,MOVE TO CONFORMANCE / VALIDATION,Testing and Adversarial Review,HIGH,Conformance,Conformance Register,,P4-D15,FALSE,TRUE,Primary target from Pass #4 cluster-level consolidation view.
#1447,Handoff Testing Must Detect Under-Specification,DUPLICATE / NEAR-DUPLICATE,MERGE INTO STRONGER FINDING OR CLUSTER,Testing and Adversarial Review,HIGH,Merged,Conformance Register,#54,P4-D15,FALSE,FALSE,Primary target from Pass #4 cluster-level consolidation view. Consolidation parent carried from the first explicit Finding reference in the frozen classification rationale/related set; related references are not exhaustive.
#1448,Handoff Testing Must Detect Over-Specification,DUPLICATE / NEAR-DUPLICATE,MERGE INTO STRONGER FINDING OR CLUSTER,Testing and Adversarial Review,HIGH,Merged,Conformance Register,#20,P4-D15,FALSE,FALSE,Primary target from Pass #4 cluster-level consolidation view. Consolidation parent carried from the first explicit Finding reference in the frozen classification rationale/related set; related references are not exhaustive.
#1449,Spatial Ground Must Pass the Bidirectional Layer Test,DUPLICATE / NEAR-DUPLICATE,MERGE INTO STRONGER FINDING OR CLUSTER,Layer Boundaries,HIGH,Merged,BOUND-01,#1247,P4-D15,FALSE,FALSE,Primary target from Pass #4 cluster-level consolidation view. Consolidation parent carried from the first explicit Finding reference in the frozen classification rationale/related set; related references are not exhaustive.
#1450,Spatial Ground Must Earn Its Separate Layer Permanently,INSTITUTIONAL / GOVERNANCE CANDIDATE,MOVE TO GOVERNANCE / INSTITUTIONAL FRAMEWORK,Inquiry Method and Framework Sequencing,MEDIUM,Governance,Governance Method Annex,,P4-D15,FALSE,FALSE,Primary target from Pass #4 cluster-level consolidation view.
#1451,Spatial Ground Must Distinguish Layer Identity From Documentation Identity,DUPLICATE / NEAR-DUPLICATE,MERGE INTO STRONGER FINDING OR CLUSTER,Representation Independence,HIGH,Merged,CORE-07,#29,P4-D15,FALSE,FALSE,Primary target from Pass #4 cluster-level consolidation view. Consolidation parent carried from the first explicit Finding reference in the frozen classification rationale/related set; related references are not exhaustive.
#1452,Spatial Ground Must Distinguish Layer Identity From Repository Location,DUPLICATE / NEAR-DUPLICATE,MERGE INTO STRONGER FINDING OR CLUSTER,Representation Independence,HIGH,Merged,CORE-07,#29,P4-D15,FALSE,FALSE,Primary target from Pass #4 cluster-level consolidation view. Consolidation parent carried from the first explicit Finding reference in the frozen classification rationale/related set; related references are not exhaustive.
#1453,Spatial Ground Must Distinguish Layer Identity From Website Navigation,DUPLICATE / NEAR-DUPLICATE,MERGE INTO STRONGER FINDING OR CLUSTER,Representation Independence,HIGH,Merged,CORE-07,#29,P4-D15,FALSE,FALSE,Primary target from Pass #4 cluster-level consolidation view. Consolidation parent carried from the first explicit Finding reference in the frozen classification rationale/related set; related references are not exhaustive.
#1454,Spatial Ground Must Distinguish Layer Identity From Publication Order,DERIVED CONSEQUENCE,MERGE INTO STRONGER FINDING OR CLUSTER,Inquiry Method and Framework Sequencing,HIGH,Merged,Governance Method Annex,#407,P4-D15,FALSE,FALSE,Primary target from Pass #4 cluster-level consolidation view. Consolidation parent carried from the first explicit Finding reference in the frozen classification rationale/related set; related references are not exhaustive.
#1455,Spatial Ground Must Distinguish Layer Identity From Creator Sequence,DERIVED CONSEQUENCE,MERGE INTO STRONGER FINDING OR CLUSTER,Inquiry Method and Framework Sequencing,HIGH,Merged,Governance Method Annex,#1454,P4-D15,FALSE,FALSE,Primary target from Pass #4 cluster-level consolidation view. Consolidation parent carried from the first explicit Finding reference in the frozen classification rationale/related set; related references are not exhaustive.
#1456,Spatial Ground Must Distinguish Reasoning Order From Dependency Order,DUPLICATE / NEAR-DUPLICATE,MERGE INTO STRONGER FINDING OR CLUSTER,Inquiry Method and Framework Sequencing,HIGH,Merged,Governance Method Annex,#1455,P4-D15,FALSE,FALSE,Primary target from Pass #4 cluster-level consolidation view. Consolidation parent carried from the first explicit Finding reference in the frozen classification rationale/related set; related references are not exhaustive.
#1457,Spatial Ground Must Distinguish Historical Discovery From Normative Structure,DUPLICATE / NEAR-DUPLICATE,MERGE INTO STRONGER FINDING OR CLUSTER,Historical Traceability,HIGH,Merged,Governance Register,#409,P4-D15,FALSE,FALSE,Primary target from Pass #4 cluster-level consolidation view. Consolidation parent carried from the first explicit Finding reference in the frozen classification rationale/related set; related references are not exhaustive.
#1458,Spatial Ground Must Preserve Reasoning Without Embedding Chronology,DUPLICATE / NEAR-DUPLICATE,MERGE INTO STRONGER FINDING OR CLUSTER,Historical Traceability,HIGH,Merged,Governance Register,#408,P4-D15,FALSE,FALSE,Primary target from Pass #4 cluster-level consolidation view. Consolidation parent carried from the first explicit Finding reference in the frozen classification rationale/related set; related references are not exhaustive.
#1459,Spatial Ground Must Preserve the Atlas Rule,TERMINOLOGY / DOCUMENTATION CANDIDATE,MOVE TO TERMINOLOGY / DOCUMENTATION,Terminology Discipline,HIGH,Terminology,Terminology Register,,P4-D15,FALSE,FALSE,Primary target from Pass #4 cluster-level consolidation view.
#1460,Spatial Ground Must Preserve Institutional Separation of “When” and “What”,DUPLICATE / NEAR-DUPLICATE,MERGE INTO STRONGER FINDING OR CLUSTER,Historical Traceability,HIGH,Merged,Governance Register,#1044,P4-D15,FALSE,FALSE,Primary target from Pass #4 cluster-level consolidation view. Consolidation parent carried from the first explicit Finding reference in the frozen classification rationale/related set; related references are not exhaustive.
#1461,Spatial Ground Must Distinguish Architecture From Institutional History,DUPLICATE / NEAR-DUPLICATE,MERGE INTO STRONGER FINDING OR CLUSTER,Rights / Governance Independence,HIGH,Merged,CORE-05a,#4,P4-D15,FALSE,FALSE,Primary target from Pass #4 cluster-level consolidation view. Consolidation parent carried from the first explicit Finding reference in the frozen classification rationale/related set; related references are not exhaustive.
#1462,Spatial Ground Must Distinguish Architecture From Editorial Narrative,DUPLICATE / NEAR-DUPLICATE,MERGE INTO STRONGER FINDING OR CLUSTER,Representation Independence,HIGH,Merged,CORE-07,#29,P4-D15,FALSE,FALSE,Primary target from Pass #4 cluster-level consolidation view. Consolidation parent carried from the first explicit Finding reference in the frozen classification rationale/related set; related references are not exhaustive.
#1463,Spatial Ground Must Preserve Normative Core Through Editorial Rewriting,DUPLICATE / NEAR-DUPLICATE,MERGE INTO STRONGER FINDING OR CLUSTER,Representation Independence,HIGH,Merged,CORE-07,#29,P4-D15,FALSE,FALSE,Primary target from Pass #4 cluster-level consolidation view. Consolidation parent carried from the first explicit Finding reference in the frozen classification rationale/related set; related references are not exhaustive.
#1464,Spatial Ground Must Support Normative Extraction,DUPLICATE / NEAR-DUPLICATE,MERGE INTO STRONGER FINDING OR CLUSTER,Terminology Discipline,HIGH,Merged,Terminology Register,#399,P4-D15,FALSE,FALSE,Primary target from Pass #4 cluster-level consolidation view. Consolidation parent carried from the first explicit Finding reference in the frozen classification rationale/related set; related references are not exhaustive.
#1465,Spatial Ground Must Support Machine Identification of Normative Material Where Useful,TERMINOLOGY / DOCUMENTATION CANDIDATE,MOVE TO TERMINOLOGY / DOCUMENTATION,Terminology Discipline,HIGH,Terminology,Terminology Register,,P4-D15,FALSE,FALSE,Primary target from Pass #4 cluster-level consolidation view.
#1466,Spatial Ground Must Avoid Normative Meaning Hidden in Examples,DUPLICATE / NEAR-DUPLICATE,MERGE INTO STRONGER FINDING OR CLUSTER,Terminology Discipline,HIGH,Merged,Terminology Register,#1067,P4-D15,FALSE,FALSE,Primary target from Pass #4 cluster-level consolidation view. Consolidation parent carried from the first explicit Finding reference in the frozen classification rationale/related set; related references are not exhaustive.
#1467,Spatial Ground Must Avoid Normative Meaning Hidden in Captions,DUPLICATE / NEAR-DUPLICATE,MERGE INTO STRONGER FINDING OR CLUSTER,Terminology Discipline,HIGH,Merged,Terminology Register,#19,P4-D15,FALSE,FALSE,Primary target from Pass #4 cluster-level consolidation view. Consolidation parent carried from the first explicit Finding reference in the frozen classification rationale/related set; related references are not exhaustive.
#1468,Spatial Ground Must Avoid Normative Meaning Hidden in Comments,DUPLICATE / NEAR-DUPLICATE,MERGE INTO STRONGER FINDING OR CLUSTER,No Hidden State / Self-Containment,HIGH,Merged,CORE-05b,#27,P4-D15,FALSE,FALSE,Primary target from Pass #4 cluster-level consolidation view. Consolidation parent carried from the first explicit Finding reference in the frozen classification rationale/related set; related references are not exhaustive.
#1469,Spatial Ground Must Avoid Normative Meaning Hidden in UI,DUPLICATE / NEAR-DUPLICATE,MERGE INTO STRONGER FINDING OR CLUSTER,No Hidden State / Self-Containment,HIGH,Merged,CORE-05b,#27,P4-D15,FALSE,FALSE,Primary target from Pass #4 cluster-level consolidation view. Consolidation parent carried from the first explicit Finding reference in the frozen classification rationale/related set; related references are not exhaustive.
#1470,Spatial Ground Must Preserve Canonical Meaning Independently of Presentation Layer,DUPLICATE / NEAR-DUPLICATE,MERGE INTO STRONGER FINDING OR CLUSTER,Representation Independence,HIGH,Merged,CORE-07,#29,P4-D15,FALSE,FALSE,Primary target from Pass #4 cluster-level consolidation view. Consolidation parent carried from the first explicit Finding reference in the frozen classification rationale/related set; related references are not exhaustive.
#1471,Spatial Ground Must Support Text-Only Preservation,DUPLICATE / NEAR-DUPLICATE,MERGE INTO STRONGER FINDING OR CLUSTER,Preservation and Archival Survival,HIGH,Merged,Preservation Register,#69,P4-D15,FALSE,FALSE,Primary target from Pass #4 cluster-level consolidation view. Consolidation parent carried from the first explicit Finding reference in the frozen classification rationale/related set; related references are not exhaustive.
#1472,Spatial Ground Must Support Formal Artifact Preservation,DUPLICATE / NEAR-DUPLICATE,MERGE INTO STRONGER FINDING OR CLUSTER,Preservation and Archival Survival,HIGH,Merged,Preservation Register,#70,P4-D15,FALSE,FALSE,Primary target from Pass #4 cluster-level consolidation view. Consolidation parent carried from the first explicit Finding reference in the frozen classification rationale/related set; related references are not exhaustive.
#1473,Spatial Ground Must Preserve Cross-Reference Stability Conceptually,DUPLICATE / NEAR-DUPLICATE,MERGE INTO STRONGER FINDING OR CLUSTER,Preservation and Archival Survival,HIGH,Merged,Preservation Register,#83,P4-D15,FALSE,FALSE,Primary target from Pass #4 cluster-level consolidation view. Consolidation parent carried from the first explicit Finding reference in the frozen classification rationale/related set; related references are not exhaustive.
#1474,Spatial Ground Must Not Depend on Fragile Hyperlinks,DUPLICATE / NEAR-DUPLICATE,MERGE INTO STRONGER FINDING OR CLUSTER,Preservation and Archival Survival,HIGH,Merged,Preservation Register,#83,P4-D15,FALSE,FALSE,Primary target from Pass #4 cluster-level consolidation view. Consolidation parent carried from the first explicit Finding reference in the frozen classification rationale/related set; related references are not exhaustive.
#1475,Spatial Ground Must Preserve Dependency Names and Roles,PRESERVATION / RECONSTRUCTION CANDIDATE,MOVE TO PRESERVATION / RECONSTRUCTION,Preservation and Archival Survival,HIGH,Preservation,Preservation Register,,P4-D15,FALSE,FALSE,Primary target from Pass #4 cluster-level consolidation view.
#1476,Spatial Ground Must Support Durable Citation of Normative Rules,TERMINOLOGY / DOCUMENTATION CANDIDATE,MOVE TO TERMINOLOGY / DOCUMENTATION,Terminology Discipline,HIGH,Terminology,Terminology Register,,P4-D15,FALSE,FALSE,Primary target from Pass #4 cluster-level consolidation view.
#1477,Rule Identity Must Survive Renumbering Where Meaning Is Preserved,TERMINOLOGY / DOCUMENTATION CANDIDATE,MOVE TO TERMINOLOGY / DOCUMENTATION,Terminology Discipline,HIGH,Terminology,Terminology Register,,P4-D15,FALSE,FALSE,Primary target from Pass #4 cluster-level consolidation view.
#1478,Spatial Ground Must Avoid Making Numbers the Meaning,DUPLICATE / NEAR-DUPLICATE,MERGE INTO STRONGER FINDING OR CLUSTER,Terminology Discipline,HIGH,Merged,Terminology Register,#29,P4-D15,FALSE,FALSE,Primary target from Pass #4 cluster-level consolidation view. Consolidation parent carried from the first explicit Finding reference in the frozen classification rationale/related set; related references are not exhaustive.
#1479,Spatial Ground Must Preserve Traceable Renumbering,DUPLICATE / NEAR-DUPLICATE,MERGE INTO STRONGER FINDING OR CLUSTER,Historical Traceability,HIGH,Merged,Governance Register,#672,P4-D15,FALSE,FALSE,Primary target from Pass #4 cluster-level consolidation view. Consolidation parent carried from the first explicit Finding reference in the frozen classification rationale/related set; related references are not exhaustive.
#1480,Spatial Ground Must Support Stable Normative Anchors,DUPLICATE / NEAR-DUPLICATE,MERGE INTO STRONGER FINDING OR CLUSTER,Terminology Discipline,HIGH,Merged,Terminology Register,#1476,P4-D15,FALSE,FALSE,Primary target from Pass #4 cluster-level consolidation view. Consolidation parent carried from the first explicit Finding reference in the frozen classification rationale/related set; related references are not exhaustive.
#1481,Spatial Ground Must Distinguish Architectural Identity From Version Identity,DUPLICATE / NEAR-DUPLICATE,MERGE INTO STRONGER FINDING OR CLUSTER,Representation Independence,HIGH,Merged,CORE-07,#29,P4-D15,FALSE,FALSE,Primary target from Pass #4 cluster-level consolidation view. Consolidation parent carried from the first explicit Finding reference in the frozen classification rationale/related set; related references are not exhaustive.
#1482,Spatial Ground Must Distinguish Architecture Revision From Architecture Replacement,DERIVED CONSEQUENCE,MERGE INTO STRONGER FINDING OR CLUSTER,Change Control and Permanence,HIGH,Merged,CORE-06,#29,P4-D15,FALSE,FALSE,Primary target from Pass #4 cluster-level consolidation view. Consolidation parent carried from the first explicit Finding reference in the frozen classification rationale/related set; related references are not exhaustive.
#1483,Spatial Ground Replacement Must Be Explicit,INSTITUTIONAL / GOVERNANCE CANDIDATE,MOVE TO GOVERNANCE / INSTITUTIONAL FRAMEWORK,Change Control and Permanence,HIGH,Governance,CORE-06,,P4-D15,FALSE,FALSE,Primary target from Pass #4 cluster-level consolidation view.
#1484,Replacement Must Preserve or Explicitly Break Continuity,INSTITUTIONAL / GOVERNANCE CANDIDATE,MOVE TO GOVERNANCE / INSTITUTIONAL FRAMEWORK,Change Control and Permanence,HIGH,Governance,CORE-06,,P4-D15,FALSE,FALSE,Primary target from Pass #4 cluster-level consolidation view.
#1485,Semantic Continuity Must Be Demonstrable,DUPLICATE / NEAR-DUPLICATE,MERGE INTO STRONGER FINDING OR CLUSTER,Canonical Equivalence,HIGH,Merged,DEF-05,#1396,P4-D15,FALSE,FALSE,Primary target from Pass #4 cluster-level consolidation view. Consolidation parent carried from the first explicit Finding reference in the frozen classification rationale/related set; related references are not exhaustive.
#1486,Spatial Ground Must Support Migration Proofs,CONFORMANCE / VALIDATION CANDIDATE,MOVE TO CONFORMANCE / VALIDATION,Canonical Equivalence,HIGH,Conformance,DEF-05,,P4-D15,TRUE,FALSE,Primary target from Pass #4 cluster-level consolidation view.
#1487,Migration Proof Must Include Boundary Semantics,DUPLICATE / NEAR-DUPLICATE,MERGE INTO STRONGER FINDING OR CLUSTER,Canonical Equivalence,HIGH,Merged,DEF-05,#16,P4-D15,FALSE,FALSE,Primary target from Pass #4 cluster-level consolidation view. Consolidation parent carried from the first explicit Finding reference in the frozen classification rationale/related set; related references are not exhaustive.
#1488,Migration Proof Must Include Absolute Placement,DUPLICATE / NEAR-DUPLICATE,MERGE INTO STRONGER FINDING OR CLUSTER,Canonical Equivalence,HIGH,Merged,DEF-05,#46,P4-D15,FALSE,FALSE,Primary target from Pass #4 cluster-level consolidation view. Consolidation parent carried from the first explicit Finding reference in the frozen classification rationale/related set; related references are not exhaustive.
#1489,Migration Proof Must Include One-World Coherence,DUPLICATE / NEAR-DUPLICATE,MERGE INTO STRONGER FINDING OR CLUSTER,Canonical Equivalence,HIGH,Merged,DEF-05,#21,P4-D15,FALSE,FALSE,Primary target from Pass #4 cluster-level consolidation view. Consolidation parent carried from the first explicit Finding reference in the frozen classification rationale/related set; related references are not exhaustive.
#1490,Migration Proof Must Include Higher-Layer Referential Stability,DUPLICATE / NEAR-DUPLICATE,MERGE INTO STRONGER FINDING OR CLUSTER,Canonical Equivalence,HIGH,Merged,DEF-05,#4,P4-D15,FALSE,FALSE,Primary target from Pass #4 cluster-level consolidation view. Consolidation parent carried from the first explicit Finding reference in the frozen classification rationale/related set; related references are not exhaustive.
#1491,Spatial Ground Must Preserve Historical Reference Resolution,DUPLICATE / NEAR-DUPLICATE,MERGE INTO STRONGER FINDING OR CLUSTER,Change Control and Permanence,HIGH,Merged,CORE-06,#4,P4-D15,FALSE,FALSE,Primary target from Pass #4 cluster-level consolidation view. Consolidation parent carried from the first explicit Finding reference in the frozen classification rationale/related set; related references are not exhaustive.
#1492,Compatible Evolution Must Not Orphan Historical Place References,DUPLICATE / NEAR-DUPLICATE,MERGE INTO STRONGER FINDING OR CLUSTER,Change Control and Permanence,HIGH,Merged,CORE-06,#4,P4-D15,FALSE,FALSE,Primary target from Pass #4 cluster-level consolidation view. Consolidation parent carried from the first explicit Finding reference in the frozen classification rationale/related set; related references are not exhaustive.
#1493,Spatial Ground Must Support Legacy Decoding Where Needed for Continuity,DUPLICATE / NEAR-DUPLICATE,MERGE INTO STRONGER FINDING OR CLUSTER,Preservation and Archival Survival,HIGH,Merged,Preservation Register,#126,P4-D15,FALSE,FALSE,Primary target from Pass #4 cluster-level consolidation view. Consolidation parent carried from the first explicit Finding reference in the frozen classification rationale/related set; related references are not exhaustive.
#1494,Legacy Support Must Not Freeze Implementation Technology,DUPLICATE / NEAR-DUPLICATE,MERGE INTO STRONGER FINDING OR CLUSTER,Technology and Infrastructure Independence,HIGH,Merged,CORE-05b,#81,P4-D15,FALSE,FALSE,Primary target from Pass #4 cluster-level consolidation view. Consolidation parent carried from the first explicit Finding reference in the frozen classification rationale/related set; related references are not exhaustive.
#1495,Spatial Ground Must Support Semantic Translation Across Generations,PRESERVATION / RECONSTRUCTION CANDIDATE,MOVE TO PRESERVATION / RECONSTRUCTION,Change Control and Permanence,HIGH,Preservation,CORE-06,,P4-D15,FALSE,FALSE,Primary target from Pass #4 cluster-level consolidation view.
#1496,Semantic Translation Must Be Lossless for Canonical Claims,DUPLICATE / NEAR-DUPLICATE,MERGE INTO STRONGER FINDING OR CLUSTER,Operational Non-Authority,HIGH,Merged,CORE-05c,#19,P4-D15,FALSE,FALSE,Primary target from Pass #4 cluster-level consolidation view. Consolidation parent carried from the first explicit Finding reference in the frozen classification rationale/related set; related references are not exhaustive.
#1497,Spatial Ground Must Preserve Historical Comparability,DUPLICATE / NEAR-DUPLICATE,MERGE INTO STRONGER FINDING OR CLUSTER,Canonical Equivalence,HIGH,Merged,DEF-05,#65,P4-D15,FALSE,FALSE,Primary target from Pass #4 cluster-level consolidation view. Consolidation parent carried from the first explicit Finding reference in the frozen classification rationale/related set; related references are not exhaustive.
#1498,Spatial Ground Must Preserve Historical Spatial Accountability,DUPLICATE / NEAR-DUPLICATE,MERGE INTO STRONGER FINDING OR CLUSTER,Change Control and Permanence,HIGH,Merged,CORE-06,#4,P4-D15,FALSE,FALSE,Primary target from Pass #4 cluster-level consolidation view. Consolidation parent carried from the first explicit Finding reference in the frozen classification rationale/related set; related references are not exhaustive.
#1499,Spatial Ground Must Preserve Intergenerational Place Identity,DUPLICATE / NEAR-DUPLICATE,MERGE INTO STRONGER FINDING OR CLUSTER,Change Control and Permanence,HIGH,Merged,CORE-06,#4,P4-D15,FALSE,FALSE,Primary target from Pass #4 cluster-level consolidation view. Consolidation parent carried from the first explicit Finding reference in the frozen classification rationale/related set; related references are not exhaustive.
#1500,Spatial Ground Must Make Architectural Memory Unnecessary for Place Continuity,DUPLICATE / NEAR-DUPLICATE,MERGE INTO STRONGER FINDING OR CLUSTER,No Hidden State / Self-Containment,HIGH,Merged,CORE-05b,#27,P4-D15,FALSE,FALSE,Primary target from Pass #4 cluster-level consolidation view. Consolidation parent carried from the first explicit Finding reference in the frozen classification rationale/related set; related references are not exhaustive.
#1501,Spatial Ground Must Distinguish Canonical Place From Historical Association,DUPLICATE / NEAR-DUPLICATE,MERGE INTO STRONGER FINDING OR CLUSTER,Higher-Layer Independence,HIGH,Merged,CORE-05a,#4,P4-D15,FALSE,FALSE,Primary target from Pass #4 cluster-level consolidation view. Consolidation parent carried from the first explicit Finding reference in the frozen classification rationale/related set; related references are not exhaustive.
#1502,Historical Meaning Must Remain Above Ground,DUPLICATE / NEAR-DUPLICATE,MERGE INTO STRONGER FINDING OR CLUSTER,Layer Boundaries,HIGH,Merged,BOUND-01,#20,P4-D15,FALSE,FALSE,Primary target from Pass #4 cluster-level consolidation view. Consolidation parent carried from the first explicit Finding reference in the frozen classification rationale/related set; related references are not exhaustive.
#1503,Spatial Ground Must Preserve Place Through Historical Erasure,DUPLICATE / NEAR-DUPLICATE,MERGE INTO STRONGER FINDING OR CLUSTER,Higher-Layer Independence,HIGH,Merged,CORE-05a,#4,P4-D15,FALSE,FALSE,Primary target from Pass #4 cluster-level consolidation view. Consolidation parent carried from the first explicit Finding reference in the frozen classification rationale/related set; related references are not exhaustive.
#1504,Spatial Ground Must Preserve History Through Stable Place,DUPLICATE / NEAR-DUPLICATE,MERGE INTO STRONGER FINDING OR CLUSTER,Change Control and Permanence,HIGH,Merged,CORE-06,#4,P4-D15,FALSE,FALSE,Primary target from Pass #4 cluster-level consolidation view. Consolidation parent carried from the first explicit Finding reference in the frozen classification rationale/related set; related references are not exhaustive.
#1505,Spatial Ground Must Distinguish Event Location From Event Meaning,DUPLICATE / NEAR-DUPLICATE,MERGE INTO STRONGER FINDING OR CLUSTER,Upward Handoff,HIGH,Merged,UP-01,#20,P4-D15,FALSE,FALSE,Primary target from Pass #4 cluster-level consolidation view. Consolidation parent carried from the first explicit Finding reference in the frozen classification rationale/related set; related references are not exhaustive.
#1506,Spatial Ground Must Distinguish Place Persistence From Event Persistence,DUPLICATE / NEAR-DUPLICATE,MERGE INTO STRONGER FINDING OR CLUSTER,Change Control and Permanence,HIGH,Merged,CORE-06,#4,P4-D15,FALSE,FALSE,Primary target from Pass #4 cluster-level consolidation view. Consolidation parent carried from the first explicit Finding reference in the frozen classification rationale/related set; related references are not exhaustive.
#1507,Spatial Ground Must Support Historical Rebinding Above It,DUPLICATE / NEAR-DUPLICATE,MERGE INTO STRONGER FINDING OR CLUSTER,Interpretation Independence,HIGH,Merged,CORE-05a,#4,P4-D15,FALSE,FALSE,Primary target from Pass #4 cluster-level consolidation view. Consolidation parent carried from the first explicit Finding reference in the frozen classification rationale/related set; related references are not exhaustive.
#1508,Spatial Ground Must Preserve Referential Neutrality,DUPLICATE / NEAR-DUPLICATE,MERGE INTO STRONGER FINDING OR CLUSTER,Upward Handoff,HIGH,Merged,UP-01,#20,P4-D15,FALSE,FALSE,Primary target from Pass #4 cluster-level consolidation view. Consolidation parent carried from the first explicit Finding reference in the frozen classification rationale/related set; related references are not exhaustive.
#1509,Spatial Ground Must Support Legal or Institutional Reference Without Becoming Legal Architecture,DUPLICATE / NEAR-DUPLICATE,MERGE INTO STRONGER FINDING OR CLUSTER,Layer Boundaries,HIGH,Merged,BOUND-01,#20,P4-D15,FALSE,FALSE,Primary target from Pass #4 cluster-level consolidation view. Consolidation parent carried from the first explicit Finding reference in the frozen classification rationale/related set; related references are not exhaustive.
#1510,Spatial Ground Must Support Scientific or Analytical Reference Without Becoming an Analytical Layer,DUPLICATE / NEAR-DUPLICATE,MERGE INTO STRONGER FINDING OR CLUSTER,Layer Boundaries,HIGH,Merged,BOUND-01,#20,P4-D15,FALSE,FALSE,Primary target from Pass #4 cluster-level consolidation view. Consolidation parent carried from the first explicit Finding reference in the frozen classification rationale/related set; related references are not exhaustive.
#1511,Spatial Ground Must Support Cultural Reference Without Becoming a Cultural Layer,DUPLICATE / NEAR-DUPLICATE,MERGE INTO STRONGER FINDING OR CLUSTER,Interpretation Independence,HIGH,Merged,CORE-05a,#20,P4-D15,FALSE,FALSE,Primary target from Pass #4 cluster-level consolidation view. Consolidation parent carried from the first explicit Finding reference in the frozen classification rationale/related set; related references are not exhaustive.
#1512,Spatial Ground Must Support Economic Reference Without Becoming an Economic Layer,DUPLICATE / NEAR-DUPLICATE,MERGE INTO STRONGER FINDING OR CLUSTER,Interpretation Independence,HIGH,Merged,CORE-05a,#20,P4-D15,FALSE,FALSE,Primary target from Pass #4 cluster-level consolidation view. Consolidation parent carried from the first explicit Finding reference in the frozen classification rationale/related set; related references are not exhaustive.
#1513,Spatial Ground Must Support Governance Reference Without Becoming a Governance Layer,DUPLICATE / NEAR-DUPLICATE,MERGE INTO STRONGER FINDING OR CLUSTER,Rights / Governance Independence,HIGH,Merged,CORE-05a,#4,P4-D15,FALSE,FALSE,Primary target from Pass #4 cluster-level consolidation view. Consolidation parent carried from the first explicit Finding reference in the frozen classification rationale/related set; related references are not exhaustive.
#1514,Spatial Ground Must Support Identity Reference Without Becoming an Identity Layer,DUPLICATE / NEAR-DUPLICATE,MERGE INTO STRONGER FINDING OR CLUSTER,Layer Boundaries,HIGH,Merged,BOUND-01,#20,P4-D15,FALSE,FALSE,Primary target from Pass #4 cluster-level consolidation view. Consolidation parent carried from the first explicit Finding reference in the frozen classification rationale/related set; related references are not exhaustive.
#1515,Spatial Ground Must Support Provenance Reference Without Becoming a Provenance Layer,DUPLICATE / NEAR-DUPLICATE,MERGE INTO STRONGER FINDING OR CLUSTER,Upward Handoff,HIGH,Merged,UP-01,#20,P4-D15,FALSE,FALSE,Primary target from Pass #4 cluster-level consolidation view. Consolidation parent carried from the first explicit Finding reference in the frozen classification rationale/related set; related references are not exhaustive.
#1516,Spatial Ground Must Support Interoperability Reference Without Becoming an External Coordinate System,DUPLICATE / NEAR-DUPLICATE,MERGE INTO STRONGER FINDING OR CLUSTER,Survey Dependency / Downward Contract,HIGH,Merged,DOWN-01,#12,P4-D15,FALSE,FALSE,Primary target from Pass #4 cluster-level consolidation view. Consolidation parent carried from the first explicit Finding reference in the frozen classification rationale/related set; related references are not exhaustive.
#1517,Spatial Ground Must Preserve Internal Sovereignty of Spatial Meaning,DUPLICATE / NEAR-DUPLICATE,MERGE INTO STRONGER FINDING OR CLUSTER,Institutional Authority and Adoption,HIGH,Merged,IF-01,#354,P4-D15,FALSE,FALSE,Primary target from Pass #4 cluster-level consolidation view. Consolidation parent carried from the first explicit Finding reference in the frozen classification rationale/related set; related references are not exhaustive.
#1518,External Mapping Must Be Losslessly Anchored Where Exactness Is Claimed,DUPLICATE / NEAR-DUPLICATE,MERGE INTO STRONGER FINDING OR CLUSTER,Representation Independence,HIGH,Merged,CORE-07,#48,P4-D15,FALSE,FALSE,Primary target from Pass #4 cluster-level consolidation view. Consolidation parent carried from the first explicit Finding reference in the frozen classification rationale/related set; related references are not exhaustive.
#1519,External Mapping Failure Must Not Alter Ground,DUPLICATE / NEAR-DUPLICATE,MERGE INTO STRONGER FINDING OR CLUSTER,Single Canonical Truth,HIGH,Merged,CORE-04,#8,P4-D15,FALSE,FALSE,Primary target from Pass #4 cluster-level consolidation view. Consolidation parent carried from the first explicit Finding reference in the frozen classification rationale/related set; related references are not exhaustive.
#1520,Spatial Ground Must Resist External Ontology Capture,DERIVED CONSEQUENCE,MERGE INTO STRONGER FINDING OR CLUSTER,Terminology Discipline,HIGH,Merged,Terminology Register,#8,P4-D15,FALSE,FALSE,Primary target from Pass #4 cluster-level consolidation view. Consolidation parent carried from the first explicit Finding reference in the frozen classification rationale/related set; related references are not exhaustive.
#1521,Spatial Ground Must Preserve Indigenous Vocabulary Where Canonical,TERMINOLOGY / DOCUMENTATION CANDIDATE,MOVE TO TERMINOLOGY / DOCUMENTATION,Terminology Discipline,HIGH,Terminology,Terminology Register,,P4-D15,FALSE,FALSE,Primary target from Pass #4 cluster-level consolidation view.
#1522,Spatial Ground Must Distinguish Canonical Terminology From Interface Labels,DUPLICATE / NEAR-DUPLICATE,MERGE INTO STRONGER FINDING OR CLUSTER,Terminology Discipline,HIGH,Merged,Terminology Register,#469,P4-D15,FALSE,FALSE,Primary target from Pass #4 cluster-level consolidation view. Consolidation parent carried from the first explicit Finding reference in the frozen classification rationale/related set; related references are not exhaustive.
#1523,Spatial Ground Must Permit Localization Without Semantic Drift,TERMINOLOGY / DOCUMENTATION CANDIDATE,MOVE TO TERMINOLOGY / DOCUMENTATION,Terminology Discipline,HIGH,Terminology,Terminology Register,,P4-D15,FALSE,FALSE,Primary target from Pass #4 cluster-level consolidation view.
#1524,Translation Must Not Alter Membership Semantics,DUPLICATE / NEAR-DUPLICATE,MERGE INTO STRONGER FINDING OR CLUSTER,Finite Expressibility and Determinism,HIGH,Merged,DEF-03,#27,P4-D15,FALSE,FALSE,Primary target from Pass #4 cluster-level consolidation view. Consolidation parent carried from the first explicit Finding reference in the frozen classification rationale/related set; related references are not exhaustive.
#1525,Spatial Ground Must Preserve Language-Independent Formal Meaning,DUPLICATE / NEAR-DUPLICATE,MERGE INTO STRONGER FINDING OR CLUSTER,Finite Expressibility and Determinism,HIGH,Merged,DEF-03,#70,P4-D15,FALSE,FALSE,Primary target from Pass #4 cluster-level consolidation view. Consolidation parent carried from the first explicit Finding reference in the frozen classification rationale/related set; related references are not exhaustive.
#1526,Spatial Ground Must Support Multilingual Explanation Above Formal Semantics,DUPLICATE / NEAR-DUPLICATE,MERGE INTO STRONGER FINDING OR CLUSTER,Terminology Discipline,HIGH,Merged,Terminology Register,#1053,P4-D15,FALSE,FALSE,Primary target from Pass #4 cluster-level consolidation view. Consolidation parent carried from the first explicit Finding reference in the frozen classification rationale/related set; related references are not exhaustive.
#1527,Spatial Ground Must Distinguish Human Description From Machine Identity,DUPLICATE / NEAR-DUPLICATE,MERGE INTO STRONGER FINDING OR CLUSTER,Interpretation Independence,HIGH,Merged,CORE-05a,#4,P4-D15,FALSE,FALSE,Primary target from Pass #4 cluster-level consolidation view. Consolidation parent carried from the first explicit Finding reference in the frozen classification rationale/related set; related references are not exhaustive.
#1528,Spatial Ground Must Preserve Name Independence,DUPLICATE / NEAR-DUPLICATE,MERGE INTO STRONGER FINDING OR CLUSTER,Interpretation Independence,HIGH,Merged,CORE-05a,#4,P4-D15,FALSE,FALSE,Primary target from Pass #4 cluster-level consolidation view. Consolidation parent carried from the first explicit Finding reference in the frozen classification rationale/related set; related references are not exhaustive.
#1529,Spatial Ground Must Preserve Metadata Independence,DUPLICATE / NEAR-DUPLICATE,MERGE INTO STRONGER FINDING OR CLUSTER,Operational Non-Authority,HIGH,Merged,CORE-05c,#4,P4-D15,FALSE,FALSE,Primary target from Pass #4 cluster-level consolidation view. Consolidation parent carried from the first explicit Finding reference in the frozen classification rationale/related set; related references are not exhaustive.
#1530,Spatial Ground Must Distinguish Essential Metadata From Descriptive Metadata,SPECIFICATION CANDIDATE,MOVE TO SPECIFICATION,Operational Non-Authority,HIGH,Specification,CORE-05c,,P4-D15,FALSE,FALSE,Primary target from Pass #4 cluster-level consolidation view.
#1531,Spatial Ground Must Preserve Metadata Replaceability,DUPLICATE / NEAR-DUPLICATE,MERGE INTO STRONGER FINDING OR CLUSTER,Representation Independence,HIGH,Merged,CORE-07,#29,P4-D15,FALSE,FALSE,Primary target from Pass #4 cluster-level consolidation view. Consolidation parent carried from the first explicit Finding reference in the frozen classification rationale/related set; related references are not exhaustive.
#1532,Spatial Ground Must Preserve Spatial Truth if Descriptive Metadata Is Lost,DUPLICATE / NEAR-DUPLICATE,MERGE INTO STRONGER FINDING OR CLUSTER,Preservation and Archival Survival,HIGH,Merged,Preservation Register,#27,P4-D15,FALSE,FALSE,Primary target from Pass #4 cluster-level consolidation view. Consolidation parent carried from the first explicit Finding reference in the frozen classification rationale/related set; related references are not exhaustive.
#1533,Spatial Ground Must Identify Essential Reconstruction Metadata Explicitly,DUPLICATE / NEAR-DUPLICATE,MERGE INTO STRONGER FINDING OR CLUSTER,No Hidden State / Self-Containment,HIGH,Merged,CORE-05b,#27,P4-D15,FALSE,FALSE,Primary target from Pass #4 cluster-level consolidation view. Consolidation parent carried from the first explicit Finding reference in the frozen classification rationale/related set; related references are not exhaustive.
#1534,Essential Metadata Must Pass the Necessity Test,DUPLICATE / NEAR-DUPLICATE,MERGE INTO STRONGER FINDING OR CLUSTER,Inquiry Method and Framework Sequencing,HIGH,Merged,Governance Method Annex,#140,P4-D15,FALSE,FALSE,Primary target from Pass #4 cluster-level consolidation view. Consolidation parent carried from the first explicit Finding reference in the frozen classification rationale/related set; related references are not exhaustive.
#1535,Spatial Ground Must Minimize Metadata Dependency,DUPLICATE / NEAR-DUPLICATE,MERGE INTO STRONGER FINDING OR CLUSTER,Minimality and Semantic Restraint,HIGH,Merged,BOUND-01,#58,P4-D15,FALSE,FALSE,Primary target from Pass #4 cluster-level consolidation view. Consolidation parent carried from the first explicit Finding reference in the frozen classification rationale/related set; related references are not exhaustive.
#1536,Spatial Ground Must Preserve Content/Metadata Separation,DUPLICATE / NEAR-DUPLICATE,MERGE INTO STRONGER FINDING OR CLUSTER,Operational Non-Authority,HIGH,Merged,CORE-05c,#19,P4-D15,FALSE,FALSE,Primary target from Pass #4 cluster-level consolidation view. Consolidation parent carried from the first explicit Finding reference in the frozen classification rationale/related set; related references are not exhaustive.
#1537,Spatial Ground Must Support Canonical Content Addressing Without Requiring It,DUPLICATE / NEAR-DUPLICATE,MERGE INTO STRONGER FINDING OR CLUSTER,Technology and Infrastructure Independence,HIGH,Merged,CORE-05b,#81,P4-D15,FALSE,FALSE,Primary target from Pass #4 cluster-level consolidation view. Consolidation parent carried from the first explicit Finding reference in the frozen classification rationale/related set; related references are not exhaustive.
#1538,Content Address Changes Must Not Imply Spatial Change,DUPLICATE / NEAR-DUPLICATE,MERGE INTO STRONGER FINDING OR CLUSTER,Representation Independence,HIGH,Merged,CORE-07,#29,P4-D15,FALSE,FALSE,Primary target from Pass #4 cluster-level consolidation view. Consolidation parent carried from the first explicit Finding reference in the frozen classification rationale/related set; related references are not exhaustive.
#1539,Spatial Ground Must Distinguish Bit Identity From Semantic Identity,DUPLICATE / NEAR-DUPLICATE,MERGE INTO STRONGER FINDING OR CLUSTER,Representation Independence,HIGH,Merged,CORE-07,#29,P4-D15,FALSE,FALSE,Primary target from Pass #4 cluster-level consolidation view. Consolidation parent carried from the first explicit Finding reference in the frozen classification rationale/related set; related references are not exhaustive.
#1540,Spatial Ground Must Preserve Semantic Comparison Above Raw File Comparison,DUPLICATE / NEAR-DUPLICATE,MERGE INTO STRONGER FINDING OR CLUSTER,Canonical Equivalence,HIGH,Merged,DEF-05,#65,P4-D15,FALSE,FALSE,Primary target from Pass #4 cluster-level consolidation view. Consolidation parent carried from the first explicit Finding reference in the frozen classification rationale/related set; related references are not exhaustive.
#1541,Spatial Ground Must Support Canonical Semantic Diffing,DUPLICATE / NEAR-DUPLICATE,MERGE INTO STRONGER FINDING OR CLUSTER,Canonical Equivalence,HIGH,Merged,DEF-05,#1297,P4-D15,FALSE,FALSE,Primary target from Pass #4 cluster-level consolidation view. Consolidation parent carried from the first explicit Finding reference in the frozen classification rationale/related set; related references are not exhaustive.
#1542,Semantic Diffing Must Locate Spatial Difference Where Possible,DUPLICATE / NEAR-DUPLICATE,MERGE INTO STRONGER FINDING OR CLUSTER,Canonical Equivalence,HIGH,Merged,DEF-05,#1297,P4-D15,FALSE,FALSE,Primary target from Pass #4 cluster-level consolidation view. Consolidation parent carried from the first explicit Finding reference in the frozen classification rationale/related set; related references are not exhaustive.
#1543,Semantic Diffing Must Distinguish Added and Removed World-Space,DUPLICATE / NEAR-DUPLICATE,MERGE INTO STRONGER FINDING OR CLUSTER,Canonical Equivalence,HIGH,Merged,DEF-05,#1297,P4-D15,FALSE,FALSE,Primary target from Pass #4 cluster-level consolidation view. Consolidation parent carried from the first explicit Finding reference in the frozen classification rationale/related set; related references are not exhaustive.
#1544,Semantic Diffing Must Distinguish Representation Change From Membership Change,DUPLICATE / NEAR-DUPLICATE,MERGE INTO STRONGER FINDING OR CLUSTER,Canonical Equivalence,HIGH,Merged,DEF-05,#216,P4-D15,FALSE,FALSE,Primary target from Pass #4 cluster-level consolidation view. Consolidation parent carried from the first explicit Finding reference in the frozen classification rationale/related set; related references are not exhaustive.
#1545,Spatial Ground Must Support Exact Change Detection,DUPLICATE / NEAR-DUPLICATE,MERGE INTO STRONGER FINDING OR CLUSTER,Canonical Equivalence,HIGH,Merged,DEF-05,#1297,P4-D15,FALSE,FALSE,Primary target from Pass #4 cluster-level consolidation view. Consolidation parent carried from the first explicit Finding reference in the frozen classification rationale/related set; related references are not exhaustive.
#1546,Spatial Ground Must Preserve Change Accountability,DUPLICATE / NEAR-DUPLICATE,MERGE INTO STRONGER FINDING OR CLUSTER,Historical Traceability,HIGH,Merged,Governance Register,#134,P4-D15,FALSE,FALSE,Primary target from Pass #4 cluster-level consolidation view. Consolidation parent carried from the first explicit Finding reference in the frozen classification rationale/related set; related references are not exhaustive.
#1547,Spatial Ground Must Prevent “Equivalent Enough” Canonical Migration,DUPLICATE / NEAR-DUPLICATE,MERGE INTO STRONGER FINDING OR CLUSTER,Canonical Equivalence,HIGH,Merged,DEF-05,#15,P4-D15,FALSE,FALSE,Primary target from Pass #4 cluster-level consolidation view. Consolidation parent carried from the first explicit Finding reference in the frozen classification rationale/related set; related references are not exhaustive.
#1548,Spatial Ground Must Distinguish Acceptable Approximation From Canonical Equivalence,DUPLICATE / NEAR-DUPLICATE,MERGE INTO STRONGER FINDING OR CLUSTER,Canonical Equivalence,HIGH,Merged,DEF-05,#19,P4-D15,FALSE,FALSE,Primary target from Pass #4 cluster-level consolidation view. Consolidation parent carried from the first explicit Finding reference in the frozen classification rationale/related set; related references are not exhaustive.
#1549,Spatial Ground Must Permit Zero-Loss Migration Only for Canonical Continuity,DUPLICATE / NEAR-DUPLICATE,MERGE INTO STRONGER FINDING OR CLUSTER,Canonical Equivalence,HIGH,Merged,DEF-05,#1486,P4-D15,FALSE,FALSE,Primary target from Pass #4 cluster-level consolidation view. Consolidation parent carried from the first explicit Finding reference in the frozen classification rationale/related set; related references are not exhaustive.
#1550,Spatial Ground Must Make Zero-Loss Continuity Provable,DUPLICATE / NEAR-DUPLICATE,MERGE INTO STRONGER FINDING OR CLUSTER,Canonical Equivalence,HIGH,Merged,DEF-05,#1486,P4-D15,FALSE,FALSE,Primary target from Pass #4 cluster-level consolidation view. Consolidation parent carried from the first explicit Finding reference in the frozen classification rationale/related set; related references are not exhaustive.
#1551,Spatial Ground Must Distinguish Foundational Correction From Foundational Change,INSTITUTIONAL / GOVERNANCE CANDIDATE,MOVE TO GOVERNANCE / INSTITUTIONAL FRAMEWORK,Change Control and Permanence,HIGH,Governance,CORE-06,,P4-D15,TRUE,FALSE,Primary target from Pass #4 cluster-level consolidation view.
#1552,Correction Must Recover Prior Intended Canonical Truth,INSTITUTIONAL / GOVERNANCE CANDIDATE,MOVE TO GOVERNANCE / INSTITUTIONAL FRAMEWORK,Change Control and Permanence,HIGH,Governance,CORE-06,,P4-D15,FALSE,FALSE,Primary target from Pass #4 cluster-level consolidation view.
#1553,Intentional World-Space Change Cannot Be Disguised as Correction,DUPLICATE / NEAR-DUPLICATE,MERGE INTO STRONGER FINDING OR CLUSTER,Change Control and Permanence,HIGH,Merged,CORE-06,#133,P4-D15,FALSE,FALSE,Primary target from Pass #4 cluster-level consolidation view. Consolidation parent carried from the first explicit Finding reference in the frozen classification rationale/related set; related references are not exhaustive.
#1554,Spatial Ground Must Preserve Error Provenance,DUPLICATE / NEAR-DUPLICATE,MERGE INTO STRONGER FINDING OR CLUSTER,Historical Traceability,HIGH,Merged,Governance Register,#134,P4-D15,FALSE,FALSE,Primary target from Pass #4 cluster-level consolidation view. Consolidation parent carried from the first explicit Finding reference in the frozen classification rationale/related set; related references are not exhaustive.
#1555,Spatial Ground Must Preserve Corrected Reference Resolution,INSTITUTIONAL / GOVERNANCE CANDIDATE,MOVE TO GOVERNANCE / INSTITUTIONAL FRAMEWORK,Historical Traceability,HIGH,Governance,Governance Register,,P4-D15,FALSE,FALSE,Primary target from Pass #4 cluster-level consolidation view.
#1556,Spatial Ground Must Avoid Retroactive Fiction,DUPLICATE / NEAR-DUPLICATE,MERGE INTO STRONGER FINDING OR CLUSTER,Historical Traceability,HIGH,Merged,Governance Register,#134,P4-D15,FALSE,FALSE,Primary target from Pass #4 cluster-level consolidation view. Consolidation parent carried from the first explicit Finding reference in the frozen classification rationale/related set; related references are not exhaustive.
#1557,Spatial Ground Must Preserve Institutional Honesty,DUPLICATE / NEAR-DUPLICATE,MERGE INTO STRONGER FINDING OR CLUSTER,Historical Traceability,HIGH,Merged,Governance Register,#134,P4-D15,FALSE,FALSE,Primary target from Pass #4 cluster-level consolidation view. Consolidation parent carried from the first explicit Finding reference in the frozen classification rationale/related set; related references are not exhaustive.
#1558,Spatial Ground Must Support Root-Cause Analysis,CONFORMANCE / VALIDATION CANDIDATE,MOVE TO CONFORMANCE / VALIDATION,Failure Semantics,HIGH,Conformance,CORE-03b,,P4-D15,FALSE,FALSE,Primary target from Pass #4 cluster-level consolidation view.
#1559,Root-Cause Analysis Must Not Create New Ground Semantics,DUPLICATE / NEAR-DUPLICATE,MERGE INTO STRONGER FINDING OR CLUSTER,Failure Semantics,HIGH,Merged,CORE-03b,#19,P4-D15,FALSE,FALSE,Primary target from Pass #4 cluster-level consolidation view. Consolidation parent carried from the first explicit Finding reference in the frozen classification rationale/related set; related references are not exhaustive.
#1560,Spatial Ground Must Support Repair Without Redesign,DUPLICATE / NEAR-DUPLICATE,MERGE INTO STRONGER FINDING OR CLUSTER,Change Control and Permanence,HIGH,Merged,CORE-06,#135,P4-D15,FALSE,FALSE,Primary target from Pass #4 cluster-level consolidation view. Consolidation parent carried from the first explicit Finding reference in the frozen classification rationale/related set; related references are not exhaustive.
#1561,Spatial Ground Must Preserve Canonical Recoverability After Partial Loss,DUPLICATE / NEAR-DUPLICATE,MERGE INTO STRONGER FINDING OR CLUSTER,Reconstruction and Recoverability,HIGH,Merged,DEF-02,#84,P4-D15,FALSE,FALSE,Primary target from Pass #4 cluster-level consolidation view. Consolidation parent carried from the first explicit Finding reference in the frozen classification rationale/related set; related references are not exhaustive.
#1562,Spatial Ground Must Identify the Minimal Recovery Set,DUPLICATE / NEAR-DUPLICATE,MERGE INTO STRONGER FINDING OR CLUSTER,Reconstruction and Recoverability,HIGH,Merged,DEF-02,#542,P4-D15,FALSE,FALSE,Primary target from Pass #4 cluster-level consolidation view. Consolidation parent carried from the first explicit Finding reference in the frozen classification rationale/related set; related references are not exhaustive.
#1563,Recovery Set Sufficiency Must Be Testable,CONFORMANCE / VALIDATION CANDIDATE,MOVE TO CONFORMANCE / VALIDATION,Testing and Adversarial Review,HIGH,Conformance,Conformance Register,,P4-D15,FALSE,TRUE,Primary target from Pass #4 cluster-level consolidation view.
#1564,Recovery Set Minimality Must Be Testable,CONFORMANCE / VALIDATION CANDIDATE,MOVE TO CONFORMANCE / VALIDATION,Testing and Adversarial Review,HIGH,Conformance,Conformance Register,,P4-D15,FALSE,TRUE,Primary target from Pass #4 cluster-level consolidation view.
#1565,Spatial Ground Must Preserve Redundant Copies Outside the Minimal Set,DUPLICATE / NEAR-DUPLICATE,MERGE INTO STRONGER FINDING OR CLUSTER,Preservation and Archival Survival,HIGH,Merged,Preservation Register,#206,P4-D15,FALSE,FALSE,Primary target from Pass #4 cluster-level consolidation view. Consolidation parent carried from the first explicit Finding reference in the frozen classification rationale/related set; related references are not exhaustive.
#1566,Redundancy Must Not Obscure What Is Authoritative,DUPLICATE / NEAR-DUPLICATE,MERGE INTO STRONGER FINDING OR CLUSTER,Single Canonical Truth,HIGH,Merged,CORE-04,#8,P4-D15,FALSE,FALSE,Primary target from Pass #4 cluster-level consolidation view. Consolidation parent carried from the first explicit Finding reference in the frozen classification rationale/related set; related references are not exhaustive.
#1567,Spatial Ground Must Support Recovery Drills,DUPLICATE / NEAR-DUPLICATE,MERGE INTO STRONGER FINDING OR CLUSTER,Testing and Adversarial Review,HIGH,Merged,Conformance Register,#10,P4-D15,FALSE,FALSE,Primary target from Pass #4 cluster-level consolidation view. Consolidation parent carried from the first explicit Finding reference in the frozen classification rationale/related set; related references are not exhaustive.
#1568,Recovery Drills Must Include Independent Implementers,DUPLICATE / NEAR-DUPLICATE,MERGE INTO STRONGER FINDING OR CLUSTER,Testing and Adversarial Review,HIGH,Merged,Conformance Register,#645,P4-D15,FALSE,FALSE,Primary target from Pass #4 cluster-level consolidation view. Consolidation parent carried from the first explicit Finding reference in the frozen classification rationale/related set; related references are not exhaustive.
#1569,Recovery Failure Is an Architectural Failure,DUPLICATE / NEAR-DUPLICATE,MERGE INTO STRONGER FINDING OR CLUSTER,Reconstruction and Recoverability,HIGH,Merged,DEF-02,#524,P4-D15,FALSE,FALSE,Primary target from Pass #4 cluster-level consolidation view. Consolidation parent carried from the first explicit Finding reference in the frozen classification rationale/related set; related references are not exhaustive.
#1570,Spatial Ground Must Support Deliberate Destruction Testing of Derived State,CONFORMANCE / VALIDATION CANDIDATE,MOVE TO CONFORMANCE / VALIDATION,Testing and Adversarial Review,HIGH,Conformance,Conformance Register,,P4-D15,FALSE,TRUE,Primary target from Pass #4 cluster-level consolidation view.
#1571,Spatial Ground Must Support Deliberate Toolchain Loss Testing,CONFORMANCE / VALIDATION CANDIDATE,MOVE TO CONFORMANCE / VALIDATION,Testing and Adversarial Review,HIGH,Conformance,Conformance Register,,P4-D15,FALSE,TRUE,Primary target from Pass #4 cluster-level consolidation view.
#1572,Toolchain Loss Must Not Become Semantic Loss,DUPLICATE / NEAR-DUPLICATE,MERGE INTO STRONGER FINDING OR CLUSTER,Reconstruction and Recoverability,HIGH,Merged,DEF-02,#10,P4-D15,FALSE,FALSE,Primary target from Pass #4 cluster-level consolidation view. Consolidation parent carried from the first explicit Finding reference in the frozen classification rationale/related set; related references are not exhaustive.
#1573,Spatial Ground Must Support Deliberate Institutional Loss Testing,CONFORMANCE / VALIDATION CANDIDATE,MOVE TO CONFORMANCE / VALIDATION,Testing and Adversarial Review,HIGH,Conformance,Conformance Register,,P4-D15,FALSE,TRUE,Primary target from Pass #4 cluster-level consolidation view.
#1574,Institutional Loss Must Not Become Canonical Loss,DUPLICATE / NEAR-DUPLICATE,MERGE INTO STRONGER FINDING OR CLUSTER,Preservation and Archival Survival,HIGH,Merged,Preservation Register,#147,P4-D15,FALSE,FALSE,Primary target from Pass #4 cluster-level consolidation view. Consolidation parent carried from the first explicit Finding reference in the frozen classification rationale/related set; related references are not exhaustive.
#1575,Spatial Ground Must Support Deliberate Network Loss Testing,CONFORMANCE / VALIDATION CANDIDATE,MOVE TO CONFORMANCE / VALIDATION,Testing and Adversarial Review,HIGH,Conformance,Conformance Register,,P4-D15,FALSE,TRUE,Primary target from Pass #4 cluster-level consolidation view.
#1576,Network Loss Must Not Become Spatial Loss,DUPLICATE / NEAR-DUPLICATE,MERGE INTO STRONGER FINDING OR CLUSTER,Preservation and Archival Survival,HIGH,Merged,Preservation Register,#83,P4-D15,FALSE,FALSE,Primary target from Pass #4 cluster-level consolidation view. Consolidation parent carried from the first explicit Finding reference in the frozen classification rationale/related set; related references are not exhaustive.
#1577,Spatial Ground Must Support Deliberate Format Loss Testing,CONFORMANCE / VALIDATION CANDIDATE,MOVE TO CONFORMANCE / VALIDATION,Testing and Adversarial Review,HIGH,Conformance,Conformance Register,,P4-D15,FALSE,TRUE,Primary target from Pass #4 cluster-level consolidation view.
#1578,Format Migration Must Preserve Formal Semantics,DUPLICATE / NEAR-DUPLICATE,MERGE INTO STRONGER FINDING OR CLUSTER,Testing and Adversarial Review,HIGH,Merged,Conformance Register,#29,P4-D15,FALSE,FALSE,Primary target from Pass #4 cluster-level consolidation view. Consolidation parent carried from the first explicit Finding reference in the frozen classification rationale/related set; related references are not exhaustive.
#1579,Spatial Ground Must Support Deliberate Documentation Loss Testing,CONFORMANCE / VALIDATION CANDIDATE,MOVE TO CONFORMANCE / VALIDATION,Testing and Adversarial Review,HIGH,Conformance,Conformance Register,,P4-D15,FALSE,TRUE,Primary target from Pass #4 cluster-level consolidation view.
#1580,Explanatory Loss Must Not Break Canon,DUPLICATE / NEAR-DUPLICATE,MERGE INTO STRONGER FINDING OR CLUSTER,Preservation and Archival Survival,HIGH,Merged,Preservation Register,#399,P4-D15,FALSE,FALSE,Primary target from Pass #4 cluster-level consolidation view. Consolidation parent carried from the first explicit Finding reference in the frozen classification rationale/related set; related references are not exhaustive.
#1581,Spatial Ground Must Support Deliberate Machine-Readable Loss Testing,CONFORMANCE / VALIDATION CANDIDATE,MOVE TO CONFORMANCE / VALIDATION,Testing and Adversarial Review,MEDIUM,Conformance,Conformance Register,,P4-D15,FALSE,FALSE,Primary target from Pass #4 cluster-level consolidation view.
#1582,Machine-Readable Loss Should Be Recoverable Where Practical,DUPLICATE / NEAR-DUPLICATE,MERGE INTO STRONGER FINDING OR CLUSTER,Reconstruction and Recoverability,MEDIUM,Merged,DEF-02,#58,P4-D15,FALSE,FALSE,Primary target from Pass #4 cluster-level consolidation view. Consolidation parent carried from the first explicit Finding reference in the frozen classification rationale/related set; related references are not exhaustive.
#1583,Spatial Ground Must Minimize Unique Irreplaceable Machine Artifacts,DUPLICATE / NEAR-DUPLICATE,MERGE INTO STRONGER FINDING OR CLUSTER,Minimality and Semantic Restraint,HIGH,Merged,BOUND-01,#58,P4-D15,FALSE,FALSE,Primary target from Pass #4 cluster-level consolidation view. Consolidation parent carried from the first explicit Finding reference in the frozen classification rationale/related set; related references are not exhaustive.
#1584,Spatial Ground Must Minimize Unique Irreplaceable Human Interpretation,DUPLICATE / NEAR-DUPLICATE,MERGE INTO STRONGER FINDING OR CLUSTER,No Hidden State / Self-Containment,HIGH,Merged,CORE-05b,#27,P4-D15,FALSE,FALSE,Primary target from Pass #4 cluster-level consolidation view. Consolidation parent carried from the first explicit Finding reference in the frozen classification rationale/related set; related references are not exhaustive.
#1585,Spatial Ground Must Be Reconstruction-Complete,DUPLICATE / NEAR-DUPLICATE,MERGE INTO STRONGER FINDING OR CLUSTER,Reconstruction and Recoverability,HIGH,Merged,DEF-02,#10,P4-D15,TRUE,FALSE,Primary target from Pass #4 cluster-level consolidation view. Consolidation parent carried from the first explicit Finding reference in the frozen classification rationale/related set; related references are not exhaustive.
#1586,Spatial Ground Must Be Interpretation-Minimal,DUPLICATE / NEAR-DUPLICATE,MERGE INTO STRONGER FINDING OR CLUSTER,Finite Expressibility and Determinism,HIGH,Merged,DEF-03,#526,P4-D15,FALSE,FALSE,Primary target from Pass #4 cluster-level consolidation view. Consolidation parent carried from the first explicit Finding reference in the frozen classification rationale/related set; related references are not exhaustive.
#1587,Spatial Ground Must Be Institutionally Self-Contained in Meaning,DUPLICATE / NEAR-DUPLICATE,MERGE INTO STRONGER FINDING OR CLUSTER,Preservation and Archival Survival,HIGH,Merged,Preservation Register,#27,P4-D15,FALSE,FALSE,Primary target from Pass #4 cluster-level consolidation view. Consolidation parent carried from the first explicit Finding reference in the frozen classification rationale/related set; related references are not exhaustive.
#1588,Spatial Ground Must Preserve the Difference Between Dependency and Incompleteness,DERIVED CONSEQUENCE,MERGE INTO STRONGER FINDING OR CLUSTER,Survey Dependency / Downward Contract,HIGH,Merged,DOWN-01,#12,P4-D15,TRUE,FALSE,Primary target from Pass #4 cluster-level consolidation view. Consolidation parent carried from the first explicit Finding reference in the frozen classification rationale/related set; related references are not exhaustive.
#1589,Spatial Ground Must Preserve the Difference Between Minimality and Vagueness,DUPLICATE / NEAR-DUPLICATE,MERGE INTO STRONGER FINDING OR CLUSTER,Minimality and Semantic Restraint,HIGH,Merged,BOUND-01,#20,P4-D15,FALSE,FALSE,Primary target from Pass #4 cluster-level consolidation view. Consolidation parent carried from the first explicit Finding reference in the frozen classification rationale/related set; related references are not exhaustive.
#1590,Spatial Ground Must Preserve the Difference Between Neutrality and Absence of Rules,DUPLICATE / NEAR-DUPLICATE,MERGE INTO STRONGER FINDING OR CLUSTER,Minimality and Semantic Restraint,HIGH,Merged,BOUND-01,#20,P4-D15,FALSE,FALSE,Primary target from Pass #4 cluster-level consolidation view. Consolidation parent carried from the first explicit Finding reference in the frozen classification rationale/related set; related references are not exhaustive.
#1591,Spatial Ground Must Preserve the Difference Between Permanence and Rigidity of Implementation,DUPLICATE / NEAR-DUPLICATE,MERGE INTO STRONGER FINDING OR CLUSTER,Representation Independence,HIGH,Merged,CORE-07,#29,P4-D15,FALSE,FALSE,Primary target from Pass #4 cluster-level consolidation view. Consolidation parent carried from the first explicit Finding reference in the frozen classification rationale/related set; related references are not exhaustive.
#1592,Spatial Ground Must Preserve the Difference Between Openness and Mutability,DERIVED CONSEQUENCE,MERGE INTO STRONGER FINDING OR CLUSTER,No Hidden State / Self-Containment,HIGH,Merged,CORE-05b,#68,P4-D15,FALSE,FALSE,Primary target from Pass #4 cluster-level consolidation view. Consolidation parent carried from the first explicit Finding reference in the frozen classification rationale/related set; related references are not exhaustive.
#1593,Spatial Ground Must Preserve the Difference Between Extensibility and Foundational Expansion,DUPLICATE / NEAR-DUPLICATE,MERGE INTO STRONGER FINDING OR CLUSTER,Minimality and Semantic Restraint,HIGH,Merged,BOUND-01,#143,P4-D15,FALSE,FALSE,Primary target from Pass #4 cluster-level consolidation view. Consolidation parent carried from the first explicit Finding reference in the frozen classification rationale/related set; related references are not exhaustive.
#1594,Spatial Ground Must Preserve the Difference Between Innovation and Re-Grounding,DUPLICATE / NEAR-DUPLICATE,MERGE INTO STRONGER FINDING OR CLUSTER,Minimality and Semantic Restraint,HIGH,Merged,BOUND-01,#143,P4-D15,FALSE,FALSE,Primary target from Pass #4 cluster-level consolidation view. Consolidation parent carried from the first explicit Finding reference in the frozen classification rationale/related set; related references are not exhaustive.
#1595,Spatial Ground Must Preserve the Difference Between World Growth in Meaning and World Growth in Extent,DERIVED CONSEQUENCE,MERGE INTO STRONGER FINDING OR CLUSTER,Higher-Layer Independence,HIGH,Merged,CORE-05a,#4,P4-D15,FALSE,FALSE,Primary target from Pass #4 cluster-level consolidation view. Consolidation parent carried from the first explicit Finding reference in the frozen classification rationale/related set; related references are not exhaustive.
#1596,Spatial Ground Must Prevent Semantic Growth From Being Mistaken for Spatial Expansion,DUPLICATE / NEAR-DUPLICATE,MERGE INTO STRONGER FINDING OR CLUSTER,Higher-Layer Independence,HIGH,Merged,CORE-05a,#1595,P4-D15,FALSE,FALSE,Primary target from Pass #4 cluster-level consolidation view. Consolidation parent carried from the first explicit Finding reference in the frozen classification rationale/related set; related references are not exhaustive.
#1597,Spatial Ground Must Prevent Spatial Expansion From Occurring Accidentally,DUPLICATE / NEAR-DUPLICATE,MERGE INTO STRONGER FINDING OR CLUSTER,Upward Handoff,HIGH,Merged,UP-01,#23,P4-D15,FALSE,FALSE,Primary target from Pass #4 cluster-level consolidation view. Consolidation parent carried from the first explicit Finding reference in the frozen classification rationale/related set; related references are not exhaustive.
#1598,Spatial Ground Must Make Spatial Expansion Detectable,DUPLICATE / NEAR-DUPLICATE,MERGE INTO STRONGER FINDING OR CLUSTER,Change Control and Permanence,HIGH,Merged,CORE-06,#1396,P4-D15,FALSE,FALSE,Primary target from Pass #4 cluster-level consolidation view. Consolidation parent carried from the first explicit Finding reference in the frozen classification rationale/related set; related references are not exhaustive.
#1599,Spatial Ground Must Make Spatial Contraction Detectable,DUPLICATE / NEAR-DUPLICATE,MERGE INTO STRONGER FINDING OR CLUSTER,Change Control and Permanence,HIGH,Merged,CORE-06,#1396,P4-D15,FALSE,FALSE,Primary target from Pass #4 cluster-level consolidation view. Consolidation parent carried from the first explicit Finding reference in the frozen classification rationale/related set; related references are not exhaustive.
#1600,Spatial Ground Must Preserve The World While Everything Within It Changes,DUPLICATE / NEAR-DUPLICATE,MERGE INTO STRONGER FINDING OR CLUSTER,Higher-Layer Independence,HIGH,Merged,CORE-05a,#4,P4-D15,FALSE,FALSE,Primary target from Pass #4 cluster-level consolidation view. Consolidation parent carried from the first explicit Finding reference in the frozen classification rationale/related set; related references are not exhaustive.
#1601,Spatial Ground Must Distinguish Canonical World-Space From Spatial Claims,DUPLICATE / NEAR-DUPLICATE,MERGE INTO STRONGER FINDING OR CLUSTER,Institutional Authority and Adoption,HIGH,Merged,IF-01,#154,P4-D15,FALSE,FALSE,Primary target from Pass #4 cluster-level consolidation view. Consolidation parent carried from the first explicit Finding reference in the frozen classification rationale/related set; related references are not exhaustive.
#1602,Claims Must Not Become Canon Through Repetition,DUPLICATE / NEAR-DUPLICATE,MERGE INTO STRONGER FINDING OR CLUSTER,Institutional Authority and Adoption,HIGH,Merged,IF-01,#154,P4-D15,FALSE,FALSE,Primary target from Pass #4 cluster-level consolidation view. Consolidation parent carried from the first explicit Finding reference in the frozen classification rationale/related set; related references are not exhaustive.
#1603,Spatial Ground Must Distinguish Evidence From Decision,DERIVED CONSEQUENCE,MERGE INTO STRONGER FINDING OR CLUSTER,Institutional Authority and Adoption,MEDIUM,Merged,IF-01,#19,P4-D15,FALSE,FALSE,Primary target from Pass #4 cluster-level consolidation view. Consolidation parent carried from the first explicit Finding reference in the frozen classification rationale/related set; related references are not exhaustive.
#1604,Spatial Ground Must Distinguish Observation From Authority,DUPLICATE / NEAR-DUPLICATE,MERGE INTO STRONGER FINDING OR CLUSTER,Operational Non-Authority,HIGH,Merged,CORE-05c,#19,P4-D15,FALSE,FALSE,Primary target from Pass #4 cluster-level consolidation view. Consolidation parent carried from the first explicit Finding reference in the frozen classification rationale/related set; related references are not exhaustive.
#1605,Spatial Ground Must Support Evidence-Based Review,INSTITUTIONAL / GOVERNANCE CANDIDATE,MOVE TO GOVERNANCE / INSTITUTIONAL FRAMEWORK,Institutional Authority and Adoption,HIGH,Governance,IF-01,,P4-D15,FALSE,FALSE,Primary target from Pass #4 cluster-level consolidation view.
#1606,Spatial Ground Must Preserve Burden of Proof for Foundational Change,INSTITUTIONAL / GOVERNANCE CANDIDATE,MOVE TO GOVERNANCE / INSTITUTIONAL FRAMEWORK,Change Control and Permanence,HIGH,Governance,CORE-06,,P4-D15,FALSE,FALSE,Primary target from Pass #4 cluster-level consolidation view.
#1607,Spatial Ground Must Preserve a Strong Status Quo for Place,DUPLICATE / NEAR-DUPLICATE,MERGE INTO STRONGER FINDING OR CLUSTER,Change Control and Permanence,HIGH,Merged,CORE-06,#4,P4-D15,FALSE,FALSE,Primary target from Pass #4 cluster-level consolidation view. Consolidation parent carried from the first explicit Finding reference in the frozen classification rationale/related set; related references are not exhaustive.
#1608,Spatial Ground Must Distinguish Reconsideration From Reopening,INSTITUTIONAL / GOVERNANCE CANDIDATE,MOVE TO GOVERNANCE / INSTITUTIONAL FRAMEWORK,Change Control and Permanence,HIGH,Governance,CORE-06,,P4-D15,FALSE,FALSE,Primary target from Pass #4 cluster-level consolidation view.
#1609,Spatial Ground Must Permit Audit Without Instability,DUPLICATE / NEAR-DUPLICATE,MERGE INTO STRONGER FINDING OR CLUSTER,Change Control and Permanence,HIGH,Merged,CORE-06,#4,P4-D15,FALSE,FALSE,Primary target from Pass #4 cluster-level consolidation view. Consolidation parent carried from the first explicit Finding reference in the frozen classification rationale/related set; related references are not exhaustive.
#1610,Spatial Ground Must Permit Challenge Without Forking Canon,DUPLICATE / NEAR-DUPLICATE,MERGE INTO STRONGER FINDING OR CLUSTER,Single Canonical Truth,HIGH,Merged,CORE-04,#8,P4-D15,FALSE,FALSE,Primary target from Pass #4 cluster-level consolidation view. Consolidation parent carried from the first explicit Finding reference in the frozen classification rationale/related set; related references are not exhaustive.
#1611,Spatial Ground Must Preserve One Canon During Dispute,INSTITUTIONAL / GOVERNANCE CANDIDATE,MOVE TO GOVERNANCE / INSTITUTIONAL FRAMEWORK,Single Canonical Truth,HIGH,Governance,CORE-04,,P4-D15,TRUE,FALSE,Primary target from Pass #4 cluster-level consolidation view.
#1612,Spatial Ground Must Distinguish Candidate Correction From Adopted Correction,DERIVED CONSEQUENCE,MERGE INTO STRONGER FINDING OR CLUSTER,Institutional Authority and Adoption,HIGH,Merged,IF-01,#154,P4-D15,FALSE,FALSE,Primary target from Pass #4 cluster-level consolidation view. Consolidation parent carried from the first explicit Finding reference in the frozen classification rationale/related set; related references are not exhaustive.
#1613,Spatial Ground Must Preserve Determinacy During Review,DUPLICATE / NEAR-DUPLICATE,MERGE INTO STRONGER FINDING OR CLUSTER,Exact Membership and Boundary Resolution,HIGH,Merged,CORE-03,#15,P4-D15,FALSE,FALSE,Primary target from Pass #4 cluster-level consolidation view. Consolidation parent carried from the first explicit Finding reference in the frozen classification rationale/related set; related references are not exhaustive.
#1614,Spatial Ground Must Prevent Review State From Leaking Into Membership,DERIVED CONSEQUENCE,MERGE INTO STRONGER FINDING OR CLUSTER,Exact Membership and Boundary Resolution,HIGH,Merged,CORE-03,#15,P4-D15,FALSE,FALSE,Primary target from Pass #4 cluster-level consolidation view. Consolidation parent carried from the first explicit Finding reference in the frozen classification rationale/related set; related references are not exhaustive.
#1615,Spatial Ground Must Support Formal Issue Isolation,INSTITUTIONAL / GOVERNANCE CANDIDATE,MOVE TO GOVERNANCE / INSTITUTIONAL FRAMEWORK,Failure Semantics,HIGH,Governance,CORE-03b,,P4-D15,FALSE,FALSE,Primary target from Pass #4 cluster-level consolidation view.
#1616,Local Error Must Not Imply Global Failure Without Evidence,DERIVED CONSEQUENCE,MERGE INTO STRONGER FINDING OR CLUSTER,Failure Semantics,HIGH,Merged,CORE-03b,#1615,P4-D15,FALSE,FALSE,Primary target from Pass #4 cluster-level consolidation view. Consolidation parent carried from the first explicit Finding reference in the frozen classification rationale/related set; related references are not exhaustive.
#1617,Shared-Rule Failure Must Trigger Global Impact Analysis,CONFORMANCE / VALIDATION CANDIDATE,MOVE TO CONFORMANCE / VALIDATION,Failure Semantics,HIGH,Conformance,CORE-03b,,P4-D15,FALSE,FALSE,Primary target from Pass #4 cluster-level consolidation view.
#1618,Spatial Ground Must Support Impact-Bounded Correction,INSTITUTIONAL / GOVERNANCE CANDIDATE,MOVE TO GOVERNANCE / INSTITUTIONAL FRAMEWORK,Change Control and Permanence,HIGH,Governance,CORE-06,,P4-D15,FALSE,FALSE,Primary target from Pass #4 cluster-level consolidation view.
#1619,Correction Scope Must Be Explicit,INSTITUTIONAL / GOVERNANCE CANDIDATE,MOVE TO GOVERNANCE / INSTITUTIONAL FRAMEWORK,Change Control and Permanence,HIGH,Governance,CORE-06,,P4-D15,TRUE,FALSE,Primary target from Pass #4 cluster-level consolidation view.
#1620,Spatial Ground Must Prevent Over-Correction,DUPLICATE / NEAR-DUPLICATE,MERGE INTO STRONGER FINDING OR CLUSTER,Change Control and Permanence,HIGH,Merged,CORE-06,#135,P4-D15,FALSE,FALSE,Primary target from Pass #4 cluster-level consolidation view. Consolidation parent carried from the first explicit Finding reference in the frozen classification rationale/related set; related references are not exhaustive.
#1621,Spatial Ground Must Prevent Under-Correction,INSTITUTIONAL / GOVERNANCE CANDIDATE,MOVE TO GOVERNANCE / INSTITUTIONAL FRAMEWORK,Change Control and Permanence,HIGH,Governance,CORE-06,,P4-D15,FALSE,FALSE,Primary target from Pass #4 cluster-level consolidation view.
#1622,Spatial Ground Must Support Root-to-Consequence Traceability,DERIVED CONSEQUENCE,MERGE INTO STRONGER FINDING OR CLUSTER,Reconstruction and Recoverability,HIGH,Merged,DEF-02,#1435,P4-D15,FALSE,FALSE,Primary target from Pass #4 cluster-level consolidation view. Consolidation parent carried from the first explicit Finding reference in the frozen classification rationale/related set; related references are not exhaustive.
#1623,Spatial Ground Must Support Consequence-to-Root Traceability,DUPLICATE / NEAR-DUPLICATE,MERGE INTO STRONGER FINDING OR CLUSTER,Reconstruction and Recoverability,HIGH,Merged,DEF-02,#1435,P4-D15,FALSE,FALSE,Primary target from Pass #4 cluster-level consolidation view. Consolidation parent carried from the first explicit Finding reference in the frozen classification rationale/related set; related references are not exhaustive.
#1624,Spatial Ground Must Preserve Dependency Transparency,DUPLICATE / NEAR-DUPLICATE,MERGE INTO STRONGER FINDING OR CLUSTER,No Hidden State / Self-Containment,HIGH,Merged,CORE-05b,#27,P4-D15,FALSE,FALSE,Primary target from Pass #4 cluster-level consolidation view. Consolidation parent carried from the first explicit Finding reference in the frozen classification rationale/related set; related references are not exhaustive.
#1625,Spatial Ground Must Make Hidden Dependencies Non-Conforming,CONFORMANCE / VALIDATION CANDIDATE,MOVE TO CONFORMANCE / VALIDATION,No Hidden State / Self-Containment,HIGH,Conformance,CORE-05b,,P4-D15,FALSE,TRUE,Primary target from Pass #4 cluster-level consolidation view.
#1626,Spatial Ground Must Support Dependency Enumeration,DUPLICATE / NEAR-DUPLICATE,MERGE INTO STRONGER FINDING OR CLUSTER,No Hidden State / Self-Containment,HIGH,Merged,CORE-05b,#27,P4-D15,FALSE,FALSE,Primary target from Pass #4 cluster-level consolidation view. Consolidation parent carried from the first explicit Finding reference in the frozen classification rationale/related set; related references are not exhaustive.
#1627,Spatial Ground Must Support Dependency Classification,SPECIFICATION CANDIDATE,MOVE TO SPECIFICATION,Survey Dependency / Downward Contract,MEDIUM,Specification,DOWN-01,,P4-D15,TRUE,FALSE,Primary target from Pass #4 cluster-level consolidation view.
#1628,Spatial Ground Must Support Dependency Version Compatibility,DERIVED CONSEQUENCE,MERGE INTO STRONGER FINDING OR CLUSTER,Survey Dependency / Downward Contract,HIGH,Merged,DOWN-01,#12,P4-D15,FALSE,FALSE,Primary target from Pass #4 cluster-level consolidation view. Consolidation parent carried from the first explicit Finding reference in the frozen classification rationale/related set; related references are not exhaustive.
#1629,Spatial Ground Must Prevent Dependency Drift,DERIVED CONSEQUENCE,MERGE INTO STRONGER FINDING OR CLUSTER,Survey Dependency / Downward Contract,HIGH,Merged,DOWN-01,#27,P4-D15,FALSE,FALSE,Primary target from Pass #4 cluster-level consolidation view. Consolidation parent carried from the first explicit Finding reference in the frozen classification rationale/related set; related references are not exhaustive.
#1630,"Spatial Ground Must Pin Meaning, Not Necessarily Software Version",DERIVED CONSEQUENCE,MERGE INTO STRONGER FINDING OR CLUSTER,Survey Dependency / Downward Contract,HIGH,Merged,DOWN-01,#81,P4-D15,FALSE,FALSE,Primary target from Pass #4 cluster-level consolidation view. Consolidation parent carried from the first explicit Finding reference in the frozen classification rationale/related set; related references are not exhaustive.
#1631,Spatial Ground Must Support Compatible Dependency Replacement,DUPLICATE / NEAR-DUPLICATE,MERGE INTO STRONGER FINDING OR CLUSTER,Technology and Infrastructure Independence,HIGH,Merged,CORE-05b,#81,P4-D15,FALSE,FALSE,Primary target from Pass #4 cluster-level consolidation view. Consolidation parent carried from the first explicit Finding reference in the frozen classification rationale/related set; related references are not exhaustive.
#1632,Dependency Replacement Must Be Verifiable,CONFORMANCE / VALIDATION CANDIDATE,MOVE TO CONFORMANCE / VALIDATION,Survey Dependency / Downward Contract,HIGH,Conformance,DOWN-01,,P4-D15,FALSE,TRUE,Primary target from Pass #4 cluster-level consolidation view.
#1633,Spatial Ground Must Reject Semantically Incompatible Dependency Substitution,DUPLICATE / NEAR-DUPLICATE,MERGE INTO STRONGER FINDING OR CLUSTER,Survey Dependency / Downward Contract,HIGH,Merged,DOWN-01,#12,P4-D15,FALSE,FALSE,Primary target from Pass #4 cluster-level consolidation view. Consolidation parent carried from the first explicit Finding reference in the frozen classification rationale/related set; related references are not exhaustive.
#1634,Spatial Ground Must Preserve Semantic Dependency Contracts,DUPLICATE / NEAR-DUPLICATE,MERGE INTO STRONGER FINDING OR CLUSTER,Survey Dependency / Downward Contract,HIGH,Merged,DOWN-01,#12,P4-D15,FALSE,FALSE,Primary target from Pass #4 cluster-level consolidation view. Consolidation parent carried from the first explicit Finding reference in the frozen classification rationale/related set; related references are not exhaustive.
#1635,Narrow Dependencies Increase Longevity,DUPLICATE / NEAR-DUPLICATE,MERGE INTO STRONGER FINDING OR CLUSTER,Minimality and Semantic Restraint,HIGH,Merged,BOUND-01,#58,P4-D15,FALSE,FALSE,Primary target from Pass #4 cluster-level consolidation view. Consolidation parent carried from the first explicit Finding reference in the frozen classification rationale/related set; related references are not exhaustive.
#1636,Spatial Ground Must Avoid Accidental Dependency on Survey Internals,DERIVED CONSEQUENCE,MERGE INTO STRONGER FINDING OR CLUSTER,Survey Dependency / Downward Contract,HIGH,Merged,DOWN-01,#12,P4-D15,FALSE,FALSE,Primary target from Pass #4 cluster-level consolidation view. Consolidation parent carried from the first explicit Finding reference in the frozen classification rationale/related set; related references are not exhaustive.
#1637,Spatial Ground Must Preserve Downward Encapsulation,DUPLICATE / NEAR-DUPLICATE,MERGE INTO STRONGER FINDING OR CLUSTER,Survey Dependency / Downward Contract,HIGH,Merged,DOWN-01,#1636,P4-D15,FALSE,FALSE,Primary target from Pass #4 cluster-level consolidation view. Consolidation parent carried from the first explicit Finding reference in the frozen classification rationale/related set; related references are not exhaustive.
#1638,Spatial Ground Must Preserve Upward Encapsulation,DUPLICATE / NEAR-DUPLICATE,MERGE INTO STRONGER FINDING OR CLUSTER,Upward Handoff,HIGH,Merged,UP-01,#29,P4-D15,FALSE,FALSE,Primary target from Pass #4 cluster-level consolidation view. Consolidation parent carried from the first explicit Finding reference in the frozen classification rationale/related set; related references are not exhaustive.
#1639,Spatial Ground Must Minimize Cross-Layer Coupling,DERIVED CONSEQUENCE,MERGE INTO STRONGER FINDING OR CLUSTER,Layer Boundaries,HIGH,Merged,BOUND-01,#1406,P4-D15,FALSE,FALSE,Primary target from Pass #4 cluster-level consolidation view. Consolidation parent carried from the first explicit Finding reference in the frozen classification rationale/related set; related references are not exhaustive.
#1640,Spatial Ground Must Maximize Semantic Cohesion,DUPLICATE / NEAR-DUPLICATE,MERGE INTO STRONGER FINDING OR CLUSTER,Core World-Space Membership,HIGH,Merged,CORE-01,#1,P4-D15,FALSE,FALSE,Primary target from Pass #4 cluster-level consolidation view. Consolidation parent carried from the first explicit Finding reference in the frozen classification rationale/related set; related references are not exhaustive.
#1641,Low Cohesion Signals Layer Pollution,DUPLICATE / NEAR-DUPLICATE,MERGE INTO STRONGER FINDING OR CLUSTER,Minimality and Semantic Restraint,HIGH,Merged,BOUND-01,#421,P4-D15,FALSE,FALSE,Primary target from Pass #4 cluster-level consolidation view. Consolidation parent carried from the first explicit Finding reference in the frozen classification rationale/related set; related references are not exhaustive.
#1642,High Coupling Signals Architectural Fragility,DUPLICATE / NEAR-DUPLICATE,MERGE INTO STRONGER FINDING OR CLUSTER,Change Control and Permanence,HIGH,Merged,CORE-06,#421,P4-D15,FALSE,FALSE,Primary target from Pass #4 cluster-level consolidation view. Consolidation parent carried from the first explicit Finding reference in the frozen classification rationale/related set; related references are not exhaustive.
#1643,"Spatial Ground Must Be Replaceable in Implementation, Not Meaning",DUPLICATE / NEAR-DUPLICATE,MERGE INTO STRONGER FINDING OR CLUSTER,Representation Independence,HIGH,Merged,CORE-07,#29,P4-D15,FALSE,FALSE,Primary target from Pass #4 cluster-level consolidation view. Consolidation parent carried from the first explicit Finding reference in the frozen classification rationale/related set; related references are not exhaustive.
#1644,"Spatial Ground Must Be Stable in Meaning, Not in Code",DUPLICATE / NEAR-DUPLICATE,MERGE INTO STRONGER FINDING OR CLUSTER,Technology and Infrastructure Independence,HIGH,Merged,CORE-05b,#81,P4-D15,FALSE,FALSE,Primary target from Pass #4 cluster-level consolidation view. Consolidation parent carried from the first explicit Finding reference in the frozen classification rationale/related set; related references are not exhaustive.
#1645,Spatial Ground Must Preserve Semantic Portability Across Computational Paradigms,DUPLICATE / NEAR-DUPLICATE,MERGE INTO STRONGER FINDING OR CLUSTER,Technology and Infrastructure Independence,HIGH,Merged,CORE-05b,#81,P4-D15,FALSE,FALSE,Primary target from Pass #4 cluster-level consolidation view. Consolidation parent carried from the first explicit Finding reference in the frozen classification rationale/related set; related references are not exhaustive.
#1646,Spatial Ground Must Preserve Meaning Without Assuming Today’s Data Models,DUPLICATE / NEAR-DUPLICATE,MERGE INTO STRONGER FINDING OR CLUSTER,Technology and Infrastructure Independence,HIGH,Merged,CORE-05b,#81,P4-D15,FALSE,FALSE,Primary target from Pass #4 cluster-level consolidation view. Consolidation parent carried from the first explicit Finding reference in the frozen classification rationale/related set; related references are not exhaustive.
#1647,Spatial Ground Must Preserve Meaning Without Assuming Today’s Execution Models,DUPLICATE / NEAR-DUPLICATE,MERGE INTO STRONGER FINDING OR CLUSTER,Technology and Infrastructure Independence,HIGH,Merged,CORE-05b,#81,P4-D15,FALSE,FALSE,Primary target from Pass #4 cluster-level consolidation view. Consolidation parent carried from the first explicit Finding reference in the frozen classification rationale/related set; related references are not exhaustive.
#1648,Spatial Ground Must Preserve Meaning Without Assuming Today’s User Model,DUPLICATE / NEAR-DUPLICATE,MERGE INTO STRONGER FINDING OR CLUSTER,Layer Boundaries,HIGH,Merged,BOUND-01,#20,P4-D15,FALSE,FALSE,Primary target from Pass #4 cluster-level consolidation view. Consolidation parent carried from the first explicit Finding reference in the frozen classification rationale/related set; related references are not exhaustive.
#1649,Spatial Ground Must Preserve Meaning Without Assuming Today’s Institutional Model,DUPLICATE / NEAR-DUPLICATE,MERGE INTO STRONGER FINDING OR CLUSTER,Preservation and Archival Survival,HIGH,Merged,Preservation Register,#147,P4-D15,FALSE,FALSE,Primary target from Pass #4 cluster-level consolidation view. Consolidation parent carried from the first explicit Finding reference in the frozen classification rationale/related set; related references are not exhaustive.
#1650,Spatial Ground Must Reduce Everything Permanent to One Durable Question,DUPLICATE / NEAR-DUPLICATE,MERGE INTO STRONGER FINDING OR CLUSTER,Core World-Space Membership,HIGH,Merged,CORE-01,#1,P4-D15,FALSE,FALSE,Primary target from Pass #4 cluster-level consolidation view. Consolidation parent carried from the first explicit Finding reference in the frozen classification rationale/related set; related references are not exhaustive.
#1651,Spatial Ground Must Distinguish Canonical Membership From Canonical Extent Description,DERIVED CONSEQUENCE,MERGE INTO STRONGER FINDING OR CLUSTER,Single Canonical Truth,HIGH,Merged,CORE-04,#8,P4-D15,FALSE,FALSE,Primary target from Pass #4 cluster-level consolidation view. Consolidation parent carried from the first explicit Finding reference in the frozen classification rationale/related set; related references are not exhaustive.
#1652,Extent Description Must Not Override Membership,DERIVED CONSEQUENCE,MERGE INTO STRONGER FINDING OR CLUSTER,Single Canonical Truth,MEDIUM,Merged,CORE-04,#541,P4-D15,FALSE,FALSE,Primary target from Pass #4 cluster-level consolidation view. Consolidation parent carried from the first explicit Finding reference in the frozen classification rationale/related set; related references are not exhaustive.
#1653,Spatial Ground Must Distinguish Spatial Scope From Spatial Form,DERIVED CONSEQUENCE,MERGE INTO STRONGER FINDING OR CLUSTER,Layer Boundaries,HIGH,Merged,BOUND-01,#25,P4-D15,FALSE,FALSE,Primary target from Pass #4 cluster-level consolidation view. Consolidation parent carried from the first explicit Finding reference in the frozen classification rationale/related set; related references are not exhaustive.
#1654,Spatial Ground Must Distinguish Spatial Form From Visual Form,DUPLICATE / NEAR-DUPLICATE,MERGE INTO STRONGER FINDING OR CLUSTER,Layer Boundaries,HIGH,Merged,BOUND-01,#25,P4-D15,FALSE,FALSE,Primary target from Pass #4 cluster-level consolidation view. Consolidation parent carried from the first explicit Finding reference in the frozen classification rationale/related set; related references are not exhaustive.
#1655,Spatial Ground Must Distinguish Visual Recognition From Foundational Identity,DUPLICATE / NEAR-DUPLICATE,MERGE INTO STRONGER FINDING OR CLUSTER,Operational Non-Authority,HIGH,Merged,CORE-05c,#19,P4-D15,FALSE,FALSE,Primary target from Pass #4 cluster-level consolidation view. Consolidation parent carried from the first explicit Finding reference in the frozen classification rationale/related set; related references are not exhaustive.
#1656,Spatial Ground Must Preserve World Identity Beneath Multiple Visualizations,DUPLICATE / NEAR-DUPLICATE,MERGE INTO STRONGER FINDING OR CLUSTER,Upward Handoff,HIGH,Merged,UP-01,#4,P4-D15,FALSE,FALSE,Primary target from Pass #4 cluster-level consolidation view. Consolidation parent carried from the first explicit Finding reference in the frozen classification rationale/related set; related references are not exhaustive.
#1657,Spatial Ground Must Not Require One Canonical Rendering,DUPLICATE / NEAR-DUPLICATE,MERGE INTO STRONGER FINDING OR CLUSTER,Operational Non-Authority,HIGH,Merged,CORE-05c,#19,P4-D15,FALSE,FALSE,Primary target from Pass #4 cluster-level consolidation view. Consolidation parent carried from the first explicit Finding reference in the frozen classification rationale/related set; related references are not exhaustive.
#1658,"Canonical Rendering, If Ever Defined, Must Remain Derived",DERIVED CONSEQUENCE,MERGE INTO STRONGER FINDING OR CLUSTER,Operational Non-Authority,HIGH,Merged,CORE-05c,#19,P4-D15,FALSE,FALSE,Primary target from Pass #4 cluster-level consolidation view. Consolidation parent carried from the first explicit Finding reference in the frozen classification rationale/related set; related references are not exhaustive.
#1659,Spatial Ground Must Preserve Exactness Beneath Projection Distortion,DUPLICATE / NEAR-DUPLICATE,MERGE INTO STRONGER FINDING OR CLUSTER,Representation Independence,HIGH,Merged,CORE-07,#29,P4-D15,FALSE,FALSE,Primary target from Pass #4 cluster-level consolidation view. Consolidation parent carried from the first explicit Finding reference in the frozen classification rationale/related set; related references are not exhaustive.
#1660,Spatial Ground Must Preserve Exactness Beneath Globe Mapping,DUPLICATE / NEAR-DUPLICATE,MERGE INTO STRONGER FINDING OR CLUSTER,Operational Non-Authority,HIGH,Merged,CORE-05c,#19,P4-D15,FALSE,FALSE,Primary target from Pass #4 cluster-level consolidation view. Consolidation parent carried from the first explicit Finding reference in the frozen classification rationale/related set; related references are not exhaustive.
#1661,Spatial Ground Must Distinguish World-Space From Experience Surface,DUPLICATE / NEAR-DUPLICATE,MERGE INTO STRONGER FINDING OR CLUSTER,Operational Non-Authority,HIGH,Merged,CORE-05c,#19,P4-D15,FALSE,FALSE,Primary target from Pass #4 cluster-level consolidation view. Consolidation parent carried from the first explicit Finding reference in the frozen classification rationale/related set; related references are not exhaustive.
#1662,Experience Curvature Must Not Imply Ground Curvature,DUPLICATE / NEAR-DUPLICATE,MERGE INTO STRONGER FINDING OR CLUSTER,Survey Dependency / Downward Contract,HIGH,Merged,DOWN-01,#12,P4-D15,FALSE,FALSE,Primary target from Pass #4 cluster-level consolidation view. Consolidation parent carried from the first explicit Finding reference in the frozen classification rationale/related set; related references are not exhaustive.
#1663,Experience Seamlessness Must Not Imply Ground Transformation,DUPLICATE / NEAR-DUPLICATE,MERGE INTO STRONGER FINDING OR CLUSTER,Operational Non-Authority,HIGH,Merged,CORE-05c,#19,P4-D15,FALSE,FALSE,Primary target from Pass #4 cluster-level consolidation view. Consolidation parent carried from the first explicit Finding reference in the frozen classification rationale/related set; related references are not exhaustive.
#1664,Spatial Ground Must Preserve Projection Independence,DUPLICATE / NEAR-DUPLICATE,MERGE INTO STRONGER FINDING OR CLUSTER,Representation Independence,HIGH,Merged,CORE-07,#29,P4-D15,FALSE,FALSE,Primary target from Pass #4 cluster-level consolidation view. Consolidation parent carried from the first explicit Finding reference in the frozen classification rationale/related set; related references are not exhaustive.
#1665,Projection Parameters Must Not Become Ground Parameters,DUPLICATE / NEAR-DUPLICATE,MERGE INTO STRONGER FINDING OR CLUSTER,Higher-Layer Independence,HIGH,Merged,CORE-05a,#4,P4-D15,FALSE,FALSE,Primary target from Pass #4 cluster-level consolidation view. Consolidation parent carried from the first explicit Finding reference in the frozen classification rationale/related set; related references are not exhaustive.
#1666,Spatial Ground Must Preserve Presentation Reversibility Where Exact Mapping Is Claimed,DUPLICATE / NEAR-DUPLICATE,MERGE INTO STRONGER FINDING OR CLUSTER,Representation Independence,HIGH,Merged,CORE-07,#48,P4-D15,FALSE,FALSE,Primary target from Pass #4 cluster-level consolidation view. Consolidation parent carried from the first explicit Finding reference in the frozen classification rationale/related set; related references are not exhaustive.
#1667,Spatial Ground Must Distinguish Navigation Coordinates From Canonical Coordinates,DUPLICATE / NEAR-DUPLICATE,MERGE INTO STRONGER FINDING OR CLUSTER,Survey Dependency / Downward Contract,HIGH,Merged,DOWN-01,#12,P4-D15,FALSE,FALSE,Primary target from Pass #4 cluster-level consolidation view. Consolidation parent carried from the first explicit Finding reference in the frozen classification rationale/related set; related references are not exhaustive.
#1668,Navigation Coordinates Must Not Become Permanent Place Identity,DUPLICATE / NEAR-DUPLICATE,MERGE INTO STRONGER FINDING OR CLUSTER,Survey Dependency / Downward Contract,HIGH,Merged,DOWN-01,#1667,P4-D15,FALSE,FALSE,Primary target from Pass #4 cluster-level consolidation view. Consolidation parent carried from the first explicit Finding reference in the frozen classification rationale/related set; related references are not exhaustive.
#1669,Spatial Ground Must Support Multiple Navigation Systems,DUPLICATE / NEAR-DUPLICATE,MERGE INTO STRONGER FINDING OR CLUSTER,Upward Handoff,HIGH,Merged,UP-01,#8,P4-D15,FALSE,FALSE,Primary target from Pass #4 cluster-level consolidation view. Consolidation parent carried from the first explicit Finding reference in the frozen classification rationale/related set; related references are not exhaustive.
#1670,Spatial Ground Must Preserve Exact Mapping From Navigation Back to Canon,DUPLICATE / NEAR-DUPLICATE,MERGE INTO STRONGER FINDING OR CLUSTER,Representation Independence,HIGH,Merged,CORE-07,#48,P4-D15,FALSE,FALSE,Primary target from Pass #4 cluster-level consolidation view. Consolidation parent carried from the first explicit Finding reference in the frozen classification rationale/related set; related references are not exhaustive.
#1671,Spatial Ground Must Distinguish User Position From World Membership,DUPLICATE / NEAR-DUPLICATE,MERGE INTO STRONGER FINDING OR CLUSTER,Higher-Layer Independence,HIGH,Merged,CORE-05a,#4,P4-D15,FALSE,FALSE,Primary target from Pass #4 cluster-level consolidation view. Consolidation parent carried from the first explicit Finding reference in the frozen classification rationale/related set; related references are not exhaustive.
#1672,Spatial Ground Must Distinguish Presence From Location,DUPLICATE / NEAR-DUPLICATE,MERGE INTO STRONGER FINDING OR CLUSTER,Higher-Layer Independence,HIGH,Merged,CORE-05a,#4,P4-D15,FALSE,FALSE,Primary target from Pass #4 cluster-level consolidation view. Consolidation parent carried from the first explicit Finding reference in the frozen classification rationale/related set; related references are not exhaustive.
#1673,Spatial Ground Must Preserve Place When Occupants Move,DUPLICATE / NEAR-DUPLICATE,MERGE INTO STRONGER FINDING OR CLUSTER,Higher-Layer Independence,HIGH,Merged,CORE-05a,#4,P4-D15,FALSE,FALSE,Primary target from Pass #4 cluster-level consolidation view. Consolidation parent carried from the first explicit Finding reference in the frozen classification rationale/related set; related references are not exhaustive.
#1674,Spatial Ground Must Preserve Place When Structures Change,DUPLICATE / NEAR-DUPLICATE,MERGE INTO STRONGER FINDING OR CLUSTER,Higher-Layer Independence,HIGH,Merged,CORE-05a,#4,P4-D15,FALSE,FALSE,Primary target from Pass #4 cluster-level consolidation view. Consolidation parent carried from the first explicit Finding reference in the frozen classification rationale/related set; related references are not exhaustive.
#1675,Spatial Ground Must Preserve Place Through Terrain Revision,DUPLICATE / NEAR-DUPLICATE,MERGE INTO STRONGER FINDING OR CLUSTER,Interpretation Independence,HIGH,Merged,CORE-05a,#4,P4-D15,FALSE,FALSE,Primary target from Pass #4 cluster-level consolidation view. Consolidation parent carried from the first explicit Finding reference in the frozen classification rationale/related set; related references are not exhaustive.
#1676,Spatial Ground Must Preserve Place Through Regional Revision,DUPLICATE / NEAR-DUPLICATE,MERGE INTO STRONGER FINDING OR CLUSTER,Interpretation Independence,HIGH,Merged,CORE-05a,#4,P4-D15,FALSE,FALSE,Primary target from Pass #4 cluster-level consolidation view. Consolidation parent carried from the first explicit Finding reference in the frozen classification rationale/related set; related references are not exhaustive.
#1677,Spatial Ground Must Preserve Place Through Parcel Revision,DUPLICATE / NEAR-DUPLICATE,MERGE INTO STRONGER FINDING OR CLUSTER,Parcel Independence,HIGH,Merged,CORE-05a,#6,P4-D15,FALSE,FALSE,Primary target from Pass #4 cluster-level consolidation view. Consolidation parent carried from the first explicit Finding reference in the frozen classification rationale/related set; related references are not exhaustive.
#1678,Spatial Ground Must Preserve Place Through Rights Revision,DUPLICATE / NEAR-DUPLICATE,MERGE INTO STRONGER FINDING OR CLUSTER,Rights / Governance Independence,HIGH,Merged,CORE-05a,#20,P4-D15,FALSE,FALSE,Primary target from Pass #4 cluster-level consolidation view. Consolidation parent carried from the first explicit Finding reference in the frozen classification rationale/related set; related references are not exhaustive.
#1679,Spatial Ground Must Preserve Place Through Governance Revision,DUPLICATE / NEAR-DUPLICATE,MERGE INTO STRONGER FINDING OR CLUSTER,Rights / Governance Independence,HIGH,Merged,CORE-05a,#4,P4-D15,FALSE,FALSE,Primary target from Pass #4 cluster-level consolidation view. Consolidation parent carried from the first explicit Finding reference in the frozen classification rationale/related set; related references are not exhaustive.
#1680,Spatial Ground Must Preserve Place Through Runtime Revision,DUPLICATE / NEAR-DUPLICATE,MERGE INTO STRONGER FINDING OR CLUSTER,Runtime Independence,HIGH,Merged,CORE-05a,#4,P4-D15,FALSE,FALSE,Primary target from Pass #4 cluster-level consolidation view. Consolidation parent carried from the first explicit Finding reference in the frozen classification rationale/related set; related references are not exhaustive.
#1681,Spatial Ground Must Preserve Place Through Experience Revision,DUPLICATE / NEAR-DUPLICATE,MERGE INTO STRONGER FINDING OR CLUSTER,Higher-Layer Independence,HIGH,Merged,CORE-05a,#4,P4-D15,FALSE,FALSE,Primary target from Pass #4 cluster-level consolidation view. Consolidation parent carried from the first explicit Finding reference in the frozen classification rationale/related set; related references are not exhaustive.
#1682,Spatial Ground Must Preserve Place Through Interoperability Revision,DUPLICATE / NEAR-DUPLICATE,MERGE INTO STRONGER FINDING OR CLUSTER,Operational Non-Authority,HIGH,Merged,CORE-05c,#19,P4-D15,FALSE,FALSE,Primary target from Pass #4 cluster-level consolidation view. Consolidation parent carried from the first explicit Finding reference in the frozen classification rationale/related set; related references are not exhaustive.
#1683,Spatial Ground Must Preserve Place Through Archival Revision,DUPLICATE / NEAR-DUPLICATE,MERGE INTO STRONGER FINDING OR CLUSTER,Representation Independence,HIGH,Merged,CORE-07,#29,P4-D15,FALSE,FALSE,Primary target from Pass #4 cluster-level consolidation view. Consolidation parent carried from the first explicit Finding reference in the frozen classification rationale/related set; related references are not exhaustive.
#1684,Spatial Ground Must Preserve Place Through Documentation Revision,DUPLICATE / NEAR-DUPLICATE,MERGE INTO STRONGER FINDING OR CLUSTER,Representation Independence,HIGH,Merged,CORE-07,#29,P4-D15,FALSE,FALSE,Primary target from Pass #4 cluster-level consolidation view. Consolidation parent carried from the first explicit Finding reference in the frozen classification rationale/related set; related references are not exhaustive.
#1685,Spatial Ground Must Preserve Place Through Institutional Revision,DUPLICATE / NEAR-DUPLICATE,MERGE INTO STRONGER FINDING OR CLUSTER,Preservation and Archival Survival,HIGH,Merged,Preservation Register,#147,P4-D15,FALSE,FALSE,Primary target from Pass #4 cluster-level consolidation view. Consolidation parent carried from the first explicit Finding reference in the frozen classification rationale/related set; related references are not exhaustive.
#1686,Spatial Ground Must Distinguish Architectural Stability From Institutional Stability,DUPLICATE / NEAR-DUPLICATE,MERGE INTO STRONGER FINDING OR CLUSTER,Preservation and Archival Survival,HIGH,Merged,Preservation Register,#147,P4-D15,FALSE,FALSE,Primary target from Pass #4 cluster-level consolidation view. Consolidation parent carried from the first explicit Finding reference in the frozen classification rationale/related set; related references are not exhaustive.
#1687,Spatial Ground Must Distinguish Canonical Continuity From Organizational Continuity,DUPLICATE / NEAR-DUPLICATE,MERGE INTO STRONGER FINDING OR CLUSTER,Operational Non-Authority,HIGH,Merged,CORE-05c,#19,P4-D15,FALSE,FALSE,Primary target from Pass #4 cluster-level consolidation view. Consolidation parent carried from the first explicit Finding reference in the frozen classification rationale/related set; related references are not exhaustive.
#1688,Spatial Ground Must Preserve Canonical Place Across Institutional Generations,DUPLICATE / NEAR-DUPLICATE,MERGE INTO STRONGER FINDING OR CLUSTER,Preservation and Archival Survival,HIGH,Merged,Preservation Register,#147,P4-D15,FALSE,FALSE,Primary target from Pass #4 cluster-level consolidation view. Consolidation parent carried from the first explicit Finding reference in the frozen classification rationale/related set; related references are not exhaustive.
#1689,Spatial Ground Must Support Institutional Transfer Without Semantic Transfer Risk,DUPLICATE / NEAR-DUPLICATE,MERGE INTO STRONGER FINDING OR CLUSTER,Institutional Authority and Adoption,HIGH,Merged,IF-01,#147,P4-D15,FALSE,FALSE,Primary target from Pass #4 cluster-level consolidation view. Consolidation parent carried from the first explicit Finding reference in the frozen classification rationale/related set; related references are not exhaustive.
#1690,Spatial Ground Must Preserve Custodial Neutrality,DUPLICATE / NEAR-DUPLICATE,MERGE INTO STRONGER FINDING OR CLUSTER,Institutional Authority and Adoption,HIGH,Merged,IF-01,#19,P4-D15,FALSE,FALSE,Primary target from Pass #4 cluster-level consolidation view. Consolidation parent carried from the first explicit Finding reference in the frozen classification rationale/related set; related references are not exhaustive.
#1691,Spatial Ground Must Support Multiple Independent Preservation Paths,DUPLICATE / NEAR-DUPLICATE,MERGE INTO STRONGER FINDING OR CLUSTER,Preservation and Archival Survival,HIGH,Merged,Preservation Register,#206,P4-D15,FALSE,FALSE,Primary target from Pass #4 cluster-level consolidation view. Consolidation parent carried from the first explicit Finding reference in the frozen classification rationale/related set; related references are not exhaustive.
#1692,Independent Preservation Paths Must Converge Semantically,DUPLICATE / NEAR-DUPLICATE,MERGE INTO STRONGER FINDING OR CLUSTER,Single Canonical Truth,HIGH,Merged,CORE-04,#8,P4-D15,FALSE,FALSE,Primary target from Pass #4 cluster-level consolidation view. Consolidation parent carried from the first explicit Finding reference in the frozen classification rationale/related set; related references are not exhaustive.
#1693,Spatial Ground Must Support Cross-Archive Verification,DUPLICATE / NEAR-DUPLICATE,MERGE INTO STRONGER FINDING OR CLUSTER,Canonical Equivalence,HIGH,Merged,DEF-05,#65,P4-D15,FALSE,FALSE,Primary target from Pass #4 cluster-level consolidation view. Consolidation parent carried from the first explicit Finding reference in the frozen classification rationale/related set; related references are not exhaustive.
#1694,"Archive Agreement Must Be Semantic, Not Merely Byte-Level",DUPLICATE / NEAR-DUPLICATE,MERGE INTO STRONGER FINDING OR CLUSTER,Canonical Equivalence,HIGH,Merged,DEF-05,#65,P4-D15,FALSE,FALSE,Primary target from Pass #4 cluster-level consolidation view. Consolidation parent carried from the first explicit Finding reference in the frozen classification rationale/related set; related references are not exhaustive.
#1695,Archive Disagreement Must Be Spatially Diagnosable,DUPLICATE / NEAR-DUPLICATE,MERGE INTO STRONGER FINDING OR CLUSTER,Canonical Equivalence,HIGH,Merged,DEF-05,#1297,P4-D15,FALSE,FALSE,Primary target from Pass #4 cluster-level consolidation view. Consolidation parent carried from the first explicit Finding reference in the frozen classification rationale/related set; related references are not exhaustive.
#1696,Spatial Ground Must Preserve Canonical Authority Through Archive Multiplicity,DUPLICATE / NEAR-DUPLICATE,MERGE INTO STRONGER FINDING OR CLUSTER,Single Canonical Truth,HIGH,Merged,CORE-04,#8,P4-D15,FALSE,FALSE,Primary target from Pass #4 cluster-level consolidation view. Consolidation parent carried from the first explicit Finding reference in the frozen classification rationale/related set; related references are not exhaustive.
#1697,Spatial Ground Must Support Survival Without a Primary Server,DUPLICATE / NEAR-DUPLICATE,MERGE INTO STRONGER FINDING OR CLUSTER,Preservation and Archival Survival,HIGH,Merged,Preservation Register,#83,P4-D15,FALSE,FALSE,Primary target from Pass #4 cluster-level consolidation view. Consolidation parent carried from the first explicit Finding reference in the frozen classification rationale/related set; related references are not exhaustive.
#1698,Spatial Ground Must Support Survival Without a Primary Repository,DUPLICATE / NEAR-DUPLICATE,MERGE INTO STRONGER FINDING OR CLUSTER,Preservation and Archival Survival,HIGH,Merged,Preservation Register,#84,P4-D15,FALSE,FALSE,Primary target from Pass #4 cluster-level consolidation view. Consolidation parent carried from the first explicit Finding reference in the frozen classification rationale/related set; related references are not exhaustive.
#1699,Spatial Ground Must Support Survival Without a Primary Custodian,DUPLICATE / NEAR-DUPLICATE,MERGE INTO STRONGER FINDING OR CLUSTER,Preservation and Archival Survival,HIGH,Merged,Preservation Register,#147,P4-D15,FALSE,FALSE,Primary target from Pass #4 cluster-level consolidation view. Consolidation parent carried from the first explicit Finding reference in the frozen classification rationale/related set; related references are not exhaustive.
#1700,Spatial Ground Must Preserve Place Beyond Institutional Mortality,DUPLICATE / NEAR-DUPLICATE,MERGE INTO STRONGER FINDING OR CLUSTER,Preservation and Archival Survival,HIGH,Merged,Preservation Register,#147,P4-D15,FALSE,FALSE,Primary target from Pass #4 cluster-level consolidation view. Consolidation parent carried from the first explicit Finding reference in the frozen classification rationale/related set; related references are not exhaustive.
#1701,Spatial Ground Must Distinguish Institutional Survival From Semantic Survival,DUPLICATE / NEAR-DUPLICATE,MERGE INTO STRONGER FINDING OR CLUSTER,Preservation and Archival Survival,HIGH,Merged,Preservation Register,#147,P4-D15,FALSE,FALSE,Primary target from Pass #4 cluster-level consolidation view. Consolidation parent carried from the first explicit Finding reference in the frozen classification rationale/related set; related references are not exhaustive.
#1702,Spatial Ground Must Distinguish Archival Survival From Operational Survival,DERIVED CONSEQUENCE,MERGE INTO STRONGER FINDING OR CLUSTER,Preservation and Archival Survival,HIGH,Merged,Preservation Register,#19,P4-D15,FALSE,FALSE,Primary target from Pass #4 cluster-level consolidation view. Consolidation parent carried from the first explicit Finding reference in the frozen classification rationale/related set; related references are not exhaustive.
#1703,Spatial Ground Must Distinguish Operational Continuity From Canonical Continuity,DUPLICATE / NEAR-DUPLICATE,MERGE INTO STRONGER FINDING OR CLUSTER,Operational Non-Authority,HIGH,Merged,CORE-05c,#19,P4-D15,FALSE,FALSE,Primary target from Pass #4 cluster-level consolidation view. Consolidation parent carried from the first explicit Finding reference in the frozen classification rationale/related set; related references are not exhaustive.
#1704,Spatial Ground Must Distinguish Canonical Continuity From Availability History,DUPLICATE / NEAR-DUPLICATE,MERGE INTO STRONGER FINDING OR CLUSTER,Change Control and Permanence,HIGH,Merged,CORE-06,#4,P4-D15,FALSE,FALSE,Primary target from Pass #4 cluster-level consolidation view. Consolidation parent carried from the first explicit Finding reference in the frozen classification rationale/related set; related references are not exhaustive.
#1705,Spatial Ground Must Preserve Place Through Dormancy,DUPLICATE / NEAR-DUPLICATE,MERGE INTO STRONGER FINDING OR CLUSTER,Preservation and Archival Survival,HIGH,Merged,Preservation Register,#84,P4-D15,FALSE,FALSE,Primary target from Pass #4 cluster-level consolidation view. Consolidation parent carried from the first explicit Finding reference in the frozen classification rationale/related set; related references are not exhaustive.
#1706,Spatial Ground Must Preserve Place Through Revival,DUPLICATE / NEAR-DUPLICATE,MERGE INTO STRONGER FINDING OR CLUSTER,Reconstruction and Recoverability,HIGH,Merged,DEF-02,#4,P4-D15,FALSE,FALSE,Primary target from Pass #4 cluster-level consolidation view. Consolidation parent carried from the first explicit Finding reference in the frozen classification rationale/related set; related references are not exhaustive.
#1707,"Revival Must Begin From Canonical Ground, Not Visual Memory",DUPLICATE / NEAR-DUPLICATE,MERGE INTO STRONGER FINDING OR CLUSTER,Operational Non-Authority,HIGH,Merged,CORE-05c,#19,P4-D15,FALSE,FALSE,Primary target from Pass #4 cluster-level consolidation view. Consolidation parent carried from the first explicit Finding reference in the frozen classification rationale/related set; related references are not exhaustive.
#1708,"Revival Must Begin From Canonical Ground, Not Parcel Memory",DUPLICATE / NEAR-DUPLICATE,MERGE INTO STRONGER FINDING OR CLUSTER,Parcel Independence,HIGH,Merged,CORE-05a,#6,P4-D15,FALSE,FALSE,Primary target from Pass #4 cluster-level consolidation view. Consolidation parent carried from the first explicit Finding reference in the frozen classification rationale/related set; related references are not exhaustive.
#1709,"Revival Must Begin From Canonical Ground, Not Runtime Memory",DUPLICATE / NEAR-DUPLICATE,MERGE INTO STRONGER FINDING OR CLUSTER,Runtime Independence,HIGH,Merged,CORE-05a,#44,P4-D15,FALSE,FALSE,Primary target from Pass #4 cluster-level consolidation view. Consolidation parent carried from the first explicit Finding reference in the frozen classification rationale/related set; related references are not exhaustive.
#1710,Revival Must Preserve Place Before Restoring Experience,DUPLICATE / NEAR-DUPLICATE,MERGE INTO STRONGER FINDING OR CLUSTER,Reconstruction and Recoverability,HIGH,Merged,DEF-02,#1711,P4-D15,FALSE,FALSE,Primary target from Pass #4 cluster-level consolidation view. Consolidation parent carried from the first explicit Finding reference in the frozen classification rationale/related set; related references are not exhaustive.
#1711,Spatial Ground Must Define Recovery Order,PRESERVATION / RECONSTRUCTION CANDIDATE,MOVE TO PRESERVATION / RECONSTRUCTION,Reconstruction and Recoverability,HIGH,Preservation,DEF-02,,P4-D15,TRUE,FALSE,Primary target from Pass #4 cluster-level consolidation view.
#1712,Higher-Layer Recovery Must Not Precede Foundational Recovery Conceptually,DERIVED CONSEQUENCE,MERGE INTO STRONGER FINDING OR CLUSTER,Reconstruction and Recoverability,HIGH,Merged,DEF-02,#1711,P4-D15,FALSE,FALSE,Primary target from Pass #4 cluster-level consolidation view. Consolidation parent carried from the first explicit Finding reference in the frozen classification rationale/related set; related references are not exhaustive.
#1713,Spatial Ground Must Support Recovery Without Higher-Layer Artifacts,DUPLICATE / NEAR-DUPLICATE,MERGE INTO STRONGER FINDING OR CLUSTER,Higher-Layer Independence,HIGH,Merged,CORE-05a,#4,P4-D15,FALSE,FALSE,Primary target from Pass #4 cluster-level consolidation view. Consolidation parent carried from the first explicit Finding reference in the frozen classification rationale/related set; related references are not exhaustive.
#1714,Spatial Ground Must Support Higher-Layer Recovery From Stable Place,DUPLICATE / NEAR-DUPLICATE,MERGE INTO STRONGER FINDING OR CLUSTER,Change Control and Permanence,HIGH,Merged,CORE-06,#4,P4-D15,FALSE,FALSE,Primary target from Pass #4 cluster-level consolidation view. Consolidation parent carried from the first explicit Finding reference in the frozen classification rationale/related set; related references are not exhaustive.
#1715,Spatial Ground Must Support Historical Consistency Checks After Recovery,DUPLICATE / NEAR-DUPLICATE,MERGE INTO STRONGER FINDING OR CLUSTER,Change Control and Permanence,HIGH,Merged,CORE-06,#4,P4-D15,FALSE,FALSE,Primary target from Pass #4 cluster-level consolidation view. Consolidation parent carried from the first explicit Finding reference in the frozen classification rationale/related set; related references are not exhaustive.
#1716,Spatial Ground Must Preserve Recovery Independence From Display Technology,DUPLICATE / NEAR-DUPLICATE,MERGE INTO STRONGER FINDING OR CLUSTER,Operational Non-Authority,HIGH,Merged,CORE-05c,#19,P4-D15,FALSE,FALSE,Primary target from Pass #4 cluster-level consolidation view. Consolidation parent carried from the first explicit Finding reference in the frozen classification rationale/related set; related references are not exhaustive.
#1717,Spatial Ground Must Preserve Recovery Independence From Human Memory,DUPLICATE / NEAR-DUPLICATE,MERGE INTO STRONGER FINDING OR CLUSTER,No Hidden State / Self-Containment,HIGH,Merged,CORE-05b,#27,P4-D15,FALSE,FALSE,Primary target from Pass #4 cluster-level consolidation view. Consolidation parent carried from the first explicit Finding reference in the frozen classification rationale/related set; related references are not exhaustive.
#1718,Spatial Ground Must Preserve Recovery Independence From Organizational Memory,DUPLICATE / NEAR-DUPLICATE,MERGE INTO STRONGER FINDING OR CLUSTER,No Hidden State / Self-Containment,HIGH,Merged,CORE-05b,#27,P4-D15,FALSE,FALSE,Primary target from Pass #4 cluster-level consolidation view. Consolidation parent carried from the first explicit Finding reference in the frozen classification rationale/related set; related references are not exhaustive.
#1719,Spatial Ground Must Preserve Recovery Independence From Source-Code History,DUPLICATE / NEAR-DUPLICATE,MERGE INTO STRONGER FINDING OR CLUSTER,Historical Traceability,HIGH,Merged,Governance Register,#27,P4-D15,FALSE,FALSE,Primary target from Pass #4 cluster-level consolidation view. Consolidation parent carried from the first explicit Finding reference in the frozen classification rationale/related set; related references are not exhaustive.
#1720,Spatial Ground Must Preserve Recovery Independence From Build History,DUPLICATE / NEAR-DUPLICATE,MERGE INTO STRONGER FINDING OR CLUSTER,Technology and Infrastructure Independence,HIGH,Merged,CORE-05b,#81,P4-D15,FALSE,FALSE,Primary target from Pass #4 cluster-level consolidation view. Consolidation parent carried from the first explicit Finding reference in the frozen classification rationale/related set; related references are not exhaustive.
#1721,Spatial Ground Must Preserve Recovery Independence From Cloud State,DUPLICATE / NEAR-DUPLICATE,MERGE INTO STRONGER FINDING OR CLUSTER,Technology and Infrastructure Independence,HIGH,Merged,CORE-05b,#81,P4-D15,FALSE,FALSE,Primary target from Pass #4 cluster-level consolidation view. Consolidation parent carried from the first explicit Finding reference in the frozen classification rationale/related set; related references are not exhaustive.
#1722,Spatial Ground Must Preserve Recovery Independence From Vendor Metadata,DUPLICATE / NEAR-DUPLICATE,MERGE INTO STRONGER FINDING OR CLUSTER,Technology and Infrastructure Independence,HIGH,Merged,CORE-05b,#81,P4-D15,FALSE,FALSE,Primary target from Pass #4 cluster-level consolidation view. Consolidation parent carried from the first explicit Finding reference in the frozen classification rationale/related set; related references are not exhaustive.
#1723,Spatial Ground Must Preserve Recovery Independence From Account Ownership,DUPLICATE / NEAR-DUPLICATE,MERGE INTO STRONGER FINDING OR CLUSTER,Preservation and Archival Survival,HIGH,Merged,Preservation Register,#147,P4-D15,FALSE,FALSE,Primary target from Pass #4 cluster-level consolidation view. Consolidation parent carried from the first explicit Finding reference in the frozen classification rationale/related set; related references are not exhaustive.
#1724,Spatial Ground Must Preserve Recovery Independence From Licensing,DUPLICATE / NEAR-DUPLICATE,MERGE INTO STRONGER FINDING OR CLUSTER,Technology and Infrastructure Independence,HIGH,Merged,CORE-05b,#81,P4-D15,FALSE,FALSE,Primary target from Pass #4 cluster-level consolidation view. Consolidation parent carried from the first explicit Finding reference in the frozen classification rationale/related set; related references are not exhaustive.
#1725,Spatial Ground Must Preserve Recovery Independence From Subscription Services,DUPLICATE / NEAR-DUPLICATE,MERGE INTO STRONGER FINDING OR CLUSTER,Technology and Infrastructure Independence,HIGH,Merged,CORE-05b,#81,P4-D15,FALSE,FALSE,Primary target from Pass #4 cluster-level consolidation view. Consolidation parent carried from the first explicit Finding reference in the frozen classification rationale/related set; related references are not exhaustive.
#1726,Spatial Ground Must Preserve Recovery Independence From Proprietary File Readers,DUPLICATE / NEAR-DUPLICATE,MERGE INTO STRONGER FINDING OR CLUSTER,Preservation and Archival Survival,HIGH,Merged,Preservation Register,#126,P4-D15,FALSE,FALSE,Primary target from Pass #4 cluster-level consolidation view. Consolidation parent carried from the first explicit Finding reference in the frozen classification rationale/related set; related references are not exhaustive.
#1727,Spatial Ground Must Preserve Recovery Independence From Proprietary Geometry Engines,DUPLICATE / NEAR-DUPLICATE,MERGE INTO STRONGER FINDING OR CLUSTER,No Hidden State / Self-Containment,HIGH,Merged,CORE-05b,#27,P4-D15,FALSE,FALSE,Primary target from Pass #4 cluster-level consolidation view. Consolidation parent carried from the first explicit Finding reference in the frozen classification rationale/related set; related references are not exhaustive.
#1728,Spatial Ground Must Preserve Recovery Independence From Closed Algorithms,DUPLICATE / NEAR-DUPLICATE,MERGE INTO STRONGER FINDING OR CLUSTER,No Hidden State / Self-Containment,HIGH,Merged,CORE-05b,#27,P4-D15,FALSE,FALSE,Primary target from Pass #4 cluster-level consolidation view. Consolidation parent carried from the first explicit Finding reference in the frozen classification rationale/related set; related references are not exhaustive.
#1729,Spatial Ground Must Preserve Recovery Independence From Secret Parameters,DUPLICATE / NEAR-DUPLICATE,MERGE INTO STRONGER FINDING OR CLUSTER,No Hidden State / Self-Containment,HIGH,Merged,CORE-05b,#27,P4-D15,FALSE,FALSE,Primary target from Pass #4 cluster-level consolidation view. Consolidation parent carried from the first explicit Finding reference in the frozen classification rationale/related set; related references are not exhaustive.
#1730,Spatial Ground Must Preserve Recovery Independence From Security Secrets,DUPLICATE / NEAR-DUPLICATE,MERGE INTO STRONGER FINDING OR CLUSTER,Operational Non-Authority,HIGH,Merged,CORE-05c,#19,P4-D15,FALSE,FALSE,Primary target from Pass #4 cluster-level consolidation view. Consolidation parent carried from the first explicit Finding reference in the frozen classification rationale/related set; related references are not exhaustive.
#1731,Spatial Ground Must Preserve Recovery Independence From Institutional Permission,DUPLICATE / NEAR-DUPLICATE,MERGE INTO STRONGER FINDING OR CLUSTER,Preservation and Archival Survival,HIGH,Merged,Preservation Register,#147,P4-D15,FALSE,FALSE,Primary target from Pass #4 cluster-level consolidation view. Consolidation parent carried from the first explicit Finding reference in the frozen classification rationale/related set; related references are not exhaustive.
#1732,Spatial Ground Must Preserve Publicly Inspectable Semantics,DUPLICATE / NEAR-DUPLICATE,MERGE INTO STRONGER FINDING OR CLUSTER,No Hidden State / Self-Containment,HIGH,Merged,CORE-05b,#68,P4-D15,FALSE,FALSE,Primary target from Pass #4 cluster-level consolidation view. Consolidation parent carried from the first explicit Finding reference in the frozen classification rationale/related set; related references are not exhaustive.
#1733,Spatial Ground Must Distinguish Open Semantics From Open Modification,DUPLICATE / NEAR-DUPLICATE,MERGE INTO STRONGER FINDING OR CLUSTER,No Hidden State / Self-Containment,HIGH,Merged,CORE-05b,#1592,P4-D15,FALSE,FALSE,Primary target from Pass #4 cluster-level consolidation view. Consolidation parent carried from the first explicit Finding reference in the frozen classification rationale/related set; related references are not exhaustive.
#1734,Spatial Ground Must Distinguish Reproducibility From Governance,DUPLICATE / NEAR-DUPLICATE,MERGE INTO STRONGER FINDING OR CLUSTER,Institutional Authority and Adoption,HIGH,Merged,IF-01,#26,P4-D15,FALSE,FALSE,Primary target from Pass #4 cluster-level consolidation view. Consolidation parent carried from the first explicit Finding reference in the frozen classification rationale/related set; related references are not exhaustive.
#1735,Spatial Ground Must Distinguish Verification Rights From Change Rights,DERIVED CONSEQUENCE,MERGE INTO STRONGER FINDING OR CLUSTER,Institutional Authority and Adoption,HIGH,Merged,IF-01,#1592,P4-D15,FALSE,FALSE,Primary target from Pass #4 cluster-level consolidation view. Consolidation parent carried from the first explicit Finding reference in the frozen classification rationale/related set; related references are not exhaustive.
#1736,Spatial Ground Must Support Adversarial Verification Without Granting Canonical Control,DUPLICATE / NEAR-DUPLICATE,MERGE INTO STRONGER FINDING OR CLUSTER,Testing and Adversarial Review,HIGH,Merged,Conformance Register,#85,P4-D15,FALSE,FALSE,Primary target from Pass #4 cluster-level consolidation view. Consolidation parent carried from the first explicit Finding reference in the frozen classification rationale/related set; related references are not exhaustive.
#1737,Spatial Ground Must Preserve Authority Without Requiring Trust in Authority,INSTITUTIONAL / GOVERNANCE CANDIDATE,MOVE TO GOVERNANCE / INSTITUTIONAL FRAMEWORK,Institutional Authority and Adoption,HIGH,Governance,IF-01,,P4-D15,FALSE,FALSE,Primary target from Pass #4 cluster-level consolidation view.
#1738,Spatial Ground Must Minimize Trust Assumptions,DUPLICATE / NEAR-DUPLICATE,MERGE INTO STRONGER FINDING OR CLUSTER,No Hidden State / Self-Containment,HIGH,Merged,CORE-05b,#27,P4-D15,FALSE,FALSE,Primary target from Pass #4 cluster-level consolidation view. Consolidation parent carried from the first explicit Finding reference in the frozen classification rationale/related set; related references are not exhaustive.
#1739,Spatial Ground Must Prefer Verifiable Claims Over Institutional Assertions,DUPLICATE / NEAR-DUPLICATE,MERGE INTO STRONGER FINDING OR CLUSTER,No Hidden State / Self-Containment,HIGH,Merged,CORE-05b,#68,P4-D15,FALSE,FALSE,Primary target from Pass #4 cluster-level consolidation view. Consolidation parent carried from the first explicit Finding reference in the frozen classification rationale/related set; related references are not exhaustive.
#1740,"Spatial Ground Must Preserve Institutional Authority for Adoption, Not Computation",INSTITUTIONAL / GOVERNANCE CANDIDATE,MOVE TO GOVERNANCE / INSTITUTIONAL FRAMEWORK,Institutional Authority and Adoption,HIGH,Governance,IF-01,,P3-D1,TRUE,FALSE,Item-level target override from Architectural Resolution Passes.
#1741,Spatial Ground Must Separate Governance Plane From Spatial Plane,DUPLICATE / NEAR-DUPLICATE,MERGE INTO STRONGER FINDING OR CLUSTER,Institutional Authority and Adoption,HIGH,Merged,IF-01,#1740,P4-D15,FALSE,FALSE,Primary target from Pass #4 cluster-level consolidation view. Consolidation parent carried from the first explicit Finding reference in the frozen classification rationale/related set; related references are not exhaustive.
#1742,Governance Events Must Not Become Membership Inputs,DUPLICATE / NEAR-DUPLICATE,MERGE INTO STRONGER FINDING OR CLUSTER,No Hidden State / Self-Containment,HIGH,Merged,CORE-05b,#27,P4-D15,FALSE,FALSE,Primary target from Pass #4 cluster-level consolidation view. Consolidation parent carried from the first explicit Finding reference in the frozen classification rationale/related set; related references are not exhaustive.
#1743,Spatial Ground Must Preserve Canonical Meaning After Governance Silence,DUPLICATE / NEAR-DUPLICATE,MERGE INTO STRONGER FINDING OR CLUSTER,Change Control and Permanence,HIGH,Merged,CORE-06,#4,P4-D15,FALSE,FALSE,Primary target from Pass #4 cluster-level consolidation view. Consolidation parent carried from the first explicit Finding reference in the frozen classification rationale/related set; related references are not exhaustive.
#1744,Spatial Ground Must Preserve Canonical Meaning After Governance Succession,DUPLICATE / NEAR-DUPLICATE,MERGE INTO STRONGER FINDING OR CLUSTER,Institutional Authority and Adoption,HIGH,Merged,IF-01,#147,P4-D15,FALSE,FALSE,Primary target from Pass #4 cluster-level consolidation view. Consolidation parent carried from the first explicit Finding reference in the frozen classification rationale/related set; related references are not exhaustive.
#1745,Spatial Ground Must Preserve Canonical Meaning Against Governance Convenience,DUPLICATE / NEAR-DUPLICATE,MERGE INTO STRONGER FINDING OR CLUSTER,Rights / Governance Independence,HIGH,Merged,CORE-05a,#4,P4-D15,FALSE,FALSE,Primary target from Pass #4 cluster-level consolidation view. Consolidation parent carried from the first explicit Finding reference in the frozen classification rationale/related set; related references are not exhaustive.
#1746,Spatial Ground Must Preserve Place Against Institutional Centralization,DUPLICATE / NEAR-DUPLICATE,MERGE INTO STRONGER FINDING OR CLUSTER,Preservation and Archival Survival,HIGH,Merged,Preservation Register,#147,P4-D15,FALSE,FALSE,Primary target from Pass #4 cluster-level consolidation view. Consolidation parent carried from the first explicit Finding reference in the frozen classification rationale/related set; related references are not exhaustive.
#1747,Spatial Ground Must Preserve Place Against Institutional Fragmentation,DUPLICATE / NEAR-DUPLICATE,MERGE INTO STRONGER FINDING OR CLUSTER,Single Canonical Truth,HIGH,Merged,CORE-04,#8,P4-D15,FALSE,FALSE,Primary target from Pass #4 cluster-level consolidation view. Consolidation parent carried from the first explicit Finding reference in the frozen classification rationale/related set; related references are not exhaustive.
#1748,Spatial Ground Must Preserve One Canon Across Institutional Diversity,DUPLICATE / NEAR-DUPLICATE,MERGE INTO STRONGER FINDING OR CLUSTER,Single Canonical Truth,HIGH,Merged,CORE-04,#8,P4-D15,FALSE,FALSE,Primary target from Pass #4 cluster-level consolidation view. Consolidation parent carried from the first explicit Finding reference in the frozen classification rationale/related set; related references are not exhaustive.
#1749,Spatial Ground Must Preserve One World Beyond Every Steward,DUPLICATE / NEAR-DUPLICATE,MERGE INTO STRONGER FINDING OR CLUSTER,Preservation and Archival Survival,HIGH,Merged,Preservation Register,#147,P4-D15,FALSE,FALSE,Primary target from Pass #4 cluster-level consolidation view. Consolidation parent carried from the first explicit Finding reference in the frozen classification rationale/related set; related references are not exhaustive.
#1750,Spatial Ground Must Make Stewardship Replaceable but Place Permanent,DUPLICATE / NEAR-DUPLICATE,MERGE INTO STRONGER FINDING OR CLUSTER,Preservation and Archival Survival,HIGH,Merged,Preservation Register,#147,P4-D15,FALSE,FALSE,Primary target from Pass #4 cluster-level consolidation view. Consolidation parent carried from the first explicit Finding reference in the frozen classification rationale/related set; related references are not exhaustive.
#1751,Spatial Ground Must Distinguish Stewardship Continuity From Canonical Continuity,DUPLICATE / NEAR-DUPLICATE,MERGE INTO STRONGER FINDING OR CLUSTER,Operational Non-Authority,HIGH,Merged,CORE-05c,#19,P4-D15,FALSE,FALSE,Primary target from Pass #4 cluster-level consolidation view. Consolidation parent carried from the first explicit Finding reference in the frozen classification rationale/related set; related references are not exhaustive.
#1752,Spatial Ground Must Preserve Place Through Stewardship Gaps,DUPLICATE / NEAR-DUPLICATE,MERGE INTO STRONGER FINDING OR CLUSTER,Change Control and Permanence,HIGH,Merged,CORE-06,#4,P4-D15,FALSE,FALSE,Primary target from Pass #4 cluster-level consolidation view. Consolidation parent carried from the first explicit Finding reference in the frozen classification rationale/related set; related references are not exhaustive.
#1753,Spatial Ground Must Preserve Place Through Stewardship Dispute,DUPLICATE / NEAR-DUPLICATE,MERGE INTO STRONGER FINDING OR CLUSTER,Single Canonical Truth,HIGH,Merged,CORE-04,#8,P4-D15,FALSE,FALSE,Primary target from Pass #4 cluster-level consolidation view. Consolidation parent carried from the first explicit Finding reference in the frozen classification rationale/related set; related references are not exhaustive.
#1754,Spatial Ground Must Distinguish Custodial Possession From Canonical Legitimacy,DUPLICATE / NEAR-DUPLICATE,MERGE INTO STRONGER FINDING OR CLUSTER,Institutional Authority and Adoption,HIGH,Merged,IF-01,#19,P4-D15,FALSE,FALSE,Primary target from Pass #4 cluster-level consolidation view. Consolidation parent carried from the first explicit Finding reference in the frozen classification rationale/related set; related references are not exhaustive.
#1755,Spatial Ground Must Preserve Canonical Legitimacy Independently of Hosting Control,DUPLICATE / NEAR-DUPLICATE,MERGE INTO STRONGER FINDING OR CLUSTER,Institutional Authority and Adoption,HIGH,Merged,IF-01,#19,P4-D15,FALSE,FALSE,Primary target from Pass #4 cluster-level consolidation view. Consolidation parent carried from the first explicit Finding reference in the frozen classification rationale/related set; related references are not exhaustive.
#1756,Spatial Ground Must Preserve Place Through Institutional Renaming,DUPLICATE / NEAR-DUPLICATE,MERGE INTO STRONGER FINDING OR CLUSTER,Preservation and Archival Survival,HIGH,Merged,Preservation Register,#147,P4-D15,FALSE,FALSE,Primary target from Pass #4 cluster-level consolidation view. Consolidation parent carried from the first explicit Finding reference in the frozen classification rationale/related set; related references are not exhaustive.
#1757,Spatial Ground Must Preserve Place Through Stewardship Transfer,DUPLICATE / NEAR-DUPLICATE,MERGE INTO STRONGER FINDING OR CLUSTER,Institutional Authority and Adoption,HIGH,Merged,IF-01,#147,P4-D15,FALSE,FALSE,Primary target from Pass #4 cluster-level consolidation view. Consolidation parent carried from the first explicit Finding reference in the frozen classification rationale/related set; related references are not exhaustive.
#1758,Spatial Ground Must Preserve Place Through Custodial Multiplicity,DUPLICATE / NEAR-DUPLICATE,MERGE INTO STRONGER FINDING OR CLUSTER,Single Canonical Truth,HIGH,Merged,CORE-04,#8,P4-D15,FALSE,FALSE,Primary target from Pass #4 cluster-level consolidation view. Consolidation parent carried from the first explicit Finding reference in the frozen classification rationale/related set; related references are not exhaustive.
#1759,Spatial Ground Must Distinguish Stewardship Diversity From Semantic Diversity,DUPLICATE / NEAR-DUPLICATE,MERGE INTO STRONGER FINDING OR CLUSTER,Single Canonical Truth,HIGH,Merged,CORE-04,#8,P4-D15,FALSE,FALSE,Primary target from Pass #4 cluster-level consolidation view. Consolidation parent carried from the first explicit Finding reference in the frozen classification rationale/related set; related references are not exhaustive.
#1760,Spatial Ground Must Support Custodial Cross-Verification,DUPLICATE / NEAR-DUPLICATE,MERGE INTO STRONGER FINDING OR CLUSTER,Canonical Equivalence,HIGH,Merged,DEF-05,#1396,P4-D15,FALSE,FALSE,Primary target from Pass #4 cluster-level consolidation view. Consolidation parent carried from the first explicit Finding reference in the frozen classification rationale/related set; related references are not exhaustive.
#1761,Spatial Ground Must Make Custodial Divergence Detectable,DUPLICATE / NEAR-DUPLICATE,MERGE INTO STRONGER FINDING OR CLUSTER,Canonical Equivalence,HIGH,Merged,DEF-05,#1297,P4-D15,FALSE,FALSE,Primary target from Pass #4 cluster-level consolidation view. Consolidation parent carried from the first explicit Finding reference in the frozen classification rationale/related set; related references are not exhaustive.
#1762,Spatial Ground Must Make Custodial Divergence Resolvable,DUPLICATE / NEAR-DUPLICATE,MERGE INTO STRONGER FINDING OR CLUSTER,Institutional Authority and Adoption,HIGH,Merged,IF-01,#661,P4-D15,FALSE,FALSE,Primary target from Pass #4 cluster-level consolidation view. Consolidation parent carried from the first explicit Finding reference in the frozen classification rationale/related set; related references are not exhaustive.
#1763,Spatial Ground Must Preserve Canonical Meaning Across Jurisdictions,DUPLICATE / NEAR-DUPLICATE,MERGE INTO STRONGER FINDING OR CLUSTER,Rights / Governance Independence,HIGH,Merged,CORE-05a,#4,P4-D15,FALSE,FALSE,Primary target from Pass #4 cluster-level consolidation view. Consolidation parent carried from the first explicit Finding reference in the frozen classification rationale/related set; related references are not exhaustive.
#1764,Spatial Ground Must Remain Legally Portable,DUPLICATE / NEAR-DUPLICATE,MERGE INTO STRONGER FINDING OR CLUSTER,Rights / Governance Independence,HIGH,Merged,CORE-05a,#29,P4-D15,FALSE,FALSE,Primary target from Pass #4 cluster-level consolidation view. Consolidation parent carried from the first explicit Finding reference in the frozen classification rationale/related set; related references are not exhaustive.
#1765,Legal Status Must Not Become Spatial Status,DUPLICATE / NEAR-DUPLICATE,MERGE INTO STRONGER FINDING OR CLUSTER,Rights / Governance Independence,HIGH,Merged,CORE-05a,#4,P4-D15,FALSE,FALSE,Primary target from Pass #4 cluster-level consolidation view. Consolidation parent carried from the first explicit Finding reference in the frozen classification rationale/related set; related references are not exhaustive.
#1766,Spatial Ground Must Distinguish Regulatory Constraint From Ground Semantics,DUPLICATE / NEAR-DUPLICATE,MERGE INTO STRONGER FINDING OR CLUSTER,Rights / Governance Independence,HIGH,Merged,CORE-05a,#4,P4-D15,FALSE,FALSE,Primary target from Pass #4 cluster-level consolidation view. Consolidation parent carried from the first explicit Finding reference in the frozen classification rationale/related set; related references are not exhaustive.
#1767,Spatial Ground Must Preserve Place Through Policy Change,DUPLICATE / NEAR-DUPLICATE,MERGE INTO STRONGER FINDING OR CLUSTER,Rights / Governance Independence,HIGH,Merged,CORE-05a,#4,P4-D15,FALSE,FALSE,Primary target from Pass #4 cluster-level consolidation view. Consolidation parent carried from the first explicit Finding reference in the frozen classification rationale/related set; related references are not exhaustive.
#1768,Spatial Ground Must Preserve Place Through Access Restriction,DUPLICATE / NEAR-DUPLICATE,MERGE INTO STRONGER FINDING OR CLUSTER,Interpretation Independence,HIGH,Merged,CORE-05a,#20,P4-D15,FALSE,FALSE,Primary target from Pass #4 cluster-level consolidation view. Consolidation parent carried from the first explicit Finding reference in the frozen classification rationale/related set; related references are not exhaustive.
#1769,Spatial Ground Must Preserve Place Through Publication Restriction,DUPLICATE / NEAR-DUPLICATE,MERGE INTO STRONGER FINDING OR CLUSTER,Operational Non-Authority,HIGH,Merged,CORE-05c,#19,P4-D15,FALSE,FALSE,Primary target from Pass #4 cluster-level consolidation view. Consolidation parent carried from the first explicit Finding reference in the frozen classification rationale/related set; related references are not exhaustive.
#1770,Spatial Ground Must Prefer Broad Verifiability for Foundational Semantics,DUPLICATE / NEAR-DUPLICATE,MERGE INTO STRONGER FINDING OR CLUSTER,No Hidden State / Self-Containment,HIGH,Merged,CORE-05b,#68,P4-D15,FALSE,FALSE,Primary target from Pass #4 cluster-level consolidation view. Consolidation parent carried from the first explicit Finding reference in the frozen classification rationale/related set; related references are not exhaustive.
#1771,Spatial Ground Must Distinguish Privacy From Spatial Secrecy,DERIVED CONSEQUENCE,MERGE INTO STRONGER FINDING OR CLUSTER,No Hidden State / Self-Containment,HIGH,Merged,CORE-05b,#27,P4-D15,FALSE,FALSE,Primary target from Pass #4 cluster-level consolidation view. Consolidation parent carried from the first explicit Finding reference in the frozen classification rationale/related set; related references are not exhaustive.
#1772,Spatial Ground Must Avoid Secret Geography,DUPLICATE / NEAR-DUPLICATE,MERGE INTO STRONGER FINDING OR CLUSTER,No Hidden State / Self-Containment,HIGH,Merged,CORE-05b,#27,P4-D15,FALSE,FALSE,Primary target from Pass #4 cluster-level consolidation view. Consolidation parent carried from the first explicit Finding reference in the frozen classification rationale/related set; related references are not exhaustive.
#1773,Spatial Ground Must Distinguish Hidden Content From Hidden Ground,DUPLICATE / NEAR-DUPLICATE,MERGE INTO STRONGER FINDING OR CLUSTER,Interpretation Independence,HIGH,Merged,CORE-05a,#20,P4-D15,FALSE,FALSE,Primary target from Pass #4 cluster-level consolidation view. Consolidation parent carried from the first explicit Finding reference in the frozen classification rationale/related set; related references are not exhaustive.
#1774,Spatial Ground Must Preserve Canonical Membership Independent of Authorization,DUPLICATE / NEAR-DUPLICATE,MERGE INTO STRONGER FINDING OR CLUSTER,Interpretation Independence,HIGH,Merged,CORE-05a,#20,P4-D15,FALSE,FALSE,Primary target from Pass #4 cluster-level consolidation view. Consolidation parent carried from the first explicit Finding reference in the frozen classification rationale/related set; related references are not exhaustive.
#1775,Spatial Ground Must Preserve Canonical Membership Independent of Authentication,DUPLICATE / NEAR-DUPLICATE,MERGE INTO STRONGER FINDING OR CLUSTER,Layer Boundaries,HIGH,Merged,BOUND-01,#20,P4-D15,FALSE,FALSE,Primary target from Pass #4 cluster-level consolidation view. Consolidation parent carried from the first explicit Finding reference in the frozen classification rationale/related set; related references are not exhaustive.
#1776,Spatial Ground Must Preserve Canonical Membership Independent of Identity Resolution,DUPLICATE / NEAR-DUPLICATE,MERGE INTO STRONGER FINDING OR CLUSTER,Layer Boundaries,HIGH,Merged,BOUND-01,#20,P4-D15,FALSE,FALSE,Primary target from Pass #4 cluster-level consolidation view. Consolidation parent carried from the first explicit Finding reference in the frozen classification rationale/related set; related references are not exhaustive.
#1777,Spatial Ground Must Preserve Place Through Identity-System Replacement,DUPLICATE / NEAR-DUPLICATE,MERGE INTO STRONGER FINDING OR CLUSTER,Layer Boundaries,HIGH,Merged,BOUND-01,#4,P4-D15,FALSE,FALSE,Primary target from Pass #4 cluster-level consolidation view. Consolidation parent carried from the first explicit Finding reference in the frozen classification rationale/related set; related references are not exhaustive.
#1778,Spatial Ground Must Preserve Place Through Rights-System Replacement,DUPLICATE / NEAR-DUPLICATE,MERGE INTO STRONGER FINDING OR CLUSTER,Rights / Governance Independence,HIGH,Merged,CORE-05a,#20,P4-D15,FALSE,FALSE,Primary target from Pass #4 cluster-level consolidation view. Consolidation parent carried from the first explicit Finding reference in the frozen classification rationale/related set; related references are not exhaustive.
#1779,Spatial Ground Must Preserve Place Through Governance-System Replacement,DUPLICATE / NEAR-DUPLICATE,MERGE INTO STRONGER FINDING OR CLUSTER,Rights / Governance Independence,HIGH,Merged,CORE-05a,#4,P4-D15,FALSE,FALSE,Primary target from Pass #4 cluster-level consolidation view. Consolidation parent carried from the first explicit Finding reference in the frozen classification rationale/related set; related references are not exhaustive.
#1780,Spatial Ground Must Preserve Place Through Economic-System Replacement,DUPLICATE / NEAR-DUPLICATE,MERGE INTO STRONGER FINDING OR CLUSTER,Interpretation Independence,HIGH,Merged,CORE-05a,#20,P4-D15,FALSE,FALSE,Primary target from Pass #4 cluster-level consolidation view. Consolidation parent carried from the first explicit Finding reference in the frozen classification rationale/related set; related references are not exhaustive.
#1781,Spatial Ground Must Preserve Place Through Social-System Replacement,DUPLICATE / NEAR-DUPLICATE,MERGE INTO STRONGER FINDING OR CLUSTER,Higher-Layer Independence,HIGH,Merged,CORE-05a,#4,P4-D15,FALSE,FALSE,Primary target from Pass #4 cluster-level consolidation view. Consolidation parent carried from the first explicit Finding reference in the frozen classification rationale/related set; related references are not exhaustive.
#1782,Spatial Ground Must Preserve Place Through Cultural-System Replacement,DUPLICATE / NEAR-DUPLICATE,MERGE INTO STRONGER FINDING OR CLUSTER,Interpretation Independence,HIGH,Merged,CORE-05a,#20,P4-D15,FALSE,FALSE,Primary target from Pass #4 cluster-level consolidation view. Consolidation parent carried from the first explicit Finding reference in the frozen classification rationale/related set; related references are not exhaustive.
#1783,Spatial Ground Must Preserve Place Through Symbolic Reinterpretation,DUPLICATE / NEAR-DUPLICATE,MERGE INTO STRONGER FINDING OR CLUSTER,Interpretation Independence,HIGH,Merged,CORE-05a,#4,P4-D15,FALSE,FALSE,Primary target from Pass #4 cluster-level consolidation view. Consolidation parent carried from the first explicit Finding reference in the frozen classification rationale/related set; related references are not exhaustive.
#1784,Spatial Ground Must Preserve Place Through Narrative Reinterpretation,DUPLICATE / NEAR-DUPLICATE,MERGE INTO STRONGER FINDING OR CLUSTER,Interpretation Independence,HIGH,Merged,CORE-05a,#4,P4-D15,FALSE,FALSE,Primary target from Pass #4 cluster-level consolidation view. Consolidation parent carried from the first explicit Finding reference in the frozen classification rationale/related set; related references are not exhaustive.
#1785,Spatial Ground Must Preserve Place Through Aesthetic Reinterpretation,DUPLICATE / NEAR-DUPLICATE,MERGE INTO STRONGER FINDING OR CLUSTER,Higher-Layer Independence,HIGH,Merged,CORE-05a,#4,P4-D15,FALSE,FALSE,Primary target from Pass #4 cluster-level consolidation view. Consolidation parent carried from the first explicit Finding reference in the frozen classification rationale/related set; related references are not exhaustive.
#1786,Spatial Ground Must Preserve Place Through Functional Reinterpretation,DUPLICATE / NEAR-DUPLICATE,MERGE INTO STRONGER FINDING OR CLUSTER,Interpretation Independence,HIGH,Merged,CORE-05a,#4,P4-D15,FALSE,FALSE,Primary target from Pass #4 cluster-level consolidation view. Consolidation parent carried from the first explicit Finding reference in the frozen classification rationale/related set; related references are not exhaustive.
#1787,Spatial Ground Must Preserve Place Through Technological Reinterpretation,DUPLICATE / NEAR-DUPLICATE,MERGE INTO STRONGER FINDING OR CLUSTER,Technology and Infrastructure Independence,HIGH,Merged,CORE-05b,#81,P4-D15,FALSE,FALSE,Primary target from Pass #4 cluster-level consolidation view. Consolidation parent carried from the first explicit Finding reference in the frozen classification rationale/related set; related references are not exhaustive.
#1788,Spatial Ground Must Preserve Place Through Scientific Reinterpretation,DUPLICATE / NEAR-DUPLICATE,MERGE INTO STRONGER FINDING OR CLUSTER,Higher-Layer Independence,HIGH,Merged,CORE-05a,#1791,P4-D15,FALSE,FALSE,Primary target from Pass #4 cluster-level consolidation view. Consolidation parent carried from the first explicit Finding reference in the frozen classification rationale/related set; related references are not exhaustive.
#1789,Spatial Ground Must Preserve Place Through Cartographic Reinterpretation,DUPLICATE / NEAR-DUPLICATE,MERGE INTO STRONGER FINDING OR CLUSTER,Representation Independence,HIGH,Merged,CORE-07,#29,P4-D15,FALSE,FALSE,Primary target from Pass #4 cluster-level consolidation view. Consolidation parent carried from the first explicit Finding reference in the frozen classification rationale/related set; related references are not exhaustive.
#1790,Spatial Ground Must Preserve Place Through Coordinate Presentation Change,DUPLICATE / NEAR-DUPLICATE,MERGE INTO STRONGER FINDING OR CLUSTER,Survey Dependency / Downward Contract,HIGH,Merged,DOWN-01,#12,P4-D15,FALSE,FALSE,Primary target from Pass #4 cluster-level consolidation view. Consolidation parent carried from the first explicit Finding reference in the frozen classification rationale/related set; related references are not exhaustive.
#1791,Spatial Ground Must Distinguish Spatial Discovery From Spatial Creation,DERIVED CONSEQUENCE,MERGE INTO STRONGER FINDING OR CLUSTER,Higher-Layer Independence,HIGH,Merged,CORE-05a,#4,P4-D15,FALSE,FALSE,Primary target from Pass #4 cluster-level consolidation view. Consolidation parent carried from the first explicit Finding reference in the frozen classification rationale/related set; related references are not exhaustive.
#1792,Spatial Ground Must Distinguish Spatial Description From Spatial Constitution,DUPLICATE / NEAR-DUPLICATE,MERGE INTO STRONGER FINDING OR CLUSTER,Higher-Layer Independence,HIGH,Merged,CORE-05a,#4,P4-D15,FALSE,FALSE,Primary target from Pass #4 cluster-level consolidation view. Consolidation parent carried from the first explicit Finding reference in the frozen classification rationale/related set; related references are not exhaustive.
#1793,Spatial Ground Must Distinguish Spatial Use From Spatial Existence,DUPLICATE / NEAR-DUPLICATE,MERGE INTO STRONGER FINDING OR CLUSTER,Higher-Layer Independence,HIGH,Merged,CORE-05a,#4,P4-D15,FALSE,FALSE,Primary target from Pass #4 cluster-level consolidation view. Consolidation parent carried from the first explicit Finding reference in the frozen classification rationale/related set; related references are not exhaustive.
#1794,Spatial Ground Must Distinguish Spatial Value From Spatial Existence,DUPLICATE / NEAR-DUPLICATE,MERGE INTO STRONGER FINDING OR CLUSTER,Interpretation Independence,HIGH,Merged,CORE-05a,#20,P4-D15,FALSE,FALSE,Primary target from Pass #4 cluster-level consolidation view. Consolidation parent carried from the first explicit Finding reference in the frozen classification rationale/related set; related references are not exhaustive.
#1795,Spatial Ground Must Distinguish Spatial Importance From Spatial Existence,DUPLICATE / NEAR-DUPLICATE,MERGE INTO STRONGER FINDING OR CLUSTER,Higher-Layer Independence,HIGH,Merged,CORE-05a,#4,P4-D15,FALSE,FALSE,Primary target from Pass #4 cluster-level consolidation view. Consolidation parent carried from the first explicit Finding reference in the frozen classification rationale/related set; related references are not exhaustive.
#1796,Spatial Ground Must Distinguish Spatial Representation From Spatial Reality Within BitPangea,DUPLICATE / NEAR-DUPLICATE,MERGE INTO STRONGER FINDING OR CLUSTER,Operational Non-Authority,HIGH,Merged,CORE-05c,#19,P4-D15,FALSE,FALSE,Primary target from Pass #4 cluster-level consolidation view. Consolidation parent carried from the first explicit Finding reference in the frozen classification rationale/related set; related references are not exhaustive.
#1797,Spatial Ground Must Preserve One Foundational Spatial Reality,DUPLICATE / NEAR-DUPLICATE,MERGE INTO STRONGER FINDING OR CLUSTER,Single Canonical Truth,HIGH,Merged,CORE-04,#8,P4-D15,FALSE,FALSE,Primary target from Pass #4 cluster-level consolidation view. Consolidation parent carried from the first explicit Finding reference in the frozen classification rationale/related set; related references are not exhaustive.
#1798,Higher Plurality Must Depend on Foundational Singularity,DUPLICATE / NEAR-DUPLICATE,MERGE INTO STRONGER FINDING OR CLUSTER,Upward Handoff,HIGH,Merged,UP-01,#8,P4-D15,FALSE,FALSE,Primary target from Pass #4 cluster-level consolidation view. Consolidation parent carried from the first explicit Finding reference in the frozen classification rationale/related set; related references are not exhaustive.
#1799,Spatial Ground Must Make Shared Place Possible,DUPLICATE / NEAR-DUPLICATE,MERGE INTO STRONGER FINDING OR CLUSTER,Core World-Space Membership,HIGH,Merged,CORE-01,#8,P4-D7,TRUE,FALSE,Item-level target override from Architectural Resolution Passes. Consolidation parent carried from the first explicit Finding reference in the frozen classification rationale/related set; related references are not exhaustive.
#1800,Spatial Ground Must Preserve Common Spatial Reality Across Generations,DUPLICATE / NEAR-DUPLICATE,MERGE INTO STRONGER FINDING OR CLUSTER,Change Control and Permanence,HIGH,Merged,CORE-06,#4,P4-D15,FALSE,FALSE,Primary target from Pass #4 cluster-level consolidation view. Consolidation parent carried from the first explicit Finding reference in the frozen classification rationale/related set; related references are not exhaustive.
#1801,Spatial Ground Must Distinguish Shared Reality From Shared Interpretation,DUPLICATE / NEAR-DUPLICATE,MERGE INTO STRONGER FINDING OR CLUSTER,Upward Handoff,HIGH,Merged,UP-01,#8,P4-D15,FALSE,FALSE,Primary target from Pass #4 cluster-level consolidation view. Consolidation parent carried from the first explicit Finding reference in the frozen classification rationale/related set; related references are not exhaustive.
#1802,Spatial Ground Must Preserve Common Reference Beneath Disagreement,DUPLICATE / NEAR-DUPLICATE,MERGE INTO STRONGER FINDING OR CLUSTER,Upward Handoff,HIGH,Merged,UP-01,#4,P4-D15,FALSE,FALSE,Primary target from Pass #4 cluster-level consolidation view. Consolidation parent carried from the first explicit Finding reference in the frozen classification rationale/related set; related references are not exhaustive.
#1803,Spatial Ground Must Enable Cross-System Spatial Reconciliation,DUPLICATE / NEAR-DUPLICATE,MERGE INTO STRONGER FINDING OR CLUSTER,Canonical Equivalence,HIGH,Merged,DEF-05,#8,P4-D15,FALSE,FALSE,Primary target from Pass #4 cluster-level consolidation view. Consolidation parent carried from the first explicit Finding reference in the frozen classification rationale/related set; related references are not exhaustive.
#1804,Spatial Ground Must Enable Cross-Temporal Spatial Reconciliation,DUPLICATE / NEAR-DUPLICATE,MERGE INTO STRONGER FINDING OR CLUSTER,Canonical Equivalence,HIGH,Merged,DEF-05,#4,P4-D15,FALSE,FALSE,Primary target from Pass #4 cluster-level consolidation view. Consolidation parent carried from the first explicit Finding reference in the frozen classification rationale/related set; related references are not exhaustive.
#1805,Spatial Ground Must Enable Cross-Institutional Spatial Reconciliation,DUPLICATE / NEAR-DUPLICATE,MERGE INTO STRONGER FINDING OR CLUSTER,Canonical Equivalence,HIGH,Merged,DEF-05,#26,P4-D15,FALSE,FALSE,Primary target from Pass #4 cluster-level consolidation view. Consolidation parent carried from the first explicit Finding reference in the frozen classification rationale/related set; related references are not exhaustive.
#1806,Spatial Ground Must Enable Cross-Representation Spatial Reconciliation,DUPLICATE / NEAR-DUPLICATE,MERGE INTO STRONGER FINDING OR CLUSTER,Representation Independence,HIGH,Merged,CORE-07,#48,P4-D15,FALSE,FALSE,Primary target from Pass #4 cluster-level consolidation view. Consolidation parent carried from the first explicit Finding reference in the frozen classification rationale/related set; related references are not exhaustive.
#1807,Spatial Ground Must Make Spatial Disagreement Explicit,DUPLICATE / NEAR-DUPLICATE,MERGE INTO STRONGER FINDING OR CLUSTER,Canonical Equivalence,HIGH,Merged,DEF-05,#1810,P4-D15,FALSE,FALSE,Primary target from Pass #4 cluster-level consolidation view. Consolidation parent carried from the first explicit Finding reference in the frozen classification rationale/related set; related references are not exhaustive.
#1808,Spatial Ground Must Prevent False Place Equivalence,DUPLICATE / NEAR-DUPLICATE,MERGE INTO STRONGER FINDING OR CLUSTER,Canonical Equivalence,HIGH,Merged,DEF-05,#15,P4-D15,FALSE,FALSE,Primary target from Pass #4 cluster-level consolidation view. Consolidation parent carried from the first explicit Finding reference in the frozen classification rationale/related set; related references are not exhaustive.
#1809,Spatial Ground Must Prevent False Place Distinction,DUPLICATE / NEAR-DUPLICATE,MERGE INTO STRONGER FINDING OR CLUSTER,Canonical Equivalence,HIGH,Merged,DEF-05,#216,P4-D15,FALSE,FALSE,Primary target from Pass #4 cluster-level consolidation view. Consolidation parent carried from the first explicit Finding reference in the frozen classification rationale/related set; related references are not exhaustive.
#1810,Spatial Ground Must Preserve Canonical Place Equality,DERIVED CONSEQUENCE,MERGE INTO STRONGER FINDING OR CLUSTER,Canonical Equivalence,HIGH,Merged,DEF-05,#12,P4-D15,FALSE,FALSE,Primary target from Pass #4 cluster-level consolidation view. Consolidation parent carried from the first explicit Finding reference in the frozen classification rationale/related set; related references are not exhaustive.
#1811,Spatial Ground Must Preserve Canonical Place Inequality,DUPLICATE / NEAR-DUPLICATE,MERGE INTO STRONGER FINDING OR CLUSTER,Canonical Equivalence,HIGH,Merged,DEF-05,#1810,P4-D15,FALSE,FALSE,Primary target from Pass #4 cluster-level consolidation view. Consolidation parent carried from the first explicit Finding reference in the frozen classification rationale/related set; related references are not exhaustive.
#1812,Spatial Ground Must Distinguish Equality From Proximity,DUPLICATE / NEAR-DUPLICATE,MERGE INTO STRONGER FINDING OR CLUSTER,Canonical Equivalence,HIGH,Merged,DEF-05,#15,P4-D15,FALSE,FALSE,Primary target from Pass #4 cluster-level consolidation view. Consolidation parent carried from the first explicit Finding reference in the frozen classification rationale/related set; related references are not exhaustive.
#1813,Spatial Ground Must Distinguish Equality From Adjacency,DUPLICATE / NEAR-DUPLICATE,MERGE INTO STRONGER FINDING OR CLUSTER,Canonical Equivalence,HIGH,Merged,DEF-05,#1810,P4-D15,FALSE,FALSE,Primary target from Pass #4 cluster-level consolidation view. Consolidation parent carried from the first explicit Finding reference in the frozen classification rationale/related set; related references are not exhaustive.
#1814,Spatial Ground Must Distinguish Equality From Overlap,DUPLICATE / NEAR-DUPLICATE,MERGE INTO STRONGER FINDING OR CLUSTER,Canonical Equivalence,HIGH,Merged,DEF-05,#1111,P4-D15,FALSE,FALSE,Primary target from Pass #4 cluster-level consolidation view. Consolidation parent carried from the first explicit Finding reference in the frozen classification rationale/related set; related references are not exhaustive.
#1815,Spatial Ground Must Distinguish Equality From Containment,DUPLICATE / NEAR-DUPLICATE,MERGE INTO STRONGER FINDING OR CLUSTER,Canonical Equivalence,HIGH,Merged,DEF-05,#1111,P4-D15,FALSE,FALSE,Primary target from Pass #4 cluster-level consolidation view. Consolidation parent carried from the first explicit Finding reference in the frozen classification rationale/related set; related references are not exhaustive.
#1816,Spatial Ground Must Distinguish Equality From Common Ownership,DUPLICATE / NEAR-DUPLICATE,MERGE INTO STRONGER FINDING OR CLUSTER,Rights / Governance Independence,HIGH,Merged,CORE-05a,#20,P4-D15,FALSE,FALSE,Primary target from Pass #4 cluster-level consolidation view. Consolidation parent carried from the first explicit Finding reference in the frozen classification rationale/related set; related references are not exhaustive.
#1817,Spatial Ground Must Distinguish Equality From Common Naming,DUPLICATE / NEAR-DUPLICATE,MERGE INTO STRONGER FINDING OR CLUSTER,Interpretation Independence,HIGH,Merged,CORE-05a,#4,P4-D15,FALSE,FALSE,Primary target from Pass #4 cluster-level consolidation view. Consolidation parent carried from the first explicit Finding reference in the frozen classification rationale/related set; related references are not exhaustive.
#1818,Spatial Ground Must Distinguish Equality From Common Function,DUPLICATE / NEAR-DUPLICATE,MERGE INTO STRONGER FINDING OR CLUSTER,Interpretation Independence,HIGH,Merged,CORE-05a,#20,P4-D15,FALSE,FALSE,Primary target from Pass #4 cluster-level consolidation view. Consolidation parent carried from the first explicit Finding reference in the frozen classification rationale/related set; related references are not exhaustive.
#1819,Spatial Ground Must Preserve Spatial Identity Independently of Semantic Identity,DUPLICATE / NEAR-DUPLICATE,MERGE INTO STRONGER FINDING OR CLUSTER,Higher-Layer Independence,HIGH,Merged,CORE-05a,#4,P4-D15,FALSE,FALSE,Primary target from Pass #4 cluster-level consolidation view. Consolidation parent carried from the first explicit Finding reference in the frozen classification rationale/related set; related references are not exhaustive.
#1820,Spatial Ground Must Preserve Semantic Identity Independently of Spatial Identity,DUPLICATE / NEAR-DUPLICATE,MERGE INTO STRONGER FINDING OR CLUSTER,Higher-Layer Independence,HIGH,Merged,CORE-05a,#4,P4-D15,FALSE,FALSE,Primary target from Pass #4 cluster-level consolidation view. Consolidation parent carried from the first explicit Finding reference in the frozen classification rationale/related set; related references are not exhaustive.
#1821,Spatial Ground Must Distinguish Place Identity From Entity Identity,DUPLICATE / NEAR-DUPLICATE,MERGE INTO STRONGER FINDING OR CLUSTER,Higher-Layer Independence,HIGH,Merged,CORE-05a,#4,P4-D15,FALSE,FALSE,Primary target from Pass #4 cluster-level consolidation view. Consolidation parent carried from the first explicit Finding reference in the frozen classification rationale/related set; related references are not exhaustive.
#1822,Spatial Ground Must Preserve Place When Entities Move,DUPLICATE / NEAR-DUPLICATE,MERGE INTO STRONGER FINDING OR CLUSTER,Higher-Layer Independence,HIGH,Merged,CORE-05a,#4,P4-D15,FALSE,FALSE,Primary target from Pass #4 cluster-level consolidation view. Consolidation parent carried from the first explicit Finding reference in the frozen classification rationale/related set; related references are not exhaustive.
#1823,Spatial Ground Must Preserve Place When Entities Merge,DUPLICATE / NEAR-DUPLICATE,MERGE INTO STRONGER FINDING OR CLUSTER,Higher-Layer Independence,HIGH,Merged,CORE-05a,#4,P4-D15,FALSE,FALSE,Primary target from Pass #4 cluster-level consolidation view. Consolidation parent carried from the first explicit Finding reference in the frozen classification rationale/related set; related references are not exhaustive.
#1824,Spatial Ground Must Preserve Place When Entities Split,DUPLICATE / NEAR-DUPLICATE,MERGE INTO STRONGER FINDING OR CLUSTER,Higher-Layer Independence,HIGH,Merged,CORE-05a,#4,P4-D15,FALSE,FALSE,Primary target from Pass #4 cluster-level consolidation view. Consolidation parent carried from the first explicit Finding reference in the frozen classification rationale/related set; related references are not exhaustive.
#1825,Spatial Ground Must Preserve Place When Entities Cease to Exist,DUPLICATE / NEAR-DUPLICATE,MERGE INTO STRONGER FINDING OR CLUSTER,Higher-Layer Independence,HIGH,Merged,CORE-05a,#4,P4-D15,FALSE,FALSE,Primary target from Pass #4 cluster-level consolidation view. Consolidation parent carried from the first explicit Finding reference in the frozen classification rationale/related set; related references are not exhaustive.
#1826,Spatial Ground Must Preserve Place Before Entity Creation,DUPLICATE / NEAR-DUPLICATE,MERGE INTO STRONGER FINDING OR CLUSTER,Higher-Layer Independence,HIGH,Merged,CORE-05a,#4,P4-D15,FALSE,FALSE,Primary target from Pass #4 cluster-level consolidation view. Consolidation parent carried from the first explicit Finding reference in the frozen classification rationale/related set; related references are not exhaustive.
#1827,Spatial Ground Must Preserve Place After Entity Destruction,DUPLICATE / NEAR-DUPLICATE,MERGE INTO STRONGER FINDING OR CLUSTER,Higher-Layer Independence,HIGH,Merged,CORE-05a,#4,P4-D15,FALSE,FALSE,Primary target from Pass #4 cluster-level consolidation view. Consolidation parent carried from the first explicit Finding reference in the frozen classification rationale/related set; related references are not exhaustive.
#1828,Spatial Ground Must Distinguish Spatial Persistence From Object Persistence,DUPLICATE / NEAR-DUPLICATE,MERGE INTO STRONGER FINDING OR CLUSTER,Higher-Layer Independence,HIGH,Merged,CORE-05a,#4,P4-D15,FALSE,FALSE,Primary target from Pass #4 cluster-level consolidation view. Consolidation parent carried from the first explicit Finding reference in the frozen classification rationale/related set; related references are not exhaustive.
#1829,Spatial Ground Must Distinguish Spatial Identity From Object Coordinates,DUPLICATE / NEAR-DUPLICATE,MERGE INTO STRONGER FINDING OR CLUSTER,Upward Handoff,HIGH,Merged,UP-01,#19,P4-D15,FALSE,FALSE,Primary target from Pass #4 cluster-level consolidation view. Consolidation parent carried from the first explicit Finding reference in the frozen classification rationale/related set; related references are not exhaustive.
#1830,Spatial Ground Must Support Stable Spatial Anchoring,DUPLICATE / NEAR-DUPLICATE,MERGE INTO STRONGER FINDING OR CLUSTER,Upward Handoff,HIGH,Merged,UP-01,#4,P4-D15,FALSE,FALSE,Primary target from Pass #4 cluster-level consolidation view. Consolidation parent carried from the first explicit Finding reference in the frozen classification rationale/related set; related references are not exhaustive.
#1831,Spatial Ground Must Support Multiple Anchors to the Same Place,DUPLICATE / NEAR-DUPLICATE,MERGE INTO STRONGER FINDING OR CLUSTER,Upward Handoff,HIGH,Merged,UP-01,#8,P4-D15,FALSE,FALSE,Primary target from Pass #4 cluster-level consolidation view. Consolidation parent carried from the first explicit Finding reference in the frozen classification rationale/related set; related references are not exhaustive.
#1832,Spatial Ground Must Support One Entity Across Multiple Places Where Higher Architecture Allows,DUPLICATE / NEAR-DUPLICATE,MERGE INTO STRONGER FINDING OR CLUSTER,Upward Handoff,HIGH,Merged,UP-01,#8,P4-D15,FALSE,FALSE,Primary target from Pass #4 cluster-level consolidation view. Consolidation parent carried from the first explicit Finding reference in the frozen classification rationale/related set; related references are not exhaustive.
#1833,Spatial Ground Must Remain Neutral to Spatial Occupancy Rules,DUPLICATE / NEAR-DUPLICATE,MERGE INTO STRONGER FINDING OR CLUSTER,Interpretation Independence,HIGH,Merged,CORE-05a,#20,P4-D15,FALSE,FALSE,Primary target from Pass #4 cluster-level consolidation view. Consolidation parent carried from the first explicit Finding reference in the frozen classification rationale/related set; related references are not exhaustive.
#1834,Spatial Ground Must Remain Neutral to Exclusivity Rules,DUPLICATE / NEAR-DUPLICATE,MERGE INTO STRONGER FINDING OR CLUSTER,Rights / Governance Independence,HIGH,Merged,CORE-05a,#20,P4-D15,FALSE,FALSE,Primary target from Pass #4 cluster-level consolidation view. Consolidation parent carried from the first explicit Finding reference in the frozen classification rationale/related set; related references are not exhaustive.
#1835,Spatial Ground Must Remain Neutral to Collision Rules,DUPLICATE / NEAR-DUPLICATE,MERGE INTO STRONGER FINDING OR CLUSTER,Runtime Independence,HIGH,Merged,CORE-05a,#4,P4-D15,FALSE,FALSE,Primary target from Pass #4 cluster-level consolidation view. Consolidation parent carried from the first explicit Finding reference in the frozen classification rationale/related set; related references are not exhaustive.
#1836,Spatial Ground Must Remain Neutral to Capacity Rules,DUPLICATE / NEAR-DUPLICATE,MERGE INTO STRONGER FINDING OR CLUSTER,Interpretation Independence,HIGH,Merged,CORE-05a,#20,P4-D15,FALSE,FALSE,Primary target from Pass #4 cluster-level consolidation view. Consolidation parent carried from the first explicit Finding reference in the frozen classification rationale/related set; related references are not exhaustive.
#1837,Spatial Ground Must Remain Neutral to Density Rules,DUPLICATE / NEAR-DUPLICATE,MERGE INTO STRONGER FINDING OR CLUSTER,Interpretation Independence,HIGH,Merged,CORE-05a,#4,P4-D15,FALSE,FALSE,Primary target from Pass #4 cluster-level consolidation view. Consolidation parent carried from the first explicit Finding reference in the frozen classification rationale/related set; related references are not exhaustive.
#1838,Spatial Ground Must Remain Neutral to Scarcity Rules,DUPLICATE / NEAR-DUPLICATE,MERGE INTO STRONGER FINDING OR CLUSTER,Interpretation Independence,HIGH,Merged,CORE-05a,#20,P4-D15,FALSE,FALSE,Primary target from Pass #4 cluster-level consolidation view. Consolidation parent carried from the first explicit Finding reference in the frozen classification rationale/related set; related references are not exhaustive.
#1839,Spatial Ground Must Preserve Place Independent of Economic Scarcity,DUPLICATE / NEAR-DUPLICATE,MERGE INTO STRONGER FINDING OR CLUSTER,Interpretation Independence,HIGH,Merged,CORE-05a,#20,P4-D15,FALSE,FALSE,Primary target from Pass #4 cluster-level consolidation view. Consolidation parent carried from the first explicit Finding reference in the frozen classification rationale/related set; related references are not exhaustive.
#1840,Spatial Ground Must Preserve Place Independent of Social Scarcity,DUPLICATE / NEAR-DUPLICATE,MERGE INTO STRONGER FINDING OR CLUSTER,Interpretation Independence,HIGH,Merged,CORE-05a,#20,P4-D15,FALSE,FALSE,Primary target from Pass #4 cluster-level consolidation view. Consolidation parent carried from the first explicit Finding reference in the frozen classification rationale/related set; related references are not exhaustive.
#1841,Spatial Ground Must Preserve Place Independent of Computational Scarcity,DUPLICATE / NEAR-DUPLICATE,MERGE INTO STRONGER FINDING OR CLUSTER,Runtime Independence,HIGH,Merged,CORE-05a,#4,P4-D15,FALSE,FALSE,Primary target from Pass #4 cluster-level consolidation view. Consolidation parent carried from the first explicit Finding reference in the frozen classification rationale/related set; related references are not exhaustive.
#1842,Spatial Ground Must Preserve Place Independent of Attention,DUPLICATE / NEAR-DUPLICATE,MERGE INTO STRONGER FINDING OR CLUSTER,Higher-Layer Independence,HIGH,Merged,CORE-05a,#4,P4-D15,FALSE,FALSE,Primary target from Pass #4 cluster-level consolidation view. Consolidation parent carried from the first explicit Finding reference in the frozen classification rationale/related set; related references are not exhaustive.
#1843,Spatial Ground Must Preserve Place Independent of Discovery Order,DUPLICATE / NEAR-DUPLICATE,MERGE INTO STRONGER FINDING OR CLUSTER,Higher-Layer Independence,HIGH,Merged,CORE-05a,#4,P4-D15,FALSE,FALSE,Primary target from Pass #4 cluster-level consolidation view. Consolidation parent carried from the first explicit Finding reference in the frozen classification rationale/related set; related references are not exhaustive.
#1844,Spatial Ground Must Preserve Place Independent of Documentation Order,DUPLICATE / NEAR-DUPLICATE,MERGE INTO STRONGER FINDING OR CLUSTER,Canonical Equivalence,HIGH,Merged,DEF-05,#215,P4-D15,FALSE,FALSE,Primary target from Pass #4 cluster-level consolidation view. Consolidation parent carried from the first explicit Finding reference in the frozen classification rationale/related set; related references are not exhaustive.
#1845,Spatial Ground Must Preserve Place Independent of Processing Priority,DUPLICATE / NEAR-DUPLICATE,MERGE INTO STRONGER FINDING OR CLUSTER,Canonical Equivalence,HIGH,Merged,DEF-05,#215,P4-D15,FALSE,FALSE,Primary target from Pass #4 cluster-level consolidation view. Consolidation parent carried from the first explicit Finding reference in the frozen classification rationale/related set; related references are not exhaustive.
#1846,Spatial Ground Must Preserve Place Independent of Index Priority,DUPLICATE / NEAR-DUPLICATE,MERGE INTO STRONGER FINDING OR CLUSTER,Operational Non-Authority,HIGH,Merged,CORE-05c,#19,P4-D15,FALSE,FALSE,Primary target from Pass #4 cluster-level consolidation view. Consolidation parent carried from the first explicit Finding reference in the frozen classification rationale/related set; related references are not exhaustive.
#1847,Spatial Ground Must Preserve Place Independent of Rendering Priority,DUPLICATE / NEAR-DUPLICATE,MERGE INTO STRONGER FINDING OR CLUSTER,Operational Non-Authority,HIGH,Merged,CORE-05c,#19,P4-D15,FALSE,FALSE,Primary target from Pass #4 cluster-level consolidation view. Consolidation parent carried from the first explicit Finding reference in the frozen classification rationale/related set; related references are not exhaustive.
#1848,Spatial Ground Must Preserve Place Independent of Simulation Priority,DUPLICATE / NEAR-DUPLICATE,MERGE INTO STRONGER FINDING OR CLUSTER,Runtime Independence,HIGH,Merged,CORE-05a,#4,P4-D15,FALSE,FALSE,Primary target from Pass #4 cluster-level consolidation view. Consolidation parent carried from the first explicit Finding reference in the frozen classification rationale/related set; related references are not exhaustive.
#1849,Spatial Ground Must Preserve Place Independent of Institutional Attention,DUPLICATE / NEAR-DUPLICATE,MERGE INTO STRONGER FINDING OR CLUSTER,Higher-Layer Independence,HIGH,Merged,CORE-05a,#4,P4-D15,FALSE,FALSE,Primary target from Pass #4 cluster-level consolidation view. Consolidation parent carried from the first explicit Finding reference in the frozen classification rationale/related set; related references are not exhaustive.
#1850,Spatial Ground Must Preserve Equal Canonical Reality Across World-Space,DERIVED CONSEQUENCE,MERGE INTO STRONGER FINDING OR CLUSTER,Exact Membership and Boundary Resolution,HIGH,Merged,CORE-03,#15,P4-D15,TRUE,FALSE,Primary target from Pass #4 cluster-level consolidation view. Consolidation parent carried from the first explicit Finding reference in the frozen classification rationale/related set; related references are not exhaustive.
#1851,Spatial Ground Must Distinguish Equal Canonical Reality From Equal Higher-Layer Treatment,DUPLICATE / NEAR-DUPLICATE,MERGE INTO STRONGER FINDING OR CLUSTER,Exact Membership and Boundary Resolution,HIGH,Merged,CORE-03,#1850,P4-D15,FALSE,FALSE,Primary target from Pass #4 cluster-level consolidation view. Consolidation parent carried from the first explicit Finding reference in the frozen classification rationale/related set; related references are not exhaustive.
#1852,Spatial Ground Must Preserve Foundational Equality of Place,DUPLICATE / NEAR-DUPLICATE,MERGE INTO STRONGER FINDING OR CLUSTER,Exact Membership and Boundary Resolution,HIGH,Merged,CORE-03,#1850,P4-D15,FALSE,FALSE,Primary target from Pass #4 cluster-level consolidation view. Consolidation parent carried from the first explicit Finding reference in the frozen classification rationale/related set; related references are not exhaustive.
#1853,Spatial Ground Must Not Encode Prestige,DUPLICATE / NEAR-DUPLICATE,MERGE INTO STRONGER FINDING OR CLUSTER,Minimality and Semantic Restraint,HIGH,Merged,BOUND-01,#20,P4-D15,FALSE,FALSE,Primary target from Pass #4 cluster-level consolidation view. Consolidation parent carried from the first explicit Finding reference in the frozen classification rationale/related set; related references are not exhaustive.
#1854,Spatial Ground Must Not Encode Priority,DUPLICATE / NEAR-DUPLICATE,MERGE INTO STRONGER FINDING OR CLUSTER,Minimality and Semantic Restraint,HIGH,Merged,BOUND-01,#1850,P4-D15,FALSE,FALSE,Primary target from Pass #4 cluster-level consolidation view. Consolidation parent carried from the first explicit Finding reference in the frozen classification rationale/related set; related references are not exhaustive.
#1855,Spatial Ground Must Not Encode Rank,DUPLICATE / NEAR-DUPLICATE,MERGE INTO STRONGER FINDING OR CLUSTER,Minimality and Semantic Restraint,HIGH,Merged,BOUND-01,#20,P4-D15,FALSE,FALSE,Primary target from Pass #4 cluster-level consolidation view. Consolidation parent carried from the first explicit Finding reference in the frozen classification rationale/related set; related references are not exhaustive.
#1856,Spatial Ground Must Not Encode Preferred Development,DUPLICATE / NEAR-DUPLICATE,MERGE INTO STRONGER FINDING OR CLUSTER,Minimality and Semantic Restraint,HIGH,Merged,BOUND-01,#20,P4-D15,FALSE,FALSE,Primary target from Pass #4 cluster-level consolidation view. Consolidation parent carried from the first explicit Finding reference in the frozen classification rationale/related set; related references are not exhaustive.
#1857,Spatial Ground Must Not Encode Preferred Experience,DUPLICATE / NEAR-DUPLICATE,MERGE INTO STRONGER FINDING OR CLUSTER,Minimality and Semantic Restraint,HIGH,Merged,BOUND-01,#20,P4-D15,FALSE,FALSE,Primary target from Pass #4 cluster-level consolidation view. Consolidation parent carried from the first explicit Finding reference in the frozen classification rationale/related set; related references are not exhaustive.
#1858,Spatial Ground Must Not Encode Preferred Ownership,DUPLICATE / NEAR-DUPLICATE,MERGE INTO STRONGER FINDING OR CLUSTER,Rights / Governance Independence,HIGH,Merged,CORE-05a,#20,P4-D15,FALSE,FALSE,Primary target from Pass #4 cluster-level consolidation view. Consolidation parent carried from the first explicit Finding reference in the frozen classification rationale/related set; related references are not exhaustive.
#1859,Spatial Ground Must Not Encode Preferred Access,DUPLICATE / NEAR-DUPLICATE,MERGE INTO STRONGER FINDING OR CLUSTER,Interpretation Independence,HIGH,Merged,CORE-05a,#20,P4-D15,FALSE,FALSE,Primary target from Pass #4 cluster-level consolidation view. Consolidation parent carried from the first explicit Finding reference in the frozen classification rationale/related set; related references are not exhaustive.
#1860,Spatial Ground Must Not Encode Preferred Economic Function,DUPLICATE / NEAR-DUPLICATE,MERGE INTO STRONGER FINDING OR CLUSTER,Interpretation Independence,HIGH,Merged,CORE-05a,#20,P4-D15,FALSE,FALSE,Primary target from Pass #4 cluster-level consolidation view. Consolidation parent carried from the first explicit Finding reference in the frozen classification rationale/related set; related references are not exhaustive.
#1861,Spatial Ground Must Preserve Place Beneath Hierarchy,DUPLICATE / NEAR-DUPLICATE,MERGE INTO STRONGER FINDING OR CLUSTER,Minimality and Semantic Restraint,HIGH,Merged,BOUND-01,#20,P4-D15,FALSE,FALSE,Primary target from Pass #4 cluster-level consolidation view. Consolidation parent carried from the first explicit Finding reference in the frozen classification rationale/related set; related references are not exhaustive.
#1862,Spatial Ground Must Preserve Place Beneath Jurisdiction,DUPLICATE / NEAR-DUPLICATE,MERGE INTO STRONGER FINDING OR CLUSTER,Rights / Governance Independence,HIGH,Merged,CORE-05a,#4,P4-D15,FALSE,FALSE,Primary target from Pass #4 cluster-level consolidation view. Consolidation parent carried from the first explicit Finding reference in the frozen classification rationale/related set; related references are not exhaustive.
#1863,Spatial Ground Must Preserve Place Beneath Territorial Claims,DUPLICATE / NEAR-DUPLICATE,MERGE INTO STRONGER FINDING OR CLUSTER,Single Canonical Truth,HIGH,Merged,CORE-04,#8,P4-D15,FALSE,FALSE,Primary target from Pass #4 cluster-level consolidation view. Consolidation parent carried from the first explicit Finding reference in the frozen classification rationale/related set; related references are not exhaustive.
#1864,Spatial Ground Must Distinguish Territorial Authority From Spatial Authority,DUPLICATE / NEAR-DUPLICATE,MERGE INTO STRONGER FINDING OR CLUSTER,Rights / Governance Independence,HIGH,Merged,CORE-05a,#4,P4-D15,FALSE,FALSE,Primary target from Pass #4 cluster-level consolidation view. Consolidation parent carried from the first explicit Finding reference in the frozen classification rationale/related set; related references are not exhaustive.
#1865,Spatial Ground Must Preserve Place Beneath Disputed Rights,DUPLICATE / NEAR-DUPLICATE,MERGE INTO STRONGER FINDING OR CLUSTER,Rights / Governance Independence,HIGH,Merged,CORE-05a,#8,P4-D15,FALSE,FALSE,Primary target from Pass #4 cluster-level consolidation view. Consolidation parent carried from the first explicit Finding reference in the frozen classification rationale/related set; related references are not exhaustive.
#1866,Spatial Ground Must Preserve Place Beneath Disputed Interpretation,DUPLICATE / NEAR-DUPLICATE,MERGE INTO STRONGER FINDING OR CLUSTER,Interpretation Independence,HIGH,Merged,CORE-05a,#8,P4-D15,FALSE,FALSE,Primary target from Pass #4 cluster-level consolidation view. Consolidation parent carried from the first explicit Finding reference in the frozen classification rationale/related set; related references are not exhaustive.
#1867,Spatial Ground Must Preserve Place Beneath Disputed Naming,DUPLICATE / NEAR-DUPLICATE,MERGE INTO STRONGER FINDING OR CLUSTER,Interpretation Independence,HIGH,Merged,CORE-05a,#4,P4-D15,FALSE,FALSE,Primary target from Pass #4 cluster-level consolidation view. Consolidation parent carried from the first explicit Finding reference in the frozen classification rationale/related set; related references are not exhaustive.
#1868,Spatial Ground Must Preserve Place Beneath Disputed Boundaries Above It,DUPLICATE / NEAR-DUPLICATE,MERGE INTO STRONGER FINDING OR CLUSTER,Layer Boundaries,HIGH,Merged,BOUND-01,#23,P4-D15,FALSE,FALSE,Primary target from Pass #4 cluster-level consolidation view. Consolidation parent carried from the first explicit Finding reference in the frozen classification rationale/related set; related references are not exhaustive.
#1869,Spatial Ground Must Preserve Layered Boundary Independence,DERIVED CONSEQUENCE,MERGE INTO STRONGER FINDING OR CLUSTER,Layer Boundaries,HIGH,Merged,BOUND-01,#20,P4-D15,FALSE,FALSE,Primary target from Pass #4 cluster-level consolidation view. Consolidation parent carried from the first explicit Finding reference in the frozen classification rationale/related set; related references are not exhaustive.
#1870,Spatial Ground Must Distinguish Coincidence From Identity,DERIVED CONSEQUENCE,MERGE INTO STRONGER FINDING OR CLUSTER,Layer Boundaries,HIGH,Merged,BOUND-01,#1869,P4-D15,TRUE,FALSE,Primary target from Pass #4 cluster-level consolidation view. Consolidation parent carried from the first explicit Finding reference in the frozen classification rationale/related set; related references are not exhaustive.
#1871,Spatial Ground Must Permit Boundary Coincidence Without Semantic Collapse,DUPLICATE / NEAR-DUPLICATE,MERGE INTO STRONGER FINDING OR CLUSTER,Layer Boundaries,HIGH,Merged,BOUND-01,#1869,P4-D15,FALSE,FALSE,Primary target from Pass #4 cluster-level consolidation view. Consolidation parent carried from the first explicit Finding reference in the frozen classification rationale/related set; related references are not exhaustive.
#1872,Spatial Ground Must Preserve Independent Boundary Lifecycles,DUPLICATE / NEAR-DUPLICATE,MERGE INTO STRONGER FINDING OR CLUSTER,Change Control and Permanence,HIGH,Merged,CORE-06,#4,P4-D15,FALSE,FALSE,Primary target from Pass #4 cluster-level consolidation view. Consolidation parent carried from the first explicit Finding reference in the frozen classification rationale/related set; related references are not exhaustive.
#1873,Spatial Ground Must Preserve Boundary Meaning Across Higher Change,DUPLICATE / NEAR-DUPLICATE,MERGE INTO STRONGER FINDING OR CLUSTER,Change Control and Permanence,HIGH,Merged,CORE-06,#4,P4-D15,FALSE,FALSE,Primary target from Pass #4 cluster-level consolidation view. Consolidation parent carried from the first explicit Finding reference in the frozen classification rationale/related set; related references are not exhaustive.
#1874,Spatial Ground Must Prevent Boundary Meaning From Being Inherited Upward Automatically,DERIVED CONSEQUENCE,MERGE INTO STRONGER FINDING OR CLUSTER,Upward Handoff,HIGH,Merged,UP-01,#1869,P4-D15,FALSE,FALSE,Primary target from Pass #4 cluster-level consolidation view. Consolidation parent carried from the first explicit Finding reference in the frozen classification rationale/related set; related references are not exhaustive.
#1875,Spatial Ground Must Prevent Higher Boundary Meaning From Being Inherited Downward,DUPLICATE / NEAR-DUPLICATE,MERGE INTO STRONGER FINDING OR CLUSTER,Layer Boundaries,HIGH,Merged,BOUND-01,#20,P4-D15,FALSE,FALSE,Primary target from Pass #4 cluster-level consolidation view. Consolidation parent carried from the first explicit Finding reference in the frozen classification rationale/related set; related references are not exhaustive.
#1876,Spatial Ground Must Support Independent Boundary Referencing,DERIVED CONSEQUENCE,MERGE INTO STRONGER FINDING OR CLUSTER,Upward Handoff,HIGH,Merged,UP-01,#1869,P4-D15,FALSE,FALSE,Primary target from Pass #4 cluster-level consolidation view. Consolidation parent carried from the first explicit Finding reference in the frozen classification rationale/related set; related references are not exhaustive.
#1877,Spatial Ground Must Support Independent Boundary Validation,DUPLICATE / NEAR-DUPLICATE,MERGE INTO STRONGER FINDING OR CLUSTER,Conformance and Validation,HIGH,Merged,DEF-04,#4,P4-D15,FALSE,FALSE,Primary target from Pass #4 cluster-level consolidation view. Consolidation parent carried from the first explicit Finding reference in the frozen classification rationale/related set; related references are not exhaustive.
#1878,Spatial Ground Must Preserve Membership if Higher Boundaries Fail,DUPLICATE / NEAR-DUPLICATE,MERGE INTO STRONGER FINDING OR CLUSTER,Higher-Layer Independence,HIGH,Merged,CORE-05a,#4,P4-D15,FALSE,FALSE,Primary target from Pass #4 cluster-level consolidation view. Consolidation parent carried from the first explicit Finding reference in the frozen classification rationale/related set; related references are not exhaustive.
#1879,Spatial Ground Must Preserve Membership if Higher Geometry Fails,DUPLICATE / NEAR-DUPLICATE,MERGE INTO STRONGER FINDING OR CLUSTER,Higher-Layer Independence,HIGH,Merged,CORE-05a,#4,P4-D15,FALSE,FALSE,Primary target from Pass #4 cluster-level consolidation view. Consolidation parent carried from the first explicit Finding reference in the frozen classification rationale/related set; related references are not exhaustive.
#1880,Spatial Ground Must Preserve Membership if Higher Metadata Fails,DUPLICATE / NEAR-DUPLICATE,MERGE INTO STRONGER FINDING OR CLUSTER,Preservation and Archival Survival,HIGH,Merged,Preservation Register,#4,P4-D15,FALSE,FALSE,Primary target from Pass #4 cluster-level consolidation view. Consolidation parent carried from the first explicit Finding reference in the frozen classification rationale/related set; related references are not exhaustive.
#1881,Spatial Ground Must Preserve Place Under Total Higher-Layer Reset,DUPLICATE / NEAR-DUPLICATE,MERGE INTO STRONGER FINDING OR CLUSTER,Higher-Layer Independence,HIGH,Merged,CORE-05a,#4,P4-D15,FALSE,FALSE,Primary target from Pass #4 cluster-level consolidation view. Consolidation parent carried from the first explicit Finding reference in the frozen classification rationale/related set; related references are not exhaustive.
#1882,Spatial Ground Must Serve as the Recovery Anchor for Higher Space,DUPLICATE / NEAR-DUPLICATE,MERGE INTO STRONGER FINDING OR CLUSTER,Upward Handoff,HIGH,Merged,UP-01,#4,P4-D15,FALSE,FALSE,Primary target from Pass #4 cluster-level consolidation view. Consolidation parent carried from the first explicit Finding reference in the frozen classification rationale/related set; related references are not exhaustive.
#1883,Spatial Ground Must Support Higher-Layer Experimentation Safely,DUPLICATE / NEAR-DUPLICATE,MERGE INTO STRONGER FINDING OR CLUSTER,Minimality and Semantic Restraint,HIGH,Merged,BOUND-01,#143,P4-D15,FALSE,FALSE,Primary target from Pass #4 cluster-level consolidation view. Consolidation parent carried from the first explicit Finding reference in the frozen classification rationale/related set; related references are not exhaustive.
#1884,Spatial Ground Must Isolate Experimental Failure,DUPLICATE / NEAR-DUPLICATE,MERGE INTO STRONGER FINDING OR CLUSTER,Failure Semantics,HIGH,Merged,CORE-03b,#4,P4-D15,FALSE,FALSE,Primary target from Pass #4 cluster-level consolidation view. Consolidation parent carried from the first explicit Finding reference in the frozen classification rationale/related set; related references are not exhaustive.
#1885,Spatial Ground Must Support Parallel Higher Experiments,DUPLICATE / NEAR-DUPLICATE,MERGE INTO STRONGER FINDING OR CLUSTER,Upward Handoff,HIGH,Merged,UP-01,#8,P4-D15,FALSE,FALSE,Primary target from Pass #4 cluster-level consolidation view. Consolidation parent carried from the first explicit Finding reference in the frozen classification rationale/related set; related references are not exhaustive.
#1886,Spatial Ground Must Preserve One Canon Beneath Experimental Plurality,DUPLICATE / NEAR-DUPLICATE,MERGE INTO STRONGER FINDING OR CLUSTER,Upward Handoff,HIGH,Merged,UP-01,#8,P4-D15,FALSE,FALSE,Primary target from Pass #4 cluster-level consolidation view. Consolidation parent carried from the first explicit Finding reference in the frozen classification rationale/related set; related references are not exhaustive.
#1887,Spatial Ground Must Permit Higher Systems to Be Temporary,DUPLICATE / NEAR-DUPLICATE,MERGE INTO STRONGER FINDING OR CLUSTER,Minimality and Semantic Restraint,HIGH,Merged,BOUND-01,#143,P4-D15,FALSE,FALSE,Primary target from Pass #4 cluster-level consolidation view. Consolidation parent carried from the first explicit Finding reference in the frozen classification rationale/related set; related references are not exhaustive.
#1888,Spatial Ground Must Permit Higher Systems to Be Competing,DUPLICATE / NEAR-DUPLICATE,MERGE INTO STRONGER FINDING OR CLUSTER,Upward Handoff,HIGH,Merged,UP-01,#8,P4-D15,FALSE,FALSE,Primary target from Pass #4 cluster-level consolidation view. Consolidation parent carried from the first explicit Finding reference in the frozen classification rationale/related set; related references are not exhaustive.
#1889,Spatial Ground Must Permit Higher Systems to Fail Independently,DUPLICATE / NEAR-DUPLICATE,MERGE INTO STRONGER FINDING OR CLUSTER,Failure Semantics,HIGH,Merged,CORE-03b,#4,P4-D15,FALSE,FALSE,Primary target from Pass #4 cluster-level consolidation view. Consolidation parent carried from the first explicit Finding reference in the frozen classification rationale/related set; related references are not exhaustive.
#1890,Spatial Ground Must Preserve Failure Containment Across Layers,DUPLICATE / NEAR-DUPLICATE,MERGE INTO STRONGER FINDING OR CLUSTER,Failure Semantics,HIGH,Merged,CORE-03b,#299,P4-D15,FALSE,FALSE,Primary target from Pass #4 cluster-level consolidation view. Consolidation parent carried from the first explicit Finding reference in the frozen classification rationale/related set; related references are not exhaustive.
#1891,Spatial Ground Must Preserve Foundational Fault Visibility,INSTITUTIONAL / GOVERNANCE CANDIDATE,MOVE TO GOVERNANCE / INSTITUTIONAL FRAMEWORK,Layer Boundaries,HIGH,Governance,BOUND-01,,P4-D15,FALSE,FALSE,Primary target from Pass #4 cluster-level consolidation view.
#1892,Spatial Ground Must Distinguish Higher Workaround From Ground Requirement,DUPLICATE / NEAR-DUPLICATE,MERGE INTO STRONGER FINDING OR CLUSTER,Minimality and Semantic Restraint,HIGH,Merged,BOUND-01,#1411,P4-D15,FALSE,FALSE,Primary target from Pass #4 cluster-level consolidation view. Consolidation parent carried from the first explicit Finding reference in the frozen classification rationale/related set; related references are not exhaustive.
#1893,Spatial Ground Must Require Evidence Before Downward Promotion,DUPLICATE / NEAR-DUPLICATE,MERGE INTO STRONGER FINDING OR CLUSTER,Layer Boundaries,HIGH,Merged,BOUND-01,#267,P4-D15,FALSE,FALSE,Primary target from Pass #4 cluster-level consolidation view. Consolidation parent carried from the first explicit Finding reference in the frozen classification rationale/related set; related references are not exhaustive.
#1894,Spatial Ground Must Preserve the Lowest-Correct-Layer Principle,DUPLICATE / NEAR-DUPLICATE,MERGE INTO STRONGER FINDING OR CLUSTER,Layer Boundaries,HIGH,Merged,BOUND-01,#30,P4-D15,TRUE,FALSE,Primary target from Pass #4 cluster-level consolidation view. Consolidation parent carried from the first explicit Finding reference in the frozen classification rationale/related set; related references are not exhaustive.
#1895,Lowest Does Not Mean Deepest Possible,DERIVED CONSEQUENCE,MERGE INTO STRONGER FINDING OR CLUSTER,Layer Boundaries,HIGH,Merged,BOUND-01,#58,P4-D15,FALSE,FALSE,Primary target from Pass #4 cluster-level consolidation view. Consolidation parent carried from the first explicit Finding reference in the frozen classification rationale/related set; related references are not exhaustive.
#1896,Spatial Ground Must Avoid Premature Permanence,DUPLICATE / NEAR-DUPLICATE,MERGE INTO STRONGER FINDING OR CLUSTER,Inquiry Method and Framework Sequencing,HIGH,Merged,Governance Method Annex,#267,P4-D15,FALSE,FALSE,Primary target from Pass #4 cluster-level consolidation view. Consolidation parent carried from the first explicit Finding reference in the frozen classification rationale/related set; related references are not exhaustive.
#1897,Spatial Ground Must Preserve Reversibility Above It,DUPLICATE / NEAR-DUPLICATE,MERGE INTO STRONGER FINDING OR CLUSTER,Minimality and Semantic Restraint,HIGH,Merged,BOUND-01,#143,P4-D15,FALSE,FALSE,Primary target from Pass #4 cluster-level consolidation view. Consolidation parent carried from the first explicit Finding reference in the frozen classification rationale/related set; related references are not exhaustive.
#1898,Spatial Ground Must Preserve Irreversibility Only Where Necessary,DUPLICATE / NEAR-DUPLICATE,MERGE INTO STRONGER FINDING OR CLUSTER,Minimality and Semantic Restraint,HIGH,Merged,BOUND-01,#58,P4-D15,FALSE,FALSE,Primary target from Pass #4 cluster-level consolidation view. Consolidation parent carried from the first explicit Finding reference in the frozen classification rationale/related set; related references are not exhaustive.
#1899,Spatial Ground Must Treat Every Added Primitive as a Long-Term Liability,DUPLICATE / NEAR-DUPLICATE,MERGE INTO STRONGER FINDING OR CLUSTER,Minimality and Semantic Restraint,HIGH,Merged,BOUND-01,#58,P4-D15,FALSE,FALSE,Primary target from Pass #4 cluster-level consolidation view. Consolidation parent carried from the first explicit Finding reference in the frozen classification rationale/related set; related references are not exhaustive.
#1900,Spatial Ground Must Keep the Permanent World Smaller Than the World’s Future Meaning,DUPLICATE / NEAR-DUPLICATE,MERGE INTO STRONGER FINDING OR CLUSTER,Core World-Space Membership,HIGH,Merged,CORE-01,#1,P4-D15,FALSE,FALSE,Primary target from Pass #4 cluster-level consolidation view. Consolidation parent carried from the first explicit Finding reference in the frozen classification rationale/related set; related references are not exhaustive.
#1901,Spatial Ground Must Distinguish Foundational Economy From Foundational Poverty,DUPLICATE / NEAR-DUPLICATE,MERGE INTO STRONGER FINDING OR CLUSTER,Minimality and Semantic Restraint,HIGH,Merged,BOUND-01,#58,P4-D15,FALSE,FALSE,Primary target from Pass #4 cluster-level consolidation view. Consolidation parent carried from the first explicit Finding reference in the frozen classification rationale/related set; related references are not exhaustive.
#1902,Spatial Ground Must Avoid Minimalism That Creates Hidden Higher Dependencies,DUPLICATE / NEAR-DUPLICATE,MERGE INTO STRONGER FINDING OR CLUSTER,Upward Handoff,HIGH,Merged,UP-01,#54,P4-D15,FALSE,FALSE,Primary target from Pass #4 cluster-level consolidation view. Consolidation parent carried from the first explicit Finding reference in the frozen classification rationale/related set; related references are not exhaustive.
#1903,Spatial Ground Must Avoid Completeness That Creates Foundational Bloat,DUPLICATE / NEAR-DUPLICATE,MERGE INTO STRONGER FINDING OR CLUSTER,Minimality and Semantic Restraint,HIGH,Merged,BOUND-01,#20,P4-D15,FALSE,FALSE,Primary target from Pass #4 cluster-level consolidation view. Consolidation parent carried from the first explicit Finding reference in the frozen classification rationale/related set; related references are not exhaustive.
#1904,Spatial Ground Must Balance Sufficiency and Restraint,DUPLICATE / NEAR-DUPLICATE,MERGE INTO STRONGER FINDING OR CLUSTER,Core World-Space Membership,HIGH,Merged,CORE-01,#1,P4-D15,FALSE,FALSE,Primary target from Pass #4 cluster-level consolidation view. Consolidation parent carried from the first explicit Finding reference in the frozen classification rationale/related set; related references are not exhaustive.
#1905,Spatial Ground Must Preserve the Distinction Between Necessary Richness and Unnecessary Richness,DUPLICATE / NEAR-DUPLICATE,MERGE INTO STRONGER FINDING OR CLUSTER,Inquiry Method and Framework Sequencing,HIGH,Merged,Governance Method Annex,#58,P4-D15,FALSE,FALSE,Primary target from Pass #4 cluster-level consolidation view. Consolidation parent carried from the first explicit Finding reference in the frozen classification rationale/related set; related references are not exhaustive.
#1906,Spatial Ground Must Preserve the Distinction Between Precision and Complexity,DUPLICATE / NEAR-DUPLICATE,MERGE INTO STRONGER FINDING OR CLUSTER,Inquiry Method and Framework Sequencing,HIGH,Merged,Governance Method Annex,#874,P4-D15,FALSE,FALSE,Primary target from Pass #4 cluster-level consolidation view. Consolidation parent carried from the first explicit Finding reference in the frozen classification rationale/related set; related references are not exhaustive.
#1907,Spatial Ground Must Preserve the Distinction Between Formality and Verbosity,DUPLICATE / NEAR-DUPLICATE,MERGE INTO STRONGER FINDING OR CLUSTER,Finite Expressibility and Determinism,HIGH,Merged,DEF-03,#28,P4-D15,FALSE,FALSE,Primary target from Pass #4 cluster-level consolidation view. Consolidation parent carried from the first explicit Finding reference in the frozen classification rationale/related set; related references are not exhaustive.
#1908,Spatial Ground Must Preserve the Distinction Between Compactness and Opacity,DUPLICATE / NEAR-DUPLICATE,MERGE INTO STRONGER FINDING OR CLUSTER,Minimality and Semantic Restraint,HIGH,Merged,BOUND-01,#58,P4-D15,FALSE,FALSE,Primary target from Pass #4 cluster-level consolidation view. Consolidation parent carried from the first explicit Finding reference in the frozen classification rationale/related set; related references are not exhaustive.
#1909,Spatial Ground Must Preserve the Distinction Between Explicitness and Redundancy,DUPLICATE / NEAR-DUPLICATE,MERGE INTO STRONGER FINDING OR CLUSTER,Minimality and Semantic Restraint,HIGH,Merged,BOUND-01,#8,P4-D15,FALSE,FALSE,Primary target from Pass #4 cluster-level consolidation view. Consolidation parent carried from the first explicit Finding reference in the frozen classification rationale/related set; related references are not exhaustive.
#1910,Spatial Ground Must Preserve the Distinction Between Redundancy for Preservation and Redundancy of Authority,DUPLICATE / NEAR-DUPLICATE,MERGE INTO STRONGER FINDING OR CLUSTER,Single Canonical Truth,HIGH,Merged,CORE-04,#8,P4-D15,FALSE,FALSE,Primary target from Pass #4 cluster-level consolidation view. Consolidation parent carried from the first explicit Finding reference in the frozen classification rationale/related set; related references are not exhaustive.
#1911,Spatial Ground Must Preserve the Distinction Between Replication and Duplication of Semantics,DERIVED CONSEQUENCE,MERGE INTO STRONGER FINDING OR CLUSTER,Single Canonical Truth,HIGH,Merged,CORE-04,#8,P4-D15,TRUE,FALSE,Primary target from Pass #4 cluster-level consolidation view. Consolidation parent carried from the first explicit Finding reference in the frozen classification rationale/related set; related references are not exhaustive.
#1912,Spatial Ground Must Preserve the Distinction Between Validation and Re-Derivation,DERIVED CONSEQUENCE,MERGE INTO STRONGER FINDING OR CLUSTER,Conformance and Validation,HIGH,Merged,DEF-04,#64,P4-D15,FALSE,FALSE,Primary target from Pass #4 cluster-level consolidation view. Consolidation parent carried from the first explicit Finding reference in the frozen classification rationale/related set; related references are not exhaustive.
#1913,Spatial Ground Must Preserve the Distinction Between Reconstruction and Restoration,DUPLICATE / NEAR-DUPLICATE,MERGE INTO STRONGER FINDING OR CLUSTER,Reconstruction and Recoverability,HIGH,Merged,DEF-02,#10,P4-D15,FALSE,FALSE,Primary target from Pass #4 cluster-level consolidation view. Consolidation parent carried from the first explicit Finding reference in the frozen classification rationale/related set; related references are not exhaustive.
#1914,Spatial Ground Must Preserve the Distinction Between Restoration and Recovery of Truth,DUPLICATE / NEAR-DUPLICATE,MERGE INTO STRONGER FINDING OR CLUSTER,Reconstruction and Recoverability,HIGH,Merged,DEF-02,#129,P4-D15,FALSE,FALSE,Primary target from Pass #4 cluster-level consolidation view. Consolidation parent carried from the first explicit Finding reference in the frozen classification rationale/related set; related references are not exhaustive.
#1915,Spatial Ground Must Preserve the Distinction Between Preservation and Fossilization,DUPLICATE / NEAR-DUPLICATE,MERGE INTO STRONGER FINDING OR CLUSTER,Technology and Infrastructure Independence,HIGH,Merged,CORE-05b,#29,P4-D15,FALSE,FALSE,Primary target from Pass #4 cluster-level consolidation view. Consolidation parent carried from the first explicit Finding reference in the frozen classification rationale/related set; related references are not exhaustive.
#1916,Spatial Ground Must Preserve the Distinction Between Stability and Inertia,DUPLICATE / NEAR-DUPLICATE,MERGE INTO STRONGER FINDING OR CLUSTER,Change Control and Permanence,HIGH,Merged,CORE-06,#4,P4-D15,FALSE,FALSE,Primary target from Pass #4 cluster-level consolidation view. Consolidation parent carried from the first explicit Finding reference in the frozen classification rationale/related set; related references are not exhaustive.
#1917,Spatial Ground Must Preserve the Distinction Between Canonical Permanence and Institutional Rigidity,DUPLICATE / NEAR-DUPLICATE,MERGE INTO STRONGER FINDING OR CLUSTER,Institutional Authority and Adoption,HIGH,Merged,IF-01,#147,P4-D15,FALSE,FALSE,Primary target from Pass #4 cluster-level consolidation view. Consolidation parent carried from the first explicit Finding reference in the frozen classification rationale/related set; related references are not exhaustive.
#1918,Spatial Ground Must Preserve the Distinction Between Authority and Control,DUPLICATE / NEAR-DUPLICATE,MERGE INTO STRONGER FINDING OR CLUSTER,Institutional Authority and Adoption,HIGH,Merged,IF-01,#19,P4-D15,FALSE,FALSE,Primary target from Pass #4 cluster-level consolidation view. Consolidation parent carried from the first explicit Finding reference in the frozen classification rationale/related set; related references are not exhaustive.
#1919,Spatial Ground Must Preserve the Distinction Between Control and Possession,DUPLICATE / NEAR-DUPLICATE,MERGE INTO STRONGER FINDING OR CLUSTER,Institutional Authority and Adoption,HIGH,Merged,IF-01,#19,P4-D15,FALSE,FALSE,Primary target from Pass #4 cluster-level consolidation view. Consolidation parent carried from the first explicit Finding reference in the frozen classification rationale/related set; related references are not exhaustive.
#1920,Spatial Ground Must Preserve the Distinction Between Possession and Stewardship,DUPLICATE / NEAR-DUPLICATE,MERGE INTO STRONGER FINDING OR CLUSTER,Institutional Authority and Adoption,HIGH,Merged,IF-01,#19,P4-D15,FALSE,FALSE,Primary target from Pass #4 cluster-level consolidation view. Consolidation parent carried from the first explicit Finding reference in the frozen classification rationale/related set; related references are not exhaustive.
#1921,Spatial Ground Must Preserve the Distinction Between Stewardship and Ownership,DERIVED CONSEQUENCE,MERGE INTO STRONGER FINDING OR CLUSTER,Rights / Governance Independence,HIGH,Merged,CORE-05a,#20,P4-D15,FALSE,FALSE,Primary target from Pass #4 cluster-level consolidation view. Consolidation parent carried from the first explicit Finding reference in the frozen classification rationale/related set; related references are not exhaustive.
#1922,Spatial Ground Must Preserve the Distinction Between Ownership and Spatial Identity,DUPLICATE / NEAR-DUPLICATE,MERGE INTO STRONGER FINDING OR CLUSTER,Rights / Governance Independence,HIGH,Merged,CORE-05a,#20,P4-D15,FALSE,FALSE,Primary target from Pass #4 cluster-level consolidation view. Consolidation parent carried from the first explicit Finding reference in the frozen classification rationale/related set; related references are not exhaustive.
#1923,Spatial Ground Must Preserve the Distinction Between Use and Spatial Identity,DUPLICATE / NEAR-DUPLICATE,MERGE INTO STRONGER FINDING OR CLUSTER,Higher-Layer Independence,HIGH,Merged,CORE-05a,#4,P4-D15,FALSE,FALSE,Primary target from Pass #4 cluster-level consolidation view. Consolidation parent carried from the first explicit Finding reference in the frozen classification rationale/related set; related references are not exhaustive.
#1924,Spatial Ground Must Preserve the Distinction Between State and Identity,DUPLICATE / NEAR-DUPLICATE,MERGE INTO STRONGER FINDING OR CLUSTER,Higher-Layer Independence,HIGH,Merged,CORE-05a,#4,P4-D15,FALSE,FALSE,Primary target from Pass #4 cluster-level consolidation view. Consolidation parent carried from the first explicit Finding reference in the frozen classification rationale/related set; related references are not exhaustive.
#1925,Spatial Ground Must Preserve the Distinction Between History and Identity,DUPLICATE / NEAR-DUPLICATE,MERGE INTO STRONGER FINDING OR CLUSTER,Higher-Layer Independence,HIGH,Merged,CORE-05a,#4,P4-D15,FALSE,FALSE,Primary target from Pass #4 cluster-level consolidation view. Consolidation parent carried from the first explicit Finding reference in the frozen classification rationale/related set; related references are not exhaustive.
#1926,Spatial Ground Must Preserve the Distinction Between Description and Identity,DUPLICATE / NEAR-DUPLICATE,MERGE INTO STRONGER FINDING OR CLUSTER,Interpretation Independence,HIGH,Merged,CORE-05a,#4,P4-D15,FALSE,FALSE,Primary target from Pass #4 cluster-level consolidation view. Consolidation parent carried from the first explicit Finding reference in the frozen classification rationale/related set; related references are not exhaustive.
#1927,Spatial Ground Must Preserve the Distinction Between Perception and Identity,DUPLICATE / NEAR-DUPLICATE,MERGE INTO STRONGER FINDING OR CLUSTER,Higher-Layer Independence,HIGH,Merged,CORE-05a,#4,P4-D15,FALSE,FALSE,Primary target from Pass #4 cluster-level consolidation view. Consolidation parent carried from the first explicit Finding reference in the frozen classification rationale/related set; related references are not exhaustive.
#1928,Spatial Ground Must Preserve the Distinction Between Interpretation and Identity,DUPLICATE / NEAR-DUPLICATE,MERGE INTO STRONGER FINDING OR CLUSTER,Interpretation Independence,HIGH,Merged,CORE-05a,#4,P4-D15,FALSE,FALSE,Primary target from Pass #4 cluster-level consolidation view. Consolidation parent carried from the first explicit Finding reference in the frozen classification rationale/related set; related references are not exhaustive.
#1929,Spatial Ground Must Preserve the Distinction Between Symbol and Identity,DUPLICATE / NEAR-DUPLICATE,MERGE INTO STRONGER FINDING OR CLUSTER,Operational Non-Authority,HIGH,Merged,CORE-05c,#19,P4-D15,FALSE,FALSE,Primary target from Pass #4 cluster-level consolidation view. Consolidation parent carried from the first explicit Finding reference in the frozen classification rationale/related set; related references are not exhaustive.
#1930,Spatial Ground Must Preserve the Distinction Between Model and Identity,DUPLICATE / NEAR-DUPLICATE,MERGE INTO STRONGER FINDING OR CLUSTER,Canonical Equivalence,HIGH,Merged,DEF-05,#65,P4-D15,FALSE,FALSE,Primary target from Pass #4 cluster-level consolidation view. Consolidation parent carried from the first explicit Finding reference in the frozen classification rationale/related set; related references are not exhaustive.
#1931,Spatial Ground Must Preserve the Distinction Between Coordinate and Place,DUPLICATE / NEAR-DUPLICATE,MERGE INTO STRONGER FINDING OR CLUSTER,Survey-to-World Relationship,HIGH,Merged,CORE-02,#12,P4-D15,FALSE,FALSE,Primary target from Pass #4 cluster-level consolidation view. Consolidation parent carried from the first explicit Finding reference in the frozen classification rationale/related set; related references are not exhaustive.
#1932,Spatial Ground Must Preserve the Distinction Between Point and Place,DUPLICATE / NEAR-DUPLICATE,MERGE INTO STRONGER FINDING OR CLUSTER,Exact Membership and Boundary Resolution,MEDIUM,Merged,CORE-03,#1111,P4-D15,FALSE,FALSE,Primary target from Pass #4 cluster-level consolidation view. Consolidation parent carried from the first explicit Finding reference in the frozen classification rationale/related set; related references are not exhaustive.
#1933,Spatial Ground Must Preserve the Distinction Between Geometry and Place,DUPLICATE / NEAR-DUPLICATE,MERGE INTO STRONGER FINDING OR CLUSTER,Survey-to-World Relationship,HIGH,Merged,CORE-02,#12,P4-D15,FALSE,FALSE,Primary target from Pass #4 cluster-level consolidation view. Consolidation parent carried from the first explicit Finding reference in the frozen classification rationale/related set; related references are not exhaustive.
#1934,Spatial Ground Must Preserve the Distinction Between Shape and Place,DUPLICATE / NEAR-DUPLICATE,MERGE INTO STRONGER FINDING OR CLUSTER,Canonical Placement,HIGH,Merged,CORE-02,#46,P4-D15,FALSE,FALSE,Primary target from Pass #4 cluster-level consolidation view. Consolidation parent carried from the first explicit Finding reference in the frozen classification rationale/related set; related references are not exhaustive.
#1935,Spatial Ground Must Preserve the Distinction Between Extent and Place Identity,DUPLICATE / NEAR-DUPLICATE,MERGE INTO STRONGER FINDING OR CLUSTER,Canonical Placement,HIGH,Merged,CORE-02,#46,P4-D15,FALSE,FALSE,Primary target from Pass #4 cluster-level consolidation view. Consolidation parent carried from the first explicit Finding reference in the frozen classification rationale/related set; related references are not exhaustive.
#1936,Spatial Ground Must Preserve the Distinction Between Connectivity and Identity,DUPLICATE / NEAR-DUPLICATE,MERGE INTO STRONGER FINDING OR CLUSTER,Canonical Equivalence,HIGH,Merged,DEF-05,#1810,P4-D15,FALSE,FALSE,Primary target from Pass #4 cluster-level consolidation view. Consolidation parent carried from the first explicit Finding reference in the frozen classification rationale/related set; related references are not exhaustive.
#1937,Spatial Ground Must Preserve the Distinction Between Boundary and Identity,DUPLICATE / NEAR-DUPLICATE,MERGE INTO STRONGER FINDING OR CLUSTER,Exact Membership and Boundary Resolution,HIGH,Merged,CORE-03,#8,P4-D15,FALSE,FALSE,Primary target from Pass #4 cluster-level consolidation view. Consolidation parent carried from the first explicit Finding reference in the frozen classification rationale/related set; related references are not exhaustive.
#1938,Spatial Ground Must Preserve the Distinction Between Membership and Adjacency,DUPLICATE / NEAR-DUPLICATE,MERGE INTO STRONGER FINDING OR CLUSTER,Connectedness and Topology,HIGH,Merged,CONST-04,#96,P4-D15,FALSE,FALSE,Primary target from Pass #4 cluster-level consolidation view. Consolidation parent carried from the first explicit Finding reference in the frozen classification rationale/related set; related references are not exhaustive.
#1939,Spatial Ground Must Preserve the Distinction Between Membership and Contiguity,DUPLICATE / NEAR-DUPLICATE,MERGE INTO STRONGER FINDING OR CLUSTER,Connectedness and Topology,HIGH,Merged,CONST-04,#96,P4-D15,FALSE,FALSE,Primary target from Pass #4 cluster-level consolidation view. Consolidation parent carried from the first explicit Finding reference in the frozen classification rationale/related set; related references are not exhaustive.
#1940,Spatial Ground Must Preserve the Distinction Between Membership and Reachability,DUPLICATE / NEAR-DUPLICATE,MERGE INTO STRONGER FINDING OR CLUSTER,Interpretation Independence,HIGH,Merged,CORE-05a,#4,P4-D15,FALSE,FALSE,Primary target from Pass #4 cluster-level consolidation view. Consolidation parent carried from the first explicit Finding reference in the frozen classification rationale/related set; related references are not exhaustive.
#1941,Spatial Ground Must Preserve the Distinction Between Membership and Visibility,DUPLICATE / NEAR-DUPLICATE,MERGE INTO STRONGER FINDING OR CLUSTER,Higher-Layer Independence,HIGH,Merged,CORE-05a,#4,P4-D15,FALSE,FALSE,Primary target from Pass #4 cluster-level consolidation view. Consolidation parent carried from the first explicit Finding reference in the frozen classification rationale/related set; related references are not exhaustive.
#1942,Spatial Ground Must Preserve the Distinction Between Membership and Simulatability,DUPLICATE / NEAR-DUPLICATE,MERGE INTO STRONGER FINDING OR CLUSTER,Runtime Independence,HIGH,Merged,CORE-05a,#4,P4-D15,FALSE,FALSE,Primary target from Pass #4 cluster-level consolidation view. Consolidation parent carried from the first explicit Finding reference in the frozen classification rationale/related set; related references are not exhaustive.
#1943,Spatial Ground Must Preserve the Distinction Between Membership and Parcelization,DUPLICATE / NEAR-DUPLICATE,MERGE INTO STRONGER FINDING OR CLUSTER,Parcel Independence,HIGH,Merged,CORE-05a,#6,P4-D15,FALSE,FALSE,Primary target from Pass #4 cluster-level consolidation view. Consolidation parent carried from the first explicit Finding reference in the frozen classification rationale/related set; related references are not exhaustive.
#1944,Spatial Ground Must Preserve the Distinction Between Membership and Regionhood,DUPLICATE / NEAR-DUPLICATE,MERGE INTO STRONGER FINDING OR CLUSTER,Interpretation Independence,HIGH,Merged,CORE-05a,#4,P4-D15,FALSE,FALSE,Primary target from Pass #4 cluster-level consolidation view. Consolidation parent carried from the first explicit Finding reference in the frozen classification rationale/related set; related references are not exhaustive.
#1945,Spatial Ground Must Preserve the Distinction Between Membership and Naming,DUPLICATE / NEAR-DUPLICATE,MERGE INTO STRONGER FINDING OR CLUSTER,Interpretation Independence,HIGH,Merged,CORE-05a,#4,P4-D15,FALSE,FALSE,Primary target from Pass #4 cluster-level consolidation view. Consolidation parent carried from the first explicit Finding reference in the frozen classification rationale/related set; related references are not exhaustive.
#1946,Spatial Ground Must Preserve the Distinction Between Membership and Value,DUPLICATE / NEAR-DUPLICATE,MERGE INTO STRONGER FINDING OR CLUSTER,Interpretation Independence,HIGH,Merged,CORE-05a,#20,P4-D15,FALSE,FALSE,Primary target from Pass #4 cluster-level consolidation view. Consolidation parent carried from the first explicit Finding reference in the frozen classification rationale/related set; related references are not exhaustive.
#1947,Spatial Ground Must Preserve the Distinction Between Membership and Authority Over Place,DUPLICATE / NEAR-DUPLICATE,MERGE INTO STRONGER FINDING OR CLUSTER,Rights / Governance Independence,HIGH,Merged,CORE-05a,#4,P4-D15,FALSE,FALSE,Primary target from Pass #4 cluster-level consolidation view. Consolidation parent carried from the first explicit Finding reference in the frozen classification rationale/related set; related references are not exhaustive.
#1948,Spatial Ground Must Preserve the Distinction Between Membership and Institutional Recognition,DUPLICATE / NEAR-DUPLICATE,MERGE INTO STRONGER FINDING OR CLUSTER,Change Control and Permanence,HIGH,Merged,CORE-06,#4,P4-D15,FALSE,FALSE,Primary target from Pass #4 cluster-level consolidation view. Consolidation parent carried from the first explicit Finding reference in the frozen classification rationale/related set; related references are not exhaustive.
#1949,Spatial Ground Must Preserve the Distinction Between Membership and Observation,DUPLICATE / NEAR-DUPLICATE,MERGE INTO STRONGER FINDING OR CLUSTER,Higher-Layer Independence,HIGH,Merged,CORE-05a,#4,P4-D15,FALSE,FALSE,Primary target from Pass #4 cluster-level consolidation view. Consolidation parent carried from the first explicit Finding reference in the frozen classification rationale/related set; related references are not exhaustive.
#1950,Spatial Ground Must Preserve the Distinction Between Membership and Memory,DUPLICATE / NEAR-DUPLICATE,MERGE INTO STRONGER FINDING OR CLUSTER,No Hidden State / Self-Containment,HIGH,Merged,CORE-05b,#4,P4-D15,FALSE,FALSE,Primary target from Pass #4 cluster-level consolidation view. Consolidation parent carried from the first explicit Finding reference in the frozen classification rationale/related set; related references are not exhaustive.
#1951,Spatial Ground Must Preserve the Distinction Between Membership and Documentation,DUPLICATE / NEAR-DUPLICATE,MERGE INTO STRONGER FINDING OR CLUSTER,Representation Independence,HIGH,Merged,CORE-07,#18,P4-D15,FALSE,FALSE,Primary target from Pass #4 cluster-level consolidation view. Consolidation parent carried from the first explicit Finding reference in the frozen classification rationale/related set; related references are not exhaustive.
#1952,Spatial Ground Must Preserve the Distinction Between Membership and Enumeration,DUPLICATE / NEAR-DUPLICATE,MERGE INTO STRONGER FINDING OR CLUSTER,Single Canonical Truth,HIGH,Merged,CORE-04,#18,P4-D15,FALSE,FALSE,Primary target from Pass #4 cluster-level consolidation view. Consolidation parent carried from the first explicit Finding reference in the frozen classification rationale/related set; related references are not exhaustive.
#1953,Spatial Ground Must Preserve the Distinction Between Membership and Materialization,DUPLICATE / NEAR-DUPLICATE,MERGE INTO STRONGER FINDING OR CLUSTER,Representation Independence,HIGH,Merged,CORE-07,#18,P4-D15,FALSE,FALSE,Primary target from Pass #4 cluster-level consolidation view. Consolidation parent carried from the first explicit Finding reference in the frozen classification rationale/related set; related references are not exhaustive.
#1954,Spatial Ground Must Preserve the Distinction Between Membership and Indexing,DUPLICATE / NEAR-DUPLICATE,MERGE INTO STRONGER FINDING OR CLUSTER,Operational Non-Authority,HIGH,Merged,CORE-05c,#19,P4-D15,FALSE,FALSE,Primary target from Pass #4 cluster-level consolidation view. Consolidation parent carried from the first explicit Finding reference in the frozen classification rationale/related set; related references are not exhaustive.
#1955,Spatial Ground Must Preserve the Distinction Between Membership and Discoverability,DUPLICATE / NEAR-DUPLICATE,MERGE INTO STRONGER FINDING OR CLUSTER,Higher-Layer Independence,HIGH,Merged,CORE-05a,#4,P4-D15,FALSE,FALSE,Primary target from Pass #4 cluster-level consolidation view. Consolidation parent carried from the first explicit Finding reference in the frozen classification rationale/related set; related references are not exhaustive.
#1956,Spatial Ground Must Preserve the Distinction Between Membership and Accessibility,DUPLICATE / NEAR-DUPLICATE,MERGE INTO STRONGER FINDING OR CLUSTER,Interpretation Independence,HIGH,Merged,CORE-05a,#20,P4-D15,FALSE,FALSE,Primary target from Pass #4 cluster-level consolidation view. Consolidation parent carried from the first explicit Finding reference in the frozen classification rationale/related set; related references are not exhaustive.
#1957,Spatial Ground Must Preserve the Distinction Between Membership and Availability,DUPLICATE / NEAR-DUPLICATE,MERGE INTO STRONGER FINDING OR CLUSTER,Failure Semantics,HIGH,Merged,CORE-03b,#19,P4-D15,FALSE,FALSE,Primary target from Pass #4 cluster-level consolidation view. Consolidation parent carried from the first explicit Finding reference in the frozen classification rationale/related set; related references are not exhaustive.
#1958,Spatial Ground Must Preserve the Distinction Between Membership and Computability at a Given Moment,DUPLICATE / NEAR-DUPLICATE,MERGE INTO STRONGER FINDING OR CLUSTER,Exact Membership and Boundary Resolution,HIGH,Merged,CORE-03,#15,P4-D15,FALSE,FALSE,Primary target from Pass #4 cluster-level consolidation view. Consolidation parent carried from the first explicit Finding reference in the frozen classification rationale/related set; related references are not exhaustive.
#1959,Spatial Ground Must Preserve the Distinction Between Membership and Cached State,DUPLICATE / NEAR-DUPLICATE,MERGE INTO STRONGER FINDING OR CLUSTER,Operational Non-Authority,HIGH,Merged,CORE-05c,#19,P4-D15,FALSE,FALSE,Primary target from Pass #4 cluster-level consolidation view. Consolidation parent carried from the first explicit Finding reference in the frozen classification rationale/related set; related references are not exhaustive.
#1960,Spatial Ground Must Preserve the Distinction Between Membership and Synchronization State,DUPLICATE / NEAR-DUPLICATE,MERGE INTO STRONGER FINDING OR CLUSTER,Operational Non-Authority,HIGH,Merged,CORE-05c,#8,P4-D15,FALSE,FALSE,Primary target from Pass #4 cluster-level consolidation view. Consolidation parent carried from the first explicit Finding reference in the frozen classification rationale/related set; related references are not exhaustive.
#1961,Spatial Ground Must Preserve the Distinction Between Canonical Truth and Local Knowledge,DUPLICATE / NEAR-DUPLICATE,MERGE INTO STRONGER FINDING OR CLUSTER,Exact Membership and Boundary Resolution,HIGH,Merged,CORE-03,#15,P4-D15,FALSE,FALSE,Primary target from Pass #4 cluster-level consolidation view. Consolidation parent carried from the first explicit Finding reference in the frozen classification rationale/related set; related references are not exhaustive.
#1962,Spatial Ground Must Preserve the Distinction Between Canonical Truth and Replicated Knowledge,DUPLICATE / NEAR-DUPLICATE,MERGE INTO STRONGER FINDING OR CLUSTER,Single Canonical Truth,HIGH,Merged,CORE-04,#8,P4-D15,FALSE,FALSE,Primary target from Pass #4 cluster-level consolidation view. Consolidation parent carried from the first explicit Finding reference in the frozen classification rationale/related set; related references are not exhaustive.
#1963,Spatial Ground Must Preserve the Distinction Between Canonical Truth and Consensus About Truth,DUPLICATE / NEAR-DUPLICATE,MERGE INTO STRONGER FINDING OR CLUSTER,Institutional Authority and Adoption,HIGH,Merged,IF-01,#8,P4-D15,FALSE,FALSE,Primary target from Pass #4 cluster-level consolidation view. Consolidation parent carried from the first explicit Finding reference in the frozen classification rationale/related set; related references are not exhaustive.
#1964,Spatial Ground Must Preserve the Distinction Between Canonical Truth and Majority Belief,DUPLICATE / NEAR-DUPLICATE,MERGE INTO STRONGER FINDING OR CLUSTER,Institutional Authority and Adoption,HIGH,Merged,IF-01,#8,P4-D15,FALSE,FALSE,Primary target from Pass #4 cluster-level consolidation view. Consolidation parent carried from the first explicit Finding reference in the frozen classification rationale/related set; related references are not exhaustive.
#1965,Spatial Ground Must Preserve the Distinction Between Canonical Truth and Implementation Habit,DUPLICATE / NEAR-DUPLICATE,MERGE INTO STRONGER FINDING OR CLUSTER,Minimality and Semantic Restraint,HIGH,Merged,BOUND-01,#19,P4-D15,FALSE,FALSE,Primary target from Pass #4 cluster-level consolidation view. Consolidation parent carried from the first explicit Finding reference in the frozen classification rationale/related set; related references are not exhaustive.
#1966,Spatial Ground Must Preserve the Distinction Between Canonical Truth and De Facto Convention,DUPLICATE / NEAR-DUPLICATE,MERGE INTO STRONGER FINDING OR CLUSTER,Minimality and Semantic Restraint,HIGH,Merged,BOUND-01,#1411,P4-D15,FALSE,FALSE,Primary target from Pass #4 cluster-level consolidation view. Consolidation parent carried from the first explicit Finding reference in the frozen classification rationale/related set; related references are not exhaustive.
#1967,Spatial Ground Must Preserve the Distinction Between Canonical Truth and Legacy Behavior,DUPLICATE / NEAR-DUPLICATE,MERGE INTO STRONGER FINDING OR CLUSTER,Independent Implementation,HIGH,Merged,CORE-03c,#67,P4-D15,FALSE,FALSE,Primary target from Pass #4 cluster-level consolidation view. Consolidation parent carried from the first explicit Finding reference in the frozen classification rationale/related set; related references are not exhaustive.
#1968,Spatial Ground Must Preserve the Distinction Between Canonical Truth and Backward Compatibility,DERIVED CONSEQUENCE,MERGE INTO STRONGER FINDING OR CLUSTER,Change Control and Permanence,HIGH,Merged,CORE-06,#133,P4-D15,FALSE,FALSE,Primary target from Pass #4 cluster-level consolidation view. Consolidation parent carried from the first explicit Finding reference in the frozen classification rationale/related set; related references are not exhaustive.
#1969,Spatial Ground Must Preserve the Distinction Between Compatibility and Equivalence,DERIVED CONSEQUENCE,MERGE INTO STRONGER FINDING OR CLUSTER,Canonical Equivalence,HIGH,Merged,DEF-05,#65,P4-D15,FALSE,FALSE,Primary target from Pass #4 cluster-level consolidation view. Consolidation parent carried from the first explicit Finding reference in the frozen classification rationale/related set; related references are not exhaustive.
#1970,Spatial Ground Must Preserve the Distinction Between Exchangeability and Identity,DUPLICATE / NEAR-DUPLICATE,MERGE INTO STRONGER FINDING OR CLUSTER,Canonical Equivalence,HIGH,Merged,DEF-05,#216,P4-D15,FALSE,FALSE,Primary target from Pass #4 cluster-level consolidation view. Consolidation parent carried from the first explicit Finding reference in the frozen classification rationale/related set; related references are not exhaustive.
#1971,Spatial Ground Must Preserve the Distinction Between Serialization Identity and Spatial Identity,DUPLICATE / NEAR-DUPLICATE,MERGE INTO STRONGER FINDING OR CLUSTER,Representation Independence,HIGH,Merged,CORE-07,#29,P4-D15,FALSE,FALSE,Primary target from Pass #4 cluster-level consolidation view. Consolidation parent carried from the first explicit Finding reference in the frozen classification rationale/related set; related references are not exhaustive.
#1972,Spatial Ground Must Preserve the Distinction Between Canonical Form and Canonical Meaning,DUPLICATE / NEAR-DUPLICATE,MERGE INTO STRONGER FINDING OR CLUSTER,Canonical Equivalence,HIGH,Merged,DEF-05,#65,P4-D15,FALSE,FALSE,Primary target from Pass #4 cluster-level consolidation view. Consolidation parent carried from the first explicit Finding reference in the frozen classification rationale/related set; related references are not exhaustive.
#1973,Spatial Ground Must Preserve the Distinction Between Parsing and Interpretation,DUPLICATE / NEAR-DUPLICATE,MERGE INTO STRONGER FINDING OR CLUSTER,Conformance and Validation,HIGH,Merged,DEF-04,#64,P4-D15,FALSE,FALSE,Primary target from Pass #4 cluster-level consolidation view. Consolidation parent carried from the first explicit Finding reference in the frozen classification rationale/related set; related references are not exhaustive.
#1974,Spatial Ground Must Preserve the Distinction Between Syntax Error and Spatial Error,DUPLICATE / NEAR-DUPLICATE,MERGE INTO STRONGER FINDING OR CLUSTER,Failure Semantics,HIGH,Merged,CORE-03b,#299,P4-D15,FALSE,FALSE,Primary target from Pass #4 cluster-level consolidation view. Consolidation parent carried from the first explicit Finding reference in the frozen classification rationale/related set; related references are not exhaustive.
#1975,Spatial Ground Must Preserve the Distinction Between Valid Syntax and Valid Ground,DUPLICATE / NEAR-DUPLICATE,MERGE INTO STRONGER FINDING OR CLUSTER,Conformance and Validation,HIGH,Merged,DEF-04,#64,P4-D15,FALSE,FALSE,Primary target from Pass #4 cluster-level consolidation view. Consolidation parent carried from the first explicit Finding reference in the frozen classification rationale/related set; related references are not exhaustive.
#1976,Spatial Ground Must Preserve the Distinction Between Valid Ground and Adopted Ground,DUPLICATE / NEAR-DUPLICATE,MERGE INTO STRONGER FINDING OR CLUSTER,Institutional Authority and Adoption,HIGH,Merged,IF-01,#503,P4-D15,FALSE,FALSE,Primary target from Pass #4 cluster-level consolidation view. Consolidation parent carried from the first explicit Finding reference in the frozen classification rationale/related set; related references are not exhaustive.
#1977,Spatial Ground Must Preserve the Distinction Between Adoption and Activation,DERIVED CONSEQUENCE,MERGE INTO STRONGER FINDING OR CLUSTER,Institutional Authority and Adoption,HIGH,Merged,IF-01,#503,P4-D15,FALSE,FALSE,Primary target from Pass #4 cluster-level consolidation view. Consolidation parent carried from the first explicit Finding reference in the frozen classification rationale/related set; related references are not exhaustive.
#1978,Spatial Ground Must Preserve the Distinction Between Activation and Existence,DUPLICATE / NEAR-DUPLICATE,MERGE INTO STRONGER FINDING OR CLUSTER,Change Control and Permanence,HIGH,Merged,CORE-06,#4,P4-D15,FALSE,FALSE,Primary target from Pass #4 cluster-level consolidation view. Consolidation parent carried from the first explicit Finding reference in the frozen classification rationale/related set; related references are not exhaustive.
#1979,Spatial Ground Must Preserve the Distinction Between Deactivation and Non-Existence,DUPLICATE / NEAR-DUPLICATE,MERGE INTO STRONGER FINDING OR CLUSTER,Runtime Independence,HIGH,Merged,CORE-05a,#4,P4-D15,FALSE,FALSE,Primary target from Pass #4 cluster-level consolidation view. Consolidation parent carried from the first explicit Finding reference in the frozen classification rationale/related set; related references are not exhaustive.
#1980,Spatial Ground Must Preserve the Distinction Between Availability and Ontology,DUPLICATE / NEAR-DUPLICATE,MERGE INTO STRONGER FINDING OR CLUSTER,Operational Non-Authority,HIGH,Merged,CORE-05c,#19,P4-D15,FALSE,FALSE,Primary target from Pass #4 cluster-level consolidation view. Consolidation parent carried from the first explicit Finding reference in the frozen classification rationale/related set; related references are not exhaustive.
#1981,Spatial Ground Must Preserve the Distinction Between Persistence and Ontology,DUPLICATE / NEAR-DUPLICATE,MERGE INTO STRONGER FINDING OR CLUSTER,Operational Non-Authority,HIGH,Merged,CORE-05c,#19,P4-D15,FALSE,FALSE,Primary target from Pass #4 cluster-level consolidation view. Consolidation parent carried from the first explicit Finding reference in the frozen classification rationale/related set; related references are not exhaustive.
#1982,Spatial Ground Must Preserve the Distinction Between Provenance and Ontology,DUPLICATE / NEAR-DUPLICATE,MERGE INTO STRONGER FINDING OR CLUSTER,Operational Non-Authority,HIGH,Merged,CORE-05c,#19,P4-D15,FALSE,FALSE,Primary target from Pass #4 cluster-level consolidation view. Consolidation parent carried from the first explicit Finding reference in the frozen classification rationale/related set; related references are not exhaustive.
#1983,Spatial Ground Must Preserve the Distinction Between Governance and Ontology,DUPLICATE / NEAR-DUPLICATE,MERGE INTO STRONGER FINDING OR CLUSTER,Institutional Authority and Adoption,HIGH,Merged,IF-01,#1740,P4-D15,FALSE,FALSE,Primary target from Pass #4 cluster-level consolidation view. Consolidation parent carried from the first explicit Finding reference in the frozen classification rationale/related set; related references are not exhaustive.
#1984,Spatial Ground Must Preserve the Distinction Between Security and Ontology,DUPLICATE / NEAR-DUPLICATE,MERGE INTO STRONGER FINDING OR CLUSTER,Operational Non-Authority,HIGH,Merged,CORE-05c,#19,P4-D15,FALSE,FALSE,Primary target from Pass #4 cluster-level consolidation view. Consolidation parent carried from the first explicit Finding reference in the frozen classification rationale/related set; related references are not exhaustive.
#1985,Spatial Ground Must Preserve the Distinction Between Storage and Ontology,DUPLICATE / NEAR-DUPLICATE,MERGE INTO STRONGER FINDING OR CLUSTER,Operational Non-Authority,HIGH,Merged,CORE-05c,#19,P4-D15,FALSE,FALSE,Primary target from Pass #4 cluster-level consolidation view. Consolidation parent carried from the first explicit Finding reference in the frozen classification rationale/related set; related references are not exhaustive.
#1986,Spatial Ground Must Preserve the Distinction Between Computation and Ontology,DUPLICATE / NEAR-DUPLICATE,MERGE INTO STRONGER FINDING OR CLUSTER,Operational Non-Authority,HIGH,Merged,CORE-05c,#8,P4-D15,FALSE,FALSE,Primary target from Pass #4 cluster-level consolidation view. Consolidation parent carried from the first explicit Finding reference in the frozen classification rationale/related set; related references are not exhaustive.
#1987,Spatial Ground Must Preserve the Distinction Between Query and Ontology,DUPLICATE / NEAR-DUPLICATE,MERGE INTO STRONGER FINDING OR CLUSTER,Operational Non-Authority,HIGH,Merged,CORE-05c,#8,P4-D15,FALSE,FALSE,Primary target from Pass #4 cluster-level consolidation view. Consolidation parent carried from the first explicit Finding reference in the frozen classification rationale/related set; related references are not exhaustive.
#1988,Spatial Ground Must Preserve the Distinction Between Validation and Ontology,DUPLICATE / NEAR-DUPLICATE,MERGE INTO STRONGER FINDING OR CLUSTER,Conformance and Validation,HIGH,Merged,DEF-04,#19,P4-D15,FALSE,FALSE,Primary target from Pass #4 cluster-level consolidation view. Consolidation parent carried from the first explicit Finding reference in the frozen classification rationale/related set; related references are not exhaustive.
#1989,Spatial Ground Must Preserve the Distinction Between Certification and Ontology,DUPLICATE / NEAR-DUPLICATE,MERGE INTO STRONGER FINDING OR CLUSTER,Institutional Authority and Adoption,HIGH,Merged,IF-01,#965,P4-D15,FALSE,FALSE,Primary target from Pass #4 cluster-level consolidation view. Consolidation parent carried from the first explicit Finding reference in the frozen classification rationale/related set; related references are not exhaustive.
#1990,Spatial Ground Must Preserve the Distinction Between Attestation and Ontology,DUPLICATE / NEAR-DUPLICATE,MERGE INTO STRONGER FINDING OR CLUSTER,Operational Non-Authority,HIGH,Merged,CORE-05c,#19,P4-D15,FALSE,FALSE,Primary target from Pass #4 cluster-level consolidation view. Consolidation parent carried from the first explicit Finding reference in the frozen classification rationale/related set; related references are not exhaustive.
#1991,Spatial Ground Must Preserve the Distinction Between Record Survival and Spatial Survival,DUPLICATE / NEAR-DUPLICATE,MERGE INTO STRONGER FINDING OR CLUSTER,Preservation and Archival Survival,HIGH,Merged,Preservation Register,#84,P4-D15,FALSE,FALSE,Primary target from Pass #4 cluster-level consolidation view. Consolidation parent carried from the first explicit Finding reference in the frozen classification rationale/related set; related references are not exhaustive.
#1992,Spatial Ground Must Preserve the Distinction Between Record Loss and Canonical Loss,DUPLICATE / NEAR-DUPLICATE,MERGE INTO STRONGER FINDING OR CLUSTER,Reconstruction and Recoverability,HIGH,Merged,DEF-02,#542,P4-D15,FALSE,FALSE,Primary target from Pass #4 cluster-level consolidation view. Consolidation parent carried from the first explicit Finding reference in the frozen classification rationale/related set; related references are not exhaustive.
#1993,Spatial Ground Must Preserve the Distinction Between Recoverability and Convenience,DUPLICATE / NEAR-DUPLICATE,MERGE INTO STRONGER FINDING OR CLUSTER,Reconstruction and Recoverability,HIGH,Merged,DEF-02,#10,P4-D15,FALSE,FALSE,Primary target from Pass #4 cluster-level consolidation view. Consolidation parent carried from the first explicit Finding reference in the frozen classification rationale/related set; related references are not exhaustive.
#1994,Spatial Ground Must Preserve the Distinction Between Convenience and Necessity,DUPLICATE / NEAR-DUPLICATE,MERGE INTO STRONGER FINDING OR CLUSTER,Minimality and Semantic Restraint,HIGH,Merged,BOUND-01,#58,P4-D15,FALSE,FALSE,Primary target from Pass #4 cluster-level consolidation view. Consolidation parent carried from the first explicit Finding reference in the frozen classification rationale/related set; related references are not exhaustive.
#1995,Spatial Ground Must Preserve the Distinction Between Operational Dependency and Canonical Dependency,DUPLICATE / NEAR-DUPLICATE,MERGE INTO STRONGER FINDING OR CLUSTER,No Hidden State / Self-Containment,HIGH,Merged,CORE-05b,#27,P4-D15,TRUE,FALSE,Primary target from Pass #4 cluster-level consolidation view. Consolidation parent carried from the first explicit Finding reference in the frozen classification rationale/related set; related references are not exhaustive.
#1996,Spatial Ground Must Preserve the Distinction Between Technical Debt and Canonical Debt,DUPLICATE / NEAR-DUPLICATE,MERGE INTO STRONGER FINDING OR CLUSTER,Minimality and Semantic Restraint,HIGH,Merged,BOUND-01,#58,P4-D15,FALSE,FALSE,Primary target from Pass #4 cluster-level consolidation view. Consolidation parent carried from the first explicit Finding reference in the frozen classification rationale/related set; related references are not exhaustive.
#1997,Spatial Ground Must Minimize Canonical Debt,DUPLICATE / NEAR-DUPLICATE,MERGE INTO STRONGER FINDING OR CLUSTER,Minimality and Semantic Restraint,HIGH,Merged,BOUND-01,#58,P4-D15,FALSE,FALSE,Primary target from Pass #4 cluster-level consolidation view. Consolidation parent carried from the first explicit Finding reference in the frozen classification rationale/related set; related references are not exhaustive.
#1998,Spatial Ground Must Preserve Architectural Freedom Through Canonical Restraint,DUPLICATE / NEAR-DUPLICATE,MERGE INTO STRONGER FINDING OR CLUSTER,Minimality and Semantic Restraint,HIGH,Merged,BOUND-01,#143,P4-D15,FALSE,FALSE,Primary target from Pass #4 cluster-level consolidation view. Consolidation parent carried from the first explicit Finding reference in the frozen classification rationale/related set; related references are not exhaustive.
#1999,Spatial Ground Must Preserve Permanent Certainty Only Where Necessary,DUPLICATE / NEAR-DUPLICATE,MERGE INTO STRONGER FINDING OR CLUSTER,Minimality and Semantic Restraint,HIGH,Merged,BOUND-01,#15,P4-D15,TRUE,FALSE,Primary target from Pass #4 cluster-level consolidation view. Consolidation parent carried from the first explicit Finding reference in the frozen classification rationale/related set; related references are not exhaustive.
#2000,Spatial Ground Must Establish Place Without Capturing the Future,DUPLICATE / NEAR-DUPLICATE,MERGE INTO STRONGER FINDING OR CLUSTER,Core World-Space Membership,HIGH,Merged,CORE-01,#1,P4-D15,FALSE,FALSE,Primary target from Pass #4 cluster-level consolidation view. Consolidation parent carried from the first explicit Finding reference in the frozen classification rationale/related set; related references are not exhaustive.
#2001,Spatial Ground Must Distinguish Foundational Silence From Missing Design,DUPLICATE / NEAR-DUPLICATE,MERGE INTO STRONGER FINDING OR CLUSTER,Minimality and Semantic Restraint,HIGH,Merged,BOUND-01,#20,P4-D15,FALSE,FALSE,Primary target from Pass #4 cluster-level consolidation view. Consolidation parent carried from the first explicit Finding reference in the frozen classification rationale/related set; related references are not exhaustive.
#2002,Spatial Ground Must Preserve Deliberate Non-Commitment,DUPLICATE / NEAR-DUPLICATE,MERGE INTO STRONGER FINDING OR CLUSTER,Minimality and Semantic Restraint,HIGH,Merged,BOUND-01,#58,P4-D15,FALSE,FALSE,Primary target from Pass #4 cluster-level consolidation view. Consolidation parent carried from the first explicit Finding reference in the frozen classification rationale/related set; related references are not exhaustive.
#2003,Spatial Ground Must Make Deliberate Deferral Explicit,DUPLICATE / NEAR-DUPLICATE,MERGE INTO STRONGER FINDING OR CLUSTER,Layer Boundaries,HIGH,Merged,BOUND-01,#20,P4-D15,FALSE,FALSE,Primary target from Pass #4 cluster-level consolidation view. Consolidation parent carried from the first explicit Finding reference in the frozen classification rationale/related set; related references are not exhaustive.
#2004,Spatial Ground Must Prevent Deferred Questions From Returning as Hidden Assumptions,DERIVED CONSEQUENCE,MERGE INTO STRONGER FINDING OR CLUSTER,No Hidden State / Self-Containment,HIGH,Merged,CORE-05b,#27,P4-D15,FALSE,FALSE,Primary target from Pass #4 cluster-level consolidation view. Consolidation parent carried from the first explicit Finding reference in the frozen classification rationale/related set; related references are not exhaustive.
#2005,Spatial Ground Must Preserve Future Choice by Avoiding Premature Answers,DUPLICATE / NEAR-DUPLICATE,MERGE INTO STRONGER FINDING OR CLUSTER,Minimality and Semantic Restraint,HIGH,Merged,BOUND-01,#143,P4-D15,FALSE,FALSE,Primary target from Pass #4 cluster-level consolidation view. Consolidation parent carried from the first explicit Finding reference in the frozen classification rationale/related set; related references are not exhaustive.
#2006,Spatial Ground Must Treat Canonical Silence as a Design Asset,DUPLICATE / NEAR-DUPLICATE,MERGE INTO STRONGER FINDING OR CLUSTER,Minimality and Semantic Restraint,HIGH,Merged,BOUND-01,#143,P4-D15,FALSE,FALSE,Primary target from Pass #4 cluster-level consolidation view. Consolidation parent carried from the first explicit Finding reference in the frozen classification rationale/related set; related references are not exhaustive.
#2007,Spatial Ground Must Distinguish Unknown Higher Meaning From Unknown Ground Truth,DUPLICATE / NEAR-DUPLICATE,MERGE INTO STRONGER FINDING OR CLUSTER,Exact Membership and Boundary Resolution,HIGH,Merged,CORE-03,#15,P4-D15,FALSE,FALSE,Primary target from Pass #4 cluster-level consolidation view. Consolidation parent carried from the first explicit Finding reference in the frozen classification rationale/related set; related references are not exhaustive.
#2008,Spatial Ground Must Permit Higher Ambiguity Without Foundational Ambiguity,DUPLICATE / NEAR-DUPLICATE,MERGE INTO STRONGER FINDING OR CLUSTER,Upward Handoff,HIGH,Merged,UP-01,#4,P4-D15,FALSE,FALSE,Primary target from Pass #4 cluster-level consolidation view. Consolidation parent carried from the first explicit Finding reference in the frozen classification rationale/related set; related references are not exhaustive.
#2009,Spatial Ground Must Permit Higher Evolution Without Foundational Reclassification,DUPLICATE / NEAR-DUPLICATE,MERGE INTO STRONGER FINDING OR CLUSTER,Change Control and Permanence,HIGH,Merged,CORE-06,#4,P4-D15,FALSE,FALSE,Primary target from Pass #4 cluster-level consolidation view. Consolidation parent carried from the first explicit Finding reference in the frozen classification rationale/related set; related references are not exhaustive.
#2010,Spatial Ground Must Preserve World Membership as the Stable Baseline,DUPLICATE / NEAR-DUPLICATE,MERGE INTO STRONGER FINDING OR CLUSTER,Upward Handoff,HIGH,Merged,UP-01,#89,P4-D15,FALSE,FALSE,Primary target from Pass #4 cluster-level consolidation view. Consolidation parent carried from the first explicit Finding reference in the frozen classification rationale/related set; related references are not exhaustive.
#2011,Spatial Ground Must Distinguish Baseline Truth From Higher Defaults,DUPLICATE / NEAR-DUPLICATE,MERGE INTO STRONGER FINDING OR CLUSTER,Upward Handoff,HIGH,Merged,UP-01,#23,P4-D15,FALSE,FALSE,Primary target from Pass #4 cluster-level consolidation view. Consolidation parent carried from the first explicit Finding reference in the frozen classification rationale/related set; related references are not exhaustive.
#2012,Spatial Ground Must Prevent Default Configuration From Becoming Canon,DUPLICATE / NEAR-DUPLICATE,MERGE INTO STRONGER FINDING OR CLUSTER,Minimality and Semantic Restraint,HIGH,Merged,BOUND-01,#19,P4-D15,FALSE,FALSE,Primary target from Pass #4 cluster-level consolidation view. Consolidation parent carried from the first explicit Finding reference in the frozen classification rationale/related set; related references are not exhaustive.
#2013,Spatial Ground Must Preserve Explicit Canon Over Implicit Convention,DUPLICATE / NEAR-DUPLICATE,MERGE INTO STRONGER FINDING OR CLUSTER,Minimality and Semantic Restraint,HIGH,Merged,BOUND-01,#1411,P4-D15,FALSE,FALSE,Primary target from Pass #4 cluster-level consolidation view. Consolidation parent carried from the first explicit Finding reference in the frozen classification rationale/related set; related references are not exhaustive.
#2014,Spatial Ground Must Avoid “Obvious” Unwritten Spatial Rules,DUPLICATE / NEAR-DUPLICATE,MERGE INTO STRONGER FINDING OR CLUSTER,No Hidden State / Self-Containment,HIGH,Merged,CORE-05b,#27,P4-D15,FALSE,FALSE,Primary target from Pass #4 cluster-level consolidation view. Consolidation parent carried from the first explicit Finding reference in the frozen classification rationale/related set; related references are not exhaustive.
#2015,Spatial Ground Must Be Written for Unfamiliar Future Readers,DUPLICATE / NEAR-DUPLICATE,MERGE INTO STRONGER FINDING OR CLUSTER,Terminology Discipline,HIGH,Merged,Terminology Register,#69,P4-D15,FALSE,FALSE,Primary target from Pass #4 cluster-level consolidation view. Consolidation parent carried from the first explicit Finding reference in the frozen classification rationale/related set; related references are not exhaustive.
#2016,Spatial Ground Must Preserve Definitions Across Cultural and Technical Distance,DUPLICATE / NEAR-DUPLICATE,MERGE INTO STRONGER FINDING OR CLUSTER,Terminology Discipline,HIGH,Merged,Terminology Register,#70,P4-D15,FALSE,FALSE,Primary target from Pass #4 cluster-level consolidation view. Consolidation parent carried from the first explicit Finding reference in the frozen classification rationale/related set; related references are not exhaustive.
#2017,Spatial Ground Must Minimize Reliance on Contemporary Spatial Intuition,DERIVED CONSEQUENCE,MERGE INTO STRONGER FINDING OR CLUSTER,Terminology Discipline,HIGH,Merged,Terminology Register,#1053,P4-D15,FALSE,FALSE,Primary target from Pass #4 cluster-level consolidation view. Consolidation parent carried from the first explicit Finding reference in the frozen classification rationale/related set; related references are not exhaustive.
#2018,Spatial Ground Must Formalize Intuitive Concepts Before Canonizing Them,DUPLICATE / NEAR-DUPLICATE,MERGE INTO STRONGER FINDING OR CLUSTER,Terminology Discipline,HIGH,Merged,Terminology Register,#2017,P4-D15,FALSE,FALSE,Primary target from Pass #4 cluster-level consolidation view. Consolidation parent carried from the first explicit Finding reference in the frozen classification rationale/related set; related references are not exhaustive.
#2019,Spatial Ground Must Distinguish Informal “Inside” From Canonical Membership,DUPLICATE / NEAR-DUPLICATE,MERGE INTO STRONGER FINDING OR CLUSTER,Operational Non-Authority,HIGH,Merged,CORE-05c,#19,P4-D15,FALSE,FALSE,Primary target from Pass #4 cluster-level consolidation view. Consolidation parent carried from the first explicit Finding reference in the frozen classification rationale/related set; related references are not exhaustive.
#2020,Spatial Ground Must Distinguish Informal “Outside” From Canonical Non-Membership,DUPLICATE / NEAR-DUPLICATE,MERGE INTO STRONGER FINDING OR CLUSTER,Operational Non-Authority,HIGH,Merged,CORE-05c,#19,P4-D15,FALSE,FALSE,Primary target from Pass #4 cluster-level consolidation view. Consolidation parent carried from the first explicit Finding reference in the frozen classification rationale/related set; related references are not exhaustive.
#2021,Spatial Ground Must Distinguish Visual Edge From Membership Transition,DUPLICATE / NEAR-DUPLICATE,MERGE INTO STRONGER FINDING OR CLUSTER,Operational Non-Authority,HIGH,Merged,CORE-05c,#19,P4-D15,FALSE,FALSE,Primary target from Pass #4 cluster-level consolidation view. Consolidation parent carried from the first explicit Finding reference in the frozen classification rationale/related set; related references are not exhaustive.
#2022,Spatial Ground Must Preserve Exact Membership Beneath Anti-Aliasing,DUPLICATE / NEAR-DUPLICATE,MERGE INTO STRONGER FINDING OR CLUSTER,Operational Non-Authority,HIGH,Merged,CORE-05c,#19,P4-D15,FALSE,FALSE,Primary target from Pass #4 cluster-level consolidation view. Consolidation parent carried from the first explicit Finding reference in the frozen classification rationale/related set; related references are not exhaustive.
#2023,Spatial Ground Must Preserve Exact Membership Beneath Procedural Visual Noise,DUPLICATE / NEAR-DUPLICATE,MERGE INTO STRONGER FINDING OR CLUSTER,Operational Non-Authority,HIGH,Merged,CORE-05c,#19,P4-D15,FALSE,FALSE,Primary target from Pass #4 cluster-level consolidation view. Consolidation parent carried from the first explicit Finding reference in the frozen classification rationale/related set; related references are not exhaustive.
#2024,Spatial Ground Must Preserve Exact Membership Beneath Artistic Interpretation,DUPLICATE / NEAR-DUPLICATE,MERGE INTO STRONGER FINDING OR CLUSTER,Higher-Layer Independence,HIGH,Merged,CORE-05a,#4,P4-D15,FALSE,FALSE,Primary target from Pass #4 cluster-level consolidation view. Consolidation parent carried from the first explicit Finding reference in the frozen classification rationale/related set; related references are not exhaustive.
#2025,Spatial Ground Must Permit Representational Abstraction,DUPLICATE / NEAR-DUPLICATE,MERGE INTO STRONGER FINDING OR CLUSTER,Upward Handoff,HIGH,Merged,UP-01,#8,P4-D15,FALSE,FALSE,Primary target from Pass #4 cluster-level consolidation view. Consolidation parent carried from the first explicit Finding reference in the frozen classification rationale/related set; related references are not exhaustive.
#2026,Spatial Ground Must Prevent Abstraction From Becoming Authority,DUPLICATE / NEAR-DUPLICATE,MERGE INTO STRONGER FINDING OR CLUSTER,Operational Non-Authority,HIGH,Merged,CORE-05c,#19,P4-D15,FALSE,FALSE,Primary target from Pass #4 cluster-level consolidation view. Consolidation parent carried from the first explicit Finding reference in the frozen classification rationale/related set; related references are not exhaustive.
#2027,Spatial Ground Must Preserve Exactness Beneath Generalization,DUPLICATE / NEAR-DUPLICATE,MERGE INTO STRONGER FINDING OR CLUSTER,Operational Non-Authority,HIGH,Merged,CORE-05c,#19,P4-D15,FALSE,FALSE,Primary target from Pass #4 cluster-level consolidation view. Consolidation parent carried from the first explicit Finding reference in the frozen classification rationale/related set; related references are not exhaustive.
#2028,Spatial Ground Must Preserve Exactness Beneath Scale-Dependent Representation,DUPLICATE / NEAR-DUPLICATE,MERGE INTO STRONGER FINDING OR CLUSTER,Precision and Refinement,HIGH,Merged,DEF-06,#244,P4-D15,FALSE,FALSE,Primary target from Pass #4 cluster-level consolidation view. Consolidation parent carried from the first explicit Finding reference in the frozen classification rationale/related set; related references are not exhaustive.
#2029,Spatial Ground Must Preserve Exactness Beneath Semantic Zoom,DUPLICATE / NEAR-DUPLICATE,MERGE INTO STRONGER FINDING OR CLUSTER,Minimality and Semantic Restraint,HIGH,Merged,BOUND-01,#20,P4-D15,FALSE,FALSE,Primary target from Pass #4 cluster-level consolidation view. Consolidation parent carried from the first explicit Finding reference in the frozen classification rationale/related set; related references are not exhaustive.
#2030,Spatial Ground Must Preserve Exactness Beneath Progressive Disclosure,DUPLICATE / NEAR-DUPLICATE,MERGE INTO STRONGER FINDING OR CLUSTER,Higher-Layer Independence,HIGH,Merged,CORE-05a,#4,P4-D15,FALSE,FALSE,Primary target from Pass #4 cluster-level consolidation view. Consolidation parent carried from the first explicit Finding reference in the frozen classification rationale/related set; related references are not exhaustive.
#2031,Spatial Ground Must Distinguish Discovery Interface From Spatial Discovery,DUPLICATE / NEAR-DUPLICATE,MERGE INTO STRONGER FINDING OR CLUSTER,Higher-Layer Independence,HIGH,Merged,CORE-05a,#4,P4-D15,FALSE,FALSE,Primary target from Pass #4 cluster-level consolidation view. Consolidation parent carried from the first explicit Finding reference in the frozen classification rationale/related set; related references are not exhaustive.
#2032,Spatial Ground Must Distinguish User Exploration From Foundational Discovery,DUPLICATE / NEAR-DUPLICATE,MERGE INTO STRONGER FINDING OR CLUSTER,Higher-Layer Independence,HIGH,Merged,CORE-05a,#4,P4-D15,FALSE,FALSE,Primary target from Pass #4 cluster-level consolidation view. Consolidation parent carried from the first explicit Finding reference in the frozen classification rationale/related set; related references are not exhaustive.
#2033,Spatial Ground Must Distinguish Architectural Discovery From User Discovery,DUPLICATE / NEAR-DUPLICATE,MERGE INTO STRONGER FINDING OR CLUSTER,Historical Traceability,HIGH,Merged,Governance Register,#1791,P4-D15,FALSE,FALSE,Primary target from Pass #4 cluster-level consolidation view. Consolidation parent carried from the first explicit Finding reference in the frozen classification rationale/related set; related references are not exhaustive.
#2034,Spatial Ground Must Distinguish Foundational Discovery From Foundational Invention,DUPLICATE / NEAR-DUPLICATE,MERGE INTO STRONGER FINDING OR CLUSTER,Constitutional Subordination,HIGH,Merged,CONST-01,#91,P4-D15,FALSE,FALSE,Primary target from Pass #4 cluster-level consolidation view. Consolidation parent carried from the first explicit Finding reference in the frozen classification rationale/related set; related references are not exhaustive.
#2035,Spatial Ground Must Preserve Recognition Before Representation,DUPLICATE / NEAR-DUPLICATE,MERGE INTO STRONGER FINDING OR CLUSTER,Higher-Layer Independence,HIGH,Merged,CORE-05a,#2,P4-D15,FALSE,FALSE,Primary target from Pass #4 cluster-level consolidation view. Consolidation parent carried from the first explicit Finding reference in the frozen classification rationale/related set; related references are not exhaustive.
#2036,Spatial Ground Must Distinguish Recognition From Encoding,DUPLICATE / NEAR-DUPLICATE,MERGE INTO STRONGER FINDING OR CLUSTER,Representation Independence,HIGH,Merged,CORE-07,#19,P4-D15,FALSE,FALSE,Primary target from Pass #4 cluster-level consolidation view. Consolidation parent carried from the first explicit Finding reference in the frozen classification rationale/related set; related references are not exhaustive.
#2037,Spatial Ground Must Distinguish Encoding Choice From Canonical Commitment,DUPLICATE / NEAR-DUPLICATE,MERGE INTO STRONGER FINDING OR CLUSTER,Representation Independence,HIGH,Merged,CORE-07,#29,P4-D15,FALSE,FALSE,Primary target from Pass #4 cluster-level consolidation view. Consolidation parent carried from the first explicit Finding reference in the frozen classification rationale/related set; related references are not exhaustive.
#2038,Spatial Ground Must Preserve Semantic Continuity Across Encoding Families,DUPLICATE / NEAR-DUPLICATE,MERGE INTO STRONGER FINDING OR CLUSTER,Canonical Equivalence,HIGH,Merged,DEF-05,#1486,P4-D15,FALSE,FALSE,Primary target from Pass #4 cluster-level consolidation view. Consolidation parent carried from the first explicit Finding reference in the frozen classification rationale/related set; related references are not exhaustive.
#2039,Spatial Ground Must Preserve Semantic Continuity Across Formalisms,DUPLICATE / NEAR-DUPLICATE,MERGE INTO STRONGER FINDING OR CLUSTER,Canonical Equivalence,HIGH,Merged,DEF-05,#65,P4-D15,FALSE,FALSE,Primary target from Pass #4 cluster-level consolidation view. Consolidation parent carried from the first explicit Finding reference in the frozen classification rationale/related set; related references are not exhaustive.
#2040,Spatial Ground Must Not Require Formalism Loyalty,DUPLICATE / NEAR-DUPLICATE,MERGE INTO STRONGER FINDING OR CLUSTER,Technology and Infrastructure Independence,HIGH,Merged,CORE-05b,#81,P4-D15,FALSE,FALSE,Primary target from Pass #4 cluster-level consolidation view. Consolidation parent carried from the first explicit Finding reference in the frozen classification rationale/related set; related references are not exhaustive.
#2041,Spatial Ground Must Distinguish Mathematical Meaning From Mathematical Notation,DUPLICATE / NEAR-DUPLICATE,MERGE INTO STRONGER FINDING OR CLUSTER,Representation Independence,HIGH,Merged,CORE-07,#29,P4-D15,FALSE,FALSE,Primary target from Pass #4 cluster-level consolidation view. Consolidation parent carried from the first explicit Finding reference in the frozen classification rationale/related set; related references are not exhaustive.
#2042,Spatial Ground Must Preserve Mathematical Definitions Across Notational Change,DUPLICATE / NEAR-DUPLICATE,MERGE INTO STRONGER FINDING OR CLUSTER,Canonical Equivalence,HIGH,Merged,DEF-05,#65,P4-D15,FALSE,FALSE,Primary target from Pass #4 cluster-level consolidation view. Consolidation parent carried from the first explicit Finding reference in the frozen classification rationale/related set; related references are not exhaustive.
#2043,Spatial Ground Must Avoid Notation-Dependent Ambiguity,DUPLICATE / NEAR-DUPLICATE,MERGE INTO STRONGER FINDING OR CLUSTER,Finite Expressibility and Determinism,HIGH,Merged,DEF-03,#27,P4-D15,FALSE,FALSE,Primary target from Pass #4 cluster-level consolidation view. Consolidation parent carried from the first explicit Finding reference in the frozen classification rationale/related set; related references are not exhaustive.
#2044,Spatial Ground Must Preserve Unit Meaning Across Representation,DUPLICATE / NEAR-DUPLICATE,MERGE INTO STRONGER FINDING OR CLUSTER,Survey Dependency / Downward Contract,HIGH,Merged,DOWN-01,#12,P4-D15,FALSE,FALSE,Primary target from Pass #4 cluster-level consolidation view. Consolidation parent carried from the first explicit Finding reference in the frozen classification rationale/related set; related references are not exhaustive.
#2045,Spatial Ground Must Prevent Unit Conversion From Becoming Spatial Mutation,DUPLICATE / NEAR-DUPLICATE,MERGE INTO STRONGER FINDING OR CLUSTER,Operational Non-Authority,HIGH,Merged,CORE-05c,#19,P4-D15,FALSE,FALSE,Primary target from Pass #4 cluster-level consolidation view. Consolidation parent carried from the first explicit Finding reference in the frozen classification rationale/related set; related references are not exhaustive.
#2046,Spatial Ground Must Preserve Dimensional Discipline,SPECIFICATION CANDIDATE,MOVE TO SPECIFICATION,Finite Expressibility and Determinism,HIGH,Specification,DEF-03,,P4-D15,FALSE,FALSE,Primary target from Pass #4 cluster-level consolidation view.
#2047,Spatial Ground Must Prevent Dimensional Category Errors,DUPLICATE / NEAR-DUPLICATE,MERGE INTO STRONGER FINDING OR CLUSTER,Conformance and Validation,HIGH,Merged,DEF-04,#66,P4-D15,FALSE,FALSE,Primary target from Pass #4 cluster-level consolidation view. Consolidation parent carried from the first explicit Finding reference in the frozen classification rationale/related set; related references are not exhaustive.
#2048,Spatial Ground Must Preserve Exact Scale Inheritance,DUPLICATE / NEAR-DUPLICATE,MERGE INTO STRONGER FINDING OR CLUSTER,Survey Dependency / Downward Contract,HIGH,Merged,DOWN-01,#12,P4-D15,FALSE,FALSE,Primary target from Pass #4 cluster-level consolidation view. Consolidation parent carried from the first explicit Finding reference in the frozen classification rationale/related set; related references are not exhaustive.
#2049,Spatial Ground Must Preserve Scale Through Future Representation Change,DUPLICATE / NEAR-DUPLICATE,MERGE INTO STRONGER FINDING OR CLUSTER,Survey Dependency / Downward Contract,HIGH,Merged,DOWN-01,#12,P4-D15,FALSE,FALSE,Primary target from Pass #4 cluster-level consolidation view. Consolidation parent carried from the first explicit Finding reference in the frozen classification rationale/related set; related references are not exhaustive.
#2050,"Spatial Ground Must Remain the Exact Bridge, Not a Second World Model",DUPLICATE / NEAR-DUPLICATE,MERGE INTO STRONGER FINDING OR CLUSTER,Layer Boundaries,HIGH,Merged,BOUND-01,#30,P4-D15,TRUE,FALSE,Primary target from Pass #4 cluster-level consolidation view. Consolidation parent carried from the first explicit Finding reference in the frozen classification rationale/related set; related references are not exhaustive.
#2051,Spatial Ground Must Distinguish Canonical Ground From Spatial Services,DUPLICATE / NEAR-DUPLICATE,MERGE INTO STRONGER FINDING OR CLUSTER,Operational Non-Authority,HIGH,Merged,CORE-05c,#19,P4-D15,FALSE,FALSE,Primary target from Pass #4 cluster-level consolidation view. Consolidation parent carried from the first explicit Finding reference in the frozen classification rationale/related set; related references are not exhaustive.
#2052,Spatial Services Must Remain Replaceable,DUPLICATE / NEAR-DUPLICATE,MERGE INTO STRONGER FINDING OR CLUSTER,Technology and Infrastructure Independence,HIGH,Merged,CORE-05b,#81,P4-D15,FALSE,FALSE,Primary target from Pass #4 cluster-level consolidation view. Consolidation parent carried from the first explicit Finding reference in the frozen classification rationale/related set; related references are not exhaustive.
#2053,Spatial Ground Must Preserve Place Without Searchability,DUPLICATE / NEAR-DUPLICATE,MERGE INTO STRONGER FINDING OR CLUSTER,Higher-Layer Independence,HIGH,Merged,CORE-05a,#4,P4-D15,FALSE,FALSE,Primary target from Pass #4 cluster-level consolidation view. Consolidation parent carried from the first explicit Finding reference in the frozen classification rationale/related set; related references are not exhaustive.
#2054,Spatial Ground Must Preserve Place Without Navigability,DUPLICATE / NEAR-DUPLICATE,MERGE INTO STRONGER FINDING OR CLUSTER,Interpretation Independence,HIGH,Merged,CORE-05a,#4,P4-D15,FALSE,FALSE,Primary target from Pass #4 cluster-level consolidation view. Consolidation parent carried from the first explicit Finding reference in the frozen classification rationale/related set; related references are not exhaustive.
#2055,Spatial Ground Must Preserve Place Without Human Legibility,DERIVED CONSEQUENCE,MERGE INTO STRONGER FINDING OR CLUSTER,Exact Membership and Boundary Resolution,HIGH,Merged,CORE-03,#15,P4-D15,FALSE,FALSE,Primary target from Pass #4 cluster-level consolidation view. Consolidation parent carried from the first explicit Finding reference in the frozen classification rationale/related set; related references are not exhaustive.
#2056,Spatial Ground Must Preserve Human Legibility Where It Does Not Compromise Exactness,DUPLICATE / NEAR-DUPLICATE,MERGE INTO STRONGER FINDING OR CLUSTER,Inquiry Method and Framework Sequencing,HIGH,Merged,Governance Method Annex,#69,P4-D15,FALSE,FALSE,Primary target from Pass #4 cluster-level consolidation view. Consolidation parent carried from the first explicit Finding reference in the frozen classification rationale/related set; related references are not exhaustive.
#2057,Spatial Ground Must Distinguish Understandability From Simplicity of Appearance,DUPLICATE / NEAR-DUPLICATE,MERGE INTO STRONGER FINDING OR CLUSTER,Inquiry Method and Framework Sequencing,HIGH,Merged,Governance Method Annex,#874,P4-D15,FALSE,FALSE,Primary target from Pass #4 cluster-level consolidation view. Consolidation parent carried from the first explicit Finding reference in the frozen classification rationale/related set; related references are not exhaustive.
#2058,Spatial Ground Must Preserve Inspectable Causality,DUPLICATE / NEAR-DUPLICATE,MERGE INTO STRONGER FINDING OR CLUSTER,Reconstruction and Recoverability,HIGH,Merged,DEF-02,#1435,P4-D15,FALSE,FALSE,Primary target from Pass #4 cluster-level consolidation view. Consolidation parent carried from the first explicit Finding reference in the frozen classification rationale/related set; related references are not exhaustive.
#2059,Spatial Ground Must Avoid Opaque Membership Decisions,DUPLICATE / NEAR-DUPLICATE,MERGE INTO STRONGER FINDING OR CLUSTER,No Hidden State / Self-Containment,HIGH,Merged,CORE-05b,#27,P4-D15,FALSE,FALSE,Primary target from Pass #4 cluster-level consolidation view. Consolidation parent carried from the first explicit Finding reference in the frozen classification rationale/related set; related references are not exhaustive.
#2060,Spatial Ground Must Preserve Explainable Failure,DUPLICATE / NEAR-DUPLICATE,MERGE INTO STRONGER FINDING OR CLUSTER,Failure Semantics,HIGH,Merged,CORE-03b,#299,P4-D15,FALSE,FALSE,Primary target from Pass #4 cluster-level consolidation view. Consolidation parent carried from the first explicit Finding reference in the frozen classification rationale/related set; related references are not exhaustive.
#2061,Spatial Ground Must Support Formal Reason Codes Where Useful,DUPLICATE / NEAR-DUPLICATE,MERGE INTO STRONGER FINDING OR CLUSTER,Failure Semantics,HIGH,Merged,CORE-03b,#299,P4-D15,FALSE,FALSE,Primary target from Pass #4 cluster-level consolidation view. Consolidation parent carried from the first explicit Finding reference in the frozen classification rationale/related set; related references are not exhaustive.
#2062,Failure Classification Must Not Expand Ground Ontology,DUPLICATE / NEAR-DUPLICATE,MERGE INTO STRONGER FINDING OR CLUSTER,Failure Semantics,HIGH,Merged,CORE-03b,#15,P4-D15,FALSE,FALSE,Primary target from Pass #4 cluster-level consolidation view. Consolidation parent carried from the first explicit Finding reference in the frozen classification rationale/related set; related references are not exhaustive.
#2063,Spatial Ground Must Preserve a Closed Canonical Membership Vocabulary,DERIVED CONSEQUENCE,MERGE INTO STRONGER FINDING OR CLUSTER,Exact Membership and Boundary Resolution,HIGH,Merged,CORE-03,#15,P4-D15,TRUE,FALSE,Primary target from Pass #4 cluster-level consolidation view. Consolidation parent carried from the first explicit Finding reference in the frozen classification rationale/related set; related references are not exhaustive.
#2064,Spatial Ground Must Distinguish Foundational State From Workflow State,DUPLICATE / NEAR-DUPLICATE,MERGE INTO STRONGER FINDING OR CLUSTER,Exact Membership and Boundary Resolution,HIGH,Merged,CORE-03,#15,P4-D15,FALSE,FALSE,Primary target from Pass #4 cluster-level consolidation view. Consolidation parent carried from the first explicit Finding reference in the frozen classification rationale/related set; related references are not exhaustive.
#2065,Spatial Ground Must Distinguish Workflow Status From Canonical Status,DUPLICATE / NEAR-DUPLICATE,MERGE INTO STRONGER FINDING OR CLUSTER,Institutional Authority and Adoption,HIGH,Merged,IF-01,#154,P4-D15,FALSE,FALSE,Primary target from Pass #4 cluster-level consolidation view. Consolidation parent carried from the first explicit Finding reference in the frozen classification rationale/related set; related references are not exhaustive.
#2066,Spatial Ground Must Preserve Canonical Stability During Workflow,DUPLICATE / NEAR-DUPLICATE,MERGE INTO STRONGER FINDING OR CLUSTER,Single Canonical Truth,HIGH,Merged,CORE-04,#1611,P4-D15,FALSE,FALSE,Primary target from Pass #4 cluster-level consolidation view. Consolidation parent carried from the first explicit Finding reference in the frozen classification rationale/related set; related references are not exhaustive.
#2067,Spatial Ground Must Support Candidate Comparison Without Candidate Coexistence as Canon,DUPLICATE / NEAR-DUPLICATE,MERGE INTO STRONGER FINDING OR CLUSTER,Single Canonical Truth,HIGH,Merged,CORE-04,#1611,P4-D15,FALSE,FALSE,Primary target from Pass #4 cluster-level consolidation view. Consolidation parent carried from the first explicit Finding reference in the frozen classification rationale/related set; related references are not exhaustive.
#2068,Candidate Evaluation Must Be Non-Destructive,DERIVED CONSEQUENCE,MERGE INTO STRONGER FINDING OR CLUSTER,Institutional Authority and Adoption,HIGH,Merged,IF-01,#4,P4-D15,FALSE,FALSE,Primary target from Pass #4 cluster-level consolidation view. Consolidation parent carried from the first explicit Finding reference in the frozen classification rationale/related set; related references are not exhaustive.
#2069,Candidate Evaluation Must Be Isolated,DUPLICATE / NEAR-DUPLICATE,MERGE INTO STRONGER FINDING OR CLUSTER,Institutional Authority and Adoption,HIGH,Merged,IF-01,#2068,P4-D15,FALSE,FALSE,Primary target from Pass #4 cluster-level consolidation view. Consolidation parent carried from the first explicit Finding reference in the frozen classification rationale/related set; related references are not exhaustive.
#2070,Spatial Ground Must Make Experimental Status Machine-Detectable Where Practical,DUPLICATE / NEAR-DUPLICATE,MERGE INTO STRONGER FINDING OR CLUSTER,Institutional Authority and Adoption,HIGH,Merged,IF-01,#154,P4-D15,FALSE,FALSE,Primary target from Pass #4 cluster-level consolidation view. Consolidation parent carried from the first explicit Finding reference in the frozen classification rationale/related set; related references are not exhaustive.
#2071,Spatial Ground Must Prevent Test Data From Becoming Canon,DUPLICATE / NEAR-DUPLICATE,MERGE INTO STRONGER FINDING OR CLUSTER,Testing and Adversarial Review,HIGH,Merged,Conformance Register,#1067,P4-D15,FALSE,FALSE,Primary target from Pass #4 cluster-level consolidation view. Consolidation parent carried from the first explicit Finding reference in the frozen classification rationale/related set; related references are not exhaustive.
#2072,Spatial Ground Must Prevent Demonstration Geometry From Becoming Canon,DUPLICATE / NEAR-DUPLICATE,MERGE INTO STRONGER FINDING OR CLUSTER,Terminology Discipline,HIGH,Merged,Terminology Register,#1067,P4-D15,FALSE,FALSE,Primary target from Pass #4 cluster-level consolidation view. Consolidation parent carried from the first explicit Finding reference in the frozen classification rationale/related set; related references are not exhaustive.
#2073,Spatial Ground Must Preserve the Distinction Between Model Tests and World Tests,CONFORMANCE / VALIDATION CANDIDATE,MOVE TO CONFORMANCE / VALIDATION,Testing and Adversarial Review,HIGH,Conformance,Conformance Register,,P4-D15,FALSE,FALSE,Primary target from Pass #4 cluster-level consolidation view.
#2074,Spatial Ground Must Support Generic Conformance Without Creating Generic Worlds,DUPLICATE / NEAR-DUPLICATE,MERGE INTO STRONGER FINDING OR CLUSTER,Testing and Adversarial Review,HIGH,Merged,Conformance Register,#553,P4-D15,FALSE,FALSE,Primary target from Pass #4 cluster-level consolidation view. Consolidation parent carried from the first explicit Finding reference in the frozen classification rationale/related set; related references are not exhaustive.
#2075,Spatial Ground Must Preserve One Production Instance,DUPLICATE / NEAR-DUPLICATE,MERGE INTO STRONGER FINDING OR CLUSTER,One World / Singular World-Space,HIGH,Merged,CONST-02,#21,P4-D15,FALSE,FALSE,Primary target from Pass #4 cluster-level consolidation view. Consolidation parent carried from the first explicit Finding reference in the frozen classification rationale/related set; related references are not exhaustive.
#2076,Production Status Must Be Explicit,DUPLICATE / NEAR-DUPLICATE,MERGE INTO STRONGER FINDING OR CLUSTER,Institutional Authority and Adoption,HIGH,Merged,IF-01,#154,P4-D15,FALSE,FALSE,Primary target from Pass #4 cluster-level consolidation view. Consolidation parent carried from the first explicit Finding reference in the frozen classification rationale/related set; related references are not exhaustive.
#2077,Spatial Ground Must Prevent Environment Drift,DERIVED CONSEQUENCE,MERGE INTO STRONGER FINDING OR CLUSTER,Single Canonical Truth,HIGH,Merged,CORE-04,#8,P4-D15,FALSE,FALSE,Primary target from Pass #4 cluster-level consolidation view. Consolidation parent carried from the first explicit Finding reference in the frozen classification rationale/related set; related references are not exhaustive.
#2078,Non-Production Environments Must Reference Canon Where Appropriate,DUPLICATE / NEAR-DUPLICATE,MERGE INTO STRONGER FINDING OR CLUSTER,Single Canonical Truth,HIGH,Merged,CORE-04,#2077,P4-D15,FALSE,FALSE,Primary target from Pass #4 cluster-level consolidation view. Consolidation parent carried from the first explicit Finding reference in the frozen classification rationale/related set; related references are not exhaustive.
#2079,Spatial Ground Must Preserve Environment-Independent Semantics,DUPLICATE / NEAR-DUPLICATE,MERGE INTO STRONGER FINDING OR CLUSTER,No Hidden State / Self-Containment,HIGH,Merged,CORE-05b,#27,P4-D15,FALSE,FALSE,Primary target from Pass #4 cluster-level consolidation view. Consolidation parent carried from the first explicit Finding reference in the frozen classification rationale/related set; related references are not exhaustive.
#2080,Spatial Ground Must Prevent Configuration-Based Environment Forks,DUPLICATE / NEAR-DUPLICATE,MERGE INTO STRONGER FINDING OR CLUSTER,No Hidden State / Self-Containment,HIGH,Merged,CORE-05b,#27,P4-D15,FALSE,FALSE,Primary target from Pass #4 cluster-level consolidation view. Consolidation parent carried from the first explicit Finding reference in the frozen classification rationale/related set; related references are not exhaustive.
#2081,Spatial Ground Must Preserve Deterministic Initialization,DUPLICATE / NEAR-DUPLICATE,MERGE INTO STRONGER FINDING OR CLUSTER,Independent Implementation,HIGH,Merged,CORE-03c,#26,P4-D15,FALSE,FALSE,Primary target from Pass #4 cluster-level consolidation view. Consolidation parent carried from the first explicit Finding reference in the frozen classification rationale/related set; related references are not exhaustive.
#2082,Spatial Ground Must Prevent Bootstrap Ambiguity,DUPLICATE / NEAR-DUPLICATE,MERGE INTO STRONGER FINDING OR CLUSTER,Single Canonical Truth,HIGH,Merged,CORE-04,#8,P4-D15,FALSE,FALSE,Primary target from Pass #4 cluster-level consolidation view. Consolidation parent carried from the first explicit Finding reference in the frozen classification rationale/related set; related references are not exhaustive.
#2083,Spatial Ground Must Define Bootstrap Dependencies,DUPLICATE / NEAR-DUPLICATE,MERGE INTO STRONGER FINDING OR CLUSTER,Reconstruction and Recoverability,HIGH,Merged,DEF-02,#542,P4-D15,FALSE,FALSE,Primary target from Pass #4 cluster-level consolidation view. Consolidation parent carried from the first explicit Finding reference in the frozen classification rationale/related set; related references are not exhaustive.
#2084,Spatial Ground Must Support Clean Bootstrap,DUPLICATE / NEAR-DUPLICATE,MERGE INTO STRONGER FINDING OR CLUSTER,Reconstruction and Recoverability,HIGH,Merged,DEF-02,#542,P4-D15,FALSE,FALSE,Primary target from Pass #4 cluster-level consolidation view. Consolidation parent carried from the first explicit Finding reference in the frozen classification rationale/related set; related references are not exhaustive.
#2085,Bootstrap Must Not Require Historical Cache,DUPLICATE / NEAR-DUPLICATE,MERGE INTO STRONGER FINDING OR CLUSTER,Reconstruction and Recoverability,HIGH,Merged,DEF-02,#44,P4-D15,FALSE,FALSE,Primary target from Pass #4 cluster-level consolidation view. Consolidation parent carried from the first explicit Finding reference in the frozen classification rationale/related set; related references are not exhaustive.
#2086,Bootstrap Must Not Require Institutional Contact,DUPLICATE / NEAR-DUPLICATE,MERGE INTO STRONGER FINDING OR CLUSTER,No Hidden State / Self-Containment,HIGH,Merged,CORE-05b,#27,P4-D15,FALSE,FALSE,Primary target from Pass #4 cluster-level consolidation view. Consolidation parent carried from the first explicit Finding reference in the frozen classification rationale/related set; related references are not exhaustive.
#2087,Spatial Ground Must Preserve Bootstrap Verifiability,DUPLICATE / NEAR-DUPLICATE,MERGE INTO STRONGER FINDING OR CLUSTER,Conformance and Validation,HIGH,Merged,DEF-04,#191,P4-D15,FALSE,FALSE,Primary target from Pass #4 cluster-level consolidation view. Consolidation parent carried from the first explicit Finding reference in the frozen classification rationale/related set; related references are not exhaustive.
#2088,Spatial Ground Must Support Deterministic Reset,DUPLICATE / NEAR-DUPLICATE,MERGE INTO STRONGER FINDING OR CLUSTER,Operational Non-Authority,HIGH,Merged,CORE-05c,#19,P4-D15,FALSE,FALSE,Primary target from Pass #4 cluster-level consolidation view. Consolidation parent carried from the first explicit Finding reference in the frozen classification rationale/related set; related references are not exhaustive.
#2089,Reset Must Not Mean Re-Adoption,DUPLICATE / NEAR-DUPLICATE,MERGE INTO STRONGER FINDING OR CLUSTER,Institutional Authority and Adoption,HIGH,Merged,IF-01,#503,P4-D15,FALSE,FALSE,Primary target from Pass #4 cluster-level consolidation view. Consolidation parent carried from the first explicit Finding reference in the frozen classification rationale/related set; related references are not exhaustive.
#2090,Spatial Ground Must Preserve Canon Through Operational Cycles,DUPLICATE / NEAR-DUPLICATE,MERGE INTO STRONGER FINDING OR CLUSTER,Runtime Independence,HIGH,Merged,CORE-05a,#4,P4-D15,FALSE,FALSE,Primary target from Pass #4 cluster-level consolidation view. Consolidation parent carried from the first explicit Finding reference in the frozen classification rationale/related set; related references are not exhaustive.
#2091,Spatial Ground Must Support State Verification After Restart,DUPLICATE / NEAR-DUPLICATE,MERGE INTO STRONGER FINDING OR CLUSTER,Testing and Adversarial Review,HIGH,Merged,Conformance Register,#960,P4-D15,FALSE,FALSE,Primary target from Pass #4 cluster-level consolidation view. Consolidation parent carried from the first explicit Finding reference in the frozen classification rationale/related set; related references are not exhaustive.
#2092,Spatial Ground Must Detect Post-Restart Divergence,DUPLICATE / NEAR-DUPLICATE,MERGE INTO STRONGER FINDING OR CLUSTER,Failure Semantics,HIGH,Merged,CORE-03b,#4,P4-D15,FALSE,FALSE,Primary target from Pass #4 cluster-level consolidation view. Consolidation parent carried from the first explicit Finding reference in the frozen classification rationale/related set; related references are not exhaustive.
#2093,Spatial Ground Must Support Deterministic Disaster Bootstrap,DUPLICATE / NEAR-DUPLICATE,MERGE INTO STRONGER FINDING OR CLUSTER,Reconstruction and Recoverability,HIGH,Merged,DEF-02,#84,P4-D15,FALSE,FALSE,Primary target from Pass #4 cluster-level consolidation view. Consolidation parent carried from the first explicit Finding reference in the frozen classification rationale/related set; related references are not exhaustive.
#2094,Disaster Bootstrap Must Preserve Absolute Placement,DUPLICATE / NEAR-DUPLICATE,MERGE INTO STRONGER FINDING OR CLUSTER,Canonical Placement,HIGH,Merged,CORE-02,#46,P4-D15,FALSE,FALSE,Primary target from Pass #4 cluster-level consolidation view. Consolidation parent carried from the first explicit Finding reference in the frozen classification rationale/related set; related references are not exhaustive.
#2095,Disaster Bootstrap Must Preserve Limit Semantics,DUPLICATE / NEAR-DUPLICATE,MERGE INTO STRONGER FINDING OR CLUSTER,Exact Membership and Boundary Resolution,HIGH,Merged,CORE-03,#16,P4-D15,FALSE,FALSE,Primary target from Pass #4 cluster-level consolidation view. Consolidation parent carried from the first explicit Finding reference in the frozen classification rationale/related set; related references are not exhaustive.
#2096,Disaster Bootstrap Must Preserve One-World Identity,DUPLICATE / NEAR-DUPLICATE,MERGE INTO STRONGER FINDING OR CLUSTER,One World / Singular World-Space,HIGH,Merged,CONST-02,#21,P4-D15,FALSE,FALSE,Primary target from Pass #4 cluster-level consolidation view. Consolidation parent carried from the first explicit Finding reference in the frozen classification rationale/related set; related references are not exhaustive.
#2097,Spatial Ground Must Distinguish Reconstruction From Re-Founding,DERIVED CONSEQUENCE,MERGE INTO STRONGER FINDING OR CLUSTER,Change Control and Permanence,HIGH,Merged,CORE-06,#4,P4-D15,TRUE,FALSE,Primary target from Pass #4 cluster-level consolidation view. Consolidation parent carried from the first explicit Finding reference in the frozen classification rationale/related set; related references are not exhaustive.
#2098,Spatial Ground Must Preserve Foundational Continuity Without Continuous Operation,DUPLICATE / NEAR-DUPLICATE,MERGE INTO STRONGER FINDING OR CLUSTER,Change Control and Permanence,HIGH,Merged,CORE-06,#4,P4-D15,FALSE,FALSE,Primary target from Pass #4 cluster-level consolidation view. Consolidation parent carried from the first explicit Finding reference in the frozen classification rationale/related set; related references are not exhaustive.
#2099,Spatial Ground Must Preserve Foundational Continuity Without Continuous Custody,DUPLICATE / NEAR-DUPLICATE,MERGE INTO STRONGER FINDING OR CLUSTER,Change Control and Permanence,HIGH,Merged,CORE-06,#4,P4-D15,FALSE,FALSE,Primary target from Pass #4 cluster-level consolidation view. Consolidation parent carried from the first explicit Finding reference in the frozen classification rationale/related set; related references are not exhaustive.
#2100,Spatial Ground Must Make Canonical Ground Recoverable From First Principles,DUPLICATE / NEAR-DUPLICATE,MERGE INTO STRONGER FINDING OR CLUSTER,Reconstruction and Recoverability,HIGH,Merged,DEF-02,#10,P4-D15,FALSE,FALSE,Primary target from Pass #4 cluster-level consolidation view. Consolidation parent carried from the first explicit Finding reference in the frozen classification rationale/related set; related references are not exhaustive.
