Finding #,Finding Title,Primary Classification,Disposition Recommendation,Proposed Cluster,Related Findings,Confidence,Short Rationale
1,Survey space participates in The World,PRIMITIVE REQUIREMENT CANDIDATE,RETAIN AS INDEPENDENT CANDIDATE,Core World-Space Membership,"#2, #3, #90",HIGH,States the layer's core responsibility; direct match to the governing one-sentence definition.
2,Survey space is recognized as BitPangea World-space,PRIMITIVE REQUIREMENT CANDIDATE,RETAIN AS INDEPENDENT CANDIDATE,Survey-to-World Relationship,"#1, #13, #93",MEDIUM,Adds that SG recognizes rather than creates space; overlaps #1 but the non-creation point is independent content.
3,Spatial Ground preserves the permanent distinction within the canonical Survey Domain,PRIMITIVE REQUIREMENT CANDIDATE,RETAIN AS INDEPENDENT CANDIDATE,Core World-Space Membership,"#1, #14, #15",HIGH,"The ""preserves"" half of the definition: a permanent World / non-World distinction inside the Survey Domain."
4,Survey space must not depend on later creations,PRIMITIVE REQUIREMENT CANDIDATE,RETAIN AS INDEPENDENT CANDIDATE,Higher-Layer Independence,"#7, #23, #32, #72",HIGH,Parent of the independence family. Bundles two ideas (permanence; independence from later layers) that review may wish to separate.
5,Spatial Ground preserves World-space membership,LAYER BOUNDARY / EXCLUSION,MERGE INTO STRONGER FINDING OR CLUSTER,Interpretation Independence,"#20, #30, #38",HIGH,"Exclusion of terrain, Regions and visible form; stated more generally by #20."
6,Spatial Ground establishes World-space not Parcel space,LAYER BOUNDARY / EXCLUSION,RETAIN AS INDEPENDENT CANDIDATE,Parcel Independence,"#34, #35, #36",HIGH,Parent of the Parcel exclusion family; establishes reference-without-absorption.
7,Spatial Ground preserves the continuity of World-space,DUPLICATE / NEAR-DUPLICATE,MERGE INTO STRONGER FINDING OR CLUSTER,Change Control and Permanence,"#4, #3, #22",MEDIUM,"Restates #4's independence list; ""continuity"" is ambiguous (temporal persistence vs. spatial continuity foreshadowing #22)."
8,Spatial Ground preserves one canonical World-space membership truth,PRIMITIVE REQUIREMENT CANDIDATE,RETAIN AS INDEPENDENT CANDIDATE,Single Canonical Truth,"#21, #31, #89",HIGH,One canonical membership truth; no competing foundational definitions. Parent of the single-truth family.
9,Spatial Ground preserves an exact canonical distinction,PRIMITIVE REQUIREMENT CANDIDATE,MERGE INTO STRONGER FINDING OR CLUSTER,Exact Membership and Boundary Resolution,"#15, #16, #17",MEDIUM,Earliest statement of exactness at the limit; #15 and #16 express the same obligation with more precision.
10,Spatial Ground must preserve World-space in a form,PRIMITIVE REQUIREMENT CANDIDATE,RETAIN AS INDEPENDENT CANDIDATE,Reconstruction and Recoverability,"#27, #44, #83",MEDIUM,Constrains the form of the definition (reconstructable from canonical rules). Review must decide: Requirement or anchor of the Preservation framework.
11,Spatial Ground must express World-space membership,FSF DEPENDENCY / DOWNWARD CONTRACT,MERGE INTO STRONGER FINDING OR CLUSTER,Precision and Refinement,"#12, #24, #47",MEDIUM,"Special case of #12 for precision; the ""exact refinement wherever needed"" clause is the only independent content."
12,Survey Authority Remains Below Spatial Ground,FSF DEPENDENCY / DOWNWARD CONTRACT,RETAIN AS INDEPENDENT CANDIDATE,Survey Dependency / Downward Contract,"#11, #24, #47, #88",HIGH,"Strongest general statement of the downward contract: reference FSF, never redefine or duplicate it."
13,World-Space Is a Finite Subset of Survey Space,PRIMITIVE REQUIREMENT CANDIDATE,RETAIN AS INDEPENDENT CANDIDATE,Survey-to-World Relationship,"#2, #14, #28",HIGH,"Containment of World-space within the Survey Domain, and non-identity of the two, is not derivable elsewhere."
14,Non-World-Space Remains Valid Survey Space,DERIVED CONSEQUENCE,MERGE INTO STRONGER FINDING OR CLUSTER,Survey-to-World Relationship,"#13, #3, #98",MEDIUM,"Follows from #13 plus #12 (SG cannot alter Survey validity); also clarifies the meaning of ""non-World-space""."
15,World Membership Is Exact,PRIMITIVE REQUIREMENT CANDIDATE,RETAIN AS INDEPENDENT CANDIDATE,Exact Membership and Boundary Resolution,"#9, #16, #61",HIGH,"Total, deterministic, two-valued membership for every representable location. Strongest exactness statement."
16,Boundary Membership Must Be Unambiguous,DERIVED CONSEQUENCE,MERGE INTO STRONGER FINDING OR CLUSTER,Exact Membership and Boundary Resolution,"#15, #9, #17",MEDIUM,Boundary locations are a case of #15. The call for an explicit inclusion rule is an obligation on Specification.
17,"The Boundary Is Consequential, Not Independent",DERIVED CONSEQUENCE,MERGE INTO STRONGER FINDING OR CLUSTER,Exact Membership and Boundary Resolution,"#8, #16, #59",MEDIUM,Boundary as consequence of the definition follows from single-truth (#8) and non-redundancy (#59).
18,No Materialized Inventory Is Required,SPECIFICATION CANDIDATE,MOVE TO SPECIFICATION,Representation Independence,"#19, #28, #58",MEDIUM,Constrains the form of the definition (resolvable vs. enumerated inventory); guidance to Specification more than an SG obligation.
19,Materialization May Be Derived,PRIMITIVE REQUIREMENT CANDIDATE,RETAIN AS INDEPENDENT CANDIDATE,Operational Non-Authority,"#8, #49, #78",MEDIUM,"Parent of the non-authority family. Arguably derivable from #8, but #8 addresses higher systems while this addresses implementation artifacts."
20,Spatial Ground Introduces No New Spatial Semantics,PRIMITIVE REQUIREMENT CANDIDATE,RETAIN AS INDEPENDENT CANDIDATE,Minimality and Semantic Restraint,"#5, #30, #37, #98",HIGH,"Semantic neutrality. Parent of most ""must not encode X"" exclusions."
21,One World Means One World-Space,PRIMITIVE REQUIREMENT CANDIDATE,RETAIN AS INDEPENDENT CANDIDATE,One World / Singular World-Space,"#8, #22, #92",MEDIUM,"Singular World-space; no parallel canonical Worlds. #92 indicates singularity itself is constitutional, so SG's share may be only non-permission."
22,World-Space Must Remain Connected,PRIMITIVE REQUIREMENT CANDIDATE,RETAIN AS INDEPENDENT CANDIDATE,Connectedness and Topology,"#21, #96, #97",MEDIUM,Substantive spatial constraint not derivable from membership. Its source may be constitutional (#91-#94) rather than SG itself.
23,Higher Architecture Cannot Alter World Extent,UPWARD HANDOFF / HIGHER-LAYER CONTRACT,RETAIN AS INDEPENDENT CANDIDATE,Upward Handoff,"#4, #8, #56, #89",HIGH,"Higher layers operate on World-space but cannot expand, contract, relocate or redefine it. Core upward constraint."
24,"Spatial Ground Owns Membership, Not Geometry Mathematics",FSF DEPENDENCY / DOWNWARD CONTRACT,MERGE INTO STRONGER FINDING OR CLUSTER,Survey Dependency / Downward Contract,"#12, #25, #47",HIGH,"Restates #12 for geometry; contributes a clean authority split (FSF owns mathematics, SG owns participation)."
25,Exact Geometry May Be Used Without Becoming Interpretation,LAYER BOUNDARY / EXCLUSION,RETAIN AS INDEPENDENT CANDIDATE,Layer Boundaries,"#24, #38, #51",MEDIUM,Supplies a boundary test: geometry belongs in SG only insofar as it expresses membership.
26,Canonical World-Space Must Be Independently Reproducible,PRIMITIVE REQUIREMENT CANDIDATE,RETAIN AS INDEPENDENT CANDIDATE,Independent Implementation,"#15, #27, #67",MEDIUM,Identical results across conforming implementations. Largely follows from #15 + #27 but is the testable form that anchors the cluster.
27,Hidden State Is Prohibited,PRIMITIVE REQUIREMENT CANDIDATE,RETAIN AS INDEPENDENT CANDIDATE,No Hidden State / Self-Containment,"#10, #26, #68",HIGH,No hidden state. Independent obligation; parent of inspectability and self-containment findings.
28,Canonical Ground Must Be Finitely Expressible,PRIMITIVE REQUIREMENT CANDIDATE,RETAIN AS INDEPENDENT CANDIDATE,Finite Expressibility and Determinism,"#15, #18, #70",MEDIUM,"Finite, terminating definition. ""Finitely parseable"" leans toward Specification."
29,Representation May Change; Place Must Not,PRIMITIVE REQUIREMENT CANDIDATE,RETAIN AS INDEPENDENT CANDIDATE,Representation Independence,"#31, #71, #77",HIGH,"""Version the representation and standard; do not version the place."" Parent of representation independence."
30,Spatial Ground Terminates Before Interpretation,LAYER BOUNDARY / EXCLUSION,RETAIN AS INDEPENDENT CANDIDATE,Minimality and Semantic Restraint,"#20, #90, #5",HIGH,Termination criterion: SG is complete once membership is resolved and preserved; all further meaning is above.
31,Spatial Ground Must Have One Authoritative World-Space Definition,DUPLICATE / NEAR-DUPLICATE,MERGE INTO STRONGER FINDING OR CLUSTER,Single Canonical Truth,"#8, #29, #77",MEDIUM,Single authoritative meaning across encodings; covered by #8 (single truth) and #29 (representation independence).
32,World-Space Must Be Independent of Observation,DERIVED CONSEQUENCE,MERGE INTO STRONGER FINDING OR CLUSTER,Higher-Layer Independence,"#4, #33, #41",HIGH,Observation independence is an instance of #4.
33,World-Space Must Be Independent of Occupancy,DERIVED CONSEQUENCE,MERGE INTO STRONGER FINDING OR CLUSTER,Higher-Layer Independence,"#4, #32, #34",HIGH,Occupancy independence is an instance of #4.
34,World-Space Must Be Independent of Parcels,DERIVED CONSEQUENCE,MERGE INTO STRONGER FINDING OR CLUSTER,Parcel Independence,"#6, #4, #53",HIGH,Follows from #6 and #4; adds that removing the cadastre leaves ground intact.
35,Parcel Coverage Is Not a Spatial Ground Requirement,LAYER BOUNDARY / EXCLUSION,MERGE INTO STRONGER FINDING OR CLUSTER,Parcel Independence,"#6, #34, #36",MEDIUM,Reserves the exhaustive-coverage question to Parcel Cadastre; a distinct nuance worth carrying into the merged exclusion.
36,Spatial Ground Must Not Encode Parcel Identity,LAYER BOUNDARY / EXCLUSION,MERGE INTO STRONGER FINDING OR CLUSTER,Parcel Independence,"#6, #34, #20",HIGH,Itemized Parcel exclusion under #6.
37,Spatial Ground Must Not Encode Regions,LAYER BOUNDARY / EXCLUSION,MERGE INTO STRONGER FINDING OR CLUSTER,Interpretation Independence,"#20, #5, #53",HIGH,Region exclusion; instance of #20.
38,Spatial Ground Must Not Encode Terrain,LAYER BOUNDARY / EXCLUSION,MERGE INTO STRONGER FINDING OR CLUSTER,Interpretation Independence,"#20, #5, #25",HIGH,Terrain exclusion; instance of #20.
39,Spatial Ground Must Not Encode Civilization,LAYER BOUNDARY / EXCLUSION,MERGE INTO STRONGER FINDING OR CLUSTER,Interpretation Independence,"#20, #4, #76",HIGH,Civilization exclusion; instance of #20 and #4.
40,Spatial Ground Must Not Encode Rights,LAYER BOUNDARY / EXCLUSION,MERGE INTO STRONGER FINDING OR CLUSTER,Rights / Governance Independence,"#20, #4, #76",HIGH,Rights exclusion; instance of #20 and #4.
41,Spatial Ground Must Not Encode Runtime Availability,DERIVED CONSEQUENCE,MERGE INTO STRONGER FINDING OR CLUSTER,Runtime Independence,"#4, #27, #32",HIGH,Runtime availability independence; instance of #4 (runtime state) and #27.
42,Spatial Ground Must Survive Experience Replacement,DERIVED CONSEQUENCE,MERGE INTO STRONGER FINDING OR CLUSTER,Technology and Infrastructure Independence,"#81, #43, #4",HIGH,Experience-technology replacement; instance of #81.
43,Spatial Ground Must Survive Infrastructure Replacement,DERIVED CONSEQUENCE,MERGE INTO STRONGER FINDING OR CLUSTER,Technology and Infrastructure Independence,"#81, #42, #84",HIGH,"Infrastructure replacement; instance of #81, with a preservation flavor shared with #84."
44,Spatial Ground Must Be Recoverable Without Historical Runtime State,PRESERVATION / RECONSTRUCTION CANDIDATE,MOVE TO PRESERVATION / RECONSTRUCTION,Reconstruction and Recoverability,"#10, #45, #84",HIGH,Reconstruction from governing records without event replay.
45,"World Membership Is Spatial, Not Historical",DERIVED CONSEQUENCE,MERGE INTO STRONGER FINDING OR CLUSTER,Higher-Layer Independence,"#4, #44, #32",MEDIUM,"Membership is not path-dependent; follows from #4, though the spatial-vs-historical framing is a useful explanatory distinction."
46,Spatial Ground Must Preserve Coordinate Correspondence,FSF DEPENDENCY / DOWNWARD CONTRACT,RETAIN AS INDEPENDENT CANDIDATE,Canonical Placement,"#12, #47, #88",MEDIUM,Exact correspondence of World-space to FSF reference. May follow from #1 (World-space is Survey space); retained pending review.
47,Spatial Ground Must Not Introduce Alternate Coordinates,FSF DEPENDENCY / DOWNWARD CONTRACT,MERGE INTO STRONGER FINDING OR CLUSTER,Survey Dependency / Downward Contract,"#12, #46, #24",HIGH,"No second coordinate system; instance of #12's no-duplication rule. Keeps the ""derived addressing"" allowance."
48,Derived World-Space Views Must Be Reversible to Canonical Reference,SPECIFICATION CANDIDATE,MOVE TO SPECIFICATION,Representation Independence,"#46, #49, #19",MEDIUM,Rule governing derived representations that claim losslessness; representation behavior rather than an SG obligation.
49,Lossy Representation Must Never Become Canonical Ground Truth,DERIVED CONSEQUENCE,MERGE INTO STRONGER FINDING OR CLUSTER,Operational Non-Authority,"#19, #15, #62",HIGH,Lossy forms never canonical; follows from #19 plus exactness (#15).
50,Boundary Rendering Is Not Boundary Truth,DERIVED CONSEQUENCE,MERGE INTO STRONGER FINDING OR CLUSTER,Operational Non-Authority,"#49, #19, #51",HIGH,Rendered edges are lossy derived artifacts; instance of #49.
51,Spatial Ground Must Distinguish Canonical Boundary From Interpreted Edge,LAYER BOUNDARY / EXCLUSION,MERGE INTO STRONGER FINDING OR CLUSTER,Layer Boundaries,"#25, #50, #99",MEDIUM,Separates the SG limit from interpreted edges owned by higher layers; partly terminological.
52,World-Space Membership Must Be Queryable Without Higher Interpretation,DERIVED CONSEQUENCE,MERGE INTO STRONGER FINDING OR CLUSTER,Higher-Layer Independence,"#4, #27, #53",MEDIUM,If membership is independent of higher data it is resolvable without it. Useful later as a conformance test.
53,Higher Interpretation Must Be Removable,DERIVED CONSEQUENCE,MERGE INTO STRONGER FINDING OR CLUSTER,Interpretation Independence,"#4, #23, #34",HIGH,Removability of GSI follows from #4 and #23.
54,Spatial Ground Must Be Sufficiently Complete for Higher Interpretation,UPWARD HANDOFF / HIGHER-LAYER CONTRACT,RETAIN AS INDEPENDENT CANDIDATE,Upward Handoff,"#89, #15, #30",HIGH,Completeness of the answer handed upward so GSI never invents membership.
55,Spatial Ground Defines Eligibility for Higher Spatial Meaning,UPWARD HANDOFF / HIGHER-LAYER CONTRACT,REQUIRES ARCHITECTURAL REVIEW,Upward Handoff,"#56, #23, #54",LOW,"Prescribes what higher layers may interpret, with an exception clause. Possible breach of ""do not design the layer above from the layer below""."
56,Non-World-Space Must Not Acquire World Status Through Interpretation,DERIVED CONSEQUENCE,MERGE INTO STRONGER FINDING OR CLUSTER,Upward Handoff,"#23, #55, #4",HIGH,Interpretation cannot confer World status; instance of #23.
57,Derived Relationships May Be Computed From Ground Truth,DERIVED CONSEQUENCE,MERGE INTO STRONGER FINDING OR CLUSTER,Minimality and Semantic Restraint,"#58, #59, #17",MEDIUM,"""Should ... whenever practical""; application of the minimality principle in #58."
58,Spatial Ground Should Minimize Stored Truth,PRIMITIVE REQUIREMENT CANDIDATE,RETAIN AS INDEPENDENT CANDIDATE,Minimality and Semantic Restraint,"#57, #59, #90",MEDIUM,Minimal stored truth. May be a consolidation criterion for the Requirements set rather than a Requirement of SG.
59,Redundant Canonical Truth Should Be Avoided,DERIVED CONSEQUENCE,MERGE INTO STRONGER FINDING OR CLUSTER,Minimality and Semantic Restraint,"#58, #8, #17",MEDIUM,Non-redundant canonical truth follows from #58 and #8.
60,Canonical Ground Must Detect Contradiction,CONFORMANCE / VALIDATION CANDIDATE,MOVE TO CONFORMANCE / VALIDATION,Failure Semantics,"#8, #61, #66",HIGH,Contradiction detection between purported canonical representations.
61,Canonical Ground Must Reject Ambiguity,CONFORMANCE / VALIDATION CANDIDATE,MOVE TO CONFORMANCE / VALIDATION,Failure Semantics,"#15, #66, #60",MEDIUM,Acceptance condition derived from #15; operates at validation time.
62,Canonical Ground Must Reject Silent Approximation,CONFORMANCE / VALIDATION CANDIDATE,MOVE TO CONFORMANCE / VALIDATION,Conformance and Validation,"#15, #49, #63",MEDIUM,Behavioral rule for conforming implementations; derived from #15.
63,Derived Approximation Must Be Explicit,IMPLEMENTATION / OPERATIONAL CANDIDATE,MOVE TO IMPLEMENTATION / OPERATIONS,Operational Non-Authority,"#19, #49, #62",MEDIUM,"Labeling obligation on derived approximations; not derivable from #19, but operational in nature."
64,Spatial Ground Must Be Deterministically Validatable,CONFORMANCE / VALIDATION CANDIDATE,MOVE TO CONFORMANCE / VALIDATION,Conformance and Validation,"#26, #65, #66",MEDIUM,"Validatability. May need a Requirements-level hook, since Conformance may not originate obligations."
65,Spatial Ground Must Admit Canonical Equivalence Testing,CONFORMANCE / VALIDATION CANDIDATE,MOVE TO CONFORMANCE / VALIDATION,Canonical Equivalence,"#29, #31, #77",MEDIUM,Equivalence across encodings must be decidable; same Requirements-hook issue as #64.
66,Spatial Ground Must Have Defined Failure Conditions,CONFORMANCE / VALIDATION CANDIDATE,MOVE TO CONFORMANCE / VALIDATION,Failure Semantics,"#60, #61, #28",HIGH,Enumerated invalidity conditions; parent of failure semantics.
67,Spatial Ground Must Support Independent Implementation,DUPLICATE / NEAR-DUPLICATE,MERGE INTO STRONGER FINDING OR CLUSTER,Independent Implementation,"#26, #19, #87",MEDIUM,"Restates #26; the ""original implementation is not authoritative"" clause is covered by #19."
68,Spatial Ground Must Be Open to Inspection,DERIVED CONSEQUENCE,MERGE INTO STRONGER FINDING OR CLUSTER,No Hidden State / Self-Containment,"#27, #10, #69",MEDIUM,Privileged institutional knowledge is a form of hidden state (#27); openness nuance has an institutional flavor.
69,Spatial Ground Must Preserve Long-Term Human Comprehensibility,PRESERVATION / RECONSTRUCTION CANDIDATE,MOVE TO PRESERVATION / RECONSTRUCTION,Preservation and Archival Survival,"#10, #68, #70",MEDIUM,"Preservation of governing semantics and intent for future custodians; ""should"" language. Could alternatively sit in Documentation."
70,Spatial Ground Must Preserve Machine Determinism,DERIVED CONSEQUENCE,MERGE INTO STRONGER FINDING OR CLUSTER,Finite Expressibility and Determinism,"#28, #26, #69",HIGH,"Machine determinism follows from #15, #26 and #28; balances #69."
71,Spatial Ground Evolution Must Preserve Place,DUPLICATE / NEAR-DUPLICATE,MERGE INTO STRONGER FINDING OR CLUSTER,Change Control and Permanence,"#29, #4, #73",MEDIUM,Near-restatement of #29 applied to standard evolution; slight change-control flavor.
72,World-Space Must Never Be Reassigned,DERIVED CONSEQUENCE,MERGE INTO STRONGER FINDING OR CLUSTER,Change Control and Permanence,"#4, #73, #46",MEDIUM,"Non-reassignment follows from #4 and #46. ""Canonical place"" identity may belong to FSF; term needs definition."
73,Spatial Ground Must Preserve Referential Permanence,DERIVED CONSEQUENCE,MERGE INTO STRONGER FINDING OR CLUSTER,Change Control and Permanence,"#4, #46, #29",MEDIUM,"Referential permanence follows from #4, #46 and #29, given FSF stability."
74,Spatial Ground Must Not Depend on Naming,DERIVED CONSEQUENCE,MERGE INTO STRONGER FINDING OR CLUSTER,Interpretation Independence,"#4, #20, #75",HIGH,Naming independence; instance of #4 and #20.
75,Spatial Ground Must Not Depend on Classification,DERIVED CONSEQUENCE,MERGE INTO STRONGER FINDING OR CLUSTER,Interpretation Independence,"#4, #20, #74",HIGH,Classification independence; instance of #4.
76,Spatial Ground Must Not Depend on Administrative Organization,DERIVED CONSEQUENCE,MERGE INTO STRONGER FINDING OR CLUSTER,Rights / Governance Independence,"#4, #40, #39",HIGH,Administrative reorganization independence; instance of #4.
77,Spatial Ground Must Preserve One Meaning Across Representations,DUPLICATE / NEAR-DUPLICATE,MERGE INTO STRONGER FINDING OR CLUSTER,Representation Independence,"#31, #29, #65",HIGH,Restates #31 and #29 with a longer list of representation types.
78,Spatial Ground Must Permit Derived Indexing,DUPLICATE / NEAR-DUPLICATE,MERGE INTO STRONGER FINDING OR CLUSTER,Operational Non-Authority,"#19, #79, #18",HIGH,"Restates #19 (indexes, caches, tiles as derived, non-authoritative)."
79,Internal Partitions Carry No Foundational Meaning,DERIVED CONSEQUENCE,MERGE INTO STRONGER FINDING OR CLUSTER,Operational Non-Authority,"#19, #20, #78",HIGH,Internal partitions are derived artifacts (#19) and carry no semantics (#20).
80,Computational Convenience Must Not Shape The World,DERIVED CONSEQUENCE,MERGE INTO STRONGER FINDING OR CLUSTER,Technology and Infrastructure Independence,"#81, #29, #18",MEDIUM,Sibling of #81. The nuance (technology must not distort the content of the definition) should survive any merge.
81,Spatial Ground Must Be Technology-Agnostic,PRIMITIVE REQUIREMENT CANDIDATE,RETAIN AS INDEPENDENT CANDIDATE,Technology and Infrastructure Independence,"#42, #43, #80, #82",HIGH,No technology as constitutional dependency. Parent of the technology-independence family.
82,Verification Technology Is Not Spatial Authority,DERIVED CONSEQUENCE,MERGE INTO STRONGER FINDING OR CLUSTER,Operational Non-Authority,"#19, #81, #67",MEDIUM,Verification artifacts attest preservation; they do not determine membership. Borderline Institutional.
83,Spatial Ground Must Be Archivable,PRESERVATION / RECONSTRUCTION CANDIDATE,MOVE TO PRESERVATION / RECONSTRUCTION,Preservation and Archival Survival,"#10, #84, #28",HIGH,Archivable independent of any running service.
84,Spatial Ground Must Be Restorable,PRESERVATION / RECONSTRUCTION CANDIDATE,MOVE TO PRESERVATION / RECONSTRUCTION,Reconstruction and Recoverability,"#83, #44, #10",HIGH,Restoration after infrastructure loss; close to #44 but a different loss scenario.
85,Spatial Ground Must Be Testable Adversarially,CONFORMANCE / VALIDATION CANDIDATE,MOVE TO CONFORMANCE / VALIDATION,Testing and Adversarial Review,"#66, #64, #26",HIGH,Adversarial test program; also implies an institutional gate before establishment.
86,Spatial Ground Must Have a Mandatory Conformance Core,CONFORMANCE / VALIDATION CANDIDATE,MOVE TO CONFORMANCE / VALIDATION,Conformance and Validation,"#64, #87, #26",HIGH,Mandatory conformance core / profile structure.
87,Higher Capability Must Not Create Higher Truth,DERIVED CONSEQUENCE,MERGE INTO STRONGER FINDING OR CLUSTER,Independent Implementation,"#8, #19, #86",HIGH,No superior truth for richer implementations; follows from #8 and #19.
88,Spatial Ground Must Preserve Exact Handoff Downward,DUPLICATE / NEAR-DUPLICATE,MERGE INTO STRONGER FINDING OR CLUSTER,Survey Dependency / Downward Contract,"#12, #46, #24",MEDIUM,Summary restatement of #12; paired rhetorically with #89.
89,Spatial Ground Must Preserve Exact Handoff Upward,UPWARD HANDOFF / HIGHER-LAYER CONTRACT,RETAIN AS INDEPENDENT CANDIDATE,Upward Handoff,"#23, #54, #8",HIGH,Higher layers receive membership as settled truth rather than recreate or renegotiate it. Parent of upward handoff.
90,Spatial Ground Has One Institutional Responsibility,DUPLICATE / NEAR-DUPLICATE,MERGE INTO STRONGER FINDING OR CLUSTER,Minimality and Semantic Restraint,"#1, #2, #30",MEDIUM,"First sentence restates #1-#2, second restates #30. Closest single match to the governing definition; useful wording source."
91,Spatial Ground Must Remain Subordinate to Constitutional Truth,INSTITUTIONAL / GOVERNANCE CANDIDATE,RETAIN AS INDEPENDENT CANDIDATE,Constitutional Subordination,"#92, #93, #94",MEDIUM,Subordination to constitutional truth (The Codex). Authority relationship outside the four-layer sequence; taxonomy has no exact category.
92,"One World Is Presupposed, Not Produced",DERIVED CONSEQUENCE,MERGE INTO STRONGER FINDING OR CLUSTER,Constitutional Subordination,"#21, #91, #94",MEDIUM,Instance of #91 applied to singularity; qualifies how #21 should be read.
93,World Extent Is Not Invented by Spatial Ground,DERIVED CONSEQUENCE,MERGE INTO STRONGER FINDING OR CLUSTER,Constitutional Subordination,"#1, #2, #91",MEDIUM,"Instance of #91 applied to extent. Note tension with ""establishes"" in #1: SG expresses extent rather than originates it."
94,Spatial Ground Must Distinguish Constitutional Property From Architectural Expression,INSTITUTIONAL / GOVERNANCE CANDIDATE,MERGE INTO STRONGER FINDING OR CLUSTER,Constitutional Subordination,"#91, #95, #93",MEDIUM,"Property vs. architectural expression; general form of #92-#93, largely restating #91."
95,Spatial Ground Must Not Collapse Into the World Properties Domain,LAYER BOUNDARY / EXCLUSION,MERGE INTO STRONGER FINDING OR CLUSTER,Constitutional Subordination,"#91, #94, #20",MEDIUM,SG is not a World Properties catalog; exclusion toward the Codex rather than toward a spatial layer.
96,Connectedness Does Not Imply Unspecified Topology,DERIVED CONSEQUENCE,MERGE INTO STRONGER FINDING OR CLUSTER,Connectedness and Topology,"#22, #97, #20",MEDIUM,"Semantic restraint (#20, #58) applied to #22: connectedness implies nothing further."
97,Spatial Ground Must Not Assume Simple Connectedness,UNRESOLVED ARCHITECTURAL QUESTION,REQUIRES ARCHITECTURAL REVIEW,Connectedness and Topology,"#22, #96, #98",MEDIUM,"Leaves open whether World-space may contain holes or enclosed non-World-space. A real open question, not a settled obligation."
98,Absence of World-Space Is Not Automatically Exteriority,DERIVED CONSEQUENCE,MERGE INTO STRONGER FINDING OR CLUSTER,Minimality and Semantic Restraint,"#20, #14, #99",HIGH,Semantic neutrality (#20) applied to non-World-space.
99,Spatial Ground Must Not Reintroduce a Frontier,DERIVED CONSEQUENCE,MERGE INTO STRONGER FINDING OR CLUSTER,Minimality and Semantic Restraint,"#20, #98, #100",MEDIUM,"Instance of #20. ""Reintroduce"" implies a previously removed Frontier concept, so part of the content is historical."
100,The World-Space Limit Has No Inherent Thickness,DERIVED CONSEQUENCE,MERGE INTO STRONGER FINDING OR CLUSTER,Exact Membership and Boundary Resolution,"#15, #16, #99",HIGH,Two-valued exact membership (#15) leaves no room for a band or buffer.
101,Boundary Precision Must Not Imply Physical Surface Detail,DERIVED CONSEQUENCE,MERGE INTO STRONGER FINDING OR CLUSTER,Precision and Refinement,"#11, #38, #51",HIGH,Refinement sharpens membership only; semantic neutrality (#20) applied to the precision model of #11.
102,Spatial Ground Must Remain Planar,FSF DEPENDENCY / DOWNWARD CONTRACT,MERGE INTO STRONGER FINDING OR CLUSTER,Survey Dependency / Downward Contract,"#12, #103, #111",MEDIUM,"AUTHORITY: FSF. Planarity is a Survey property; SG's own duty is only non-introduction of dimensions, an instance of #12."
103,Vertical Meaning Belongs Above Spatial Ground,LAYER BOUNDARY / EXCLUSION,MERGE INTO STRONGER FINDING OR CLUSTER,Interpretation Independence,"#102, #38, #20",HIGH,Vertical interpretation excluded; instance of #20 given the inherited planar ground of #102.
104,World-Space Area Must Be Derivable,DERIVED CONSEQUENCE,MERGE INTO STRONGER FINDING OR CLUSTER,Minimality and Semantic Restraint,"#57, #59, #105",HIGH,Area derivable rather than stored; instance of #57 and #59.
105,World-Space Boundary Length Must Be Derived Where Defined,DERIVED CONSEQUENCE,MERGE INTO STRONGER FINDING OR CLUSTER,Minimality and Semantic Restraint,"#104, #57, #17",HIGH,Boundary length derivable; same pattern as #104.
106,Derived Measurements Must Not Define Membership,DERIVED CONSEQUENCE,MERGE INTO STRONGER FINDING OR CLUSTER,Single Canonical Truth,"#17, #104, #8",MEDIUM,"Derived measures describe but do not decide membership; follows from #17. The ""unless explicitly defined"" exception clause should be examined at review."
107,Spatial Ground Must Not Privilege a Center,DERIVED CONSEQUENCE,MERGE INTO STRONGER FINDING OR CLUSTER,Minimality and Semantic Restraint,"#20, #108, #109",HIGH,No privileged center; instance of #20.
108,Computational Origin Is Not World Center,DERIVED CONSEQUENCE,MERGE INTO STRONGER FINDING OR CLUSTER,Minimality and Semantic Restraint,"#107, #168, #20",HIGH,Survey origin carries no World meaning; instance of #20. The origin itself is FSF authority.
109,Survey Orientation Is Not World Meaning,DERIVED CONSEQUENCE,MERGE INTO STRONGER FINDING OR CLUSTER,Minimality and Semantic Restraint,"#107, #167, #20",HIGH,Survey directions carry no World meaning; instance of #20. Directions themselves are FSF authority.
110,Spatial Ground Must Not Encode Presentation Orientation,DERIVED CONSEQUENCE,MERGE INTO STRONGER FINDING OR CLUSTER,Higher-Layer Independence,"#4, #50, #113",HIGH,Presentation orientation independence; instance of #4 (presentation).
111,Globe Presentation Must Remain Derived,DERIVED CONSEQUENCE,MERGE INTO STRONGER FINDING OR CLUSTER,Operational Non-Authority,"#102, #112, #49",HIGH,"Globe presentation is a derived artifact (#19, #49) over the planar ground inherited from FSF."
112,Flat Presentation Must Remain Derived,DERIVED CONSEQUENCE,MERGE INTO STRONGER FINDING OR CLUSTER,Operational Non-Authority,"#111, #50, #19",HIGH,Flat presentation is likewise derived; resemblance to the planar ground confers no authority.
113,Spatial Ground Must Survive Presentation Change,DUPLICATE / NEAR-DUPLICATE,MERGE INTO STRONGER FINDING OR CLUSTER,Higher-Layer Independence,"#42, #110, #4",HIGH,Restates #42 (experience replacement) for visual presentation.
114,Spatial Ground Must Preserve Exact Inclusion Semantics,DUPLICATE / NEAR-DUPLICATE,MERGE INTO STRONGER FINDING OR CLUSTER,Exact Membership and Boundary Resolution,"#16, #15, #26",MEDIUM,Restates #16 combined with #26; wording leans toward Specification.
115,Shared Boundary Cases Must Resolve Once,DUPLICATE / NEAR-DUPLICATE,MERGE INTO STRONGER FINDING OR CLUSTER,Exact Membership and Boundary Resolution,"#16, #114, #15",HIGH,"Restates #16: one membership result at the limit, no competing edge conventions."
116,Canonical Normalization Must Preserve Membership,SPECIFICATION CANDIDATE,MOVE TO SPECIFICATION,Canonical Equivalence,"#65, #117, #29",HIGH,Normalization rule; presupposes a formal normalization mechanism.
117,Equivalent Geometry Must Produce Equivalent Ground,SPECIFICATION CANDIDATE,MOVE TO SPECIFICATION,Canonical Equivalence,"#65, #116, #77",MEDIUM,"Depends on ""canonical equivalence rules""; the underlying obligation is already in #29 and #65."
118,Spatial Ground Must Reject Self-Contradictory Definitions,CONFORMANCE / VALIDATION CANDIDATE,MOVE TO CONFORMANCE / VALIDATION,Failure Semantics,"#60, #66, #61",HIGH,Invalidity condition for self-contradictory definitions; itemizes #66.
119,Spatial Ground Must Reject Incomplete Authority,CONFORMANCE / VALIDATION CANDIDATE,MOVE TO CONFORMANCE / VALIDATION,Failure Semantics,"#66, #54, #158",HIGH,Invalidity condition for incomplete definitions; itemizes #66 against the completeness of #54.
120,Partial Implementations Must Not Masquerade as Canonical Completeness,CONFORMANCE / VALIDATION CANDIDATE,MOVE TO CONFORMANCE / VALIDATION,Conformance and Validation,"#86, #119, #63",MEDIUM,Conformance-claim discipline for partial implementations; borders on Operations.
121,World-Space Must Be Globally Coherent,DERIVED CONSEQUENCE,MERGE INTO STRONGER FINDING OR CLUSTER,Single Canonical Truth,"#8, #122, #15",MEDIUM,Global coherence follows from single truth (#8) and total membership (#15).
122,Local Optimization Must Preserve Global Truth,IMPLEMENTATION / OPERATIONAL CANDIDATE,MOVE TO IMPLEMENTATION / OPERATIONS,Operational Non-Authority,"#19, #78, #121",HIGH,Operational rule for partitioned and distributed computation; the principle is #19.
123,Spatial Ground Must Tolerate Distributed Implementation,IMPLEMENTATION / OPERATIONAL CANDIDATE,MOVE TO IMPLEMENTATION / OPERATIONS,Technology and Infrastructure Independence,"#81, #147, #124",MEDIUM,Distribution tolerance; operational expression of #81 with a custody-independence aspect shared with #147.
124,Distribution Must Not Fragment Authority,DERIVED CONSEQUENCE,MERGE INTO STRONGER FINDING OR CLUSTER,Single Canonical Truth,"#8, #125, #21",HIGH,No regional authorities; instance of #8.
125,Replicas Must Be Semantically Identical,DERIVED CONSEQUENCE,MERGE INTO STRONGER FINDING OR CLUSTER,Representation Independence,"#77, #31, #124",HIGH,Replica identity of meaning; instance of #8 and #77.
126,Preservation Must Include Governing Meaning,PRESERVATION / RECONSTRUCTION CANDIDATE,MOVE TO PRESERVATION / RECONSTRUCTION,Preservation and Archival Survival,"#127, #129, #69",HIGH,Preserve interpretive rules with the data. First half of the rule-plus-definition pair.
127,Data Without Specification Is Insufficient,DUPLICATE / NEAR-DUPLICATE,MERGE INTO STRONGER FINDING OR CLUSTER,Preservation and Archival Survival,"#126, #129, #27",HIGH,Contrapositive restatement of #126.
128,Specification Without Required World Definition Is Insufficient,PRESERVATION / RECONSTRUCTION CANDIDATE,MOVE TO PRESERVATION / RECONSTRUCTION,Preservation and Archival Survival,"#126, #129, #10",HIGH,Rules alone are insufficient; the actual World-space definition must survive. Second half of the pair.
129,Canonical Preservation Requires Both Rule and Definition,DUPLICATE / NEAR-DUPLICATE,MERGE INTO STRONGER FINDING OR CLUSTER,Preservation and Archival Survival,"#126, #128, #10",HIGH,Synthesis of #126 and #128; adds no content but is the best single wording for the pair.
130,Spatial Ground Must Support Provenance Without Depending on It for Meaning,INSTITUTIONAL / GOVERNANCE CANDIDATE,MOVE TO GOVERNANCE / INSTITUTIONAL FRAMEWORK,Historical Traceability,"#131, #82, #68",MEDIUM,"Provenance is preservable and verifiable, yet meaning must not rest on reputation or undocumented context."
131,Provenance Must Not Become Geography,DERIVED CONSEQUENCE,MERGE INTO STRONGER FINDING OR CLUSTER,Operational Non-Authority,"#82, #130, #4",HIGH,Provenance does not determine location; same pattern as #82.
132,Governance May Maintain the Standard but Not Arbitrarily Move The World,INSTITUTIONAL / GOVERNANCE CANDIDATE,MOVE TO GOVERNANCE / INSTITUTIONAL FRAMEWORK,Change Control and Permanence,"#4, #136, #135",HIGH,"Limits ordinary governance power over established World-space. AUTHORITY: any power to alter extent would sit upstream (constitutional), not in SG."
133,Correction Requires Evidence of Error,INSTITUTIONAL / GOVERNANCE CANDIDATE,MOVE TO GOVERNANCE / INSTITUTIONAL FRAMEWORK,Change Control and Permanence,"#134, #135, #132",HIGH,"Correction standard: demonstrable canonical error, not evolution."
134,Correction Must Preserve Historical Accountability,INSTITUTIONAL / GOVERNANCE CANDIDATE,MOVE TO GOVERNANCE / INSTITUTIONAL FRAMEWORK,Historical Traceability,"#133, #135, #130",HIGH,Corrections remain traceable; no silent overwrite.
135,Correction Is Not Redesign,DERIVED CONSEQUENCE,MERGE INTO STRONGER FINDING OR CLUSTER,Change Control and Permanence,"#133, #132, #136",HIGH,Follows from #132 and #133 taken together.
136,Spatial Ground Must Distinguish Standard Evolution From World Change,DUPLICATE / NEAR-DUPLICATE,MERGE INTO STRONGER FINDING OR CLUSTER,Change Control and Permanence,"#29, #71, #132",MEDIUM,"Restates #29's ""version the standard, not the place"" in governance language."
137,Spatial Ground Must Preserve Semantic Minimality,DUPLICATE / NEAR-DUPLICATE,MERGE INTO STRONGER FINDING OR CLUSTER,Minimality and Semantic Restraint,"#58, #20, #140",MEDIUM,Restates #58 as a presumption against inclusion. METHODOLOGICAL in part: an admission criterion for SG canon rather than an obligation SG satisfies.
138,Convenience Is Not Sufficient Justification,DERIVED CONSEQUENCE,MERGE INTO STRONGER FINDING OR CLUSTER,Minimality and Semantic Restraint,"#58, #80, #137",HIGH,Convenience is no justification; instance of #58 and #80. METHODOLOGICAL admission criterion.
139,Future Use Is Not Sufficient Justification,DERIVED CONSEQUENCE,MERGE INTO STRONGER FINDING OR CLUSTER,Minimality and Semantic Restraint,"#58, #137, #144",HIGH,Speculative future use is no justification; instance of #58. METHODOLOGICAL admission criterion.
140,Spatial Ground Must Pass Its Own Removal Test Internally,INSTITUTIONAL / GOVERNANCE CANDIDATE,MOVE TO GOVERNANCE / INSTITUTIONAL FRAMEWORK,Minimality and Semantic Restraint,"#58, #137, #141",MEDIUM,"METHODOLOGICAL: a removal test for proposed components, effectively the audit question of this review. Governs consolidation and change control, not SG behavior."
141,Spatial Ground Should Be Astonishingly Small,DUPLICATE / NEAR-DUPLICATE,MERGE INTO STRONGER FINDING OR CLUSTER,Minimality and Semantic Restraint,"#58, #150, #140",MEDIUM,"METHODOLOGICAL: aspirational success criterion restating #58; ""should"" language."
142,Permanence Increases Downward,INSTITUTIONAL / GOVERNANCE CANDIDATE,MOVE TO GOVERNANCE / INSTITUTIONAL FRAMEWORK,Change Control and Permanence,"#4, #143, #132",MEDIUM,"AUTHORITY: cross-layer architectural discipline, not SG. METHODOLOGICAL principle about how much a deep layer may commit to."
143,Extensibility Increases Upward,DERIVED CONSEQUENCE,MERGE INTO STRONGER FINDING OR CLUSTER,Minimality and Semantic Restraint,"#142, #53, #144",MEDIUM,"Upward freedom follows from #20, #30 and #53; companion to #142 and partly methodological."
144,Spatial Ground Must Enable Rather Than Anticipate Civilization,DERIVED CONSEQUENCE,MERGE INTO STRONGER FINDING OR CLUSTER,Minimality and Semantic Restraint,"#20, #185, #139",HIGH,"Enable, do not anticipate; instance of #20."
145,Spatial Ground Must Remain Valid in 2150 Without Knowing 2150,DUPLICATE / NEAR-DUPLICATE,MERGE INTO STRONGER FINDING OR CLUSTER,Preservation and Archival Survival,"#200, #81, #29",MEDIUM,"Earlier, weaker form of #200. METHODOLOGICAL: a success test for the architecture."
146,World-Space Must Outlive Its Software,DUPLICATE / NEAR-DUPLICATE,MERGE INTO STRONGER FINDING OR CLUSTER,Technology and Infrastructure Independence,"#43, #81, #84",HIGH,Restates #43 for software.
147,World-Space Must Outlive Its Institutions,PRESERVATION / RECONSTRUCTION CANDIDATE,MOVE TO PRESERVATION / RECONSTRUCTION,Preservation and Archival Survival,"#81, #68, #123",MEDIUM,"Independence from any custodian or institution. Not covered by #81 (technology only); possibly primitive, review should decide."
148,World-Space Must Outlive Its Creators,DUPLICATE / NEAR-DUPLICATE,MERGE INTO STRONGER FINDING OR CLUSTER,Preservation and Archival Survival,"#69, #68, #149",MEDIUM,"Restates #69's ""without reconstructing undocumented design intent""."
149,Spatial Ground Must Be Self-Explaining Through Its Canonical Record,TERMINOLOGY / DOCUMENTATION CANDIDATE,MOVE TO TERMINOLOGY / DOCUMENTATION,Terminology Discipline,"#69, #148, #126",MEDIUM,"Documentation discipline: the record itself separates canonical truth, derived representation, open questions and prohibited readings."
150,The Governing Spatial Ground Principle,DUPLICATE / NEAR-DUPLICATE,MERGE INTO STRONGER FINDING OR CLUSTER,Core World-Space Membership,"#1, #90, #58",HIGH,"Restates #1, #90 and #58 in one sentence. Strong wording source for the governing definition."
151,Spatial Ground Must Define Its Canonical Object of Truth,TERMINOLOGY / DOCUMENTATION CANDIDATE,MOVE TO TERMINOLOGY / DOCUMENTATION,Core World-Space Membership,"#1, #19, #18",MEDIUM,"Definitional: the canonical object is the determination itself, not any artifact. Content follows from #1 and #19."
152,World-Space Membership Must Be Binary at the Canonical Level,DUPLICATE / NEAR-DUPLICATE,MERGE INTO STRONGER FINDING OR CLUSTER,Exact Membership and Boundary Resolution,"#15, #153, #100",HIGH,"Restates #15's two-valued membership; itemizes the excluded kinds (fuzzy, probabilistic)."
153,Uncertainty Belongs Outside Canonical Ground,DERIVED CONSEQUENCE,MERGE INTO STRONGER FINDING OR CLUSTER,Exact Membership and Boundary Resolution,"#15, #152, #154",HIGH,Uncertainty is not canonical; follows from #15.
154,Spatial Ground Must Separate Discovery State From Canonical State,INSTITUTIONAL / GOVERNANCE CANDIDATE,MOVE TO GOVERNANCE / INSTITUTIONAL FRAMEWORK,Institutional Authority and Adoption,"#155, #156, #153",HIGH,Discovery state vs. adopted canonical state. Parent of the candidate-vs-adopted family.
155,Provisional Ground Must Be Explicitly Non-Canonical,INSTITUTIONAL / GOVERNANCE CANDIDATE,MOVE TO GOVERNANCE / INSTITUTIONAL FRAMEWORK,Institutional Authority and Adoption,"#154, #156, #63",HIGH,Marking of provisional definitions; close companion of #154.
156,Candidate Ground Must Not Leak Into Higher Canon,DERIVED CONSEQUENCE,MERGE INTO STRONGER FINDING OR CLUSTER,Institutional Authority and Adoption,"#155, #154, #89",MEDIUM,Upward application of #154 and #155.
157,Spatial Ground Must Have One Canonical Inclusion Function,SPECIFICATION CANDIDATE,MOVE TO SPECIFICATION,Exact Membership and Boundary Resolution,"#15, #158, #8",MEDIUM,Calls for a formal membership mechanism. The obligation is already in #15 and #8; the mechanism belongs to Specification.
158,Inclusion Must Be Total Over Valid Survey Reference,DUPLICATE / NEAR-DUPLICATE,MERGE INTO STRONGER FINDING OR CLUSTER,Exact Membership and Boundary Resolution,"#15, #157, #119",HIGH,"Restates the totality already in #15 (""every valid representable Survey location"")."
159,Invalid Survey Reference Must Remain Invalid,FSF DEPENDENCY / DOWNWARD CONTRACT,RETAIN AS INDEPENDENT CANDIDATE,Survey Dependency / Downward Contract,"#12, #160, #14",MEDIUM,AUTHORITY: FSF owns validity. SG's share is a domain restriction: membership applies only to valid Survey reference. Not clearly derivable from #12.
160,Spatial Ground Cannot Repair Survey Invalidity,DUPLICATE / NEAR-DUPLICATE,MERGE INTO STRONGER FINDING OR CLUSTER,Survey Dependency / Downward Contract,"#159, #12, #195",HIGH,Behavioral restatement of #159.
161,Spatial Ground Must Inherit Survey Exactness,FSF DEPENDENCY / DOWNWARD CONTRACT,MERGE INTO STRONGER FINDING OR CLUSTER,Survey Dependency / Downward Contract,"#12, #11, #62",HIGH,AUTHORITY: FSF. Inheritance of exactness; instance of #12.
162,Spatial Ground Must Inherit Survey Determinism,FSF DEPENDENCY / DOWNWARD CONTRACT,MERGE INTO STRONGER FINDING OR CLUSTER,Survey Dependency / Downward Contract,"#12, #161, #26",HIGH,AUTHORITY: FSF. Inheritance of determinism; instance of #12.
163,Spatial Ground Must Inherit Survey Finitude,DUPLICATE / NEAR-DUPLICATE,MERGE INTO STRONGER FINDING OR CLUSTER,Survey-to-World Relationship,"#13, #164, #12",HIGH,Restates #13's containment within the finite Survey Domain.
164,World-Space Cannot Exceed Survey Authority,DUPLICATE / NEAR-DUPLICATE,MERGE INTO STRONGER FINDING OR CLUSTER,Survey-to-World Relationship,"#13, #163, #165",HIGH,Restates #13 and #163 from the representability side.
165,Survey Capacity Must Exceed or Equal World Need,FSF DEPENDENCY / DOWNWARD CONTRACT,REQUIRES ARCHITECTURAL REVIEW,Survey Dependency / Downward Contract,"#12, #164, #47",MEDIUM,First clause places an obligation on FSF from above. Better recorded as a dependency assumption; second clause is #12 and #47.
166,Spatial Ground Must Not Redefine Pang,FSF DEPENDENCY / DOWNWARD CONTRACT,MERGE INTO STRONGER FINDING OR CLUSTER,Survey Dependency / Downward Contract,"#12, #47, #167",HIGH,AUTHORITY: FSF. Itemized non-redefinition (Pang); instance of #12.
167,Spatial Ground Must Not Redefine Canonical Direction,FSF DEPENDENCY / DOWNWARD CONTRACT,MERGE INTO STRONGER FINDING OR CLUSTER,Survey Dependency / Downward Contract,"#12, #109, #166",HIGH,AUTHORITY: FSF. Itemized non-redefinition (directions); instance of #12.
168,Spatial Ground Must Not Redefine the Canonical Origin,FSF DEPENDENCY / DOWNWARD CONTRACT,MERGE INTO STRONGER FINDING OR CLUSTER,Survey Dependency / Downward Contract,"#12, #47, #108",HIGH,AUTHORITY: FSF. Itemized non-redefinition (origin); already listed in #47.
169,Spatial Ground Must Not Redefine Handedness,FSF DEPENDENCY / DOWNWARD CONTRACT,MERGE INTO STRONGER FINDING OR CLUSTER,Survey Dependency / Downward Contract,"#12, #167, #47",HIGH,AUTHORITY: FSF. Itemized non-redefinition (handedness); instance of #12.
170,Spatial Ground Must Preserve Exact Spatial Correspondence,DUPLICATE / NEAR-DUPLICATE,MERGE INTO STRONGER FINDING OR CLUSTER,Canonical Placement,"#46, #88, #12",HIGH,Restates #46.
171,The Ground-to-Survey Relationship Must Be Normative,FSF DEPENDENCY / DOWNWARD CONTRACT,MERGE INTO STRONGER FINDING OR CLUSTER,Survey Dependency / Downward Contract,"#12, #46, #27",MEDIUM,"Relationship must be normative, not convention; follows from #12 and #27 (no hidden convention)."
172,Higher Architecture Must Not Bypass Spatial Ground,UPWARD HANDOFF / HIGHER-LAYER CONTRACT,MERGE INTO STRONGER FINDING OR CLUSTER,Upward Handoff,"#89, #173, #23",HIGH,No bypass of SG straight from Survey coordinates; sharpens #89 by naming the route.
173,"Direct Survey Use Above Spatial Ground May Be Computational, Not Ontological",UPWARD HANDOFF / HIGHER-LAYER CONTRACT,RETAIN AS INDEPENDENT CANDIDATE,Upward Handoff,"#172, #89, #12",MEDIUM,Permits direct computational use of Survey mathematics above SG without membership authority. The permission is new content; the limit is #89.
174,Spatial Ground Must Establish the World-Space Handoff Contract,UPWARD HANDOFF / HIGHER-LAYER CONTRACT,RETAIN AS INDEPENDENT CANDIDATE,Upward Handoff,"#54, #89, #175",HIGH,"Enumerates what is handed upward. ""Minimum spatial conditions required for further interpretation"" is left undefined."
175,The Handoff Must Not Include Interpretation,LAYER BOUNDARY / EXCLUSION,MERGE INTO STRONGER FINDING OR CLUSTER,Upward Handoff,"#20, #174, #5",HIGH,Nothing interpretive in the handoff; instance of #20 applied to #174.
176,General Spatial Interpretation Must Begin From Established Ground,DUPLICATE / NEAR-DUPLICATE,MERGE INTO STRONGER FINDING OR CLUSTER,Upward Handoff,"#54, #89, #172",HIGH,Restates #54 and #89 from the GSI side.
177,Interpretation Must Be Replaceable Without Re-grounding The World,DUPLICATE / NEAR-DUPLICATE,MERGE INTO STRONGER FINDING OR CLUSTER,Interpretation Independence,"#53, #178, #4",HIGH,Restates #53.
178,Spatial Ground Must Not Depend on General Spatial Interpretation,DERIVED CONSEQUENCE,MERGE INTO STRONGER FINDING OR CLUSTER,Interpretation Independence,"#53, #30, #52",HIGH,SG is complete with no GSI present; follows from #4 and #30.
179,Spatial Ground Must Exist Before Parcel Cadastre,DERIVED CONSEQUENCE,MERGE INTO STRONGER FINDING OR CLUSTER,Parcel Independence,"#34, #6, #180",HIGH,SG is coherent without the cadastre; follows from #6 and #34.
180,Parcel Cadastre Must Not Become Ground Authority,DERIVED CONSEQUENCE,MERGE INTO STRONGER FINDING OR CLUSTER,Parcel Independence,"#6, #8, #34",HIGH,Cadastral records are never membership authority; instance of #8 and #6.
181,Spatial Ground Must Permit Future Non-Parcel World-Space,DUPLICATE / NEAR-DUPLICATE,MERGE INTO STRONGER FINDING OR CLUSTER,Parcel Independence,"#35, #34, #33",HIGH,Restates #35.
182,Spatial Ground Must Permit Multiple Higher Spatial Systems,DERIVED CONSEQUENCE,MERGE INTO STRONGER FINDING OR CLUSTER,Upward Handoff,"#183, #8, #21",MEDIUM,"Many higher systems over one ground; follows from #8, #21 and #20."
183,One Ground Must Support Many Interpretations,DUPLICATE / NEAR-DUPLICATE,MERGE INTO STRONGER FINDING OR CLUSTER,Upward Handoff,"#182, #184, #23",HIGH,Restates #182 with the #23 proviso.
184,Interpretive Disagreement Must Not Become Ground Disagreement,DERIVED CONSEQUENCE,MERGE INTO STRONGER FINDING OR CLUSTER,Upward Handoff,"#183, #8, #75",HIGH,Interpretive disagreement leaves ground untouched; follows from #4 and #8.
185,Spatial Ground Must Remain Neutral to Future Ontologies,DERIVED CONSEQUENCE,MERGE INTO STRONGER FINDING OR CLUSTER,Minimality and Semantic Restraint,"#20, #144, #75",HIGH,Ontology neutrality; instance of #20.
186,Spatial Ground Must Preserve Referential Stability Under Higher Change,DUPLICATE / NEAR-DUPLICATE,MERGE INTO STRONGER FINDING OR CLUSTER,Change Control and Permanence,"#73, #4, #74",HIGH,Restates #73 for higher-entity lifecycle changes.
187,Spatial Ground Must Not Encode Temporal Experience,DERIVED CONSEQUENCE,MERGE INTO STRONGER FINDING OR CLUSTER,Runtime Independence,"#41, #45, #188",HIGH,Temporal experience independence; instance of #4.
188,Spatial Ground Is Spatially Permanent but Temporally Aware Only Through Provenance,DERIVED CONSEQUENCE,MERGE INTO STRONGER FINDING OR CLUSTER,Change Control and Permanence,"#4, #45, #189",MEDIUM,"Time attaches to records, not to membership; follows from #4. Read with #133-#135: records may be corrected though place is permanent."
189,Spatial Ground Must Separate Record Version From Place Identity,DUPLICATE / NEAR-DUPLICATE,MERGE INTO STRONGER FINDING OR CLUSTER,Representation Independence,"#29, #71, #136",HIGH,Restates #29.
190,Canonical Place Must Remain Stable Across Documentation Evolution,DERIVED CONSEQUENCE,MERGE INTO STRONGER FINDING OR CLUSTER,Representation Independence,"#29, #189, #71",HIGH,Documentation change leaves place untouched; instance of #29.
191,Spatial Ground Must Have Explicit Conformance Obligations,CONFORMANCE / VALIDATION CANDIDATE,MOVE TO CONFORMANCE / VALIDATION,Conformance and Validation,"#86, #64, #192",HIGH,Enumerates what a conforming implementation must prove.
192,Conformance Must Test World Membership Directly,CONFORMANCE / VALIDATION CANDIDATE,MOVE TO CONFORMANCE / VALIDATION,Testing and Adversarial Review,"#26, #191, #193",HIGH,Direct membership tests across independent implementations.
193,Conformance Must Test Boundary Cases,CONFORMANCE / VALIDATION CANDIDATE,MOVE TO CONFORMANCE / VALIDATION,Testing and Adversarial Review,"#16, #192, #85",HIGH,"Boundary test cases: at, just inside, just outside."
194,Conformance Must Test Equivalent Representations,CONFORMANCE / VALIDATION CANDIDATE,MOVE TO CONFORMANCE / VALIDATION,Canonical Equivalence,"#65, #117, #197",HIGH,Equivalent-encoding tests.
195,Conformance Must Test Invalidity,CONFORMANCE / VALIDATION CANDIDATE,MOVE TO CONFORMANCE / VALIDATION,Failure Semantics,"#66, #118, #160",HIGH,Deterministic failure tests for invalid expressions.
196,Conformance Must Test Reconstruction,CONFORMANCE / VALIDATION CANDIDATE,MOVE TO CONFORMANCE / VALIDATION,Reconstruction and Recoverability,"#10, #44, #84",HIGH,Clean reconstruction test without the original implementation.
197,Conformance Must Test Lossless Round-Trip Meaning,CONFORMANCE / VALIDATION CANDIDATE,MOVE TO CONFORMANCE / VALIDATION,Canonical Equivalence,"#48, #194, #116",MEDIUM,"Round-trip test, conditional on a canonical serialization existing."
198,Reference Vectors Must Follow the Specification,CONFORMANCE / VALIDATION CANDIDATE,MOVE TO CONFORMANCE / VALIDATION,Conformance and Validation,"#199, #191, #85",HIGH,"AUTHORITY: framework discipline (Requirements, Specification, Conformance, Reference Vectors), not SG. METHODOLOGICAL ordering rule."
199,Reference Vectors Must Attack the Boundary Between Layers,CONFORMANCE / VALIDATION CANDIDATE,MOVE TO CONFORMANCE / VALIDATION,Testing and Adversarial Review,"#85, #198, #12",HIGH,Tests that probe layer leakage in both directions.
200,Spatial Ground Must Survive the 2150 Test,HISTORICAL REASONING ONLY,PRESERVE AS HISTORICAL REASONING ONLY,Preservation and Archival Survival,"#145, #10, #54, #81",MEDIUM,"METHODOLOGICAL: an acceptance test for the architecture, synthesizing #10, #15, #54, #81 and #147. No independent obligation, but a memorable review heuristic."
201,Spatial Ground Must Distinguish Canonical Truth From Operational State,DUPLICATE / NEAR-DUPLICATE,MERGE INTO STRONGER FINDING OR CLUSTER,Operational Non-Authority,"#19, #27, #205",HIGH,Parent #19: restates the separation of canonical definition from operational artifacts and state.
202,Operational Failure Must Not Become Spatial Failure,DERIVED CONSEQUENCE,MERGE INTO STRONGER FINDING OR CLUSTER,Runtime Independence,"#41, #84, #205",HIGH,"Parent #4 via #41: runtime availability has no bearing on membership, so outages cannot unmake World-space."
203,Spatial Ground Must Remain Valid Offline,DUPLICATE / NEAR-DUPLICATE,MERGE INTO STRONGER FINDING OR CLUSTER,Preservation and Archival Survival,"#83, #81, #204",HIGH,"Parent #83, which already requires independence from any continuously running service."
204,Spatial Ground Must Support Cold Reconstruction,DUPLICATE / NEAR-DUPLICATE,MERGE INTO STRONGER FINDING OR CLUSTER,Reconstruction and Recoverability,"#44, #84, #196",HIGH,Parents #44 and #84: reconstruction from preserved records alone. Third statement of the same obligation.
205,Spatial Ground Must Separate Authority From Availability,DERIVED CONSEQUENCE,MERGE INTO STRONGER FINDING OR CLUSTER,Operational Non-Authority,"#19, #41, #202",HIGH,Parents #19 and #41: availability neither confers nor removes authority. Compact wording worth keeping for the merged text.
206,Spatial Ground Must Permit Redundant Preservation,PRESERVATION / RECONSTRUCTION CANDIDATE,MOVE TO PRESERVATION / RECONSTRUCTION,Preservation and Archival Survival,"#125, #207, #83",MEDIUM,"Permission for redundant archival copies; ""should be permissible"". New only as an explicit preservation allowance."
207,Redundancy Must Not Create Competing Canon,DUPLICATE / NEAR-DUPLICATE,MERGE INTO STRONGER FINDING OR CLUSTER,Single Canonical Truth,"#124, #8, #206",HIGH,Parent #8 via #124: replication creates no parallel authority.
208,Canonical Identity Must Be Content-Stable,DERIVED CONSEQUENCE,MERGE INTO STRONGER FINDING OR CLUSTER,Representation Independence,"#29, #209, #220",HIGH,"Parent #29: container, host and transport changes do not change the place represented."
209,Location of the Record Is Not Location in The World,DERIVED CONSEQUENCE,MERGE INTO STRONGER FINDING OR CLUSTER,Operational Non-Authority,"#131, #29, #208",HIGH,Parents #29 and #131: where a record is stored is not where the World is.
210,Spatial Ground Must Be Portable,PRESERVATION / RECONSTRUCTION CANDIDATE,MOVE TO PRESERVATION / RECONSTRUCTION,Representation Independence,"#29, #211, #83",MEDIUM,Migration without semantic loss; preservation expression of #29.
211,Portability Must Preserve Exactness,DERIVED CONSEQUENCE,MERGE INTO STRONGER FINDING OR CLUSTER,Representation Independence,"#210, #49, #46",HIGH,"Parents #15 and #49 applied to #210: migration preserves exact membership, not visual similarity."
212,Spatial Ground Must Resist Format Lock-In,DUPLICATE / NEAR-DUPLICATE,MERGE INTO STRONGER FINDING OR CLUSTER,Technology and Infrastructure Independence,"#81, #213, #80",HIGH,"Parent #81, which already names file formats among prohibited constitutional dependencies."
213,Canonical Semantics Must Outlive Syntax,DUPLICATE / NEAR-DUPLICATE,MERGE INTO STRONGER FINDING OR CLUSTER,Representation Independence,"#29, #212, #126",MEDIUM,Parent #29: meaning is independent of syntax. Adds a drafting implication for how semantics are specified.
214,Syntax Must Never Become Geography,DERIVED CONSEQUENCE,MERGE INTO STRONGER FINDING OR CLUSTER,Representation Independence,"#79, #20, #215",HIGH,"Parents #19 and #20, same pattern as #79: incidental features of an encoding carry no spatial meaning."
215,Ordering Must Be Canonical Only Where Meaningful,SPECIFICATION CANDIDATE,MOVE TO SPECIFICATION,Canonical Equivalence,"#216, #214, #217",HIGH,Encoding-level rule about when ordering is significant.
216,Canonical Comparison Must Ignore Irrelevant Representation Differences,SPECIFICATION CANDIDATE,MOVE TO SPECIFICATION,Canonical Equivalence,"#65, #215, #217",HIGH,Comparison rule; the obligation it serves is #65.
217,Canonical Normal Form Should Exist Where Necessary,SPECIFICATION CANDIDATE,MOVE TO SPECIFICATION,Canonical Equivalence,"#116, #65, #218",HIGH,"Canonical normal form; a mechanism for satisfying #65, with ""should ... where necessary"" language."
218,Canonicalization Must Not Alter Geometry,DUPLICATE / NEAR-DUPLICATE,MERGE INTO STRONGER FINDING OR CLUSTER,Canonical Equivalence,"#116, #217, #29",HIGH,Parent #116: restates that normalization preserves membership.
219,Spatial Ground Must Support Stable Identification of Its Canonical Definition,INSTITUTIONAL / GOVERNANCE CANDIDATE,MOVE TO GOVERNANCE / INSTITUTIONAL FRAMEWORK,Institutional Authority and Adoption,"#220, #31, #189",MEDIUM,Identification of the governed artifact; belongs to adoption and publication governance.
220,Artifact Identity and Spatial Identity Must Remain Separate,DERIVED CONSEQUENCE,MERGE INTO STRONGER FINDING OR CLUSTER,Representation Independence,"#189, #219, #208",HIGH,Parent #29 via #189: artifact identifiers are not place identity.
221,Spatial Ground Must Distinguish Definition From Evidence,DUPLICATE / NEAR-DUPLICATE,MERGE INTO STRONGER FINDING OR CLUSTER,Operational Non-Authority,"#82, #222, #131",HIGH,Parent #19 via #82: evidence about a definition does not substitute for it.
222,Evidence May Prove Integrity but Not Create Place,DUPLICATE / NEAR-DUPLICATE,MERGE INTO STRONGER FINDING OR CLUSTER,Operational Non-Authority,"#82, #221, #19",HIGH,Parent #82: restates #221 almost word for word.
223,Spatial Ground Must Permit Independent Verification,DUPLICATE / NEAR-DUPLICATE,MERGE INTO STRONGER FINDING OR CLUSTER,Independent Implementation,"#26, #68, #224",MEDIUM,Parents #26 and #68: third-party verification without trusting the originating implementation.
224,Verification Must Be Reproducible,DUPLICATE / NEAR-DUPLICATE,MERGE INTO STRONGER FINDING OR CLUSTER,Independent Implementation,"#26, #64, #223",HIGH,"Parent #26: identical inputs, identical conclusions."
225,Spatial Ground Must Distinguish Validation From Interpretation,TERMINOLOGY / DOCUMENTATION CANDIDATE,MOVE TO TERMINOLOGY / DOCUMENTATION,Terminology Discipline,"#64, #30, #226",MEDIUM,Clarifies two terms (validation vs. interpretation) and their owners; no new obligation beyond #30.
226,Validity Does Not Imply Use,DUPLICATE / NEAR-DUPLICATE,MERGE INTO STRONGER FINDING OR CLUSTER,Higher-Layer Independence,"#33, #32, #227",HIGH,Parent #4 via #33: unused World-space is still World-space.
227,Use Does Not Imply Validity,DUPLICATE / NEAR-DUPLICATE,MERGE INTO STRONGER FINDING OR CLUSTER,Upward Handoff,"#56, #23, #159",HIGH,Parent #23 via #56: use or display confers no World status.
228,Spatial Ground Must Support Complete Domain Traversal in Principle,DUPLICATE / NEAR-DUPLICATE,MERGE INTO STRONGER FINDING OR CLUSTER,Exact Membership and Boundary Resolution,"#15, #158, #229",HIGH,Parent #15: totality of membership over the representable domain.
229,Complete Traversal Need Not Mean Precomputation,DUPLICATE / NEAR-DUPLICATE,MERGE INTO STRONGER FINDING OR CLUSTER,Representation Independence,"#18, #228, #230",HIGH,Parent #18: resolvable everywhere without enumeration.
230,"Spatial Ground Must Scale by Mathematics, Not Object Count",DERIVED CONSEQUENCE,MERGE INTO STRONGER FINDING OR CLUSTER,Representation Independence,"#18, #58, #231",MEDIUM,"Parents #18 and #58: design rationale for compact governed truth; ""should remain viable"" is not an obligation."
231,Spatial Ground Must Avoid Foundational Object Inflation,DERIVED CONSEQUENCE,MERGE INTO STRONGER FINDING OR CLUSTER,Minimality and Semantic Restraint,"#58, #19, #232",HIGH,Parents #58 and #19: implementation objects do not become permanent entities.
232,Primitive Choice Must Be Minimal,SPECIFICATION CANDIDATE,MOVE TO SPECIFICATION,Minimality and Semantic Restraint,"#58, #233, #234",HIGH,"Guidance to Specification on choosing primitives; applies #58. Conditional (""if ... requires geometric primitives"")."
233,Primitive Meaning Must Be Explicit,SPECIFICATION CANDIDATE,MOVE TO SPECIFICATION,Finite Expressibility and Determinism,"#232, #12, #28",HIGH,Semantics of admitted primitives; a Specification obligation grounded in #12 and #28.
234,Derived Primitives Must Remain Derived,DERIVED CONSEQUENCE,MERGE INTO STRONGER FINDING OR CLUSTER,Minimality and Semantic Restraint,"#59, #232, #57",MEDIUM,Parent #59 applied to primitives: derivable items receive no independent status.
235,Spatial Ground Must Not Encode Rendering Tessellation,DERIVED CONSEQUENCE,MERGE INTO STRONGER FINDING OR CLUSTER,Operational Non-Authority,"#79, #19, #50",HIGH,Parents #19 and #79: rendering structures are derived partitions.
236,Spatial Ground Must Not Encode Storage Partitioning,DUPLICATE / NEAR-DUPLICATE,MERGE INTO STRONGER FINDING OR CLUSTER,Operational Non-Authority,"#79, #78, #272",HIGH,Parent #79: storage partitions carry no foundational meaning.
237,Spatial Ground Must Not Encode Network Topology,DERIVED CONSEQUENCE,MERGE INTO STRONGER FINDING OR CLUSTER,Operational Non-Authority,"#79, #41, #81",HIGH,Parents #79 and #81: network architecture never defines World-space.
238,Spatial Ground Must Not Encode Simulation Topology,DERIVED CONSEQUENCE,MERGE INTO STRONGER FINDING OR CLUSTER,Operational Non-Authority,"#79, #41, #237",HIGH,Parents #79 and #41: simulation partitions are runtime artifacts.
239,Spatial Ground Must Permit Future Computational Models,DERIVED CONSEQUENCE,MERGE INTO STRONGER FINDING OR CLUSTER,Technology and Infrastructure Independence,"#81, #78, #240",HIGH,Parents #81 and #19: future computation models are free because none is a dependency.
240,Spatial Ground Must Preserve Independence From Performance Strategy,DUPLICATE / NEAR-DUPLICATE,MERGE INTO STRONGER FINDING OR CLUSTER,Technology and Infrastructure Independence,"#80, #239, #122",HIGH,Parent #80: performance strategy does not shape or move canonical World-space.
241,Spatial Ground Must Not Privilege Human Scale,DERIVED CONSEQUENCE,MERGE INTO STRONGER FINDING OR CLUSTER,Minimality and Semantic Restraint,"#80, #20, #243",MEDIUM,Parents #20 and #80 extended to human perceptual and behavioral assumptions.
242,Spatial Ground Must Not Privilege Machine Scale,DUPLICATE / NEAR-DUPLICATE,MERGE INTO STRONGER FINDING OR CLUSTER,Technology and Infrastructure Independence,"#80, #241, #243",HIGH,"Parent #80: restates ""contemporary hardware must not shape The World"" with hardware examples."
243,Canonical Scale Comes From Survey Truth,FSF DEPENDENCY / DOWNWARD CONTRACT,MERGE INTO STRONGER FINDING OR CLUSTER,Survey Dependency / Downward Contract,"#12, #47, #166",HIGH,"AUTHORITY: FSF for scale, and the adopted World definition (upstream) for extent. Instance of #12 and #47."
244,Spatial Ground Must Support Future Precision Growth Without Relocation,FSF DEPENDENCY / DOWNWARD CONTRACT,RETAIN AS INDEPENDENT CANDIDATE,Precision and Refinement,"#11, #4, #73",MEDIUM,AUTHORITY: FSF owns refinement semantics. SG's share is that membership stays put under refinement. Parent of #245-#247; partly derivable from #4 and #46.
245,"Refinement Must Reveal, Not Move",DERIVED CONSEQUENCE,REQUIRES ARCHITECTURAL REVIEW,Precision and Refinement,"#244, #15, #9",MEDIUM,"Parent #244. ""Reveal a more exact expression of the limit"" implies the limit was not fully exact before, which sits uneasily with #9 and #15."
246,Refinement Must Preserve Coarser Truth,DERIVED CONSEQUENCE,MERGE INTO STRONGER FINDING OR CLUSTER,Precision and Refinement,"#244, #245, #247",MEDIUM,Parent #244: finer statements may not contradict valid coarser ones.
247,Precision Increase Must Be Monotonic in Meaning,DUPLICATE / NEAR-DUPLICATE,MERGE INTO STRONGER FINDING OR CLUSTER,Precision and Refinement,"#244, #246, #245",HIGH,Parent #244: restates #244 and #246 as monotonicity.
248,Precision Reduction Must Be Explicitly Lossy When It Is Lossy,DUPLICATE / NEAR-DUPLICATE,MERGE INTO STRONGER FINDING OR CLUSTER,Precision and Refinement,"#63, #49, #62",HIGH,Parent #49 via #63: lossy reductions are marked non-canonical.
249,Spatial Ground Must Distinguish Unknown From Non-World,DERIVED CONSEQUENCE,MERGE INTO STRONGER FINDING OR CLUSTER,Failure Semantics,"#153, #251, #154",MEDIUM,Parents #153 and #154: ignorance during design or recovery is not a membership determination.
250,Canonical Ground Contains No Unknown Membership,DUPLICATE / NEAR-DUPLICATE,MERGE INTO STRONGER FINDING OR CLUSTER,Exact Membership and Boundary Resolution,"#15, #119, #153",HIGH,"Parents #15 and #119: no unknown membership once established, else the definition is incomplete."
251,Spatial Ground Must Distinguish Error From Absence,CONFORMANCE / VALIDATION CANDIDATE,MOVE TO CONFORMANCE / VALIDATION,Failure Semantics,"#252, #249, #66",HIGH,Failure to resolve is not evidence of non-membership.
252,Failure States Must Be Explicit,CONFORMANCE / VALIDATION CANDIDATE,MOVE TO CONFORMANCE / VALIDATION,Failure Semantics,"#66, #251, #253",HIGH,Distinguishable outcome classes; refines #66.
253,Spatial Ground Must Preserve Deterministic Error Semantics,CONFORMANCE / VALIDATION CANDIDATE,MOVE TO CONFORMANCE / VALIDATION,Failure Semantics,"#66, #195, #252",HIGH,Agreement on failure classes across implementations; the principle behind test #195.
254,Spatial Ground Must Prevent Default-Inclusion,CONFORMANCE / VALIDATION CANDIDATE,MOVE TO CONFORMANCE / VALIDATION,Failure Semantics,"#251, #255, #62",HIGH,No inclusion by default for unresolved input; companion to #251.
255,Spatial Ground Must Prevent Default-Exclusion,DUPLICATE / NEAR-DUPLICATE,MERGE INTO STRONGER FINDING OR CLUSTER,Failure Semantics,"#251, #254, #252",HIGH,"Parent #251, which already prohibits treating failure as non-membership."
256,Spatial Ground Must Preserve Exactness at Extremes,DERIVED CONSEQUENCE,MERGE INTO STRONGER FINDING OR CLUSTER,Exact Membership and Boundary Resolution,"#15, #257, #193",MEDIUM,"Parent #15: ""every representable location"" includes the extremes. Useful as a conformance stress target."
257,Edge Cases Are Part of the Architecture,CONFORMANCE / VALIDATION CANDIDATE,MOVE TO CONFORMANCE / VALIDATION,Testing and Adversarial Review,"#85, #256, #258",MEDIUM,"METHODOLOGICAL: a stance on how design and testing treat edge cases, not an obligation of the layer."
258,Degenerate Geometry Must Have Defined Behavior,SPECIFICATION CANDIDATE,MOVE TO SPECIFICATION,Failure Semantics,"#66, #257, #259",HIGH,Specification must settle the status of degenerate expressions.
259,Empty World-Space Expressions Must Be Governed,UNRESOLVED ARCHITECTURAL QUESTION,REQUIRES ARCHITECTURAL REVIEW,Survey-to-World Relationship,"#260, #13, #258",HIGH,Open question: is an empty World-space expression representable? AUTHORITY: the existence of The World is constitutional.
260,Universal Inclusion Must Be Governed,UNRESOLVED ARCHITECTURAL QUESTION,REQUIRES ARCHITECTURAL REVIEW,Survey-to-World Relationship,"#13, #259, #261",HIGH,"Open question: can an expression make World-space equal the whole Survey Domain? #13 says subset, not proper subset."
261,Spatial Ground Must Preserve Survey/World Non-Identity,DERIVED CONSEQUENCE,MERGE INTO STRONGER FINDING OR CLUSTER,Survey-to-World Relationship,"#13, #262, #260",MEDIUM,Parent #13: Survey Domain and World-space stay conceptually distinct even if extents coincide. Depends on how #260 resolves.
262,Geometric Coincidence Does Not Merge Architectural Roles,DUPLICATE / NEAR-DUPLICATE,MERGE INTO STRONGER FINDING OR CLUSTER,Layer Boundaries,"#261, #263, #264",HIGH,Parent #261: restates it in terms of layer roles.
263,Spatial Ground Must Preserve Layer Responsibility,DUPLICATE / NEAR-DUPLICATE,MERGE INTO STRONGER FINDING OR CLUSTER,Layer Boundaries,"#24, #12, #1",HIGH,"Parent #12 via #24: FSF owns exact space, SG owns World participation."
264,Responsibility Must Not Be Duplicated,LAYER BOUNDARY / EXCLUSION,RETAIN AS INDEPENDENT CANDIDATE,Layer Boundaries,"#12, #59, #265",MEDIUM,AUTHORITY: cross-layer architectural discipline. Generalizes #12's no-duplication rule to one owner per responsibility.
265,Responsibility Must Not Be Orphaned,LAYER BOUNDARY / EXCLUSION,RETAIN AS INDEPENDENT CANDIDATE,Layer Boundaries,"#171, #27, #264",MEDIUM,AUTHORITY: cross-layer architectural discipline. Complement of #264: no unowned truth between layers. Not derivable from SG findings.
266,Spatial Ground Must Have a Closed Responsibility Set,INSTITUTIONAL / GOVERNANCE CANDIDATE,MOVE TO GOVERNANCE / INSTITUTIONAL FRAMEWORK,Change Control and Permanence,"#90, #267, #268",HIGH,METHODOLOGICAL in part: responsibilities enumerated and closed before establishment; a change-control gate.
267,New Ground Responsibilities Require Necessity Proof,INSTITUTIONAL / GOVERNANCE CANDIDATE,MOVE TO GOVERNANCE / INSTITUTIONAL FRAMEWORK,Change Control and Permanence,"#140, #139, #266",HIGH,METHODOLOGICAL: admission test for future responsibilities; restates #139 and #140 as a governance rule.
268,Spatial Ground Must Resist Architectural Accretion,DUPLICATE / NEAR-DUPLICATE,MERGE INTO STRONGER FINDING OR CLUSTER,Minimality and Semantic Restraint,"#137, #58, #269",HIGH,Parent #58 via #137. METHODOLOGICAL admission stance.
269,Spatial Ground Must Have a Strong Exclusion Principle,DUPLICATE / NEAR-DUPLICATE,MERGE INTO STRONGER FINDING OR CLUSTER,Minimality and Semantic Restraint,"#137, #268, #58",HIGH,Parent #137: presumption of exclusion under doubt. METHODOLOGICAL.
270,Ground Minimality Is a Conformance Property,DUPLICATE / NEAR-DUPLICATE,MERGE INTO STRONGER FINDING OR CLUSTER,Independent Implementation,"#87, #86, #271",HIGH,Parent #87: storing more confers no greater canonical authority.
271,Extra Data Must Remain Non-Canonical Unless Governed Elsewhere,DERIVED CONSEQUENCE,MERGE INTO STRONGER FINDING OR CLUSTER,Operational Non-Authority,"#19, #272, #270",HIGH,Parents #19 and #20: colocated extra data stays outside canonical Ground.
272,Physical Colocation Does Not Mean Architectural Membership,DUPLICATE / NEAR-DUPLICATE,MERGE INTO STRONGER FINDING OR CLUSTER,Operational Non-Authority,"#271, #19, #236",HIGH,Parent #271: restates it for physical colocation.
273,Spatial Ground Boundaries Are Institutional as Well as Spatial,LAYER BOUNDARY / EXCLUSION,MERGE INTO STRONGER FINDING OR CLUSTER,Layer Boundaries,"#30, #274, #275",MEDIUM,Parent #30: the limit of SG responsibility must be stated. Introduces the #274-#276 group.
274,The Upward Boundary Must Be Explicit,DUPLICATE / NEAR-DUPLICATE,MERGE INTO STRONGER FINDING OR CLUSTER,Layer Boundaries,"#30, #25, #273",HIGH,Parent #30: interpretation begins where meaning beyond membership is assigned.
275,The Downward Boundary Must Be Explicit,LAYER BOUNDARY / EXCLUSION,MERGE INTO STRONGER FINDING OR CLUSTER,Layer Boundaries,"#12, #263, #24",MEDIUM,AUTHORITY: FSF defines its own scope. Parent #12; SG may cite this boundary but should not be the one to draw it.
276,Spatial Ground Occupies the Narrow Middle,DUPLICATE / NEAR-DUPLICATE,MERGE INTO STRONGER FINDING OR CLUSTER,Layer Boundaries,"#274, #275, #90",HIGH,Parents #30 and #90: summary image of #274 and #275.
277,The Narrowness Is Intentional,HISTORICAL REASONING ONLY,PRESERVE AS HISTORICAL REASONING ONLY,Minimality and Semantic Restraint,"#141, #278, #58",MEDIUM,METHODOLOGICAL: reassurance to reviewers that smallness is deliberate. No normative content beyond #58.
278,Architectural Importance Is Not Measured by Complexity,HISTORICAL REASONING ONLY,PRESERVE AS HISTORICAL REASONING ONLY,Minimality and Semantic Restraint,"#277, #141, #58",HIGH,METHODOLOGICAL: evaluative stance about how to judge a layer. No normative content.
279,Spatial Ground Must Preserve Silence,DUPLICATE / NEAR-DUPLICATE,MERGE INTO STRONGER FINDING OR CLUSTER,Minimality and Semantic Restraint,"#20, #98, #280",HIGH,Parent #20: no provisional semantics where meaning is unassigned.
280,Silence Must Still Be Exact,DERIVED CONSEQUENCE,MERGE INTO STRONGER FINDING OR CLUSTER,Minimality and Semantic Restraint,"#20, #15, #279",HIGH,"Parents #20 and #15 read together: silent about meaning, exact about membership. Strong explanatory wording."
281,Spatial Ground Must Support Future Discovery Above It,DUPLICATE / NEAR-DUPLICATE,MERGE INTO STRONGER FINDING OR CLUSTER,Interpretation Independence,"#143, #53, #282",HIGH,Parents #53 and #143: higher discovery proceeds without revising Ground.
282,Higher Discovery Must Not Retroactively Create Ground,DERIVED CONSEQUENCE,MERGE INTO STRONGER FINDING OR CLUSTER,Upward Handoff,"#56, #2, #283",MEDIUM,Parents #2 and #4: discovering meaning does not create the space it is found in.
283,World-Space Precedes Interpretation,DERIVED CONSEQUENCE,MERGE INTO STRONGER FINDING OR CLUSTER,Interpretation Independence,"#178, #4, #53",HIGH,Parent #4 via #178: World-space is prior to interpretation.
284,World-Space Precedes Cadastral Expression,DUPLICATE / NEAR-DUPLICATE,MERGE INTO STRONGER FINDING OR CLUSTER,Parcel Independence,"#179, #34, #6",HIGH,Parent #6 via #179: World-space is prior to the cadastre.
285,World-Space Precedes Experience,DUPLICATE / NEAR-DUPLICATE,MERGE INTO STRONGER FINDING OR CLUSTER,Higher-Layer Independence,"#32, #41, #4",HIGH,Parent #4 via #32: World-space is prior to experience.
286,Spatial Ground Must Preserve Ontological Restraint,DERIVED CONSEQUENCE,MERGE INTO STRONGER FINDING OR CLUSTER,Minimality and Semantic Restraint,"#20, #287, #91",MEDIUM,Parents #20 and #58 extended to metaphysical claims.
287,"Spatial Ground Is Architecture, Not Cosmology",DUPLICATE / NEAR-DUPLICATE,MERGE INTO STRONGER FINDING OR CLUSTER,Minimality and Semantic Restraint,"#286, #91, #94",HIGH,"Parent #286. AUTHORITY: what The World ""is"" belongs to constitutional sources, not SG."
288,Spatial Ground Must Not Replace The Declaration,DERIVED CONSEQUENCE,MERGE INTO STRONGER FINDING OR CLUSTER,Constitutional Subordination,"#91, #92, #21",HIGH,Parent #91. AUTHORITY: The Declaration for One World; bears on how #21 should be read.
289,Spatial Ground Must Not Replace The Codex,DERIVED CONSEQUENCE,MERGE INTO STRONGER FINDING OR CLUSTER,Constitutional Subordination,"#91, #95, #94",HIGH,"Parent #91. AUTHORITY: The Codex. Lists Boundary and Contiguity as Codex concepts, which SG's ""limit"" (#16) and connectedness (#22) must not shadow."
290,Spatial Ground Must Consume Constitutional Constraints Without Duplicating Constitutional Authority,DUPLICATE / NEAR-DUPLICATE,MERGE INTO STRONGER FINDING OR CLUSTER,Constitutional Subordination,"#91, #94, #291",HIGH,"Parent #91: embody constraints, leave authority where it was established."
291,Spatial Ground Must Be Auditable Against Its Constitutional Inputs,INSTITUTIONAL / GOVERNANCE CANDIDATE,MOVE TO GOVERNANCE / INSTITUTIONAL FRAMEWORK,Constitutional Subordination,"#91, #290, #292",HIGH,METHODOLOGICAL: review traceability from each embodied constraint to its constitutional source.
292,Spatial Ground Must Be Auditable Against Survey Requirements,INSTITUTIONAL / GOVERNANCE CANDIDATE,MOVE TO GOVERNANCE / INSTITUTIONAL FRAMEWORK,Survey Dependency / Downward Contract,"#12, #291, #199",HIGH,METHODOLOGICAL: review audit of the downward contract against FSF requirements.
293,Spatial Ground Must Be Auditable Against Higher-Layer Boundaries,INSTITUTIONAL / GOVERNANCE CANDIDATE,MOVE TO GOVERNANCE / INSTITUTIONAL FRAMEWORK,Layer Boundaries,"#20, #199, #291",HIGH,METHODOLOGICAL: review audit for downward leakage from higher layers.
294,Spatial Ground Requires a Formal Consolidation Review,INSTITUTIONAL / GOVERNANCE CANDIDATE,MOVE TO GOVERNANCE / INSTITUTIONAL FRAMEWORK,Inquiry Method and Framework Sequencing,"#295, #296, #297",HIGH,"METHODOLOGICAL: mandates the consolidation review now under way. Governs the corpus, not the layer."
295,Finding Count Is Not the Architecture,HISTORICAL REASONING ONLY,PRESERVE AS HISTORICAL REASONING ONLY,Inquiry Method and Framework Sequencing,"#294, #296, #141",HIGH,METHODOLOGICAL: Findings are a discovery mechanism; their count has no canonical weight.
296,Findings Must Not Become Redundant Canon,INSTITUTIONAL / GOVERNANCE CANDIDATE,MOVE TO GOVERNANCE / INSTITUTIONAL FRAMEWORK,Inquiry Method and Framework Sequencing,"#294, #295, #58",HIGH,"METHODOLOGICAL: final Requirements are consolidated, not the raw corpus."
297,Requirements Must Follow Findings,INSTITUTIONAL / GOVERNANCE CANDIDATE,MOVE TO GOVERNANCE / INSTITUTIONAL FRAMEWORK,Inquiry Method and Framework Sequencing,"#294, #298, #154",MEDIUM,"METHODOLOGICAL: sequencing rule, Requirements after the inquiry closes."
298,Specification Must Follow Requirements,INSTITUTIONAL / GOVERNANCE CANDIDATE,MOVE TO GOVERNANCE / INSTITUTIONAL FRAMEWORK,Inquiry Method and Framework Sequencing,"#297, #299, #157",HIGH,AUTHORITY: framework discipline. METHODOLOGICAL: no representation or mechanism chosen before Requirements. Bears directly on #157 and #232.
299,Conformance Must Follow Specification,INSTITUTIONAL / GOVERNANCE CANDIDATE,MOVE TO GOVERNANCE / INSTITUTIONAL FRAMEWORK,Inquiry Method and Framework Sequencing,"#298, #300, #191",HIGH,AUTHORITY: framework discipline. METHODOLOGICAL: Conformance tests the adopted Specification and invents no behavior.
300,Reference Vectors Must Follow Conformance and Specification,DUPLICATE / NEAR-DUPLICATE,MERGE INTO STRONGER FINDING OR CLUSTER,Inquiry Method and Framework Sequencing,"#198, #299, #298",HIGH,Parent #198: Reference Vectors follow Specification. AUTHORITY: framework discipline.
301,Spatial Ground Must Define Canonical Emptiness,DUPLICATE / NEAR-DUPLICATE,MERGE INTO STRONGER FINDING OR CLUSTER,Higher-Layer Independence,"#33, #302, #321",HIGH,"RESTATEMENT. Parent #4 via #33: World-space without higher content is still World-space. Different sense of ""empty"" from the open question in #259."
302,Spatial Ground Must Distinguish Empty From Unused,DUPLICATE / NEAR-DUPLICATE,MERGE INTO STRONGER FINDING OR CLUSTER,Higher-Layer Independence,"#33, #301, #226",HIGH,"RESTATEMENT. Parent #4 via #33, which already lists empty, unused and unassigned space."
303,Spatial Ground Must Distinguish Unused From Unreachable,DUPLICATE / NEAR-DUPLICATE,MERGE INTO STRONGER FINDING OR CLUSTER,Runtime Independence,"#41, #33, #304",HIGH,"INSTANCE. Parent #4 via #41, which already lists ""reachable""."
304,Spatial Ground Must Distinguish Unreachable From Invalid,DERIVED CONSEQUENCE,MERGE INTO STRONGER FINDING OR CLUSTER,Runtime Independence,"#41, #202, #305",HIGH,"Parent #4 via #41 and #202: inaccessibility is an operational fact, not a validity finding."
305,Spatial Ground Must Distinguish Invalid From Non-World,DERIVED CONSEQUENCE,MERGE INTO STRONGER FINDING OR CLUSTER,Failure Semantics,"#159, #14, #306",HIGH,Parents #159 and #14. AUTHORITY: FSF owns validity; SG owns only the World / non-World result for valid reference.
306,Spatial Ground Must Preserve Layered Error Meaning,CONFORMANCE / VALIDATION CANDIDATE,MOVE TO CONFORMANCE / VALIDATION,Failure Semantics,"#252, #305, #66",MEDIUM,Extends the outcome classes of #252 by attributing each failure to its layer. Close to #252 but the layer attribution is new.
307,Spatial Ground Must Not Encode Discoverability,DUPLICATE / NEAR-DUPLICATE,MERGE INTO STRONGER FINDING OR CLUSTER,Higher-Layer Independence,"#32, #308, #4",HIGH,"INSTANCE. Parent #4 via #32, which already lists discovered and indexed."
308,Spatial Ground Must Not Encode Visibility,DUPLICATE / NEAR-DUPLICATE,MERGE INTO STRONGER FINDING OR CLUSTER,Higher-Layer Independence,"#32, #307, #50",HIGH,"INSTANCE. Parent #4 via #32, which already lists viewed and rendered."
309,Spatial Ground Must Not Encode Accessibility,DUPLICATE / NEAR-DUPLICATE,MERGE INTO STRONGER FINDING OR CLUSTER,Rights / Governance Independence,"#40, #4, #310",HIGH,"INSTANCE. Parent #20 via #40, which already lists access and permission."
310,Spatial Ground Must Not Encode Traversability,DERIVED CONSEQUENCE,MERGE INTO STRONGER FINDING OR CLUSTER,Interpretation Independence,"#20, #4, #309",HIGH,Root parents #4 and #20: traversability is higher meaning.
311,Spatial Ground Must Not Encode Habitability,DERIVED CONSEQUENCE,MERGE INTO STRONGER FINDING OR CLUSTER,Interpretation Independence,"#20, #33, #39",HIGH,Root parents #4 and #20: habitability is higher meaning.
312,Spatial Ground Must Not Encode Utility,DERIVED CONSEQUENCE,MERGE INTO STRONGER FINDING OR CLUSTER,Interpretation Independence,"#20, #4, #313",HIGH,"Root parent #20, which names ""use"" and ""value""."
313,Spatial Ground Must Not Encode Economic Value,DUPLICATE / NEAR-DUPLICATE,MERGE INTO STRONGER FINDING OR CLUSTER,Interpretation Independence,"#20, #39, #312",HIGH,INSTANCE. Parent #20 (value) via #39 (economy).
314,Spatial Ground Must Not Encode Cultural Value,DUPLICATE / NEAR-DUPLICATE,MERGE INTO STRONGER FINDING OR CLUSTER,Interpretation Independence,"#20, #39, #313",HIGH,INSTANCE. Parent #20 (culture) via #39.
315,Spatial Ground Must Not Encode Strategic Value,DERIVED CONSEQUENCE,MERGE INTO STRONGER FINDING OR CLUSTER,Interpretation Independence,"#20, #39, #76",HIGH,"Root parent #20 via #39 (political organization, institutions)."
316,Spatial Ground Must Not Encode Environmental State,DERIVED CONSEQUENCE,MERGE INTO STRONGER FINDING OR CLUSTER,Interpretation Independence,"#38, #20, #317",HIGH,"Root parent #20 via #38; adds climate, weather and resources to the terrain list."
317,Spatial Ground Must Not Encode Surface Material,DUPLICATE / NEAR-DUPLICATE,MERGE INTO STRONGER FINDING OR CLUSTER,Interpretation Independence,"#38, #318, #98",HIGH,"INSTANCE. Parent #20 via #38, which already lists water and landform."
318,World-Space Is Not Synonymous With Land,DERIVED CONSEQUENCE,MERGE INTO STRONGER FINDING OR CLUSTER,Interpretation Independence,"#38, #317, #51",MEDIUM,"Root parent #20 via #38. Chiefly a terminological guard: ""World-space"" is not ""land"". The supercontinental form it mentions is an upstream or higher-layer concept."
319,World-Space Is Not Synonymous With Rendered Surface,DUPLICATE / NEAR-DUPLICATE,MERGE INTO STRONGER FINDING OR CLUSTER,Operational Non-Authority,"#50, #151, #19",HIGH,RESTATEMENT. Parent #19 via #50 and #151: a rendering represents World-space and is not it.
320,World-Space Is Not Synonymous With Parcel Fabric,DUPLICATE / NEAR-DUPLICATE,MERGE INTO STRONGER FINDING OR CLUSTER,Parcel Independence,"#180, #6, #36",HIGH,RESTATEMENT. Parent #6 via #180.
321,Spatial Ground Must Permit Uninterpreted World-Space,DUPLICATE / NEAR-DUPLICATE,MERGE INTO STRONGER FINDING OR CLUSTER,Interpretation Independence,"#178, #283, #33",HIGH,RESTATEMENT. Parent #4 via #178 and #283.
322,Spatial Ground Must Permit Future Reinterpretation,DUPLICATE / NEAR-DUPLICATE,MERGE INTO STRONGER FINDING OR CLUSTER,Interpretation Independence,"#53, #177, #281",HIGH,RESTATEMENT. Parent #4 via #53; third statement after #177.
323,Spatial Ground Must Permit Multiple Historical Interpretations,DERIVED CONSEQUENCE,MERGE INTO STRONGER FINDING OR CLUSTER,Interpretation Independence,"#183, #184, #324",HIGH,"Root parent #8 via #183: many interpretations over one ground, here spread across time."
324,Spatial Ground Must Preserve Continuity Across Interpretive Eras,DUPLICATE / NEAR-DUPLICATE,MERGE INTO STRONGER FINDING OR CLUSTER,Change Control and Permanence,"#73, #186, #4",HIGH,RESTATEMENT. Parent #4 via #73 and #186.
325,Spatial Ground Must Support Persistent Place Reference,DUPLICATE / NEAR-DUPLICATE,MERGE INTO STRONGER FINDING OR CLUSTER,Change Control and Permanence,"#73, #186, #332",HIGH,RESTATEMENT. Parent #4 via #73 (referential permanence).
326,Place Reference Must Survive Renaming,DUPLICATE / NEAR-DUPLICATE,MERGE INTO STRONGER FINDING OR CLUSTER,Change Control and Permanence,"#186, #74, #325",HIGH,"INSTANCE. Parent #4 via #186, which already lists renaming."
327,Place Reference Must Survive Reclassification,DUPLICATE / NEAR-DUPLICATE,MERGE INTO STRONGER FINDING OR CLUSTER,Change Control and Permanence,"#186, #75, #326",HIGH,INSTANCE. Parent #4 via #75 and #186.
328,Place Reference Must Survive Entity Deletion,DUPLICATE / NEAR-DUPLICATE,MERGE INTO STRONGER FINDING OR CLUSTER,Change Control and Permanence,"#186, #34, #326",HIGH,"INSTANCE. Parent #4 via #186, which already lists retirement of entities."
329,Spatial Ground Must Support Historical Location Integrity,DUPLICATE / NEAR-DUPLICATE,MERGE INTO STRONGER FINDING OR CLUSTER,Change Control and Permanence,"#73, #325, #330",HIGH,RESTATEMENT. Parent #4 via #73.
330,Spatial Ground Must Preserve Cross-Temporal Spatial Meaning,DUPLICATE / NEAR-DUPLICATE,MERGE INTO STRONGER FINDING OR CLUSTER,Change Control and Permanence,"#73, #329, #362",HIGH,"RESTATEMENT. Parent #73, nearly word for word."
331,Spatial Ground Must Not Depend on Current Interpretation Schema,DERIVED CONSEQUENCE,MERGE INTO STRONGER FINDING OR CLUSTER,Interpretation Independence,"#52, #44, #178",HIGH,"Root parent #4 via #52: membership resolves without any higher-layer schema, historical ones included."
332,Spatial Ground Must Support Archival Spatial Citation,DERIVED CONSEQUENCE,MERGE INTO STRONGER FINDING OR CLUSTER,Change Control and Permanence,"#73, #83, #325",MEDIUM,Root parents #4 (via #73) and #83: durable citation follows from permanent reference plus archivability.
333,Spatial Ground Must Be Suitable for Provenance Anchoring,UPWARD HANDOFF / HIGHER-LAYER CONTRACT,MERGE INTO STRONGER FINDING OR CLUSTER,Upward Handoff,"#174, #20, #334",MEDIUM,"Parents #89 and #174 with the neutrality of #20: higher records may anchor to Ground. States a permitted reliance, not a new duty."
334,Spatial Ground Must Not Become a Historical Ledger,LAYER BOUNDARY / EXCLUSION,MERGE INTO STRONGER FINDING OR CLUSTER,Layer Boundaries,"#20, #45, #188",HIGH,"Root parent #20, with #45 and #188: history references Ground but is not stored in it."
335,Spatial Ground Must Not Become a Registry of Entities,LAYER BOUNDARY / EXCLUSION,MERGE INTO STRONGER FINDING OR CLUSTER,Layer Boundaries,"#20, #231, #18",HIGH,Root parents #20 and #58: no entity inventory.
336,Spatial Ground Must Not Become a Semantic Graph,LAYER BOUNDARY / EXCLUSION,MERGE INTO STRONGER FINDING OR CLUSTER,Layer Boundaries,"#20, #335, #185",HIGH,Root parent #20: no semantic relationships among higher entities.
337,Spatial Ground Must Not Become a Runtime Scene Graph,LAYER BOUNDARY / EXCLUSION,MERGE INTO STRONGER FINDING OR CLUSTER,Layer Boundaries,"#20, #79, #238",HIGH,Root parents #20 and #19: runtime graphs stay above Ground.
338,Spatial Ground Must Not Become a Content Layer,LAYER BOUNDARY / EXCLUSION,MERGE INTO STRONGER FINDING OR CLUSTER,Layer Boundaries,"#20, #335, #30",HIGH,Root parent #20: no content.
339,Spatial Ground Must Not Become a Service Layer,LAYER BOUNDARY / EXCLUSION,MERGE INTO STRONGER FINDING OR CLUSTER,Layer Boundaries,"#30, #90, #20",HIGH,"Root parents #30 and #90: services operate on Ground, not in it."
340,Spatial Ground Must Not Become an Identity Layer,LAYER BOUNDARY / EXCLUSION,MERGE INTO STRONGER FINDING OR CLUSTER,Layer Boundaries,"#20, #40, #30",HIGH,Root parent #20: identity and credentials excluded.
341,Spatial Ground Must Not Become a Rights Layer,DUPLICATE / NEAR-DUPLICATE,MERGE INTO STRONGER FINDING OR CLUSTER,Rights / Governance Independence,"#40, #76, #340",HIGH,RESTATEMENT. Parent #20 via #40.
342,Spatial Ground Must Not Become an Interoperability Layer,DERIVED CONSEQUENCE,MERGE INTO STRONGER FINDING OR CLUSTER,Operational Non-Authority,"#19, #343, #354",HIGH,Root parent #19: interchange mechanisms expose Ground and are never its source.
343,External Coordinate Systems Must Remain Mappings,DERIVED CONSEQUENCE,MERGE INTO STRONGER FINDING OR CLUSTER,Survey Dependency / Downward Contract,"#47, #19, #344",HIGH,Root parent #12 via #47. AUTHORITY: FSF owns the coordinate system; external systems are derived mappings.
344,External Projection Must Not Alter Membership,DERIVED CONSEQUENCE,MERGE INTO STRONGER FINDING OR CLUSTER,Representation Independence,"#29, #110, #343",HIGH,Root parent #29: reprojection is a change of representation.
345,External Precision Limits Must Not Weaken Canon,DUPLICATE / NEAR-DUPLICATE,MERGE INTO STRONGER FINDING OR CLUSTER,Precision and Refinement,"#49, #248, #348",HIGH,"INSTANCE. Parent #19 via #49: a lower-precision external copy is lossy, not canon."
346,Interoperability Must Preserve Layer Identity,IMPLEMENTATION / OPERATIONAL CANDIDATE,MOVE TO IMPLEMENTATION / OPERATIONS,Layer Boundaries,"#264, #342, #174",MEDIUM,"Interchange design aim (""should be able to consume ... without flattening""). Not an obligation on Ground itself."
347,Spatial Ground Must Support Lossless Export Where Possible,DUPLICATE / NEAR-DUPLICATE,MERGE INTO STRONGER FINDING OR CLUSTER,Representation Independence,"#211, #48, #197",MEDIUM,Parent #29 via #211: exact transfer preserves membership and correspondence. Export is one case of migration.
348,Spatial Ground Must Support Explicitly Lossy Export Where Necessary,DUPLICATE / NEAR-DUPLICATE,MERGE INTO STRONGER FINDING OR CLUSTER,Operational Non-Authority,"#63, #248, #345",HIGH,"INSTANCE. Parent #49 via #63: declared loss, applied to export."
349,Import Must Never Create Canon by Default,DUPLICATE / NEAR-DUPLICATE,MERGE INTO STRONGER FINDING OR CLUSTER,Institutional Authority and Adoption,"#351, #154, #350",HIGH,RESTATEMENT. Parent #154 via #351: ingestion is not adoption.
350,Imported Ground Candidates Require Canonical Validation,DERIVED CONSEQUENCE,MERGE INTO STRONGER FINDING OR CLUSTER,Institutional Authority and Adoption,"#351, #64, #154",HIGH,Root parent #154 via #351: external candidates pass the same validation and adoption as any other.
351,Spatial Ground Must Distinguish Import From Adoption,INSTITUTIONAL / GOVERNANCE CANDIDATE,MOVE TO GOVERNANCE / INSTITUTIONAL FRAMEWORK,Institutional Authority and Adoption,"#154, #349, #350",HIGH,Import vs. adoption; strongest of #349-#351. Applies the candidate / adopted distinction of #154 to external material.
352,External Agreement Does Not Establish Authority,DERIVED CONSEQUENCE,MERGE INTO STRONGER FINDING OR CLUSTER,Operational Non-Authority,"#82, #354, #353",HIGH,"Root parent #19, same pattern as #82: agreement corroborates, it does not confer authority."
353,External Disagreement Does Not Alter Canon,DERIVED CONSEQUENCE,MERGE INTO STRONGER FINDING OR CLUSTER,Single Canonical Truth,"#8, #352, #354",HIGH,"Root parent #8: an external discrepancy is a representation issue, not evidence against canon."
354,Spatial Ground Must Preserve Internal Authority,INSTITUTIONAL / GOVERNANCE CANDIDATE,MOVE TO GOVERNANCE / INSTITUTIONAL FRAMEWORK,Institutional Authority and Adoption,"#8, #81, #352",MEDIUM,No delegation of canonical authority to an external body. Partly derivable from #8 and #81. AUTHORITY: institutional sovereignty may properly be constitutional.
355,Spatial Ground May Use External Mathematics Only Through Explicit Adoption,DERIVED CONSEQUENCE,MERGE INTO STRONGER FINDING OR CLUSTER,Institutional Authority and Adoption,"#354, #356, #24",MEDIUM,"Root parents #354 and #27. AUTHORITY: spatial mathematics belongs to FSF (#24), so adopting external mathematics is largely an FSF matter."
356,Mathematical Dependency Must Be Documented,DERIVED CONSEQUENCE,MERGE INTO STRONGER FINDING OR CLUSTER,No Hidden State / Self-Containment,"#27, #357, #171",HIGH,Root parent #27: an undocumented mathematical dependency is hidden state.
357,Library Behavior Is Not Canonical Behavior,DERIVED CONSEQUENCE,MERGE INTO STRONGER FINDING OR CLUSTER,No Hidden State / Self-Containment,"#27, #363, #356",HIGH,Root parents #27 and #19: library defaults are hidden state and carry no authority.
358,Numerical Tolerance Must Not Replace Exact Semantics,DERIVED CONSEQUENCE,MERGE INTO STRONGER FINDING OR CLUSTER,Exact Membership and Boundary Resolution,"#62, #161, #359",HIGH,Root parent #15 via #62. AUTHORITY: exactness semantics are inherited from FSF (#161).
359,Floating-Point Coincidence Must Not Define Place,DERIVED CONSEQUENCE,MERGE INTO STRONGER FINDING OR CLUSTER,Exact Membership and Boundary Resolution,"#358, #161, #360",HIGH,"Root parent #15 via #161. AUTHORITY: FSF exact mathematics. Names a specific numeric technology, so partly implementation guidance."
360,Spatial Ground Must Preserve Determinism Across Hardware,DUPLICATE / NEAR-DUPLICATE,MERGE INTO STRONGER FINDING OR CLUSTER,Independent Implementation,"#26, #361, #363",HIGH,"INSTANCE. Parent #26, across hardware."
361,Spatial Ground Must Preserve Determinism Across Languages,DUPLICATE / NEAR-DUPLICATE,MERGE INTO STRONGER FINDING OR CLUSTER,Independent Implementation,"#26, #360, #77",HIGH,"INSTANCE. Parent #26, across programming languages."
362,Spatial Ground Must Preserve Determinism Across Time,DUPLICATE / NEAR-DUPLICATE,MERGE INTO STRONGER FINDING OR CLUSTER,Independent Implementation,"#26, #196, #369",HIGH,"INSTANCE. Parent #26 with #44, across time."
363,Spatial Ground Must Avoid Implementation-Defined Semantics,DERIVED CONSEQUENCE,MERGE INTO STRONGER FINDING OR CLUSTER,Finite Expressibility and Determinism,"#26, #27, #70",HIGH,Root parents #26 and #27. Local parent of #364-#367.
364,Locale Must Not Affect Spatial Truth,DERIVED CONSEQUENCE,MERGE INTO STRONGER FINDING OR CLUSTER,Finite Expressibility and Determinism,"#363, #27, #365",HIGH,Root parent #27 via #363: locale is an ambient setting.
365,Time Zone Must Not Affect Spatial Truth,DERIVED CONSEQUENCE,MERGE INTO STRONGER FINDING OR CLUSTER,Runtime Independence,"#187, #363, #188",HIGH,Root parent #4 via #187 and #188: clock and calendar state play no part.
366,Spatial Ground Must Be Deterministic Under Concurrency,IMPLEMENTATION / OPERATIONAL CANDIDATE,MOVE TO IMPLEMENTATION / OPERATIONS,Independent Implementation,"#26, #122, #367",MEDIUM,Concurrency behavior of implementations. The obligation is #26; how to achieve it is operational.
367,Processing Order Must Be Semantically Controlled,DUPLICATE / NEAR-DUPLICATE,MERGE INTO STRONGER FINDING OR CLUSTER,Finite Expressibility and Determinism,"#215, #366, #363",MEDIUM,"Parent #215: the same ""defined or irrelevant"" rule moved from record ordering to processing order."
368,Spatial Ground Must Be Idempotent Where Applicable,SPECIFICATION CANDIDATE,MOVE TO SPECIFICATION,Canonical Equivalence,"#116, #217, #369",HIGH,Idempotence of normalization and validation; a property of Specification mechanisms.
369,Canonical Reconstruction Must Converge Exactly,DUPLICATE / NEAR-DUPLICATE,MERGE INTO STRONGER FINDING OR CLUSTER,Reconstruction and Recoverability,"#26, #196, #362",HIGH,RESTATEMENT. Parents #26 and #15: reconstruction is exact and repeatable.
370,Spatial Ground Must Not Depend on Randomness,DERIVED CONSEQUENCE,MERGE INTO STRONGER FINDING OR CLUSTER,Finite Expressibility and Determinism,"#15, #152, #373",HIGH,Root parent #15: deterministic membership excludes stochastic dependence.
371,Spatial Ground Must Not Depend on Machine Learning,DERIVED CONSEQUENCE,MERGE INTO STRONGER FINDING OR CLUSTER,Technology and Infrastructure Independence,"#81, #374, #372",HIGH,Root parents #81 and #27: a learned model is a technology dependency and an opaque one.
372,Inference Must Not Substitute for Canonical Resolution,DUPLICATE / NEAR-DUPLICATE,MERGE INTO STRONGER FINDING OR CLUSTER,Exact Membership and Boundary Resolution,"#62, #152, #373",MEDIUM,INSTANCE. Parent #15 via #62: inference is one form of silent approximation.
373,Confidence Scores Are Non-Canonical,DUPLICATE / NEAR-DUPLICATE,MERGE INTO STRONGER FINDING OR CLUSTER,Exact Membership and Boundary Resolution,"#152, #153, #372",HIGH,"RESTATEMENT. Parent #15 via #152, which already excludes confidence-based membership."
374,Spatial Ground Must Remain Explainable Without Model Behavior,DERIVED CONSEQUENCE,MERGE INTO STRONGER FINDING OR CLUSTER,No Hidden State / Self-Containment,"#68, #371, #69",HIGH,Root parent #27 via #68: opaque learned behavior is uninspectable state.
375,Artificial Intelligence Must Not Become Spatial Authority,DERIVED CONSEQUENCE,MERGE INTO STRONGER FINDING OR CLUSTER,Operational Non-Authority,"#82, #371, #67",HIGH,"Root parent #19, same pattern as #82: AI may assist, authority stays with the governed definition."
376,Human Judgment Must Not Remain in Runtime Resolution,DERIVED CONSEQUENCE,MERGE INTO STRONGER FINDING OR CLUSTER,Finite Expressibility and Determinism,"#70, #377, #68",HIGH,Root parents #15 and #28 via #70: no case-by-case human interpretation at resolution time.
377,Human Adoption and Machine Resolution Must Be Distinct,DERIVED CONSEQUENCE,MERGE INTO STRONGER FINDING OR CLUSTER,Institutional Authority and Adoption,"#70, #154, #376",MEDIUM,"Root parents #70 and #154: humans adopt, machines resolve."
378,Spatial Ground Must Minimize Exceptional Cases,SPECIFICATION CANDIDATE,MOVE TO SPECIFICATION,Minimality and Semantic Restraint,"#58, #379, #232",MEDIUM,"Design guidance to Specification (""should avoid special cases""); applies #58. METHODOLOGICAL in tone."
379,Exceptions Must Be Explicit,DERIVED CONSEQUENCE,MERGE INTO STRONGER FINDING OR CLUSTER,No Hidden State / Self-Containment,"#27, #28, #380",HIGH,"Root parents #27 and #28: any exception is documented, finite and deterministic."
380,Undocumented Exceptions Are Invalid,DUPLICATE / NEAR-DUPLICATE,MERGE INTO STRONGER FINDING OR CLUSTER,No Hidden State / Self-Containment,"#27, #379, #357",HIGH,INSTANCE. Parent #27: hidden patches and overrides are hidden state.
381,Spatial Ground Must Avoid Privileged Coordinates,DERIVED CONSEQUENCE,MERGE INTO STRONGER FINDING OR CLUSTER,Minimality and Semantic Restraint,"#108, #382, #79",MEDIUM,Root parents #20 (via #108) and #19: no coordinate gains meaning from implementation convenience.
382,Reserved Encoding Values Must Not Become Places,SPECIFICATION CANDIDATE,MOVE TO SPECIFICATION,Representation Independence,"#214, #381, #159",HIGH,Encoding rule: reserved markers are not valid spatial references.
383,Null Must Not Mean Non-World,DUPLICATE / NEAR-DUPLICATE,MERGE INTO STRONGER FINDING OR CLUSTER,Failure Semantics,"#251, #255, #384",HIGH,"INSTANCE. Parent #251: a missing value is a failure to resolve, not non-membership."
384,False Must Mean Only What the Specification Defines,SPECIFICATION CANDIDATE,MOVE TO SPECIFICATION,Failure Semantics,"#252, #383, #152",HIGH,Encoding semantics for a binary result; must carry the outcome classes of #252 without collapsing them.
385,Spatial Ground Must Preserve Typed Meaning,SPECIFICATION CANDIDATE,MOVE TO SPECIFICATION,Finite Expressibility and Determinism,"#386, #387, #220",HIGH,Typed representation of distinct kinds of spatial information.
386,Type Safety Supports Spatial Permanence,SPECIFICATION CANDIDATE,MOVE TO SPECIFICATION,Finite Expressibility and Determinism,"#385, #387, #66",MEDIUM,"Companion to #385; ""where formal representation permits"". Title states a rationale, not an obligation."
387,Spatial Ground Must Reject Semantic Overloading,SPECIFICATION CANDIDATE,MOVE TO SPECIFICATION,Finite Expressibility and Determinism,"#385, #214, #388",HIGH,No overloaded fields or identifiers; representation rule.
388,Canonical Identifiers Must Have Stable Namespaces,SPECIFICATION CANDIDATE,MOVE TO SPECIFICATION,Institutional Authority and Adoption,"#219, #220, #389",MEDIUM,"Namespace rule for artifact identifiers; conditional. Mentions Codex identifiers, which are upstream."
389,Spatial Ground Artifact Identifiers Must Not Encode Mutable Meaning,SPECIFICATION CANDIDATE,MOVE TO SPECIFICATION,Institutional Authority and Adoption,"#219, #388, #220",MEDIUM,"Artifact identifier design rule; ""should"" language."
390,Spatial Ground Must Preserve Forward Interpretability,PRESERVATION / RECONSTRUCTION CANDIDATE,MOVE TO PRESERVATION / RECONSTRUCTION,Preservation and Archival Survival,"#126, #189, #392",HIGH,An old record must indicate which governing specification interprets it. Extends #126.
391,Spatial Ground Must Preserve Backward Accountability,INSTITUTIONAL / GOVERNANCE CANDIDATE,MOVE TO GOVERNANCE / INSTITUTIONAL FRAMEWORK,Historical Traceability,"#134, #390, #189",MEDIUM,Newer specifications explain how earlier records were read and why place identity is unchanged.
392,Compatibility Must Be Explicit,INSTITUTIONAL / GOVERNANCE CANDIDATE,MOVE TO GOVERNANCE / INSTITUTIONAL FRAMEWORK,Change Control and Permanence,"#71, #393, #395",HIGH,"Version compatibility is governed, not assumed."
393,Compatible Evolution Must Preserve Canonical Results,DUPLICATE / NEAR-DUPLICATE,MERGE INTO STRONGER FINDING OR CLUSTER,Change Control and Permanence,"#71, #29, #392",HIGH,RESTATEMENT. Parent #29 via #71: compatible means established World-space resolves identically.
394,Incompatible Evolution Must Not Masquerade as Versioning,DUPLICATE / NEAR-DUPLICATE,MERGE INTO STRONGER FINDING OR CLUSTER,Change Control and Permanence,"#136, #132, #29",HIGH,"RESTATEMENT. Parent #29 via #136. AUTHORITY: a meaning-altering change is called a ""constitutional or architectural act"", placing it upstream of SG."
395,Spatial Ground Must Have Stable Semantic Version Boundaries,INSTITUTIONAL / GOVERNANCE CANDIDATE,MOVE TO GOVERNANCE / INSTITUTIONAL FRAMEWORK,Change Control and Permanence,"#392, #396, #398",HIGH,"Version identifiers separate editorial, compatible technical and meaning-altering change."
396,Editorial Change Must Not Affect Conformance,DUPLICATE / NEAR-DUPLICATE,MERGE INTO STRONGER FINDING OR CLUSTER,Change Control and Permanence,"#190, #395, #397",HIGH,INSTANCE. Parent #29 via #190: editorial revision yields no new spatial truth.
397,Formal Clarification Must Preserve Prior Meaning,DERIVED CONSEQUENCE,MERGE INTO STRONGER FINDING OR CLUSTER,Change Control and Permanence,"#135, #190, #398",HIGH,"Root parents #132 and #133, same pattern as #135: clarification is not redefinition."
398,Normative Change Requires Explicit Declaration,INSTITUTIONAL / GOVERNANCE CANDIDATE,MOVE TO GOVERNANCE / INSTITUTIONAL FRAMEWORK,Change Control and Permanence,"#395, #134, #397",HIGH,"Normative change is declared, never hidden in editorial revision."
399,Spatial Ground Must Preserve Institutional Traceability,TERMINOLOGY / DOCUMENTATION CANDIDATE,MOVE TO TERMINOLOGY / DOCUMENTATION,Terminology Discipline,"#149, #400, #296",MEDIUM,"Document classes (normative, explanatory, reasoning, evidence) stay distinguishable. Close to #149; METHODOLOGICAL in part."
400,Spatial Ground Must Separate Findings From Requirements,DUPLICATE / NEAR-DUPLICATE,MERGE INTO STRONGER FINDING OR CLUSTER,Inquiry Method and Framework Sequencing,"#296, #294, #399",HIGH,RESTATEMENT. Parent #296. METHODOLOGICAL: Findings record discovery; Requirements state the consolidated obligations.
401,Spatial Ground Must Separate Requirements From Specification,INSTITUTIONAL / GOVERNANCE CANDIDATE,MOVE TO GOVERNANCE / INSTITUTIONAL FRAMEWORK,Inquiry Method and Framework Sequencing,"#298, #402, #403",HIGH,AUTHORITY: framework discipline. METHODOLOGICAL: defines the roles of Requirements and Specification; #298 gives only their order.
402,Specification Must Not Quietly Add Requirements,INSTITUTIONAL / GOVERNANCE CANDIDATE,MOVE TO GOVERNANCE / INSTITUTIONAL FRAMEWORK,Inquiry Method and Framework Sequencing,"#401, #298, #406",HIGH,"AUTHORITY: framework discipline. METHODOLOGICAL: obligations found during formalization are elevated for review, never slipped in."
403,Spatial Ground Must Separate Specification From Conformance,INSTITUTIONAL / GOVERNANCE CANDIDATE,MOVE TO GOVERNANCE / INSTITUTIONAL FRAMEWORK,Inquiry Method and Framework Sequencing,"#299, #404, #401",HIGH,AUTHORITY: framework discipline. METHODOLOGICAL: defines the roles of Specification and Conformance.
404,Conformance Must Not Redefine Ground Truth,DUPLICATE / NEAR-DUPLICATE,MERGE INTO STRONGER FINDING OR CLUSTER,Inquiry Method and Framework Sequencing,"#299, #19, #403",HIGH,RESTATEMENT. Parent #299. FRAMEWORK MIRROR: carries the non-authority principle of #19 into Conformance (validators and harnesses are not a source of truth).
405,"Reference Vectors Must Be Exemplars, Not Lawmakers",INSTITUTIONAL / GOVERNANCE CANDIDATE,MOVE TO GOVERNANCE / INSTITUTIONAL FRAMEWORK,Inquiry Method and Framework Sequencing,"#198, #300, #404",HIGH,AUTHORITY: framework discipline. FRAMEWORK MIRROR: carries #19 into Reference Vectors. #198 and #300 govern their timing; this governs their authority.
406,Conflicts Between Institutional Layers Must Be Resolved Upward,DERIVED CONSEQUENCE,MERGE INTO STRONGER FINDING OR CLUSTER,Inquiry Method and Framework Sequencing,"#407, #402, #60",HIGH,"Parent #407: disagreement among framework documents is resolved formally through the hierarchy, not by implementation practice. METHODOLOGICAL."
407,Spatial Ground Requires Normative Hierarchy,INSTITUTIONAL / GOVERNANCE CANDIDATE,MOVE TO GOVERNANCE / INSTITUTIONAL FRAMEWORK,Inquiry Method and Framework Sequencing,"#406, #401, #399",HIGH,METHODOLOGICAL: explicit normative hierarchy among governing records. Local parent of #406.
408,Spatial Ground Must Preserve Discovery Provenance,INSTITUTIONAL / GOVERNANCE CANDIDATE,MOVE TO GOVERNANCE / INSTITUTIONAL FRAMEWORK,Historical Traceability,"#295, #296, #149",HIGH,METHODOLOGICAL: the reasoning record survives consolidation. Supports the distinction between discovery history and canon.
409,Historical Reasoning Is Not Runtime Dependency,DERIVED CONSEQUENCE,MERGE INTO STRONGER FINDING OR CLUSTER,Historical Traceability,"#408, #148, #27",HIGH,"Root parent #27, with #148: resolution never requires the Creator-period reasoning record."
410,Spatial Ground Must Be Teachable,DUPLICATE / NEAR-DUPLICATE,MERGE INTO STRONGER FINDING OR CLUSTER,Preservation and Archival Survival,"#69, #52, #149",MEDIUM,"RESTATEMENT. Parent #69 (comprehensibility), with #52 for ""without mastering higher systems""."
411,Spatial Ground Must Be Explainable in One Sentence,HISTORICAL REASONING ONLY,PRESERVE AS HISTORICAL REASONING ONLY,Core World-Space Membership,"#412, #90, #141",MEDIUM,METHODOLOGICAL: a smell test for excess responsibility. No obligation on the layer.
412,Recommended One-Sentence Definition,DUPLICATE / NEAR-DUPLICATE,MERGE INTO STRONGER FINDING OR CLUSTER,Core World-Space Membership,"#1, #90, #150",HIGH,"RESTATEMENT. Parents #1 and #3. Word-for-word the governing definition used in this audit; the preferred wording source among #1, #90, #150 and #412."
413,The One-Sentence Definition Must Survive Formalization,DERIVED CONSEQUENCE,MERGE INTO STRONGER FINDING OR CLUSTER,Core World-Space Membership,"#412, #402, #30",MEDIUM,Parents #402 and #30: formalization may not change the core responsibility. METHODOLOGICAL.
414,Every Normative Element Must Trace Back to the Core Responsibility,INSTITUTIONAL / GOVERNANCE CANDIDATE,MOVE TO GOVERNANCE / INSTITUTIONAL FRAMEWORK,Inquiry Method and Framework Sequencing,"#140, #415, #291",HIGH,"METHODOLOGICAL: every requirement traces to establishing, preserving, reproducing, validating or handing off World-space. Essentially this audit's second test question."
415,Untraceable Requirements Should Be Removed,DUPLICATE / NEAR-DUPLICATE,MERGE INTO STRONGER FINDING OR CLUSTER,Inquiry Method and Framework Sequencing,"#414, #140, #291",HIGH,"RESTATEMENT. Parent #414 (contrapositive). Admits ""an authoritative constitutional constraint"" as a second valid anchor. METHODOLOGICAL."
416,Spatial Ground Must Avoid Institutional Overreach,DERIVED CONSEQUENCE,MERGE INTO STRONGER FINDING OR CLUSTER,Minimality and Semantic Restraint,"#20, #417, #90",HIGH,Root parents #20 and #30: documentation makes no claims about concerns the layer does not own.
417,Dependency Does Not Imply Inclusion,DERIVED CONSEQUENCE,MERGE INTO STRONGER FINDING OR CLUSTER,Minimality and Semantic Restraint,"#30, #416, #418",HIGH,Root parents #20 and #30: being depended upon does not pull a concern inside.
418,Foundational Importance Does Not Imply Semantic Richness,DUPLICATE / NEAR-DUPLICATE,MERGE INTO STRONGER FINDING OR CLUSTER,Minimality and Semantic Restraint,"#278, #20, #141",HIGH,RESTATEMENT. Parent #278. METHODOLOGICAL evaluative stance.
419,The Ground Should Become Boring Once Correct,HISTORICAL REASONING ONLY,PRESERVE AS HISTORICAL REASONING ONLY,Change Control and Permanence,"#420, #142, #277",HIGH,METHODOLOGICAL: expectation about a mature layer; no obligation.
420,Stability Is a Feature,DUPLICATE / NEAR-DUPLICATE,MERGE INTO STRONGER FINDING OR CLUSTER,Change Control and Permanence,"#419, #142, #421",HIGH,RESTATEMENT. Parent #419. METHODOLOGICAL success measure.
421,Frequent Ground Change Indicates Layer Leakage,INSTITUTIONAL / GOVERNANCE CANDIDATE,MOVE TO GOVERNANCE / INSTITUTIONAL FRAMEWORK,Change Control and Permanence,"#293, #422, #268",MEDIUM,"METHODOLOGICAL: diagnostic for maintainers; repeated Ground change suggests leakage, so check #293 first."
422,Spatial Ground Must Encourage Upward Extension,DUPLICATE / NEAR-DUPLICATE,MERGE INTO STRONGER FINDING OR CLUSTER,Minimality and Semantic Restraint,"#143, #423, #53",HIGH,RESTATEMENT. Parent #143.
423,"Extend Upward, Do Not Rewrite Downward",DUPLICATE / NEAR-DUPLICATE,MERGE INTO STRONGER FINDING OR CLUSTER,Minimality and Semantic Restraint,"#143, #422, #281",HIGH,RESTATEMENT. Parent #143; third statement with #422.
424,Ground Changes Must Face a Higher Burden of Proof,DUPLICATE / NEAR-DUPLICATE,MERGE INTO STRONGER FINDING OR CLUSTER,Change Control and Permanence,"#142, #267, #431",MEDIUM,RESTATEMENT. Parent #142. AUTHORITY: cross-layer discipline. FOUNDATIONAL AUTHORITY GAP: assumes Ground change is possible under a higher burden without saying who may decide it.
425,Spatial Ground Must Preserve the Asymmetry of Change,DUPLICATE / NEAR-DUPLICATE,MERGE INTO STRONGER FINDING OR CLUSTER,Change Control and Permanence,"#142, #424, #4",HIGH,RESTATEMENT. Parent #142. AUTHORITY: cross-layer discipline.
426,Spatial Ground Must Be Complete Before Parcel Cadastre Formalization,INSTITUTIONAL / GOVERNANCE CANDIDATE,MOVE TO GOVERNANCE / INSTITUTIONAL FRAMEWORK,Inquiry Method and Framework Sequencing,"#179, #427, #429",MEDIUM,METHODOLOGICAL: cross-layer sequencing of design work. Phrased as a restriction on Parcel Cadastre's process.
427,Parcel Cadastre May Depend on Ground but Must Not Complete It,UPWARD HANDOFF / HIGHER-LAYER CONTRACT,MERGE INTO STRONGER FINDING OR CLUSTER,Upward Handoff,"#89, #428, #265",HIGH,"Parents #89 and #265: a Ground gap found by the cadastre returns to Ground, never solved above."
428,General Spatial Interpretation May Expose Ground Deficiencies but Must Not Patch Them,UPWARD HANDOFF / HIGHER-LAYER CONTRACT,MERGE INTO STRONGER FINDING OR CLUSTER,Upward Handoff,"#89, #427, #54",HIGH,Parents #89 and #54: same rule as #427 for General Spatial Interpretation.
429,Spatial Ground Must Be Closed Against Known Dependencies Before Handoff,INSTITUTIONAL / GOVERNANCE CANDIDATE,MOVE TO GOVERNANCE / INSTITUTIONAL FRAMEWORK,Inquiry Method and Framework Sequencing,"#266, #430, #54",HIGH,METHODOLOGICAL: pre-establishment closure test against known needs from below and above.
430,Closure Does Not Mean Future Omniscience,INSTITUTIONAL / GOVERNANCE CANDIDATE,MOVE TO GOVERNANCE / INSTITUTIONAL FRAMEWORK,Change Control and Permanence,"#431, #133, #429",MEDIUM,"Establishment is not omniscience. FOUNDATIONAL AUTHORITY GAP: allows that ""future constitutional discovery"" could justify review, without naming the body or process."
431,Reopening Requires New Evidence,INSTITUTIONAL / GOVERNANCE CANDIDATE,MOVE TO GOVERNANCE / INSTITUTIONAL FRAMEWORK,Change Control and Permanence,"#133, #430, #432",HIGH,"Reopening needs evidence of necessity, contradiction or error; extends #133 from correction to reopening. FOUNDATIONAL AUTHORITY GAP: sets the threshold, not the authority."
432,Fashion Must Not Move The World,DERIVED CONSEQUENCE,MERGE INTO STRONGER FINDING OR CLUSTER,Change Control and Permanence,"#431, #80, #4",HIGH,Root parents #4 and #80: trends are not evidence under #431.
433,Performance Must Not Move The World,DUPLICATE / NEAR-DUPLICATE,MERGE INTO STRONGER FINDING OR CLUSTER,Technology and Infrastructure Independence,"#240, #80, #122",HIGH,RESTATEMENT. Parent #80 via #240.
434,Monetization Must Not Move The World,DUPLICATE / NEAR-DUPLICATE,MERGE INTO STRONGER FINDING OR CLUSTER,Interpretation Independence,"#313, #20, #4",HIGH,INSTANCE. Parent #20 via #313: economic incentive.
435,Governance Preference Must Not Move The World,DUPLICATE / NEAR-DUPLICATE,MERGE INTO STRONGER FINDING OR CLUSTER,Rights / Governance Independence,"#132, #76, #4",HIGH,RESTATEMENT. Parents #76 and #132.
436,User Preference Must Not Move The World,DUPLICATE / NEAR-DUPLICATE,MERGE INTO STRONGER FINDING OR CLUSTER,Higher-Layer Independence,"#27, #110, #4",HIGH,"INSTANCE. Parent #4, with #27 which already lists user state."
437,Perspective Must Not Move The World,DUPLICATE / NEAR-DUPLICATE,MERGE INTO STRONGER FINDING OR CLUSTER,Higher-Layer Independence,"#110, #113, #4",HIGH,"INSTANCE. Parent #4 via #110, which already lists camera and projection."
438,Simulation Must Not Move The World,DUPLICATE / NEAR-DUPLICATE,MERGE INTO STRONGER FINDING OR CLUSTER,Runtime Independence,"#41, #238, #4",HIGH,"INSTANCE. Parent #4 via #41. AUTHORITY: constitutional. FOUNDATIONAL AUTHORITY GAP: ""unless a separate constitutional act changes World truth"" is the most explicit admission that such an act may exist."
439,Narrative Must Not Move The World,DERIVED CONSEQUENCE,MERGE INTO STRONGER FINDING OR CLUSTER,Interpretation Independence,"#45, #4, #20",HIGH,Root parent #4 via #45: lore and narrative occur upon World-space.
440,"World-Space Must Be the Stable Stage, Not the Story",DUPLICATE / NEAR-DUPLICATE,MERGE INTO STRONGER FINDING OR CLUSTER,Higher-Layer Independence,"#4, #143, #439",MEDIUM,"Parent #4: summary image. ""Stage"" is one of the metaphors #480 says must not turn normative."
441,Ground Must Be Referentially Prior to World Content,DERIVED CONSEQUENCE,MERGE INTO STRONGER FINDING OR CLUSTER,Higher-Layer Independence,"#283, #4, #338",HIGH,Root parent #4 via #283: place precedes content.
442,Ground Must Be Referentially Prior to Rights,DERIVED CONSEQUENCE,MERGE INTO STRONGER FINDING OR CLUSTER,Rights / Governance Independence,"#40, #4, #283",HIGH,Root parents #4 and #20 via #40: place precedes rights.
443,Ground Must Be Referentially Prior to History,DUPLICATE / NEAR-DUPLICATE,MERGE INTO STRONGER FINDING OR CLUSTER,Higher-Layer Independence,"#45, #4, #334",HIGH,RESTATEMENT. Parent #4 via #45.
444,Ground Must Be Referentially Prior to Experience,DUPLICATE / NEAR-DUPLICATE,MERGE INTO STRONGER FINDING OR CLUSTER,Higher-Layer Independence,"#285, #32, #4",HIGH,RESTATEMENT. Parent #4 via #285.
445,Spatial Ground Must Preserve Place Without Requiring Presence,DUPLICATE / NEAR-DUPLICATE,MERGE INTO STRONGER FINDING OR CLUSTER,Higher-Layer Independence,"#32, #33, #285",HIGH,RESTATEMENT. Parent #4 via #32 and #33.
446,Spatial Ground Must Preserve Place Without Requiring Activity,DERIVED CONSEQUENCE,MERGE INTO STRONGER FINDING OR CLUSTER,Runtime Independence,"#41, #83, #202",HIGH,"Root parent #4 via #41, with #83: no heartbeat or continuing activity keeps World-space valid."
447,"Spatial Ground Must Be Static in Meaning, Not Necessarily in Representation",DUPLICATE / NEAR-DUPLICATE,MERGE INTO STRONGER FINDING OR CLUSTER,Representation Independence,"#29, #71, #189",HIGH,RESTATEMENT. Parent #29.
448,Spatial Ground Must Permit Verification Without Mutation,CONFORMANCE / VALIDATION CANDIDATE,MOVE TO CONFORMANCE / VALIDATION,Conformance and Validation,"#64, #223, #449",MEDIUM,FRAMEWORK MIRROR: carries the permanence of #4 into verification; reading and validating never alter Ground.
449,Spatial Ground Must Permit Replication Without Mutation,DERIVED CONSEQUENCE,MERGE INTO STRONGER FINDING OR CLUSTER,Single Canonical Truth,"#125, #207, #8",HIGH,Root parent #8 via #125 and #207: copies create no World-space.
450,Spatial Ground Must Permit Preservation Without Custodial Ownership,DUPLICATE / NEAR-DUPLICATE,MERGE INTO STRONGER FINDING OR CLUSTER,Institutional Authority and Adoption,"#451, #131, #40",MEDIUM,RESTATEMENT. Parent #451. Rights over World-space lie outside SG under #40.
451,Spatial Ground Must Permit Custody Without Control,INSTITUTIONAL / GOVERNANCE CANDIDATE,MOVE TO GOVERNANCE / INSTITUTIONAL FRAMEWORK,Institutional Authority and Adoption,"#131, #450, #452",HIGH,FRAMEWORK MIRROR: carries #19 and #131 into custody governance; possession of a record gives no power over what it represents. Local parent of #450-#453.
452,Spatial Ground Must Permit Multiple Custodians,DUPLICATE / NEAR-DUPLICATE,MERGE INTO STRONGER FINDING OR CLUSTER,Institutional Authority and Adoption,"#206, #207, #451",HIGH,RESTATEMENT. Root parent #8 via #206 and #207.
453,Custodial Disagreement Must Not Create Spatial Disagreement,DERIVED CONSEQUENCE,MERGE INTO STRONGER FINDING OR CLUSTER,Institutional Authority and Adoption,"#124, #184, #451",HIGH,"Root parent #8 via #124: the specification decides meaning, not custodial standing."
454,Spatial Ground Must Preserve Semantic Independence From Repository Structure,DUPLICATE / NEAR-DUPLICATE,MERGE INTO STRONGER FINDING OR CLUSTER,Representation Independence,"#208, #29, #455",HIGH,"INSTANCE. Parent #29 via #208, which already lists file path and repository."
455,Spatial Ground Must Preserve Semantic Independence From URL Structure,DUPLICATE / NEAR-DUPLICATE,MERGE INTO STRONGER FINDING OR CLUSTER,Representation Independence,"#208, #220, #454",HIGH,INSTANCE. Parent #29 via #208 and #220.
456,Broken Links Must Not Break Place,DERIVED CONSEQUENCE,MERGE INTO STRONGER FINDING OR CLUSTER,Preservation and Archival Survival,"#83, #203, #457",HIGH,Root parent #83 via #203: publication links are not part of the record.
457,Spatial Ground Must Preserve Offline Archival Meaning,DUPLICATE / NEAR-DUPLICATE,MERGE INTO STRONGER FINDING OR CLUSTER,Preservation and Archival Survival,"#203, #83, #456",HIGH,RESTATEMENT. Parent #83 via #203.
458,External Dependencies Must Be Explicitly Bounded,PRESERVATION / RECONSTRUCTION CANDIDATE,MOVE TO PRESERVATION / RECONSTRUCTION,Preservation and Archival Survival,"#27, #356, #459",HIGH,"FRAMEWORK MIRROR: carries #27 into Preservation; external dependencies identified, versioned and minimized."
459,Foundational Dependencies Must Be Few,DERIVED CONSEQUENCE,MERGE INTO STRONGER FINDING OR CLUSTER,Minimality and Semantic Restraint,"#58, #12, #91",MEDIUM,"Root parents #58, #12 and #91. AUTHORITY: names the only two legitimate upstream dependencies, constitutional constraints and FSF. METHODOLOGICAL in part (""as small as practical"")."
460,Optional Dependencies Must Remain Optional,DERIVED CONSEQUENCE,MERGE INTO STRONGER FINDING OR CLUSTER,No Hidden State / Self-Containment,"#27, #19, #458",HIGH,Root parents #27 and #19: tooling is never a hidden requirement.
461,Spatial Ground Must Avoid Circular Dependency,DERIVED CONSEQUENCE,MERGE INTO STRONGER FINDING OR CLUSTER,Layer Boundaries,"#4, #465, #178",HIGH,Root parent #4: a layer independent of everything above it cannot sit in a cycle.
462,Spatial Ground Must Avoid Parcel Circularity,DUPLICATE / NEAR-DUPLICATE,MERGE INTO STRONGER FINDING OR CLUSTER,Parcel Independence,"#34, #461, #179",HIGH,INSTANCE. Parent #4 via #34.
463,Spatial Ground Must Avoid Interpretation Circularity,DUPLICATE / NEAR-DUPLICATE,MERGE INTO STRONGER FINDING OR CLUSTER,Interpretation Independence,"#178, #461, #283",HIGH,INSTANCE. Parent #4 via #178.
464,Spatial Ground Must Avoid Runtime Circularity,DUPLICATE / NEAR-DUPLICATE,MERGE INTO STRONGER FINDING OR CLUSTER,Runtime Independence,"#41, #461, #27",HIGH,INSTANCE. Parent #4 via #41.
465,Spatial Ground Must Preserve Acyclic Foundational Dependency,LAYER BOUNDARY / EXCLUSION,MERGE INTO STRONGER FINDING OR CLUSTER,Layer Boundaries,"#461, #263, #264",MEDIUM,"AUTHORITY: cross-layer architecture (the FSF, SG, GSI, Parcel Cadastre sequence). SG's share is #4 and #12; the ordering itself is not SG's to declare."
466,Spatial Ground Must Have Deterministic Dependency Resolution,PRESERVATION / RECONSTRUCTION CANDIDATE,MOVE TO PRESERVATION / RECONSTRUCTION,Reconstruction and Recoverability,"#390, #458, #126",MEDIUM,FRAMEWORK MIRROR: carries #10 into Preservation; dependency order is recoverable without guessing.
467,Spatial Ground Must Preserve One Downward Source of Spatial Reference,DUPLICATE / NEAR-DUPLICATE,MERGE INTO STRONGER FINDING OR CLUSTER,Survey Dependency / Downward Contract,"#12, #47, #88",HIGH,RESTATEMENT. Parent #12 via #47. AUTHORITY: FSF.
468,Spatial Ground Must Preserve One Upward Meaning of World Membership,DUPLICATE / NEAR-DUPLICATE,MERGE INTO STRONGER FINDING OR CLUSTER,Upward Handoff,"#8, #89, #23",HIGH,RESTATEMENT. Parents #8 and #89.
469,Terminology Must Be Stable,TERMINOLOGY / DOCUMENTATION CANDIDATE,MOVE TO TERMINOLOGY / DOCUMENTATION,Terminology Discipline,"#470, #471, #472",HIGH,Stable definitions for core terms. Parent of the terminology family #470-#480.
470,Terminology Must Not Drift Between Documents,TERMINOLOGY / DOCUMENTATION CANDIDATE,MOVE TO TERMINOLOGY / DOCUMENTATION,Terminology Discipline,"#469, #471, #407",HIGH,"FRAMEWORK MIRROR: carries one-meaning (#8, #31) into documentation across all four framework documents."
471,Synonyms Must Not Create Hidden Semantics,TERMINOLOGY / DOCUMENTATION CANDIDATE,MOVE TO TERMINOLOGY / DOCUMENTATION,Terminology Discipline,"#469, #470, #480",HIGH,Synonym discipline.
472,“World-Space” Must Remain a Technical Term,TERMINOLOGY / DOCUMENTATION CANDIDATE,MOVE TO TERMINOLOGY / DOCUMENTATION,Terminology Discipline,"#318, #469, #473",HIGH,"Guards ""World-space"" against drift; applies #20 to vocabulary."
473,“Ground” Must Not Mean Terrain,TERMINOLOGY / DOCUMENTATION CANDIDATE,MOVE TO TERMINOLOGY / DOCUMENTATION,Terminology Discipline,"#38, #472, #480",HIGH,"Guards ""Ground"" against a terrain reading; applies #38 to vocabulary."
474,“Boundary” Must Be Contextualized,TERMINOLOGY / DOCUMENTATION CANDIDATE,MOVE TO TERMINOLOGY / DOCUMENTATION,Terminology Discipline,"#51, #289, #16",HIGH,"AUTHORITY: The Codex owns ""Boundary"" (#289). Addresses the collision between SG's ""limit"" and Codex Boundary."
475,“Extent” Must Preserve Constitutional Meaning,TERMINOLOGY / DOCUMENTATION CANDIDATE,MOVE TO TERMINOLOGY / DOCUMENTATION,Constitutional Subordination,"#93, #91, #289",HIGH,AUTHORITY: constitutional meaning of Extent. SG expresses scope and does not redefine the term.
476,"“Membership” Must Mean Participation, Not Ownership",TERMINOLOGY / DOCUMENTATION CANDIDATE,MOVE TO TERMINOLOGY / DOCUMENTATION,Terminology Discipline,"#40, #472, #1",HIGH,"Guards ""membership"" against an ownership reading; applies #40 to vocabulary."
477,Spatial Ground Must Preserve Semantic Discipline,DUPLICATE / NEAR-DUPLICATE,MERGE INTO STRONGER FINDING OR CLUSTER,Terminology Discipline,"#469, #20, #472",MEDIUM,Parent #469: general statement of what #472-#476 do term by term. METHODOLOGICAL.
478,Spatial Ground Must Support Formal Vocabulary,SPECIFICATION CANDIDATE,MOVE TO SPECIFICATION,Terminology Discipline,"#70, #469, #479",HIGH,FRAMEWORK MIRROR: carries machine determinism (#70) into Specification as a compact formal vocabulary.
479,Formal Vocabulary Must Remain Human-Mappable,TERMINOLOGY / DOCUMENTATION CANDIDATE,MOVE TO TERMINOLOGY / DOCUMENTATION,Terminology Discipline,"#69, #70, #478",MEDIUM,Balances #478 with #69: formal terms stay mappable to architectural concepts.
480,Spatial Ground Must Separate Normative Terms From Explanatory Metaphor,TERMINOLOGY / DOCUMENTATION CANDIDATE,MOVE TO TERMINOLOGY / DOCUMENTATION,Terminology Discipline,"#473, #440, #471",HIGH,"Metaphors (surface, stage, fabric, ground) never acquire normative meaning."
481,Spatial Ground Must Preserve Empty Semantic Space Above It,DUPLICATE / NEAR-DUPLICATE,MERGE INTO STRONGER FINDING OR CLUSTER,Minimality and Semantic Restraint,"#279, #20, #143",HIGH,RESTATEMENT. Parent #20 via #279.
482,Spatial Ground Must Not Predict Future Regions,DUPLICATE / NEAR-DUPLICATE,MERGE INTO STRONGER FINDING OR CLUSTER,Interpretation Independence,"#144, #37, #185",HIGH,INSTANCE. Parent #20 via #144: Regions.
483,Spatial Ground Must Not Predict Future Parcel Geometry,DERIVED CONSEQUENCE,MERGE INTO STRONGER FINDING OR CLUSTER,Parcel Independence,"#6, #144, #35",MEDIUM,Root parents #6 and #20 via #144. Its exception clause restates #23 (the cadastre conforms to established Ground).
484,Spatial Ground Must Not Predict Future Infrastructure,DUPLICATE / NEAR-DUPLICATE,MERGE INTO STRONGER FINDING OR CLUSTER,Interpretation Independence,"#144, #39, #482",HIGH,INSTANCE. Parent #20 via #144 and #39: infrastructure.
485,Spatial Ground Must Not Predict Future Social Organization,DUPLICATE / NEAR-DUPLICATE,MERGE INTO STRONGER FINDING OR CLUSTER,Interpretation Independence,"#39, #144, #76",HIGH,INSTANCE. Parent #20 via #39: social organization.
486,Spatial Ground Must Not Predict Future Experience Technology,DUPLICATE / NEAR-DUPLICATE,MERGE INTO STRONGER FINDING OR CLUSTER,Technology and Infrastructure Independence,"#42, #81, #113",HIGH,INSTANCE. Parent #81 via #42: experience technology.
487,Spatial Ground Must Be Compatible With Unknown Future Clients,DUPLICATE / NEAR-DUPLICATE,MERGE INTO STRONGER FINDING OR CLUSTER,Technology and Infrastructure Independence,"#239, #145, #81",HIGH,RESTATEMENT. Parent #81 via #239.
488,Spatial Ground Must Be Compatible With Non-Visual Clients,DERIVED CONSEQUENCE,MERGE INTO STRONGER FINDING OR CLUSTER,Technology and Infrastructure Independence,"#50, #52, #489",MEDIUM,Root parents #19 (via #50) and #4 (via #52): meaning never depended on a visual map.
489,Spatial Ground Must Be Compatible With Machine-Only Use,DUPLICATE / NEAR-DUPLICATE,MERGE INTO STRONGER FINDING OR CLUSTER,Finite Expressibility and Determinism,"#70, #376, #488",HIGH,RESTATEMENT. Parent #70.
490,Spatial Ground Must Be Compatible With Human Inspection,DUPLICATE / NEAR-DUPLICATE,MERGE INTO STRONGER FINDING OR CLUSTER,No Hidden State / Self-Containment,"#68, #69, #70",HIGH,RESTATEMENT. Parents #68 and #69.
491,Spatial Ground Must Support Exact Citation,DUPLICATE / NEAR-DUPLICATE,MERGE INTO STRONGER FINDING OR CLUSTER,Change Control and Permanence,"#325, #332, #73",HIGH,RESTATEMENT. Parent #4 via #73 and #325.
492,Citation Must Not Depend on Current UI,DERIVED CONSEQUENCE,MERGE INTO STRONGER FINDING OR CLUSTER,Operational Non-Authority,"#50, #19, #491",HIGH,Root parent #19 via #50: screen or viewport positions are derived artifacts.
493,Citation Must Survive Presentation Transformation,DUPLICATE / NEAR-DUPLICATE,MERGE INTO STRONGER FINDING OR CLUSTER,Higher-Layer Independence,"#113, #110, #491",HIGH,INSTANCE. Parent #4 via #113.
494,Spatial Ground Must Support Durable Cross-System Reference,DERIVED CONSEQUENCE,MERGE INTO STRONGER FINDING OR CLUSTER,Upward Handoff,"#182, #73, #495",HIGH,Root parent #8 via #182: independent higher systems share one Ground.
495,Cross-System Reference Must Not Require Shared Runtime,DERIVED CONSEQUENCE,MERGE INTO STRONGER FINDING OR CLUSTER,Runtime Independence,"#27, #41, #494",HIGH,Root parents #27 and #4 via #41: agreement on place needs no shared runtime.
496,Spatial Ground Must Support Independent Reimplementation,DUPLICATE / NEAR-DUPLICATE,MERGE INTO STRONGER FINDING OR CLUSTER,Independent Implementation,"#67, #26, #196",HIGH,RESTATEMENT. Parent #26 via #67.
497,Reference Implementation Is Helpful but Not Sovereign,DUPLICATE / NEAR-DUPLICATE,MERGE INTO STRONGER FINDING OR CLUSTER,Independent Implementation,"#67, #19, #498",HIGH,"RESTATEMENT. Parent #19 via #67 (""the original implementation is not authoritative"")."
498,Bugs Must Not Become Canon,DUPLICATE / NEAR-DUPLICATE,MERGE INTO STRONGER FINDING OR CLUSTER,Independent Implementation,"#67, #357, #497",HIGH,INSTANCE. Parent #19 via #67: defects in a dominant implementation.
499,Implementation Consensus Does Not Override Specification,DERIVED CONSEQUENCE,MERGE INTO STRONGER FINDING OR CLUSTER,Operational Non-Authority,"#19, #8, #497",HIGH,"Root parents #19 and #8: prevalence confers no authority. Its amendment clause concerns canonical semantics, and points to a governing process without naming it."
500,Spatial Ground Must Preserve Place Above Consensus,DUPLICATE / NEAR-DUPLICATE,MERGE INTO STRONGER FINDING OR CLUSTER,Single Canonical Truth,"#499, #8, #124",HIGH,RESTATEMENT. Parent #8 via #499.
501,Spatial Ground Must Distinguish Integrity From Authority,DUPLICATE / NEAR-DUPLICATE,MERGE INTO STRONGER FINDING OR CLUSTER,Operational Non-Authority,"#82, #222, #502",HIGH,RESTATEMENT. Parent #19 via #82 and #222: integrity evidence is not canonical authority.
502,Spatial Ground Must Distinguish Authenticity From Correctness,DERIVED CONSEQUENCE,MERGE INTO STRONGER FINDING OR CLUSTER,Operational Non-Authority,"#82, #131, #501",HIGH,Root parent #19 via #82 and #131: authentic issuance does not make a record spatially correct.
503,Spatial Ground Must Distinguish Correctness From Adoption,INSTITUTIONAL / GOVERNANCE CANDIDATE,MOVE TO GOVERNANCE / INSTITUTIONAL FRAMEWORK,Institutional Authority and Adoption,"#154, #504, #351",HIGH,"Technical validity and institutional adoption are separate conditions. AUTHORITY: institutional framework. CONSOLIDATION SURVIVOR: compact statement of #154, #155, #351 and #377."
504,Spatial Ground Must Preserve the Adoption Boundary,INSTITUTIONAL / GOVERNANCE CANDIDATE,MOVE TO GOVERNANCE / INSTITUTIONAL FRAMEWORK,Institutional Authority and Adoption,"#154, #503, #505",HIGH,"The moment of adoption is explicit and traceable, never inferred. Local parent of #505-#507."
505,Publication Does Not Equal Adoption,DUPLICATE / NEAR-DUPLICATE,MERGE INTO STRONGER FINDING OR CLUSTER,Institutional Authority and Adoption,"#504, #154, #349",HIGH,INSTANCE. Parent #154 via #504: publication.
506,Implementation Does Not Equal Adoption,DUPLICATE / NEAR-DUPLICATE,MERGE INTO STRONGER FINDING OR CLUSTER,Institutional Authority and Adoption,"#504, #156, #505",HIGH,INSTANCE. Parent #154 via #156 and #504: deployment.
507,Popularity Does Not Equal Adoption,DUPLICATE / NEAR-DUPLICATE,MERGE INTO STRONGER FINDING OR CLUSTER,Institutional Authority and Adoption,"#504, #499, #500",HIGH,"INSTANCE. Parent #154 via #504, with #499: popularity."
508,Spatial Ground Must Preserve Pre-Adoption Experimentation,DERIVED CONSEQUENCE,MERGE INTO STRONGER FINDING OR CLUSTER,Institutional Authority and Adoption,"#155, #154, #509",MEDIUM,Root parent #154 via #155: experimentation is safe while its status is explicit. METHODOLOGICAL.
509,Experimental Ground Must Be Disposable,DERIVED CONSEQUENCE,MERGE INTO STRONGER FINDING OR CLUSTER,Institutional Authority and Adoption,"#156, #154, #508",HIGH,Root parent #154 via #156: a failed candidate can be removed without touching canon. METHODOLOGICAL.
510,Prototype Success Is Not Canonical Proof,DERIVED CONSEQUENCE,MERGE INTO STRONGER FINDING OR CLUSTER,Institutional Authority and Adoption,"#503, #511, #512",HIGH,Parent #503: a convincing prototype proves nothing about permanence. METHODOLOGICAL evaluation stance.
511,Visual Success Is Not Spatial Correctness,DERIVED CONSEQUENCE,MERGE INTO STRONGER FINDING OR CLUSTER,Operational Non-Authority,"#49, #50, #510",HIGH,Root parent #19 via #49 and #50: visual plausibility is not correctness.
512,Operational Success Is Not Architectural Sufficiency,DERIVED CONSEQUENCE,MERGE INTO STRONGER FINDING OR CLUSTER,Technology and Infrastructure Independence,"#146, #81, #510",HIGH,Root parent #81 via #146: working in today's software says nothing about outliving it. METHODOLOGICAL.
513,Spatial Ground Must Be Judged by Meaning Preservation,HISTORICAL REASONING ONLY,PRESERVE AS HISTORICAL REASONING ONLY,Representation Independence,"#29, #26, #420",MEDIUM,"METHODOLOGICAL: success measure for the architecture; restates #29 and #26 as a criterion, not an obligation."
514,Spatial Ground Must Be Tested Without Its Preferred Implementation,DUPLICATE / NEAR-DUPLICATE,MERGE INTO STRONGER FINDING OR CLUSTER,Testing and Adversarial Review,"#196, #67, #26",HIGH,RESTATEMENT. Parent #26 via #196: reproduce semantics without the original implementation.
515,Spatial Ground Must Be Tested Without Its Preferred Data Structure,CONFORMANCE / VALIDATION CANDIDATE,MOVE TO CONFORMANCE / VALIDATION,Testing and Adversarial Review,"#29, #18, #516",HIGH,FRAMEWORK MIRROR: carries #29 into testing; meaning survives a change of data structure.
516,Spatial Ground Must Be Tested Without Its Preferred Serialization,CONFORMANCE / VALIDATION CANDIDATE,MOVE TO CONFORMANCE / VALIDATION,Testing and Adversarial Review,"#29, #65, #194",HIGH,FRAMEWORK MIRROR: carries #29 and #65 into testing; a second lossless representation before the first is mistaken for the architecture.
517,Spatial Ground Must Be Tested Without Its Preferred Renderer,CONFORMANCE / VALIDATION CANDIDATE,MOVE TO CONFORMANCE / VALIDATION,Testing and Adversarial Review,"#50, #52, #488",HIGH,FRAMEWORK MIRROR: carries #19 (via #50) and #52 into testing; exact interpretation with no renderer.
518,Spatial Ground Must Be Tested Without Its Preferred Database,CONFORMANCE / VALIDATION CANDIDATE,MOVE TO CONFORMANCE / VALIDATION,Testing and Adversarial Review,"#81, #43, #515",HIGH,FRAMEWORK MIRROR: carries #81 into testing; a different storage architecture.
519,Spatial Ground Must Be Tested Without Its Preferred Programming Language,CONFORMANCE / VALIDATION CANDIDATE,MOVE TO CONFORMANCE / VALIDATION,Testing and Adversarial Review,"#361, #27, #363",HIGH,FRAMEWORK MIRROR: carries #26 and #27 into testing; no dependency hidden in the first language or runtime.
520,Spatial Ground Must Be Tested Without Its Creator,CONFORMANCE / VALIDATION CANDIDATE,MOVE TO CONFORMANCE / VALIDATION,Testing and Adversarial Review,"#148, #69, #196",HIGH,FRAMEWORK MIRROR: carries #69 and #148 into testing; reconstruction without the Creator's intervention.
521,Spatial Ground Must Survive Hostile Reconstruction,CONFORMANCE / VALIDATION CANDIDATE,MOVE TO CONFORMANCE / VALIDATION,Testing and Adversarial Review,"#85, #196, #44",HIGH,FRAMEWORK MIRROR: carries #10 and #44 into adversarial review; assume only the normative record survives and hunt for ambiguity.
522,Spatial Ground Must Survive Minimal Reconstruction,DUPLICATE / NEAR-DUPLICATE,MERGE INTO STRONGER FINDING OR CLUSTER,Reconstruction and Recoverability,"#458, #460, #27",HIGH,RESTATEMENT. Parent #27 via #458 and #460: only documented mandatory dependencies.
523,Spatial Ground Must Survive Independent Derivation,DUPLICATE / NEAR-DUPLICATE,MERGE INTO STRONGER FINDING OR CLUSTER,Independent Implementation,"#26, #67, #496",HIGH,"RESTATEMENT. Parent #26: two teams, same records, identical truth."
524,Divergence Reveals Specification Failure,CONFORMANCE / VALIDATION CANDIDATE,MOVE TO CONFORMANCE / VALIDATION,Independent Implementation,"#26, #60, #525",HIGH,"METHODOLOGICAL: a diagnostic rule. Divergence between reasonable implementations faults the Specification, not the implementers."
525,Spatial Ground Must Expose Ambiguity Before Adoption,DERIVED CONSEQUENCE,MERGE INTO STRONGER FINDING OR CLUSTER,Failure Semantics,"#61, #402, #526",HIGH,"Root parents #27 and #15 (via #61), with #402: ambiguity goes back for clarification, never into private convention. METHODOLOGICAL."
526,Spatial Ground Must Preserve a No-Guessing Rule,DERIVED CONSEQUENCE,MERGE INTO STRONGER FINDING OR CLUSTER,Finite Expressibility and Determinism,"#15, #61, #363",HIGH,"Root parents #15, #27 and #28. CONSOLIDATION SURVIVOR: ""no guessing"" compactly expresses #61, #70, #363 and #376."
527,Spatial Ground Must Preserve a No-Preference Rule,DUPLICATE / NEAR-DUPLICATE,MERGE INTO STRONGER FINDING OR CLUSTER,Representation Independence,"#29, #77, #31",HIGH,RESTATEMENT. Parent #29 via #77.
528,Spatial Ground Must Preserve a No-Heuristics Rule for Canonical Truth,DUPLICATE / NEAR-DUPLICATE,MERGE INTO STRONGER FINDING OR CLUSTER,Exact Membership and Boundary Resolution,"#372, #62, #15",HIGH,RESTATEMENT. Parent #15 via #62 and #372.
529,Spatial Ground Must Preserve a No-Fallback-to-Approximation Rule,DUPLICATE / NEAR-DUPLICATE,MERGE INTO STRONGER FINDING OR CLUSTER,Exact Membership and Boundary Resolution,"#62, #252, #15",HIGH,"RESTATEMENT. Parent #15 via #62, with the explicit-failure rule of #252."
530,Spatial Ground Must Preserve a No-Fallback-to-Rendering Rule,DUPLICATE / NEAR-DUPLICATE,MERGE INTO STRONGER FINDING OR CLUSTER,Operational Non-Authority,"#49, #50, #529",HIGH,INSTANCE. Parent #19 via #49: rendered approximation as fallback.
531,Spatial Ground Must Preserve a No-Fallback-to-Database Rule,DUPLICATE / NEAR-DUPLICATE,MERGE INTO STRONGER FINDING OR CLUSTER,Operational Non-Authority,"#19, #533, #541",HIGH,INSTANCE. Parent #19: stored result as fallback.
532,Cached Results Must Be Verifiable,IMPLEMENTATION / OPERATIONAL CANDIDATE,MOVE TO IMPLEMENTATION / OPERATIONS,Operational Non-Authority,"#19, #597, #541",HIGH,Operational practice under #19: cached results are checkable against the definition.
533,Cached Error Must Not Become Permanent Truth,DUPLICATE / NEAR-DUPLICATE,MERGE INTO STRONGER FINDING OR CLUSTER,Operational Non-Authority,"#498, #19, #531",HIGH,INSTANCE. Parent #19 via #498: persistence of an error confers nothing.
534,Derived Indexes Must Be Rebuildable,IMPLEMENTATION / OPERATIONAL CANDIDATE,MOVE TO IMPLEMENTATION / OPERATIONS,Operational Non-Authority,"#19, #78, #592",HIGH,"Operational practice under #19 and #78: indexes are discardable and reproducible. Local parent of #535, #536 and #592."
535,Derived Maps Must Be Rebuildable,DUPLICATE / NEAR-DUPLICATE,MERGE INTO STRONGER FINDING OR CLUSTER,Operational Non-Authority,"#534, #19, #49",HIGH,"INSTANCE. Parent #19 via #534: maps, masks and tiles."
536,Derived Boundary Representations Must Be Rebuildable,DUPLICATE / NEAR-DUPLICATE,MERGE INTO STRONGER FINDING OR CLUSTER,Operational Non-Authority,"#534, #17, #50",HIGH,"INSTANCE. Parent #19 via #534, with #17: boundary convenience representations."
537,Spatial Ground Must Minimize Irreplaceable Artifacts,DERIVED CONSEQUENCE,MERGE INTO STRONGER FINDING OR CLUSTER,Minimality and Semantic Restraint,"#58, #10, #538",HIGH,Root parents #58 and #10: as few unique irreplaceable artifacts as possible.
538,Irreplaceable Artifacts Require Exceptional Preservation,PRESERVATION / RECONSTRUCTION CANDIDATE,MOVE TO PRESERVATION / RECONSTRUCTION,Preservation and Archival Survival,"#128, #537, #219",HIGH,"What cannot be derived must be explicitly identified, justified and preserved. Complements #128: the adopted World-space definition is such an artifact."
539,Spatial Ground Must Identify Primitive Authority,DERIVED CONSEQUENCE,MERGE INTO STRONGER FINDING OR CLUSTER,Minimality and Semantic Restraint,"#58, #57, #540",MEDIUM,Root parent #58: the architecture marks which facts are primitive and which derived. METHODOLOGICAL in part; it mirrors the purpose of this audit.
540,Primitive Truth Must Be Minimal,DUPLICATE / NEAR-DUPLICATE,MERGE INTO STRONGER FINDING OR CLUSTER,Minimality and Semantic Restraint,"#58, #539, #59",HIGH,RESTATEMENT. Parent #58.
541,Derived Truth Must Not Compete With Primitive Truth,DERIVED CONSEQUENCE,MERGE INTO STRONGER FINDING OR CLUSTER,Single Canonical Truth,"#8, #19, #59",HIGH,"Root parents #8, #19 and #59. CONSOLIDATION SURVIVOR: adds the resolution rule the parents lack, that disagreement invalidates the derived value and never yields two answers."
542,Spatial Ground Must Define Reconstruction Closure,DERIVED CONSEQUENCE,MERGE INTO STRONGER FINDING OR CLUSTER,Reconstruction and Recoverability,"#10, #28, #58",HIGH,Root parents #10 and #28. CONSOLIDATION SURVIVOR: primitive truths plus governing rules regenerate every canonical result; joins reconstructability to minimality.
543,Spatial Ground Must Define Validation Closure,DUPLICATE / NEAR-DUPLICATE,MERGE INTO STRONGER FINDING OR CLUSTER,Conformance and Validation,"#64, #27, #66",HIGH,"RESTATEMENT. Parent #64. Phrased as a property of the architecture, so it supplies the Requirements-level hook that Conformance needs (noted in Batch 1)."
544,Spatial Ground Must Define Comparison Closure,DUPLICATE / NEAR-DUPLICATE,MERGE INTO STRONGER FINDING OR CLUSTER,Canonical Equivalence,"#65, #558, #216",HIGH,"RESTATEMENT. Parent #65. Same Requirements-level hook as #543, for equivalence."
545,Spatial Ground Must Define Membership Closure,DUPLICATE / NEAR-DUPLICATE,MERGE INTO STRONGER FINDING OR CLUSTER,Exact Membership and Boundary Resolution,"#15, #158, #228",HIGH,RESTATEMENT. Parent #15.
546,Spatial Ground Must Define Boundary Closure,DUPLICATE / NEAR-DUPLICATE,MERGE INTO STRONGER FINDING OR CLUSTER,Exact Membership and Boundary Resolution,"#16, #115, #15",HIGH,RESTATEMENT. Parent #15 via #16.
547,Spatial Ground Must Define Handoff Closure,DUPLICATE / NEAR-DUPLICATE,MERGE INTO STRONGER FINDING OR CLUSTER,Upward Handoff,"#54, #89, #174",HIGH,RESTATEMENT. Parent #54.
548,Spatial Ground Must Define Exclusion Closure,DERIVED CONSEQUENCE,MERGE INTO STRONGER FINDING OR CLUSTER,Layer Boundaries,"#266, #293, #20",MEDIUM,Root parents #20 and #30 via #266: exclusions explicit enough to catch leakage. METHODOLOGICAL: a property asked of the Requirements text.
549,Spatial Ground Must Reach Institutional Closure Before Formal Design Selection,DUPLICATE / NEAR-DUPLICATE,MERGE INTO STRONGER FINDING OR CLUSTER,Inquiry Method and Framework Sequencing,"#298, #297, #429",HIGH,"RESTATEMENT. Parent #298. AUTHORITY: framework discipline. METHODOLOGICAL: no representation, model or encoding chosen before the inquiry closes."
550,Spatial Ground Must Earn Establishment Through Survival,INSTITUTIONAL / GOVERNANCE CANDIDATE,MOVE TO GOVERNANCE / INSTITUTIONAL FRAMEWORK,Inquiry Method and Framework Sequencing,"#85, #294, #429",HIGH,"METHODOLOGICAL: the establishment gate, listing the reviews to be survived (consolidation, constitutional, Survey-boundary, higher-layer, exactness, implementation, conformance, adversarial)."
551,Spatial Ground Must Distinguish Canonical Definition From Canonical Instance,TERMINOLOGY / DOCUMENTATION CANDIDATE,MOVE TO TERMINOLOGY / DOCUMENTATION,Terminology Discipline,"#128, #552, #554",MEDIUM,Distinguishes the rules for valid Ground from the one adopted World-space instance. Parallels the rule-plus-definition pair of #126 and #128; structurally significant for later documents.
552,One Specification May Govern One Canonical World-Space,DERIVED CONSEQUENCE,MERGE INTO STRONGER FINDING OR CLUSTER,One World / Singular World-Space,"#21, #551, #553",HIGH,"Root parents #21 and #8 applied to #551: a general rule set, one adopted instance."
553,Generality Must Not Create Multiple BitPangea Worlds,DUPLICATE / NEAR-DUPLICATE,MERGE INTO STRONGER FINDING OR CLUSTER,One World / Singular World-Space,"#21, #552, #8",HIGH,RESTATEMENT. Parent #21 via #552. AUTHORITY: The Declaration for One World.
554,Spatial Ground Must Identify Its Canonical Instance Explicitly,INSTITUTIONAL / GOVERNANCE CANDIDATE,MOVE TO GOVERNANCE / INSTITUTIONAL FRAMEWORK,Institutional Authority and Adoption,"#219, #504, #27",MEDIUM,"Designation of the canonical instance, not by convention or filename. Close to #219, which identifies the artifact; this identifies which one is BitPangea's."
555,Canonical Instance Identity Must Survive Representation Change,DUPLICATE / NEAR-DUPLICATE,MERGE INTO STRONGER FINDING OR CLUSTER,Representation Independence,"#29, #208, #557",HIGH,RESTATEMENT. Parent #29 via #208.
556,Canonical Instance Identity Must Not Depend on Hash Alone,DERIVED CONSEQUENCE,MERGE INTO STRONGER FINDING OR CLUSTER,Representation Independence,"#220, #82, #29",HIGH,"Root parent #29 via #220, with #82: a hash identifies an artifact, not the World-space."
557,Spatial Ground Must Distinguish Semantic Identity From Artifact Identity,DUPLICATE / NEAR-DUPLICATE,MERGE INTO STRONGER FINDING OR CLUSTER,Representation Independence,"#220, #189, #503",HIGH,"RESTATEMENT. Parent #29 via #220. CONSOLIDATION SURVIVOR: one sentence covering #189, #208, #220 and #556, and adding that look-alike artifacts may differ in institutional status (#503)."
558,Spatial Ground Must Support Canonical Equivalence Across Encodings,DUPLICATE / NEAR-DUPLICATE,MERGE INTO STRONGER FINDING OR CLUSTER,Canonical Equivalence,"#65, #544, #194",HIGH,RESTATEMENT. Parent #65. FRAMEWORK MIRROR: carries #65 into Specification.
559,Equivalence Must Be Exact,DERIVED CONSEQUENCE,MERGE INTO STRONGER FINDING OR CLUSTER,Canonical Equivalence,"#15, #65, #560",HIGH,Root parents #15 and #65: equivalence is identity of spatial meaning.
560,Approximate Equivalence Must Remain Non-Canonical,DUPLICATE / NEAR-DUPLICATE,MERGE INTO STRONGER FINDING OR CLUSTER,Canonical Equivalence,"#49, #63, #559",HIGH,INSTANCE. Parent #19 via #49 and #63: near-matches are approximate or derived.
561,Spatial Ground Must Distinguish Equality From Similarity,TERMINOLOGY / DOCUMENTATION CANDIDATE,MOVE TO TERMINOLOGY / DOCUMENTATION,Terminology Discipline,"#559, #562, #471",HIGH,"Separates four terms: equality, similarity, resemblance, usefulness."
562,Spatial Ground Must Distinguish Equality From Congruence Under Transformation,DERIVED CONSEQUENCE,MERGE INTO STRONGER FINDING OR CLUSTER,Canonical Placement,"#563, #46, #561",HIGH,Parent #563: congruence under transformation is not identity of place.
563,Absolute Canonical Placement Matters,DERIVED CONSEQUENCE,MERGE INTO STRONGER FINDING OR CLUSTER,Canonical Placement,"#46, #1, #564",MEDIUM,"Root parents #1 and #46: World-space is particular Survey space, so identity includes placement. AUTHORITY: the frame is FSF's. First explicit statement of this principle; local parent of #562-#568 and #572."
564,Shape Alone Cannot Define World-Space Identity,DUPLICATE / NEAR-DUPLICATE,MERGE INTO STRONGER FINDING OR CLUSTER,Canonical Placement,"#563, #565, #572",HIGH,RESTATEMENT. Parent #563.
565,Translation Must Not Preserve Canonical World Identity,DUPLICATE / NEAR-DUPLICATE,MERGE INTO STRONGER FINDING OR CLUSTER,Canonical Placement,"#563, #564, #72",HIGH,INSTANCE. Parent #563: translation.
566,Rotation Must Not Preserve Canonical World Identity Unless Explicitly Representational,DUPLICATE / NEAR-DUPLICATE,MERGE INTO STRONGER FINDING OR CLUSTER,Canonical Placement,"#563, #167, #110",HIGH,INSTANCE. Parent #563: rotation. AUTHORITY: FSF orientation (#167).
567,Reflection Must Not Preserve Canonical World Identity,DUPLICATE / NEAR-DUPLICATE,MERGE INTO STRONGER FINDING OR CLUSTER,Canonical Placement,"#563, #169, #566",HIGH,INSTANCE. Parent #563: reflection. AUTHORITY: FSF handedness (#169).
568,Scaling Must Not Preserve Canonical World Identity,DUPLICATE / NEAR-DUPLICATE,MERGE INTO STRONGER FINDING OR CLUSTER,Canonical Placement,"#563, #166, #243",HIGH,INSTANCE. Parent #563: scaling. AUTHORITY: FSF scale (#166).
569,Presentation Transformation Must Be Explicitly Invertible Where Exactness Is Claimed,DUPLICATE / NEAR-DUPLICATE,MERGE INTO STRONGER FINDING OR CLUSTER,Representation Independence,"#48, #570, #197",HIGH,RESTATEMENT. Parent #48.
570,Non-Invertible Presentation Must Declare Loss,DUPLICATE / NEAR-DUPLICATE,MERGE INTO STRONGER FINDING OR CLUSTER,Operational Non-Authority,"#63, #348, #569",HIGH,RESTATEMENT. Parent #49 via #63 and #348.
571,Spatial Ground Must Preserve Absolute Reference and Relative Relationship,DERIVED CONSEQUENCE,MERGE INTO STRONGER FINDING OR CLUSTER,Canonical Placement,"#46, #57, #563",MEDIUM,"Root parents #46 and #57: exact placement, with internal relationships following from it."
572,Relative Geometry Cannot Replace Absolute Reference,DUPLICATE / NEAR-DUPLICATE,MERGE INTO STRONGER FINDING OR CLUSTER,Canonical Placement,"#563, #564, #573",HIGH,RESTATEMENT. Parent #563.
573,Absolute Reference Cannot Replace Membership Definition,DERIVED CONSEQUENCE,MERGE INTO STRONGER FINDING OR CLUSTER,Core World-Space Membership,"#1, #128, #574",HIGH,Root parents #1 and #128: the Survey frame alone does not say which part is the World.
574,Spatial Ground Requires Both Reference and Membership,DERIVED CONSEQUENCE,MERGE INTO STRONGER FINDING OR CLUSTER,Core World-Space Membership,"#1, #12, #46",HIGH,"Root parents #1, #12 and #46. CONSOLIDATION SURVIVOR: Ground exists where exact Survey reference and authoritative membership are joined; pairs with #575."
575,Spatial Ground Must Preserve Their Separation Conceptually,DUPLICATE / NEAR-DUPLICATE,MERGE INTO STRONGER FINDING OR CLUSTER,Layer Boundaries,"#24, #263, #574",HIGH,RESTATEMENT. Parent #12 via #24. AUTHORITY: FSF owns reference; SG owns membership.
576,Spatial Ground Must Not Duplicate Survey Geometry Merely to Be Self-Contained,DERIVED CONSEQUENCE,MERGE INTO STRONGER FINDING OR CLUSTER,Survey Dependency / Downward Contract,"#12, #10, #577",HIGH,"Root parent #12. AUTHORITY: FSF. Settles a latent tension between self-containment (#10, #83) and non-duplication (#12): preserve the dependency, do not copy its authority."
577,Dependency Packaging Must Not Create Authority Duplication,PRESERVATION / RECONSTRUCTION CANDIDATE,MOVE TO PRESERVATION / RECONSTRUCTION,Preservation and Archival Survival,"#576, #264, #578",HIGH,FRAMEWORK MIRROR: carries #12 and #264 into Preservation; a bundle does not blur which layer owns which truth.
578,Spatial Ground Must Support Layer-Preserving Archives,PRESERVATION / RECONSTRUCTION CANDIDATE,MOVE TO PRESERVATION / RECONSTRUCTION,Preservation and Archival Survival,"#577, #291, #579",HIGH,"FRAMEWORK MIRROR: carries layer boundaries into archives; constitutional, Survey, Ground and derived material stay distinguishable."
579,Spatial Ground Must Support Layer-Preserving Migration,DUPLICATE / NEAR-DUPLICATE,MERGE INTO STRONGER FINDING OR CLUSTER,Preservation and Archival Survival,"#578, #210, #577",HIGH,"RESTATEMENT. Parent #578, applied to migration."
580,Flattened Export Must Not Become Canonical Architecture,DUPLICATE / NEAR-DUPLICATE,MERGE INTO STRONGER FINDING OR CLUSTER,Operational Non-Authority,"#346, #342, #19",HIGH,INSTANCE. Parent #19 via #342 and #346: a flattened export stays derived.
581,Spatial Ground Must Have Explicit Input Semantics,SPECIFICATION CANDIDATE,MOVE TO SPECIFICATION,Survey Dependency / Downward Contract,"#12, #171, #583",HIGH,"FRAMEWORK MIRROR: carries the downward contract (#12, #171) into Specification as explicit input semantics."
582,Spatial Ground Must Have Explicit Output Semantics,SPECIFICATION CANDIDATE,MOVE TO SPECIFICATION,Upward Handoff,"#174, #54, #586",HIGH,FRAMEWORK MIRROR: carries the handoff contract (#174) into Specification as explicit output semantics.
583,Inputs Must Be Validated at the Proper Layer,DUPLICATE / NEAR-DUPLICATE,MERGE INTO STRONGER FINDING OR CLUSTER,Survey Dependency / Downward Contract,"#159, #160, #12",HIGH,RESTATEMENT. Parent #159. AUTHORITY: FSF owns validity rules.
584,Ground Outputs Must Be Validatable Independently of Higher Layers,DUPLICATE / NEAR-DUPLICATE,MERGE INTO STRONGER FINDING OR CLUSTER,Higher-Layer Independence,"#52, #64, #178",HIGH,"RESTATEMENT. Parent #4 via #52, joined with #64."
585,Spatial Ground Must Have Explicit Precondition Failure,DERIVED CONSEQUENCE,MERGE INTO STRONGER FINDING OR CLUSTER,Failure Semantics,"#160, #252, #529",HIGH,"Root parents #159 and #15: absent or invalid inputs produce explicit failure, never substitute truth."
586,Spatial Ground Must Have Explicit Postcondition Guarantees,SPECIFICATION CANDIDATE,MOVE TO SPECIFICATION,Exact Membership and Boundary Resolution,"#582, #15, #46",MEDIUM,Postcondition form of #15 and #46 for a successful evaluation; contract style belongs to Specification.
587,Spatial Ground Must Preserve Functional Purity Where Practical,DUPLICATE / NEAR-DUPLICATE,MERGE INTO STRONGER FINDING OR CLUSTER,No Hidden State / Self-Containment,"#27, #591, #588",HIGH,"RESTATEMENT. Parent #27. ""Where practical"" is weaker than its parent."
588,Side Effects Must Not Determine Canonical Meaning,DERIVED CONSEQUENCE,MERGE INTO STRONGER FINDING OR CLUSTER,No Hidden State / Self-Containment,"#27, #587, #590",HIGH,Root parent #27: side effects are ambient state.
589,Evaluation Order Must Not Alter Membership,DUPLICATE / NEAR-DUPLICATE,MERGE INTO STRONGER FINDING OR CLUSTER,Finite Expressibility and Determinism,"#367, #366, #26",HIGH,INSTANCE. Parents #26 and #27 via #367: evaluation order across locations.
590,Query History Must Not Alter Membership,DUPLICATE / NEAR-DUPLICATE,MERGE INTO STRONGER FINDING OR CLUSTER,No Hidden State / Self-Containment,"#32, #27, #591",HIGH,INSTANCE. Parents #4 (via #32) and #27: prior queries and caching.
591,Spatial Ground Must Be Stateless in Canonical Meaning,DUPLICATE / NEAR-DUPLICATE,MERGE INTO STRONGER FINDING OR CLUSTER,No Hidden State / Self-Containment,"#27, #587, #592",HIGH,RESTATEMENT. Parent #27.
592,Operational State Must Be Disposable,DUPLICATE / NEAR-DUPLICATE,MERGE INTO STRONGER FINDING OR CLUSTER,Operational Non-Authority,"#534, #44, #595",HIGH,RESTATEMENT. Parent #19 via #534.
593,Spatial Ground Must Resist State Corruption,IMPLEMENTATION / OPERATIONAL CANDIDATE,MOVE TO IMPLEMENTATION / OPERATIONS,Operational Non-Authority,"#541, #594, #597",MEDIUM,Operational resilience: corrupt derived state is detectable and recoverable. The principle is #541.
594,Rebuild Must Be Preferred Over Trusting Corrupt Derived State,DUPLICATE / NEAR-DUPLICATE,MERGE INTO STRONGER FINDING OR CLUSTER,Operational Non-Authority,"#541, #593, #534",HIGH,RESTATEMENT. Parent #541.
595,Spatial Ground Must Support Deterministic Fresh Reconstruction,DUPLICATE / NEAR-DUPLICATE,MERGE INTO STRONGER FINDING OR CLUSTER,Reconstruction and Recoverability,"#362, #369, #27",HIGH,RESTATEMENT. Parents #26 and #27 via #362 and #369.
596,Long Runtime Must Not Accumulate Canonical Drift,DERIVED CONSEQUENCE,MERGE INTO STRONGER FINDING OR CLUSTER,Change Control and Permanence,"#4, #27, #597",HIGH,Root parents #4 and #27: operation over years changes nothing.
597,Spatial Ground Must Be Drift-Auditable,DUPLICATE / NEAR-DUPLICATE,MERGE INTO STRONGER FINDING OR CLUSTER,Operational Non-Authority,"#532, #593, #598",HIGH,RESTATEMENT. Parent #19 via #532.
598,Spatial Ground Must Support Periodic Revalidation,CONFORMANCE / VALIDATION CANDIDATE,MOVE TO CONFORMANCE / VALIDATION,Conformance and Validation,"#448, #64, #599",MEDIUM,Revalidation without change of meaning or re-adoption; extends #448.
599,"Revalidation Must Confirm, Not Recreate, Canon",DERIVED CONSEQUENCE,MERGE INTO STRONGER FINDING OR CLUSTER,Change Control and Permanence,"#4, #448, #600",HIGH,Root parent #4: checking confirms canon and does not renew it.
600,Spatial Ground Exists Continuously Without Operational Renewal,DUPLICATE / NEAR-DUPLICATE,MERGE INTO STRONGER FINDING OR CLUSTER,Change Control and Permanence,"#446, #4, #83",HIGH,"RESTATEMENT. Parent #4 via #446. CONSOLIDATION SURVIVOR: no recurring act of any kind keeps World-space in existence; compact form of #41, #83, #446 and #599."
601,Spatial Ground Must Distinguish Persistence From Existence,DUPLICATE / NEAR-DUPLICATE,MERGE INTO STRONGER FINDING OR CLUSTER,Change Control and Permanence,"#600, #446, #83",HIGH,RESTATEMENT. Parent #4 via #446 and #600: records evidence World-space; no active mechanism sustains it.
602,"Storage Durability Must Support, Not Constitute, Ground Truth",DUPLICATE / NEAR-DUPLICATE,MERGE INTO STRONGER FINDING OR CLUSTER,Technology and Infrastructure Independence,"#81, #19, #43",HIGH,"RESTATEMENT. Parent #81, with #19: storage serves preservation and carries no spatial meaning."
603,Spatial Ground Must Survive Storage Replacement,DUPLICATE / NEAR-DUPLICATE,MERGE INTO STRONGER FINDING OR CLUSTER,Technology and Infrastructure Independence,"#43, #81, #84",HIGH,"INSTANCE. Parent #81 via #43, which already lists storage systems."
604,Spatial Ground Must Survive Repository Loss,DERIVED CONSEQUENCE,MERGE INTO STRONGER FINDING OR CLUSTER,Preservation and Archival Survival,"#84, #206, #83",HIGH,"Root parent #84 via #206: one repository lost, canon survives in the others."
605,Spatial Ground Must Permit Geographic Preservation Diversity,DUPLICATE / NEAR-DUPLICATE,MERGE INTO STRONGER FINDING OR CLUSTER,Preservation and Archival Survival,"#452, #206, #125",HIGH,"RESTATEMENT. Root parent #8 via #206 and #452: many places and custodians, one truth."
606,Preservation Location Must Not Affect Authority,DUPLICATE / NEAR-DUPLICATE,MERGE INTO STRONGER FINDING OR CLUSTER,Single Canonical Truth,"#209, #125, #131",HIGH,RESTATEMENT. Parents #8 and #29 via #125 and #209: where a copy sits changes nothing.
607,Spatial Ground Must Support Media Migration,DUPLICATE / NEAR-DUPLICATE,MERGE INTO STRONGER FINDING OR CLUSTER,Representation Independence,"#210, #211, #608",HIGH,RESTATEMENT. Parent #29 via #210: migration across media.
608,Media Obsolescence Must Not Threaten Place,DUPLICATE / NEAR-DUPLICATE,MERGE INTO STRONGER FINDING OR CLUSTER,Technology and Infrastructure Independence,"#212, #81, #607",HIGH,INSTANCE. Parent #81 via #212: storage media.
609,Spatial Ground Must Preserve Durable Decode Semantics,DUPLICATE / NEAR-DUPLICATE,MERGE INTO STRONGER FINDING OR CLUSTER,Preservation and Archival Survival,"#126, #127, #611",HIGH,RESTATEMENT. Parent #126 via #127: decode rules survive without obsolete software.
610,Encodings Must Be Fully Specified Where Canonical,SPECIFICATION CANDIDATE,MOVE TO SPECIFICATION,Representation Independence,"#126, #27, #612",HIGH,FRAMEWORK MIRROR: carries #126 and #27 into Specification; any canonical encoding is specified fully enough to decode independently.
611,Proprietary Decoders Must Not Be Required,DUPLICATE / NEAR-DUPLICATE,MERGE INTO STRONGER FINDING OR CLUSTER,Preservation and Archival Survival,"#10, #127, #609",HIGH,"RESTATEMENT. Parent #10, which already excludes proprietary systems."
612,Spatial Ground Must Avoid Format Ambiguity,SPECIFICATION CANDIDATE,MOVE TO SPECIFICATION,Finite Expressibility and Determinism,"#61, #610, #214",HIGH,FRAMEWORK MIRROR: carries #61 into Specification; a format open to two readings is unfit for canon.
613,Spatial Ground Must Preserve Character-Encoding Determinism,SPECIFICATION CANDIDATE,MOVE TO SPECIFICATION,Finite Expressibility and Determinism,"#363, #364, #612",HIGH,Encoding rule for text; an application of #363 that belongs with the chosen encoding.
614,Spatial Ground Must Preserve Numeric-Encoding Determinism,SPECIFICATION CANDIDATE,MOVE TO SPECIFICATION,Finite Expressibility and Determinism,"#363, #11, #612",HIGH,Encoding rule for numbers. AUTHORITY: numeric precision follows FSF's precision model (#11).
615,Spatial Ground Must Preserve Endianness Independence,SPECIFICATION CANDIDATE,MOVE TO SPECIFICATION,Finite Expressibility and Determinism,"#360, #363, #612",HIGH,Encoding rule for binary forms; an application of #360.
616,Spatial Ground Must Preserve Schema Independence of Meaning,DUPLICATE / NEAR-DUPLICATE,MERGE INTO STRONGER FINDING OR CLUSTER,Representation Independence,"#213, #212, #29",HIGH,INSTANCE. Parent #29 via #213: schema technology (already named in #212).
617,Schema Evolution Must Preserve Spatial Semantics,DUPLICATE / NEAR-DUPLICATE,MERGE INTO STRONGER FINDING OR CLUSTER,Representation Independence,"#71, #29, #616",HIGH,INSTANCE. Parent #29 via #71: schema evolution.
618,Schema Validation Is Necessary but Not Sufficient,DUPLICATE / NEAR-DUPLICATE,MERGE INTO STRONGER FINDING OR CLUSTER,Conformance and Validation,"#619, #64, #620",HIGH,"RESTATEMENT. Parent #619, of which it is the immediate consequence."
619,Spatial Ground Must Distinguish Structural Validity From Semantic Validity,CONFORMANCE / VALIDATION CANDIDATE,MOVE TO CONFORMANCE / VALIDATION,Conformance and Validation,"#618, #620, #66",HIGH,Well-formed is not valid: structural and semantic validity are assessed separately. Local parent of #618.
620,Spatial Ground Must Define Semantic Validation,SPECIFICATION CANDIDATE,MOVE TO SPECIFICATION,Conformance and Validation,"#64, #66, #619",HIGH,FRAMEWORK MIRROR: carries #64 and #66 into Specification; the semantic conditions for validity are stated there.
621,Semantic Validation Must Be Deterministic,DUPLICATE / NEAR-DUPLICATE,MERGE INTO STRONGER FINDING OR CLUSTER,Conformance and Validation,"#64, #224, #631",HIGH,RESTATEMENT. Parent #26 via #64 and #224.
622,Spatial Ground Must Define Validation Order Where Necessary,DUPLICATE / NEAR-DUPLICATE,MERGE INTO STRONGER FINDING OR CLUSTER,Finite Expressibility and Determinism,"#367, #215, #363",MEDIUM,"INSTANCE. Parent #215 via #367: order is defined where it matters, irrelevant otherwise; here for validation steps."
623,Validation Must Fail Closed,DUPLICATE / NEAR-DUPLICATE,MERGE INTO STRONGER FINDING OR CLUSTER,Failure Semantics,"#61, #254, #529",HIGH,RESTATEMENT. Parent #15 via #61: what cannot be shown valid is not accepted.
624,Validation Failure Must Preserve Diagnosis,DUPLICATE / NEAR-DUPLICATE,MERGE INTO STRONGER FINDING OR CLUSTER,Failure Semantics,"#252, #306, #625",HIGH,"RESTATEMENT. Parent #252, with the layered classes of #306."
625,Spatial Ground Must Support Deterministic Diagnostics,DUPLICATE / NEAR-DUPLICATE,MERGE INTO STRONGER FINDING OR CLUSTER,Failure Semantics,"#253, #624, #195",HIGH,RESTATEMENT. Parent #253.
626,Diagnostics Must Not Become Canonical Semantics Unless Specified,CONFORMANCE / VALIDATION CANDIDATE,MOVE TO CONFORMANCE / VALIDATION,Failure Semantics,"#253, #625, #214",MEDIUM,Only the failure class is canonical; human-readable wording is free unless governed. A useful limit on #253.
627,Spatial Ground Must Support Minimal Validation,DUPLICATE / NEAR-DUPLICATE,MERGE INTO STRONGER FINDING OR CLUSTER,Higher-Layer Independence,"#584, #52, #178",HIGH,RESTATEMENT. Parent #4 via #52 and #584.
628,Spatial Ground Must Support Full Validation,DUPLICATE / NEAR-DUPLICATE,MERGE INTO STRONGER FINDING OR CLUSTER,Conformance and Validation,"#191, #86, #633",HIGH,"RESTATEMENT. Parent #191, which already enumerates what must be proven."
629,Validation Must Be Repeatable,DUPLICATE / NEAR-DUPLICATE,MERGE INTO STRONGER FINDING OR CLUSTER,Conformance and Validation,"#224, #368, #631",HIGH,RESTATEMENT. Parent #26 via #224.
630,Validation Must Be Non-Mutating,DUPLICATE / NEAR-DUPLICATE,MERGE INTO STRONGER FINDING OR CLUSTER,Conformance and Validation,"#448, #599, #629",HIGH,RESTATEMENT. Parent #448.
631,Validation Must Be Independently Reproducible,DUPLICATE / NEAR-DUPLICATE,MERGE INTO STRONGER FINDING OR CLUSTER,Independent Implementation,"#224, #223, #26",HIGH,RESTATEMENT. Parent #26 via #223 and #224.
632,Validator Disagreement Must Be Investigated as Architecture Risk,DUPLICATE / NEAR-DUPLICATE,MERGE INTO STRONGER FINDING OR CLUSTER,Independent Implementation,"#524, #60, #646",HIGH,RESTATEMENT. Parent #524. METHODOLOGICAL diagnostic rule.
633,Spatial Ground Must Have Canonical Test Families,CONFORMANCE / VALIDATION CANDIDATE,MOVE TO CONFORMANCE / VALIDATION,Testing and Adversarial Review,"#191, #192, #85",HIGH,Defines the families of conformance tests. Local parent of #634-#643.
634,Test Coverage Must Include Interior Cases,DUPLICATE / NEAR-DUPLICATE,MERGE INTO STRONGER FINDING OR CLUSTER,Testing and Adversarial Review,"#192, #633, #635",HIGH,INSTANCE. Parent #26 via #192: interior cases.
635,Test Coverage Must Include Exterior Cases,DUPLICATE / NEAR-DUPLICATE,MERGE INTO STRONGER FINDING OR CLUSTER,Testing and Adversarial Review,"#192, #633, #14",HIGH,INSTANCE. Parent #26 via #192: exterior cases.
636,Test Coverage Must Include Exact Limit Cases,DUPLICATE / NEAR-DUPLICATE,MERGE INTO STRONGER FINDING OR CLUSTER,Testing and Adversarial Review,"#193, #16, #633",HIGH,RESTATEMENT. Parent #193.
637,Test Coverage Must Include Deep Refinement,CONFORMANCE / VALIDATION CANDIDATE,MOVE TO CONFORMANCE / VALIDATION,Testing and Adversarial Review,"#256, #11, #244",HIGH,FRAMEWORK MIRROR: carries #11 and #256 into testing. AUTHORITY: the depth of refinement is set by FSF's model.
638,Test Coverage Must Include Degenerate Inputs,CONFORMANCE / VALIDATION CANDIDATE,MOVE TO CONFORMANCE / VALIDATION,Testing and Adversarial Review,"#258, #195, #257",HIGH,FRAMEWORK MIRROR: carries #258 into testing; degenerate expressions.
639,Test Coverage Must Include Canonical Equivalence,DUPLICATE / NEAR-DUPLICATE,MERGE INTO STRONGER FINDING OR CLUSTER,Testing and Adversarial Review,"#194, #65, #633",HIGH,RESTATEMENT. Parent #194.
640,Test Coverage Must Include Non-Equivalence,CONFORMANCE / VALIDATION CANDIDATE,MOVE TO CONFORMANCE / VALIDATION,Testing and Adversarial Review,"#559, #561, #560",HIGH,FRAMEWORK MIRROR: carries #559 and #561 into testing; look-alikes must not resolve as equal.
641,Test Coverage Must Include Transformation Traps,CONFORMANCE / VALIDATION CANDIDATE,MOVE TO CONFORMANCE / VALIDATION,Testing and Adversarial Review,"#563, #565, #640",HIGH,FRAMEWORK MIRROR: carries #563-#568 into testing; transformed copies are not the same place.
642,Test Coverage Must Include Representation Traps,CONFORMANCE / VALIDATION CANDIDATE,MOVE TO CONFORMANCE / VALIDATION,Testing and Adversarial Review,"#216, #516, #194",HIGH,FRAMEWORK MIRROR: carries #216 into testing; non-semantic differences stay non-semantic.
643,Test Coverage Must Include Hidden-State Traps,CONFORMANCE / VALIDATION CANDIDATE,MOVE TO CONFORMANCE / VALIDATION,Testing and Adversarial Review,"#27, #590, #364",HIGH,"FRAMEWORK MIRROR: carries #27 into testing; cache, history, locale, clock and network have no effect."
644,Test Coverage Must Include Cross-Platform Reproduction,CONFORMANCE / VALIDATION CANDIDATE,MOVE TO CONFORMANCE / VALIDATION,Testing and Adversarial Review,"#360, #192, #645",HIGH,"FRAMEWORK MIRROR: carries #360 into testing. AUTHORITY GAP: ""before institutional establishment"" presumes an establishing body not yet identified."
645,Test Coverage Must Include Independent Implementation,CONFORMANCE / VALIDATION CANDIDATE,MOVE TO CONFORMANCE / VALIDATION,Independent Implementation,"#514, #196, #646",HIGH,Sets a maturity threshold: one independent implementation reproducing results. AUTHORITY GAP: who judges the Specification mature is not identified.
646,Independent Implementation Is a Specification Test,DUPLICATE / NEAR-DUPLICATE,MERGE INTO STRONGER FINDING OR CLUSTER,Independent Implementation,"#524, #632, #645",HIGH,RESTATEMENT. Parent #524. METHODOLOGICAL.
647,Spatial Ground Must Be Falsifiable,DERIVED CONSEQUENCE,MERGE INTO STRONGER FINDING OR CLUSTER,Conformance and Validation,"#66, #64, #26",HIGH,"Root parents #15, #26 and #66. CONSOLIDATION SURVIVOR: ""falsifiable"" says in one word that wrongness is defined, never a matter of interpretation."
648,Spatial Ground Must Be Verifiable Without Deference,DUPLICATE / NEAR-DUPLICATE,MERGE INTO STRONGER FINDING OR CLUSTER,No Hidden State / Self-Containment,"#223, #68, #501",HIGH,"RESTATEMENT. Parents #27 (via #68) and #26 (via #223): claims are checked from evidence, not taken on institutional standing."
649,Spatial Ground Must Permit Adversarial Review,DUPLICATE / NEAR-DUPLICATE,MERGE INTO STRONGER FINDING OR CLUSTER,Testing and Adversarial Review,"#85, #521, #650",HIGH,RESTATEMENT. Parent #85.
650,Spatial Ground Must Become Stronger Under Challenge,DUPLICATE / NEAR-DUPLICATE,MERGE INTO STRONGER FINDING OR CLUSTER,Inquiry Method and Framework Sequencing,"#550, #85, #649",HIGH,RESTATEMENT. Parent #550. METHODOLOGICAL.
651,Spatial Ground Must Distinguish Preservation From Security,DERIVED CONSEQUENCE,MERGE INTO STRONGER FINDING OR CLUSTER,Operational Non-Authority,"#82, #19, #652",HIGH,Root parent #19 via #82: security protects records and is no part of their meaning.
652,Compromise Must Not Redefine The World,DERIVED CONSEQUENCE,MERGE INTO STRONGER FINDING OR CLUSTER,Operational Non-Authority,"#19, #451, #659",HIGH,"Root parent #19, with #451: control of a system gives no power over World-space."
653,Unauthorized Mutation Must Be Detectable,DUPLICATE / NEAR-DUPLICATE,MERGE INTO STRONGER FINDING OR CLUSTER,Preservation and Archival Survival,"#657, #130, #654",HIGH,"INSTANCE. Parent #657: the malicious case. AUTHORITY GAP: ""unauthorized"" presumes an authorizing actor not yet identified."
654,Detection Must Not Depend on the Compromised System,IMPLEMENTATION / OPERATIONAL CANDIDATE,MOVE TO IMPLEMENTATION / OPERATIONS,Preservation and Archival Survival,"#653, #663, #657",MEDIUM,"Operational safeguard (""where practical""): tamper evidence held outside the system under test."
655,Spatial Ground Must Support Authentic Canonical Recovery,DUPLICATE / NEAR-DUPLICATE,MERGE INTO STRONGER FINDING OR CLUSTER,Reconstruction and Recoverability,"#84, #44, #656",HIGH,"RESTATEMENT. Parent #84. AUTHORITY GAP: ""identify ... the authoritative Ground"" presumes a recognized source of canonical status."
656,"Recovery Must Restore Meaning, Not Merely Files",DUPLICATE / NEAR-DUPLICATE,MERGE INTO STRONGER FINDING OR CLUSTER,Reconstruction and Recoverability,"#129, #128, #84",HIGH,"RESTATEMENT. Parent #129 joined with #84. CONSOLIDATION SURVIVOR: recovery means meaning, specification and World-space definition, not similarly named files."
657,Spatial Ground Must Support Corruption Detection,PRESERVATION / RECONSTRUCTION CANDIDATE,MOVE TO PRESERVATION / RECONSTRUCTION,Preservation and Archival Survival,"#653, #130, #658",HIGH,Artifacts verifiable against corruption from any cause. Local parent of #653.
658,Corruption Must Not Be Silently Normalized,DERIVED CONSEQUENCE,MERGE INTO STRONGER FINDING OR CLUSTER,Failure Semantics,"#160, #62, #529",HIGH,"Root parent #15 via #62, same pattern as #160: no heuristic repair unless provable from surviving authority."
659,Recovery Procedures Must Not Become Spatial Authority,DERIVED CONSEQUENCE,MERGE INTO STRONGER FINDING OR CLUSTER,Operational Non-Authority,"#19, #135, #652",HIGH,"Root parents #19 and #135. FRAMEWORK MIRROR: carries ""correction is not redesign"" into disaster recovery."
660,Backup Recency Must Not Determine Spatial Truth,DERIVED CONSEQUENCE,MERGE INTO STRONGER FINDING OR CLUSTER,Single Canonical Truth,"#19, #8, #661",HIGH,"Root parents #8 and #19: recency confers nothing. AUTHORITY GAP: ""canonical institutional status"" presumes a body that confers it."
661,Spatial Ground Must Survive Conflicting Copies,PRESERVATION / RECONSTRUCTION CANDIDATE,MOVE TO PRESERVATION / RECONSTRUCTION,Preservation and Archival Survival,"#60, #662, #675",HIGH,"Resolving conflicting copies by authority, integrity, provenance and validation. AUTHORITY GAP: ""governed authority"" is invoked without being identified."
662,Majority Replication Does Not Make Error Canonical,DUPLICATE / NEAR-DUPLICATE,MERGE INTO STRONGER FINDING OR CLUSTER,Single Canonical Truth,"#500, #499, #507",HIGH,RESTATEMENT. Parent #8 via #499 and #500.
663,Spatial Ground Must Resist Byzantine Preservation Failure,PRESERVATION / RECONSTRUCTION CANDIDATE,MOVE TO PRESERVATION / RECONSTRUCTION,Preservation and Archival Survival,"#661, #654, #206",MEDIUM,Preservation design aim: canon determinable despite some dishonest or missing custodians.
664,Consensus Mechanisms Are Optional Preservation Tools,DUPLICATE / NEAR-DUPLICATE,MERGE INTO STRONGER FINDING OR CLUSTER,Technology and Infrastructure Independence,"#81, #82, #665",HIGH,INSTANCE. Parent #81: consensus mechanisms.
665,Chain State Must Not Become Ground State,DUPLICATE / NEAR-DUPLICATE,MERGE INTO STRONGER FINDING OR CLUSTER,Operational Non-Authority,"#82, #81, #664",HIGH,"INSTANCE. Parent #19 via #82, which already lists ledgers."
666,Cryptographic Algorithm Replacement Must Not Move The World,DUPLICATE / NEAR-DUPLICATE,MERGE INTO STRONGER FINDING OR CLUSTER,Technology and Infrastructure Independence,"#43, #81, #667",HIGH,"INSTANCE. Parent #81 via #43, which already lists cryptographic systems."
667,Cryptographic Identity Must Be Replaceable,DERIVED CONSEQUENCE,MERGE INTO STRONGER FINDING OR CLUSTER,Representation Independence,"#556, #220, #666",HIGH,"Root parent #29 via #220 and #556: new integrity proofs, same World-space."
668,Expired Trust Infrastructure Must Not Expire Place,DERIVED CONSEQUENCE,MERGE INTO STRONGER FINDING OR CLUSTER,Change Control and Permanence,"#4, #82, #669",HIGH,Root parents #4 and #19 via #82: expiry of credentials is not expiry of place.
669,Spatial Ground Must Separate Spatial Permanence From Credential Lifetimes,DUPLICATE / NEAR-DUPLICATE,MERGE INTO STRONGER FINDING OR CLUSTER,Change Control and Permanence,"#668, #4, #600",HIGH,RESTATEMENT. Parent #668.
670,Spatial Ground Must Support Re-Attestation Without Re-Adoption,DUPLICATE / NEAR-DUPLICATE,MERGE INTO STRONGER FINDING OR CLUSTER,Change Control and Permanence,"#599, #598, #667",HIGH,RESTATEMENT. Parent #4 via #599.
671,Verification Renewal Must Preserve Artifact Lineage,INSTITUTIONAL / GOVERNANCE CANDIDATE,MOVE TO GOVERNANCE / INSTITUTIONAL FRAMEWORK,Historical Traceability,"#672, #667, #219",HIGH,Renewed evidence stays attached to the same lineage.
672,Spatial Ground Must Preserve Canonical Lineage,INSTITUTIONAL / GOVERNANCE CANDIDATE,MOVE TO GOVERNANCE / INSTITUTIONAL FRAMEWORK,Historical Traceability,"#134, #391, #671",HIGH,Traceable institutional history of the authoritative definition. Parent of the lineage family #671-#681.
673,Lineage Must Distinguish Meaning-Preserving Change,DUPLICATE / NEAR-DUPLICATE,MERGE INTO STRONGER FINDING OR CLUSTER,Historical Traceability,"#395, #398, #672",HIGH,"RESTATEMENT. Parent #395. FOUNDATIONAL AUTHORITY GAP: ""which, if any, affected normative meaning"" again allows for a change no one is named to make."
674,Lineage Must Not Imply Spatial Motion,DERIVED CONSEQUENCE,MERGE INTO STRONGER FINDING OR CLUSTER,Historical Traceability,"#189, #188, #672",HIGH,"Root parent #29 via #189, with #188: a sequence of records is not a sequence of locations."
675,Spatial Ground Must Support Provenance Fork Detection,INSTITUTIONAL / GOVERNANCE CANDIDATE,MOVE TO GOVERNANCE / INSTITUTIONAL FRAMEWORK,Historical Traceability,"#60, #676, #661",HIGH,"Incompatible descendants are exposed as a fork, never silently merged."
676,Forks Must Not Create Multiple Canonical Worlds,DERIVED CONSEQUENCE,MERGE INTO STRONGER FINDING OR CLUSTER,One World / Singular World-Space,"#21, #8, #675",HIGH,Root parents #21 and #8. AUTHORITY: The Declaration for One World.
677,Spatial Ground Must Preserve a Single Canonical Successor Rule,INSTITUTIONAL / GOVERNANCE CANDIDATE,MOVE TO GOVERNANCE / INSTITUTIONAL FRAMEWORK,Institutional Authority and Adoption,"#672, #678, #219",HIGH,"One successor carries canonical authority. AUTHORITY GAP: ""formally superseded"" presumes a superseding actor and process."
678,Supersession Must Not Imply Spatial Replacement,DUPLICATE / NEAR-DUPLICATE,MERGE INTO STRONGER FINDING OR CLUSTER,Representation Independence,"#189, #29, #679",HIGH,RESTATEMENT. Parent #29 via #189.
679,Spatial Ground Must Distinguish Document Obsolescence From Spatial Obsolescence,DUPLICATE / NEAR-DUPLICATE,MERGE INTO STRONGER FINDING OR CLUSTER,Representation Independence,"#678, #189, #608",HIGH,RESTATEMENT. Parent #29 via #189 and #678.
680,Spatial Ground Must Support Long-Term Evidentiary Chains,DUPLICATE / NEAR-DUPLICATE,MERGE INTO STRONGER FINDING OR CLUSTER,Historical Traceability,"#672, #130, #148",HIGH,"RESTATEMENT. Parent #672, with #130."
681,Evidentiary Chains Must Remain Secondary to Spatial Semantics,DUPLICATE / NEAR-DUPLICATE,MERGE INTO STRONGER FINDING OR CLUSTER,Historical Traceability,"#130, #409, #68",HIGH,RESTATEMENT. Parent #130: provenance supports trust; meaning comes from the definition.
682,Spatial Ground Must Support Formal Change Control,INSTITUTIONAL / GOVERNANCE CANDIDATE,MOVE TO GOVERNANCE / INSTITUTIONAL FRAMEWORK,Change Control and Permanence,"#395, #398, #683",HIGH,Explicit governed process for normative change. Local parent of #683-#688. AUTHORITY GAP: the process and its owner are not identified.
683,Change Classes Must Be Distinguished,DUPLICATE / NEAR-DUPLICATE,MERGE INTO STRONGER FINDING OR CLUSTER,Change Control and Permanence,"#395, #682, #136",HIGH,"RESTATEMENT. Parent #395. FOUNDATIONAL AUTHORITY GAP: lists ""foundational spatial change"" as a class of change without saying who may make one."
684,Higher-Risk Changes Require Higher Scrutiny,DUPLICATE / NEAR-DUPLICATE,MERGE INTO STRONGER FINDING OR CLUSTER,Change Control and Permanence,"#424, #142, #682",HIGH,"RESTATEMENT. Parent #142 via #424. FOUNDATIONAL AUTHORITY GAP: scrutiny rises toward meaning-altering change, reviewer unnamed."
685,Spatial Ground Must Prevent Accidental Normative Change,DERIVED CONSEQUENCE,MERGE INTO STRONGER FINDING OR CLUSTER,Change Control and Permanence,"#398, #396, #686",HIGH,Root parents #396 and #398: maintenance cannot silently shift semantics.
686,Spatial Ground Must Support Normative Diffing,INSTITUTIONAL / GOVERNANCE CANDIDATE,MOVE TO GOVERNANCE / INSTITUTIONAL FRAMEWORK,Change Control and Permanence,"#398, #687, #688",HIGH,Reviewers can determine exactly whether a revision changes normative meaning.
687,Semantic Difference Matters More Than Textual Difference,DERIVED CONSEQUENCE,MERGE INTO STRONGER FINDING OR CLUSTER,Change Control and Permanence,"#686, #190, #396",HIGH,"Parent #686: review compares semantics, not text. METHODOLOGICAL."
688,Spatial Ground Must Preserve Reviewability,DUPLICATE / NEAR-DUPLICATE,MERGE INTO STRONGER FINDING OR CLUSTER,Change Control and Permanence,"#686, #68, #687",MEDIUM,RESTATEMENT. Parent #686.
689,Spatial Ground Must Reject Unreviewable Complexity,INSTITUTIONAL / GOVERNANCE CANDIDATE,MOVE TO GOVERNANCE / INSTITUTIONAL FRAMEWORK,Inquiry Method and Framework Sequencing,"#68, #26, #690",MEDIUM,"METHODOLOGICAL: selection criterion rooted in #68 and #26. AUTHORITY GAP: a ""presumption against adoption"" presumes an adopter."
690,Formal Sophistication Must Earn Its Complexity,DUPLICATE / NEAR-DUPLICATE,MERGE INTO STRONGER FINDING OR CLUSTER,Minimality and Semantic Restraint,"#232, #58, #691",HIGH,INSTANCE. Parent #58 via #232: complexity admitted only when necessary. METHODOLOGICAL.
691,Simplicity Must Not Sacrifice Exactness,DERIVED CONSEQUENCE,MERGE INTO STRONGER FINDING OR CLUSTER,Minimality and Semantic Restraint,"#15, #58, #690",HIGH,"Root parents #15 and #58 in balance: simpler only where exactness, permanence and reconstructability survive. METHODOLOGICAL."
692,Elegance Is Not Sufficient,DERIVED CONSEQUENCE,MERGE INTO STRONGER FINDING OR CLUSTER,Inquiry Method and Framework Sequencing,"#695, #138, #693",HIGH,Parent #695. METHODOLOGICAL: elegance is no selection ground.
693,Familiarity Is Not Sufficient,DERIVED CONSEQUENCE,MERGE INTO STRONGER FINDING OR CLUSTER,Inquiry Method and Framework Sequencing,"#695, #80, #692",HIGH,Parents #695 and #80. METHODOLOGICAL: familiarity is no selection ground.
694,Novelty Is Not Sufficient,DERIVED CONSEQUENCE,MERGE INTO STRONGER FINDING OR CLUSTER,Inquiry Method and Framework Sequencing,"#695, #692, #693",HIGH,Parent #695. METHODOLOGICAL: novelty is no selection ground.
695,Spatial Ground Must Be Requirements-Driven,INSTITUTIONAL / GOVERNANCE CANDIDATE,MOVE TO GOVERNANCE / INSTITUTIONAL FRAMEWORK,Inquiry Method and Framework Sequencing,"#298, #696, #414",HIGH,"AUTHORITY: framework discipline. METHODOLOGICAL: the formal model is selected for satisfying the consolidated Requirements, never preferred in advance."
696,Competing Models Must Be Evaluated Against the Same Requirements,DERIVED CONSEQUENCE,MERGE INTO STRONGER FINDING OR CLUSTER,Inquiry Method and Framework Sequencing,"#695, #697, #414",HIGH,Parent #695. METHODOLOGICAL: one requirement set for all candidates.
697,Requirements Must Precede Model Scoring,DUPLICATE / NEAR-DUPLICATE,MERGE INTO STRONGER FINDING OR CLUSTER,Inquiry Method and Framework Sequencing,"#298, #549, #695",HIGH,RESTATEMENT. Parent #298. METHODOLOGICAL.
698,Failed Candidates Should Remain Historically Useful,INSTITUTIONAL / GOVERNANCE CANDIDATE,MOVE TO GOVERNANCE / INSTITUTIONAL FRAMEWORK,Historical Traceability,"#408, #509, #699",MEDIUM,METHODOLOGICAL: rejected models kept as history with unambiguous non-canonical status.
699,Spatial Ground Must Preserve Decision Rationale Without Preserving Dead Architecture,DUPLICATE / NEAR-DUPLICATE,MERGE INTO STRONGER FINDING OR CLUSTER,Historical Traceability,"#698, #408, #509",HIGH,RESTATEMENT. Parents #408 and #698.
700,Spatial Ground Must Ultimately Be Chosen by Survival,DUPLICATE / NEAR-DUPLICATE,MERGE INTO STRONGER FINDING OR CLUSTER,Inquiry Method and Framework Sequencing,"#550, #141, #695",HIGH,"RESTATEMENT. Parent #550, with the minimality of #141. METHODOLOGICAL. AUTHORITY GAP: ""chosen"" presumes a chooser not yet identified."
701,Spatial Ground Must Distinguish World-Space Definition From World-Space Description,DERIVED CONSEQUENCE,MERGE INTO STRONGER FINDING OR CLUSTER,Operational Non-Authority,"#151, #19, #702",HIGH,Root parent #19 via #151: prose describing the definition is not the definition.
702,Descriptive Maps Must Remain Non-Normative Unless Explicitly Adopted,DUPLICATE / NEAR-DUPLICATE,MERGE INTO STRONGER FINDING OR CLUSTER,Operational Non-Authority,"#50, #701, #703",HIGH,"INSTANCE. Parent #19 via #50: illustrative maps. AUTHORITY GAP: ""unless explicitly adopted"" presumes an adopter (ADOPTION AUTHORITY GAP)."
703,Spatial Ground Must Distinguish Normative Geometry From Illustrative Geometry,TERMINOLOGY / DOCUMENTATION CANDIDATE,MOVE TO TERMINOLOGY / DOCUMENTATION,Terminology Discipline,"#399, #701, #25",HIGH,"FRAMEWORK MIRROR: carries #19 into documentation; geometry is labeled normative or illustrative, never left to inference."
704,Visual Fidelity Must Not Be Mistaken for Canonical Fidelity,DUPLICATE / NEAR-DUPLICATE,MERGE INTO STRONGER FINDING OR CLUSTER,Operational Non-Authority,"#511, #50, #787",HIGH,RESTATEMENT. Parent #19 via #511.
705,Spatial Ground Must Preserve Machine-Readable Canon Where Exactness Requires It,SPECIFICATION CANDIDATE,MOVE TO SPECIFICATION,Finite Expressibility and Determinism,"#70, #478, #707",HIGH,FRAMEWORK MIRROR: carries #70 into Specification; formal expression wherever prose cannot remove ambiguity.
706,Machine-Readable Canon Must Remain Human-Governed,INSTITUTIONAL / GOVERNANCE CANDIDATE,MOVE TO GOVERNANCE / INSTITUTIONAL FRAMEWORK,Institutional Authority and Adoption,"#377, #69, #707",MEDIUM,Formal encoding draws its authority from adopted human-readable documentation; extends #377.
707,Human-Readable and Machine-Readable Canon Must Agree,DERIVED CONSEQUENCE,MERGE INTO STRONGER FINDING OR CLUSTER,Single Canonical Truth,"#60, #406, #708",HIGH,"Root parent #8 via #60: disagreement between the two normative forms is a defect to be resolved, not a choice."
708,Neither Form May Silently Override the Other,DUPLICATE / NEAR-DUPLICATE,MERGE INTO STRONGER FINDING OR CLUSTER,Inquiry Method and Framework Sequencing,"#407, #406, #707",HIGH,INSTANCE. Parent #407: precedence between prose and formal artifacts is governed explicitly.
709,Spatial Ground Must Avoid Hidden Semantics in Tooling,DUPLICATE / NEAR-DUPLICATE,MERGE INTO STRONGER FINDING OR CLUSTER,No Hidden State / Self-Containment,"#357, #27, #710",HIGH,INSTANCE. Parent #27 via #357: rules living only in code or build scripts.
710,"Executable Formalization Should Confirm, Not Invent, Architecture",DUPLICATE / NEAR-DUPLICATE,MERGE INTO STRONGER FINDING OR CLUSTER,Inquiry Method and Framework Sequencing,"#402, #404, #709",HIGH,RESTATEMENT. Parent #402: executable logic implements decisions and makes none. METHODOLOGICAL.
711,Spatial Ground Must Support Exact Re-derivation From Normative Sources,DUPLICATE / NEAR-DUPLICATE,MERGE INTO STRONGER FINDING OR CLUSTER,Reconstruction and Recoverability,"#196, #496, #10",HIGH,RESTATEMENT. Parent #10 via #196 and #496.
712,Spatial Ground Must Not Require Reverse Engineering,DUPLICATE / NEAR-DUPLICATE,MERGE INTO STRONGER FINDING OR CLUSTER,Reconstruction and Recoverability,"#127, #611, #711",HIGH,RESTATEMENT. Parent #10 via #127 and #611.
713,Spatial Ground Must Expose All Canonically Relevant Constants,DUPLICATE / NEAR-DUPLICATE,MERGE INTO STRONGER FINDING OR CLUSTER,No Hidden State / Self-Containment,"#356, #27, #717",HIGH,INSTANCE. Parent #27 via #356: constants.
714,Configurable Values Must Not Quietly Become Canonical,DUPLICATE / NEAR-DUPLICATE,MERGE INTO STRONGER FINDING OR CLUSTER,No Hidden State / Self-Containment,"#27, #717, #715",HIGH,"INSTANCE. Parent #27, which already lists runtime configuration."
715,Environment Variables Must Not Move The World,DUPLICATE / NEAR-DUPLICATE,MERGE INTO STRONGER FINDING OR CLUSTER,No Hidden State / Self-Containment,"#27, #714, #716",HIGH,INSTANCE. Parent #27 via #714: environment variables and toggles.
716,Feature Flags Must Remain Above Canonical Truth,DUPLICATE / NEAR-DUPLICATE,MERGE INTO STRONGER FINDING OR CLUSTER,No Hidden State / Self-Containment,"#714, #27, #155",HIGH,INSTANCE. Parent #27 via #714: feature flags.
717,Spatial Ground Must Distinguish Canonical Parameters From Implementation Parameters,SPECIFICATION CANDIDATE,MOVE TO SPECIFICATION,No Hidden State / Self-Containment,"#27, #713, #718",HIGH,FRAMEWORK MIRROR: carries #27 and #19 into Specification; canonical parameters are separated from software settings.
718,Canonical Parameters Must Be Immutable in Meaning,DERIVED CONSEQUENCE,MERGE INTO STRONGER FINDING OR CLUSTER,Change Control and Permanence,"#4, #26, #717",HIGH,Root parents #4 and #26: a canonical parameter never varies between conforming implementations.
719,Spatial Ground Must Prevent Per-User Canon,DUPLICATE / NEAR-DUPLICATE,MERGE INTO STRONGER FINDING OR CLUSTER,Higher-Layer Independence,"#436, #27, #720",HIGH,RESTATEMENT. Parents #4 and #27 via #436.
720,Spatial Ground Must Prevent Per-Session Canon,DUPLICATE / NEAR-DUPLICATE,MERGE INTO STRONGER FINDING OR CLUSTER,No Hidden State / Self-Containment,"#591, #27, #719",HIGH,"INSTANCE. Parent #27 via #591: session, device, client."
721,Spatial Ground Must Prevent Regional Canon,DUPLICATE / NEAR-DUPLICATE,MERGE INTO STRONGER FINDING OR CLUSTER,Single Canonical Truth,"#124, #8, #606",HIGH,"RESTATEMENT. Parent #8 via #124, which already excludes regional authorities."
722,Spatial Ground Must Prevent Forked Runtime Canon,DERIVED CONSEQUENCE,MERGE INTO STRONGER FINDING OR CLUSTER,Single Canonical Truth,"#676, #120, #554",HIGH,Root parents #8 and #19 via #497 and #676: a fork is canonical only while it satisfies the specification and the canonical instance.
723,Spatial Ground Must Preserve Canonical Identity Across Mirrors,DUPLICATE / NEAR-DUPLICATE,MERGE INTO STRONGER FINDING OR CLUSTER,Single Canonical Truth,"#606, #125, #209",HIGH,RESTATEMENT. Parents #8 and #29 via #125 and #606.
724,Spatial Ground Must Preserve Canonical Identity Across Archives,DUPLICATE / NEAR-DUPLICATE,MERGE INTO STRONGER FINDING OR CLUSTER,Historical Traceability,"#726, #728, #672",HIGH,RESTATEMENT. Parent #726.
725,Spatial Ground Must Preserve Canonical Identity Across Documentation Generations,DUPLICATE / NEAR-DUPLICATE,MERGE INTO STRONGER FINDING OR CLUSTER,Representation Independence,"#190, #396, #29",HIGH,RESTATEMENT. Parent #29 via #190.
726,Spatial Ground Must Distinguish Current Authority From Historical Authority,INSTITUTIONAL / GOVERNANCE CANDIDATE,MOVE TO GOVERNANCE / INSTITUTIONAL FRAMEWORK,Historical Traceability,"#677, #672, #729",HIGH,"Current governing record is distinguishable from prior records kept as history. Local parent of #724, #727 and #728."
727,Historical Ground Records Must Remain Intelligible,DUPLICATE / NEAR-DUPLICATE,MERGE INTO STRONGER FINDING OR CLUSTER,Historical Traceability,"#391, #672, #726",HIGH,RESTATEMENT. Parents #391 and #672.
728,Historical Preservation Must Not Reopen Canonical Ambiguity,DUPLICATE / NEAR-DUPLICATE,MERGE INTO STRONGER FINDING OR CLUSTER,Historical Traceability,"#726, #8, #699",HIGH,RESTATEMENT. Parents #8 and #726.
729,Spatial Ground Must Support Explicit Status Metadata,INSTITUTIONAL / GOVERNANCE CANDIDATE,MOVE TO GOVERNANCE / INSTITUTIONAL FRAMEWORK,Institutional Authority and Adoption,"#154, #155, #504",HIGH,"FRAMEWORK MIRROR: carries #154 and #155 into documentation as status labels. AUTHORITY GAP: candidate, adopted and superseded are statuses someone must confer."
730,Status Metadata Must Not Be the Sole Carrier of Meaning,PRESERVATION / RECONSTRUCTION CANDIDATE,MOVE TO PRESERVATION / RECONSTRUCTION,Preservation and Archival Survival,"#729, #504, #456",HIGH,"Institutional status survives in durable records, not only in interface labels."
731,Spatial Ground Must Preserve Canonical Scope,SPECIFICATION CANDIDATE,MOVE TO SPECIFICATION,Layer Boundaries,"#266, #30, #732",HIGH,FRAMEWORK MIRROR: carries #30 and #266 into Specification as an explicit scope statement.
732,Scope Must Exclude Higher Spatial Semantics,DUPLICATE / NEAR-DUPLICATE,MERGE INTO STRONGER FINDING OR CLUSTER,Layer Boundaries,"#20, #548, #731",HIGH,RESTATEMENT. Parent #20. FRAMEWORK MIRROR: the upward exclusions written into Specification scope.
733,Scope Must Exclude Lower Survey Redefinition,DUPLICATE / NEAR-DUPLICATE,MERGE INTO STRONGER FINDING OR CLUSTER,Survey Dependency / Downward Contract,"#12, #731, #736",HIGH,RESTATEMENT. Parent #12. AUTHORITY: FSF. FRAMEWORK MIRROR: the downward exclusion written into Specification scope.
734,Spatial Ground Must Preserve a Clean Dependency Contract,DERIVED CONSEQUENCE,MERGE INTO STRONGER FINDING OR CLUSTER,Layer Boundaries,"#12, #89, #461",HIGH,"Root parents #12, #89 and #4. CONSOLIDATION SURVIVOR: depend downward on exact Survey reference, expose upward canonical World-space, nothing bidirectional."
735,Spatial Ground Must Avoid Hidden Upward Preconditions,DUPLICATE / NEAR-DUPLICATE,MERGE INTO STRONGER FINDING OR CLUSTER,Higher-Layer Independence,"#178, #52, #461",HIGH,RESTATEMENT. Parent #4 via #52 and #178.
736,Spatial Ground Must Avoid Hidden Downward Redefinition,DUPLICATE / NEAR-DUPLICATE,MERGE INTO STRONGER FINDING OR CLUSTER,Survey Dependency / Downward Contract,"#12, #165, #733",HIGH,"RESTATEMENT. Parent #12, with the second clause of #165. AUTHORITY: FSF."
737,Spatial Ground Must Define the Minimum Upward Guarantee,UPWARD HANDOFF / HIGHER-LAYER CONTRACT,MERGE INTO STRONGER FINDING OR CLUSTER,Upward Handoff,"#174, #54, #46",HIGH,"Parent #174. CONSOLIDATION SURVIVOR: fills the undefined ""minimum conditions"" of #174 with four properties (exact, stable, deterministically resolvable, tied to Survey reference), fusing #15, #4, #26 and #46."
738,Spatial Ground Must Define What It Does Not Guarantee Upward,DUPLICATE / NEAR-DUPLICATE,MERGE INTO STRONGER FINDING OR CLUSTER,Upward Handoff,"#175, #20, #737",HIGH,RESTATEMENT. Parent #20 via #175.
739,Spatial Ground Must Support General Spatial Interpretation Without Constraining Its Creativity,DUPLICATE / NEAR-DUPLICATE,MERGE INTO STRONGER FINDING OR CLUSTER,Upward Handoff,"#143, #144, #53",HIGH,RESTATEMENT. Parent #20 via #143 and #144. AUTHORITY: GSI's bounds are constitutional and its own.
740,Spatial Ground Must Support Parcel Cadastre Without Pre-Designing It,DUPLICATE / NEAR-DUPLICATE,MERGE INTO STRONGER FINDING OR CLUSTER,Parcel Independence,"#483, #6, #36",HIGH,RESTATEMENT. Parent #6 via #483. The governing discipline of this audit stated for the cadastre.
741,Spatial Ground Must Preserve the Possibility of Unparcelized World-Space,DUPLICATE / NEAR-DUPLICATE,MERGE INTO STRONGER FINDING OR CLUSTER,Parcel Independence,"#35, #181, #34",HIGH,RESTATEMENT. Parent #6 via #35; third statement after #181.
742,Spatial Ground Must Preserve the Possibility of Non-Visible World-Space,DUPLICATE / NEAR-DUPLICATE,MERGE INTO STRONGER FINDING OR CLUSTER,Higher-Layer Independence,"#308, #32, #4",HIGH,RESTATEMENT. Parent #4 via #308.
743,Spatial Ground Must Preserve the Possibility of Non-Interactive World-Space,DUPLICATE / NEAR-DUPLICATE,MERGE INTO STRONGER FINDING OR CLUSTER,Higher-Layer Independence,"#33, #311, #4",HIGH,"INSTANCE. Parent #4 via #33: interaction, simulation, visitation."
744,Spatial Ground Must Preserve the Possibility of Future Higher Meaning,DUPLICATE / NEAR-DUPLICATE,MERGE INTO STRONGER FINDING OR CLUSTER,Interpretation Independence,"#321, #178, #283",HIGH,RESTATEMENT. Parent #4 via #321.
745,Spatial Ground Must Not Treat Lack of Interpretation as Incompleteness,DUPLICATE / NEAR-DUPLICATE,MERGE INTO STRONGER FINDING OR CLUSTER,Interpretation Independence,"#178, #30, #749",HIGH,RESTATEMENT. Parents #4 and #30 via #178.
746,Spatial Ground Must Not Treat Lack of Parcels as Incompleteness,DUPLICATE / NEAR-DUPLICATE,MERGE INTO STRONGER FINDING OR CLUSTER,Parcel Independence,"#179, #34, #749",HIGH,RESTATEMENT. Parent #6 via #179.
747,Spatial Ground Must Not Treat Lack of Experience as Incompleteness,DUPLICATE / NEAR-DUPLICATE,MERGE INTO STRONGER FINDING OR CLUSTER,Higher-Layer Independence,"#285, #42, #749",HIGH,RESTATEMENT. Parent #4 via #285.
748,Spatial Ground Must Not Treat Lack of Runtime as Incompleteness,DUPLICATE / NEAR-DUPLICATE,MERGE INTO STRONGER FINDING OR CLUSTER,Runtime Independence,"#446, #41, #749",HIGH,RESTATEMENT. Parent #4 via #41 and #446.
749,"Spatial Ground Completeness Must Be Architectural, Not Operational",DERIVED CONSEQUENCE,MERGE INTO STRONGER FINDING OR CLUSTER,Minimality and Semantic Restraint,"#30, #429, #745",HIGH,"Root parent #30: complete when responsibilities are specified and reproducible, not when consumers exist. General form of #745-#748. METHODOLOGICAL in part."
750,Spatial Ground Must Preserve the Foundational Sequence,DUPLICATE / NEAR-DUPLICATE,MERGE INTO STRONGER FINDING OR CLUSTER,Layer Boundaries,"#465, #461, #283",HIGH,RESTATEMENT. Parent #465. AUTHORITY: cross-layer architecture.
751,Spatial Ground Must Preserve World-Space Without Requiring Immediate Interpretation,DUPLICATE / NEAR-DUPLICATE,MERGE INTO STRONGER FINDING OR CLUSTER,Interpretation Independence,"#178, #745, #283",HIGH,RESTATEMENT. Parent #4 via #178.
752,Spatial Ground Must Preserve World-Space Without Requiring Immediate Parcelization,DUPLICATE / NEAR-DUPLICATE,MERGE INTO STRONGER FINDING OR CLUSTER,Parcel Independence,"#34, #179, #746",HIGH,RESTATEMENT. Parent #6 via #34.
753,Spatial Ground Must Preserve World-Space Without Requiring Immediate Governance,DUPLICATE / NEAR-DUPLICATE,MERGE INTO STRONGER FINDING OR CLUSTER,Rights / Governance Independence,"#76, #40, #442",HIGH,INSTANCE. Parent #4 via #76: governance not yet assigned.
754,Spatial Ground Must Preserve World-Space Without Requiring Immediate Rights,DUPLICATE / NEAR-DUPLICATE,MERGE INTO STRONGER FINDING OR CLUSTER,Rights / Governance Independence,"#442, #40, #4",HIGH,RESTATEMENT. Parent #4 via #442.
755,Spatial Ground Must Preserve World-Space Without Requiring Immediate Persistence Services,DUPLICATE / NEAR-DUPLICATE,MERGE INTO STRONGER FINDING OR CLUSTER,Change Control and Permanence,"#601, #446, #83",HIGH,RESTATEMENT. Parent #4 via #601.
756,Spatial Ground Must Preserve World-Space Without Requiring Immediate Interoperability,DERIVED CONSEQUENCE,MERGE INTO STRONGER FINDING OR CLUSTER,Higher-Layer Independence,"#342, #749, #30",HIGH,Root parents #4 and #30: complete even if no external system can yet consume it.
757,Spatial Ground Must Preserve World-Space Without Requiring Immediate Experience,DUPLICATE / NEAR-DUPLICATE,MERGE INTO STRONGER FINDING OR CLUSTER,Higher-Layer Independence,"#285, #747, #42",HIGH,RESTATEMENT. Parent #4 via #285.
758,Spatial Ground Must Preserve World-Space Without Requiring Immediate Naming,DUPLICATE / NEAR-DUPLICATE,MERGE INTO STRONGER FINDING OR CLUSTER,Interpretation Independence,"#74, #326, #4",HIGH,INSTANCE. Parent #4 via #74: unnamed locations.
759,Spatial Ground Must Preserve World-Space Without Requiring Immediate Categorization,DUPLICATE / NEAR-DUPLICATE,MERGE INTO STRONGER FINDING OR CLUSTER,Interpretation Independence,"#75, #327, #4",HIGH,INSTANCE. Parent #4 via #75: uncategorized locations.
760,Spatial Ground Must Preserve World-Space Without Requiring Immediate Use,DUPLICATE / NEAR-DUPLICATE,MERGE INTO STRONGER FINDING OR CLUSTER,Higher-Layer Independence,"#226, #33, #4",HIGH,RESTATEMENT. Parent #4 via #33 and #226.
761,Spatial Ground Must Distinguish Canonical Presence From Semantic Presence,DUPLICATE / NEAR-DUPLICATE,MERGE INTO STRONGER FINDING OR CLUSTER,Minimality and Semantic Restraint,"#280, #321, #20",HIGH,RESTATEMENT. Parents #20 and #15 via #280.
762,Spatial Ground Must Distinguish Semantic Absence From Spatial Absence,DUPLICATE / NEAR-DUPLICATE,MERGE INTO STRONGER FINDING OR CLUSTER,Higher-Layer Independence,"#301, #33, #761",HIGH,RESTATEMENT. Parent #4 via #301.
763,Spatial Ground Must Distinguish Spatial Presence From Entity Presence,DUPLICATE / NEAR-DUPLICATE,MERGE INTO STRONGER FINDING OR CLUSTER,Higher-Layer Independence,"#33, #4, #764",HIGH,RESTATEMENT. Parent #4 via #33.
764,Spatial Ground Must Distinguish Spatial Presence From Content Presence,DUPLICATE / NEAR-DUPLICATE,MERGE INTO STRONGER FINDING OR CLUSTER,Higher-Layer Independence,"#441, #33, #763",HIGH,INSTANCE. Parent #4 via #33 and #441: content.
765,Spatial Ground Must Distinguish Spatial Presence From Record Presence,DUPLICATE / NEAR-DUPLICATE,MERGE INTO STRONGER FINDING OR CLUSTER,Higher-Layer Independence,"#33, #335, #766",HIGH,INSTANCE. Parent #4 via #33: higher-layer records.
766,Spatial Ground Must Not Require Per-Location Records,DUPLICATE / NEAR-DUPLICATE,MERGE INTO STRONGER FINDING OR CLUSTER,Representation Independence,"#18, #229, #767",HIGH,RESTATEMENT. Parent #18.
767,Spatial Ground Must Prefer Rule-Based Truth Over Exhaustive Enumeration Where Equivalent,DUPLICATE / NEAR-DUPLICATE,MERGE INTO STRONGER FINDING OR CLUSTER,Representation Independence,"#18, #230, #766",HIGH,"RESTATEMENT. Parent #18. States a representational preference, so it reaches Specification as guidance only (#298)."
768,Enumeration Must Not Become the Only Recoverable Form,DERIVED CONSEQUENCE,MERGE INTO STRONGER FINDING OR CLUSTER,Reconstruction and Recoverability,"#536, #19, #10",HIGH,Root parents #19 and #10 via #536: an enumeration is never the only surviving form.
769,Materialized Ground Must Remain Auditable Against Canon,DUPLICATE / NEAR-DUPLICATE,MERGE INTO STRONGER FINDING OR CLUSTER,Operational Non-Authority,"#532, #597, #541",HIGH,RESTATEMENT. Parent #19 via #532 and #597.
770,Spatial Ground Must Avoid Canonical Dependence on Enumeration Order,DUPLICATE / NEAR-DUPLICATE,MERGE INTO STRONGER FINDING OR CLUSTER,Canonical Equivalence,"#215, #214, #589",HIGH,INSTANCE. Parent #215: sequence of materialized locations.
771,Spatial Ground Must Avoid Canonical Dependence on Record Count,DERIVED CONSEQUENCE,MERGE INTO STRONGER FINDING OR CLUSTER,Operational Non-Authority,"#19, #214, #106",MEDIUM,"Root parent #19: record count says nothing about The World. Carries an ""unless the specification explicitly defines"" exception like #106."
772,Spatial Ground Must Avoid Canonical Dependence on Storage Density,DUPLICATE / NEAR-DUPLICATE,MERGE INTO STRONGER FINDING OR CLUSTER,Operational Non-Authority,"#236, #19, #773",HIGH,INSTANCE. Parent #19 via #236: dense or sparse storage.
773,Spatial Ground Must Avoid Canonical Dependence on Compression,DUPLICATE / NEAR-DUPLICATE,MERGE INTO STRONGER FINDING OR CLUSTER,Representation Independence,"#29, #211, #774",HIGH,INSTANCE. Parent #29: lossless compression.
774,Lossy Compression Must Never Become Authoritative,DUPLICATE / NEAR-DUPLICATE,MERGE INTO STRONGER FINDING OR CLUSTER,Operational Non-Authority,"#49, #63, #773",HIGH,"INSTANCE. Parent #19 via #49, which already lists compression."
775,Spatial Ground Must Be Reconstructable From a Minimal Authoritative Set,DUPLICATE / NEAR-DUPLICATE,MERGE INTO STRONGER FINDING OR CLUSTER,Reconstruction and Recoverability,"#542, #58, #537",HIGH,RESTATEMENT. Parent #542.
776,Minimality Must Be Demonstrated,DUPLICATE / NEAR-DUPLICATE,MERGE INTO STRONGER FINDING OR CLUSTER,Minimality and Semantic Restraint,"#140, #539, #267",HIGH,RESTATEMENT. Parent #140. METHODOLOGICAL: the removal test again.
777,Irreducible Ground Facts Must Be Explicit,DUPLICATE / NEAR-DUPLICATE,MERGE INTO STRONGER FINDING OR CLUSTER,Minimality and Semantic Restraint,"#539, #538, #540",HIGH,RESTATEMENT. Parent #58 via #538 and #539.
778,Irreducible Facts Must Be Few,DUPLICATE / NEAR-DUPLICATE,MERGE INTO STRONGER FINDING OR CLUSTER,Minimality and Semantic Restraint,"#540, #537, #58",HIGH,RESTATEMENT. Parent #58 via #537 and #540.
779,Irreducible Facts Must Be Stable,DERIVED CONSEQUENCE,MERGE INTO STRONGER FINDING OR CLUSTER,Change Control and Permanence,"#4, #142, #777",MEDIUM,Root parents #4 and #142: whatever is irreducible is expected to hold for the life of The World.
780,Irreducible Facts Must Be Independently Verifiable,DUPLICATE / NEAR-DUPLICATE,MERGE INTO STRONGER FINDING OR CLUSTER,No Hidden State / Self-Containment,"#648, #68, #777",HIGH,RESTATEMENT. Parent #27 via #68 and #648: verifiable without relying on institutional assertion.
781,Spatial Ground Must Distinguish Primitive From Derived Geometry,DUPLICATE / NEAR-DUPLICATE,MERGE INTO STRONGER FINDING OR CLUSTER,Minimality and Semantic Restraint,"#539, #234, #104",HIGH,"RESTATEMENT. Parent #58 via #234 and #539, applied to geometry."
782,Primitive Geometry Must Serve Membership,DUPLICATE / NEAR-DUPLICATE,MERGE INTO STRONGER FINDING OR CLUSTER,Layer Boundaries,"#25, #232, #783",HIGH,RESTATEMENT. Parent #25: geometry is canonical only as far as it serves membership.
783,Primitive Geometry Must Not Serve Appearance Alone,DUPLICATE / NEAR-DUPLICATE,MERGE INTO STRONGER FINDING OR CLUSTER,Layer Boundaries,"#25, #782, #784",HIGH,"RESTATEMENT. Parent #25, second half: appearance-only geometry belongs above."
784,Spatial Ground Must Resist Decorative Canon,DERIVED CONSEQUENCE,MERGE INTO STRONGER FINDING OR CLUSTER,Minimality and Semantic Restraint,"#20, #138, #783",HIGH,Root parents #20 and #58 via #138: becoming iconic is no ground for permanence.
785,Recognizable World Form Does Not Require Ground-Level Morphology,DERIVED CONSEQUENCE,MERGE INTO STRONGER FINDING OR CLUSTER,Interpretation Independence,"#318, #38, #51",MEDIUM,Root parent #20 via #38 and #318: recognizable form can live in higher interpretation. Leaves open how the exact World-space limit relates to the recognizable outline.
786,Spatial Ground Must Distinguish World Identity From World Appearance,DUPLICATE / NEAR-DUPLICATE,MERGE INTO STRONGER FINDING OR CLUSTER,Higher-Layer Independence,"#113, #493, #4",HIGH,RESTATEMENT. Parent #4 via #113.
787,Appearance Continuity Is Not Ground Continuity,DUPLICATE / NEAR-DUPLICATE,MERGE INTO STRONGER FINDING OR CLUSTER,Operational Non-Authority,"#704, #511, #561",HIGH,RESTATEMENT. Parent #19 via #511 and #704.
788,Spatial Ground Must Distinguish Shape Recognition From Exact Membership,DUPLICATE / NEAR-DUPLICATE,MERGE INTO STRONGER FINDING OR CLUSTER,Operational Non-Authority,"#50, #51, #16",HIGH,"RESTATEMENT. Parent #19 via #50, with #51."
789,Spatial Ground Must Preserve Exactness Beneath Stylization,DUPLICATE / NEAR-DUPLICATE,MERGE INTO STRONGER FINDING OR CLUSTER,Operational Non-Authority,"#49, #63, #790",HIGH,INSTANCE. Parent #19 via #49 and #63: stylized views.
790,Spatial Ground Must Preserve Exactness Beneath Simplification,DUPLICATE / NEAR-DUPLICATE,MERGE INTO STRONGER FINDING OR CLUSTER,Operational Non-Authority,"#49, #789, #791",HIGH,"INSTANCE. Parent #19 via #49, which already lists simplification."
791,Spatial Ground Must Preserve Exactness Beneath Level-of-Detail Systems,DUPLICATE / NEAR-DUPLICATE,MERGE INTO STRONGER FINDING OR CLUSTER,Operational Non-Authority,"#49, #235, #790",HIGH,INSTANCE. Parent #19 via #49: levels of detail.
792,Spatial Ground Must Be Independent of Zoom Level,DUPLICATE / NEAR-DUPLICATE,MERGE INTO STRONGER FINDING OR CLUSTER,Higher-Layer Independence,"#437, #110, #793",HIGH,INSTANCE. Parent #4 via #110 and #437: zoom.
793,Spatial Ground Must Be Independent of View Resolution,DUPLICATE / NEAR-DUPLICATE,MERGE INTO STRONGER FINDING OR CLUSTER,Higher-Layer Independence,"#437, #792, #794",HIGH,INSTANCE. Parent #4 via #437: display resolution.
794,Spatial Ground Must Be Independent of Device Capability,DUPLICATE / NEAR-DUPLICATE,MERGE INTO STRONGER FINDING OR CLUSTER,Independent Implementation,"#87, #360, #793",HIGH,RESTATEMENT. Parents #26 and #8 via #87 and #360.
795,Spatial Ground Must Permit Approximate Views Without Approximate Canon,DUPLICATE / NEAR-DUPLICATE,MERGE INTO STRONGER FINDING OR CLUSTER,Operational Non-Authority,"#63, #49, #800",HIGH,RESTATEMENT. Parent #19 via #63.
796,Spatial Ground Must Support Exact Escalation,IMPLEMENTATION / OPERATIONAL CANDIDATE,MOVE TO IMPLEMENTATION / OPERATIONS,Operational Non-Authority,"#52, #797, #62",MEDIUM,"Operational capability: an exact answer is always reachable when an approximate view is not enough. Presupposed by #15, stated here for clients."
797,Exact Resolution Must Be Authoritative Over Approximate Views,DUPLICATE / NEAR-DUPLICATE,MERGE INTO STRONGER FINDING OR CLUSTER,Single Canonical Truth,"#541, #594, #796",HIGH,RESTATEMENT. Parent #541.
798,Spatial Ground Must Not Allow Approximation to Become Sticky,DUPLICATE / NEAR-DUPLICATE,MERGE INTO STRONGER FINDING OR CLUSTER,Operational Non-Authority,"#533, #541, #797",HIGH,RESTATEMENT. Parent #19 via #533.
799,Spatial Ground Must Preserve Boundary Correctness Under Approximation,DERIVED CONSEQUENCE,MERGE INTO STRONGER FINDING OR CLUSTER,Exact Membership and Boundary Resolution,"#15, #63, #193",MEDIUM,Root parents #15 and #19 via #63: uncertainty near the limit is never shown as exact membership.
800,Spatial Ground Must Preserve a Clear Exact/Derived Divide,DERIVED CONSEQUENCE,MERGE INTO STRONGER FINDING OR CLUSTER,Operational Non-Authority,"#19, #49, #63",HIGH,"Root parents #19, #49 and #63. CONSOLIDATION SURVIVOR: one unmistakable divide between exact canonical Ground and everything derived from it."
801,Spatial Ground Must Distinguish Canonical World-Space From Derived Spatial Coverage,DUPLICATE / NEAR-DUPLICATE,MERGE INTO STRONGER FINDING OR CLUSTER,Runtime Independence,"#41, #120, #802",HIGH,INSTANCE. Parent #4 via #41: partial operational coverage. Tested for new content: none beyond #41 and #120.
802,Spatial Ground Must Distinguish Coverage From Completeness,DUPLICATE / NEAR-DUPLICATE,MERGE INTO STRONGER FINDING OR CLUSTER,Minimality and Semantic Restraint,"#749, #120, #801",HIGH,RESTATEMENT. Parent #30 via #749: implementation completeness is not World-space completeness.
803,Spatial Ground Must Support Sparse Implementations,DUPLICATE / NEAR-DUPLICATE,MERGE INTO STRONGER FINDING OR CLUSTER,Representation Independence,"#18, #120, #78",HIGH,"RESTATEMENT. Parent #18, with the partial-capability allowance of #120."
804,Sparse Implementation Must Not Create Spatial Gaps,DUPLICATE / NEAR-DUPLICATE,MERGE INTO STRONGER FINDING OR CLUSTER,Failure Semantics,"#251, #383, #808",HIGH,INSTANCE. Parent #251 via #383: unmaterialized is not absent.
805,Spatial Ground Must Support Progressive Loading Without Progressive Existence,DUPLICATE / NEAR-DUPLICATE,MERGE INTO STRONGER FINDING OR CLUSTER,Runtime Independence,"#41, #801, #834",HIGH,"INSTANCE. Parent #4 via #41, which already lists ""loaded""."
806,Spatial Ground Must Support Partial Replication Without Partial Canon,DERIVED CONSEQUENCE,MERGE INTO STRONGER FINDING OR CLUSTER,Single Canonical Truth,"#122, #124, #807",HIGH,Root parent #8 via #122 and #124: a node holding a subset takes part in a globally defined World-space.
807,Partial Replicas Must Declare Their Scope,DUPLICATE / NEAR-DUPLICATE,MERGE INTO STRONGER FINDING OR CLUSTER,Conformance and Validation,"#120, #806, #808",HIGH,INSTANCE. Parent #120: a partial replica distinguishes what it holds from the whole.
808,Partial Scope Must Not Alter Membership,DUPLICATE / NEAR-DUPLICATE,MERGE INTO STRONGER FINDING OR CLUSTER,Failure Semantics,"#251, #252, #807",MEDIUM,"INSTANCE. Parent #251. Names an ""out-of-scope"" outcome that #252 and #306 do not list by name; a reviewer may wish to add it to that outcome set."
809,Spatial Ground Must Distinguish Availability From Authority at Query Time,DUPLICATE / NEAR-DUPLICATE,MERGE INTO STRONGER FINDING OR CLUSTER,Operational Non-Authority,"#205, #254, #529",HIGH,RESTATEMENT. Parents #19 and #15 via #205 and #529: no fabricated answer when none is available.
810,Canonical Queries Must Preserve Result Semantics,IMPLEMENTATION / OPERATIONAL CANDIDATE,MOVE TO IMPLEMENTATION / OPERATIONS,Failure Semantics,"#252, #63, #384",HIGH,"FRAMEWORK MIRROR: carries #63 and #252 into Operations; a query result declares whether it is exact, cached, approximate, unavailable, invalid or non-authoritative."
811,Spatial Ground Must Permit Multiple Query Mechanisms,DUPLICATE / NEAR-DUPLICATE,MERGE INTO STRONGER FINDING OR CLUSTER,Representation Independence,"#77, #29, #812",HIGH,INSTANCE. Parent #29 via #77: query interfaces.
812,Query API Design Must Not Become Ground Architecture,DUPLICATE / NEAR-DUPLICATE,MERGE INTO STRONGER FINDING OR CLUSTER,Technology and Infrastructure Independence,"#81, #19, #342",HIGH,"INSTANCE. Parent #81: API form. Carries an ""unless explicitly standardized for interoperability"" allowance."
813,Spatial Ground Must Preserve Semantic Independence From API Version,DUPLICATE / NEAR-DUPLICATE,MERGE INTO STRONGER FINDING OR CLUSTER,Representation Independence,"#29, #859, #811",HIGH,INSTANCE. Parent #29: interface versions.
814,Spatial Ground Must Support Batch and Point Resolution Equally,DUPLICATE / NEAR-DUPLICATE,MERGE INTO STRONGER FINDING OR CLUSTER,Finite Expressibility and Determinism,"#589, #366, #815",HIGH,INSTANCE. Parents #26 and #27 via #589: batch versus point resolution.
815,Spatial Ground Must Support Deterministic Set Resolution,DUPLICATE / NEAR-DUPLICATE,MERGE INTO STRONGER FINDING OR CLUSTER,Finite Expressibility and Determinism,"#814, #589, #26",HIGH,RESTATEMENT. Parent #814.
816,Spatial Ground Must Preserve Membership Under Partitioned Computation,DUPLICATE / NEAR-DUPLICATE,MERGE INTO STRONGER FINDING OR CLUSTER,Operational Non-Authority,"#122, #366, #817",HIGH,RESTATEMENT. Parent #19 via #122.
817,Partition Boundaries Must Be Semantically Invisible,DERIVED CONSEQUENCE,MERGE INTO STRONGER FINDING OR CLUSTER,Operational Non-Authority,"#122, #79, #15",HIGH,"Root parents #15 and #19 via #122. New failure mode: gaps, overlaps or conflicting membership where implementation partitions meet. Local parent of #835-#838."
818,Spatial Ground Must Support Parallel Reconstruction,DUPLICATE / NEAR-DUPLICATE,MERGE INTO STRONGER FINDING OR CLUSTER,Independent Implementation,"#366, #816, #369",HIGH,INSTANCE. Parent #26 via #366: parallel reconstruction equals serial.
819,Spatial Ground Must Support Incremental Verification,CONFORMANCE / VALIDATION CANDIDATE,MOVE TO CONFORMANCE / VALIDATION,Conformance and Validation,"#820, #821, #628",HIGH,New scope condition: verification in parts is permitted only if integrity of the whole can also be established.
820,Partial Verification Must Not Imply Whole Verification,DUPLICATE / NEAR-DUPLICATE,MERGE INTO STRONGER FINDING OR CLUSTER,Conformance and Validation,"#120, #819, #628",HIGH,INSTANCE. Parent #120: a partial verification is never presented as whole.
821,Spatial Ground Must Support Whole-World Consistency Checks,CONFORMANCE / VALIDATION CANDIDATE,MOVE TO CONFORMANCE / VALIDATION,Connectedness and Topology,"#22, #121, #823",HIGH,"FRAMEWORK MIRROR: carries #21, #22 and #121 into Conformance. New: membership is checkable point by point, but some invariants are global and are not."
822,Local Correctness Must Compose Into Global Correctness,DUPLICATE / NEAR-DUPLICATE,MERGE INTO STRONGER FINDING OR CLUSTER,Single Canonical Truth,"#121, #122, #816",HIGH,RESTATEMENT. Parent #8 via #121 and #122.
823,Global Coherence Must Be Explicitly Testable,DUPLICATE / NEAR-DUPLICATE,MERGE INTO STRONGER FINDING OR CLUSTER,Connectedness and Topology,"#821, #22, #121",MEDIUM,"RESTATEMENT. Parent #821: names the failure mode, a World-scale violation hidden beneath locally correct results."
824,Spatial Ground Must Preserve Singular World Coherence,DUPLICATE / NEAR-DUPLICATE,MERGE INTO STRONGER FINDING OR CLUSTER,One World / Singular World-Space,"#21, #22, #676",HIGH,"RESTATEMENT. Parent #21. AUTHORITY: The Declaration for One World. ""Islands"" here means rival authorities, not enclosed geometry."
825,Connectedness Must Be Verified at the Correct Level,DERIVED CONSEQUENCE,MERGE INTO STRONGER FINDING OR CLUSTER,Connectedness and Topology,"#22, #826, #50",HIGH,"Root parents #22 and #19: connectedness is judged from the authoritative definition. Conditional (""where ... a canonical requirement""), consistent with #22's upstream source."
826,Parcel Contiguity Must Not Substitute for Ground Connectedness,DERIVED CONSEQUENCE,MERGE INTO STRONGER FINDING OR CLUSTER,Connectedness and Topology,"#825, #289, #180",HIGH,"Parent #825, with #6. AUTHORITY: The Codex owns Contiguity (#289). New cross-layer implication: cadastral contiguity is never proof of Ground connectedness."
827,Ground Connectedness Must Not Substitute for Parcel Contiguity,UPWARD HANDOFF / HIGHER-LAYER CONTRACT,MERGE INTO STRONGER FINDING OR CLUSTER,Connectedness and Topology,"#826, #738, #828",MEDIUM,"Parent #738: connected Ground does not guarantee cadastral contiguity. New cross-layer implication; its last sentence speaks for other layers, which #828 states more properly."
828,Spatial Ground Must Preserve Layer-Specific Topological Truth,LAYER BOUNDARY / EXCLUSION,MERGE INTO STRONGER FINDING OR CLUSTER,Connectedness and Topology,"#264, #826, #827",HIGH,AUTHORITY: cross-layer discipline; parent #264. CONSOLIDATION SURVIVOR: topological truth lives at the lowest layer that owns it and is never inferred across layers without derivation; fuses #825-#827.
829,Spatial Ground Must Not Overclaim Topology,DUPLICATE / NEAR-DUPLICATE,MERGE INTO STRONGER FINDING OR CLUSTER,Connectedness and Topology,"#96, #22, #830",HIGH,"RESTATEMENT. Parent #96. AUTHORITY: speaks of ""constitutionally required World continuity"", placing #22's source upstream."
830,Additional Topology Requires Independent Justification,DUPLICATE / NEAR-DUPLICATE,MERGE INTO STRONGER FINDING OR CLUSTER,Connectedness and Topology,"#97, #96, #829",HIGH,"RESTATEMENT. Parent #97: lists the unadopted properties (hole-freedom, convexity, genus, boundary count). Leaves the open question of #97 open."
831,Spatial Ground Must Distinguish Connectivity From Path Accessibility,DUPLICATE / NEAR-DUPLICATE,MERGE INTO STRONGER FINDING OR CLUSTER,Interpretation Independence,"#310, #22, #832",HIGH,INSTANCE. Parent #20 via #310: traversal between two connected locations is a higher-layer matter.
832,Spatial Ground Must Distinguish Connectivity From Adjacency,TERMINOLOGY / DOCUMENTATION CANDIDATE,MOVE TO TERMINOLOGY / DOCUMENTATION,Terminology Discipline,"#831, #289, #474",HIGH,AUTHORITY: The Codex owns Adjacency (#289). New terminological distinction: continuous connectedness is not discrete adjacency.
833,Spatial Ground Must Distinguish Continuity From Visual Seamlessness,DUPLICATE / NEAR-DUPLICATE,MERGE INTO STRONGER FINDING OR CLUSTER,Operational Non-Authority,"#787, #50, #835",HIGH,INSTANCE. Parent #19 via #787: visual seamlessness.
834,Spatial Ground Must Distinguish Continuity From Runtime Streaming,DUPLICATE / NEAR-DUPLICATE,MERGE INTO STRONGER FINDING OR CLUSTER,Runtime Independence,"#41, #238, #805",HIGH,INSTANCE. Parent #4 via #41 and #238: streaming chunks.
835,Spatial Ground Must Preserve Continuous Meaning Across Implementation Seams,DUPLICATE / NEAR-DUPLICATE,MERGE INTO STRONGER FINDING OR CLUSTER,Operational Non-Authority,"#817, #122, #836",HIGH,RESTATEMENT. Parent #817.
836,Spatial Ground Must Forbid Artificial World Seams,DUPLICATE / NEAR-DUPLICATE,MERGE INTO STRONGER FINDING OR CLUSTER,Operational Non-Authority,"#817, #79, #835",HIGH,RESTATEMENT. Parent #817.
837,Spatial Ground Must Support Seam Verification,CONFORMANCE / VALIDATION CANDIDATE,MOVE TO CONFORMANCE / VALIDATION,Testing and Adversarial Review,"#817, #193, #642",HIGH,FRAMEWORK MIRROR: carries #817 into testing; adjacent partitions agree exactly where their domains meet.
838,Seam Verification Must Include Boundary Precision,DUPLICATE / NEAR-DUPLICATE,MERGE INTO STRONGER FINDING OR CLUSTER,Testing and Adversarial Review,"#837, #193, #62",HIGH,"INSTANCE. Parent #837, with #62: seams tested at canonical precision, not by eye."
839,Spatial Ground Must Preserve Deterministic Set Boundaries,SPECIFICATION CANDIDATE,MOVE TO SPECIFICATION,Exact Membership and Boundary Resolution,"#16, #157, #841",HIGH,"Conditional (""if ... expressed as ... geometric sets""): exact semantics for union, intersection, exclusion and boundary."
840,Set Operations Must Not Depend on Library Convention,DUPLICATE / NEAR-DUPLICATE,MERGE INTO STRONGER FINDING OR CLUSTER,No Hidden State / Self-Containment,"#357, #839, #356",HIGH,INSTANCE. Parent #27 via #357: set-operation semantics of a geometry library.
841,Spatial Ground Must Define Inclusion Precedence Where Expressions Overlap,SPECIFICATION CANDIDATE,MOVE TO SPECIFICATION,Exact Membership and Boundary Resolution,"#839, #842, #61",HIGH,Whether overlapping expressions are allowed and how membership resolves.
842,Spatial Ground Must Define Exclusion Precedence Where Expressions Conflict,SPECIFICATION CANDIDATE,MOVE TO SPECIFICATION,Exact Membership and Boundary Resolution,"#841, #839, #97",HIGH,"Precedence where inclusion and exclusion meet. Presupposes exclusion expressions, which touches the open question of #97 without deciding it."
843,Record Order Must Not Resolve Spatial Conflict Unless Normatively Defined,DUPLICATE / NEAR-DUPLICATE,MERGE INTO STRONGER FINDING OR CLUSTER,Canonical Equivalence,"#215, #770, #842",HIGH,INSTANCE. Parent #215: a later record does not override by position alone.
844,Spatial Ground Should Prefer Conflict-Free Canonical Expression,SPECIFICATION CANDIDATE,MOVE TO SPECIFICATION,Minimality and Semantic Restraint,"#378, #841, #59",MEDIUM,"Design guidance (""where practical""): prefer forms that cannot express contradictory membership; applies #59 and #378."
845,Canonical Ground Should Be Declarative Where Possible,SPECIFICATION CANDIDATE,MOVE TO SPECIFICATION,Reconstruction and Recoverability,"#44, #846, #850",MEDIUM,"Design guidance (""where possible""): a definition that states what World-space is, not a sequence to be replayed; applies #44."
846,Procedural Construction Must Collapse Into Stable Truth,DERIVED CONSEQUENCE,MERGE INTO STRONGER FINDING OR CLUSTER,Reconstruction and Recoverability,"#44, #845, #18",HIGH,Root parent #44: the result of any construction process is preservable without the process.
847,Historical Construction Sequence Must Not Be Required for Ordinary Resolution,DUPLICATE / NEAR-DUPLICATE,MERGE INTO STRONGER FINDING OR CLUSTER,Reconstruction and Recoverability,"#44, #409, #846",HIGH,RESTATEMENT. Parent #44.
848,Event Sourcing Must Not Be Mandatory for Ground Existence,DUPLICATE / NEAR-DUPLICATE,MERGE INTO STRONGER FINDING OR CLUSTER,Reconstruction and Recoverability,"#44, #81, #847",HIGH,"INSTANCE. Parent #44, with #81: event logs."
849,Spatial Ground Must Distinguish Provenance Replay From Spatial Reconstruction,DUPLICATE / NEAR-DUPLICATE,MERGE INTO STRONGER FINDING OR CLUSTER,Historical Traceability,"#409, #44, #681",HIGH,RESTATEMENT. Parents #44 and #409: replay explains how; reconstruction determines what.
850,Spatial Ground Must Favor Stable State Over Permanent Procedural Dependency,DUPLICATE / NEAR-DUPLICATE,MERGE INTO STRONGER FINDING OR CLUSTER,Reconstruction and Recoverability,"#845, #44, #542",HIGH,RESTATEMENT. Parent #44 via #845.
851,Spatial Ground Must Distinguish Stable State From Mutable State,DUPLICATE / NEAR-DUPLICATE,MERGE INTO STRONGER FINDING OR CLUSTER,Operational Non-Authority,"#201, #596, #852",HIGH,RESTATEMENT. Parent #19 via #201.
852,Mutable Operational State Must Never Be the Sole Canonical Source,DUPLICATE / NEAR-DUPLICATE,MERGE INTO STRONGER FINDING OR CLUSTER,Operational Non-Authority,"#768, #531, #19",HIGH,INSTANCE. Parent #19 via #531 and #768: a mutable database.
853,Spatial Ground Must Resist Accidental Mutation,DERIVED CONSEQUENCE,MERGE INTO STRONGER FINDING OR CLUSTER,Change Control and Permanence,"#685, #682, #856",HIGH,"Root parents #396 and #398 via #685. FRAMEWORK MIRROR: carries #685 into Operations. FOUNDATIONAL AUTHORITY GAP: refers to ""the explicit governance required for foundational change""."
854,Spatial Ground Must Distinguish Editing From Redefinition,DUPLICATE / NEAR-DUPLICATE,MERGE INTO STRONGER FINDING OR CLUSTER,Change Control and Permanence,"#396, #136, #855",HIGH,RESTATEMENT. Parent #29 via #136 and #396.
855,Spatial Ground Must Distinguish Maintenance From Mutation,DUPLICATE / NEAR-DUPLICATE,MERGE INTO STRONGER FINDING OR CLUSTER,Change Control and Permanence,"#135, #659, #857",HIGH,RESTATEMENT. Parent #135.
856,Spatial Ground Must Make Canonical Mutation Exceptional,DUPLICATE / NEAR-DUPLICATE,MERGE INTO STRONGER FINDING OR CLUSTER,Change Control and Permanence,"#684, #682, #132",HIGH,"RESTATEMENT. Parent #682 via #684. FOUNDATIONAL AUTHORITY GAP: presumes an operation ""capable of changing canonical World membership"" exists and asks only that it be exceptional."
857,Routine Administration Must Not Move The World,DUPLICATE / NEAR-DUPLICATE,MERGE INTO STRONGER FINDING OR CLUSTER,Change Control and Permanence,"#855, #240, #603",HIGH,"RESTATEMENT. Parent #855, with an itemized list of routine operations."
858,Spatial Ground Must Survive Operational Rollback,DERIVED CONSEQUENCE,MERGE INTO STRONGER FINDING OR CLUSTER,Operational Non-Authority,"#19, #660, #859",HIGH,"Root parent #19, with #660. New failure mode: rolling software back must not roll canon back."
859,Software Version Must Not Determine World Version,DUPLICATE / NEAR-DUPLICATE,MERGE INTO STRONGER FINDING OR CLUSTER,Representation Independence,"#189, #29, #813",HIGH,INSTANCE. Parent #29 via #189: software releases.
860,Spatial Ground Must Survive Blue-Green Deployment,DUPLICATE / NEAR-DUPLICATE,MERGE INTO STRONGER FINDING OR CLUSTER,Independent Implementation,"#26, #125, #861",HIGH,INSTANCE. Parent #26: parallel deployment environments.
861,Spatial Ground Must Survive Distributed Upgrade,DUPLICATE / NEAR-DUPLICATE,MERGE INTO STRONGER FINDING OR CLUSTER,Independent Implementation,"#26, #860, #393",HIGH,INSTANCE. Parent #26: mixed versions during upgrade.
862,Spatial Ground Must Preserve Canon During Migration Windows,IMPLEMENTATION / OPERATIONAL CANDIDATE,MOVE TO IMPLEMENTATION / OPERATIONS,Single Canonical Truth,"#8, #861, #864",MEDIUM,New failure mode under #8: intermediate migration states surfacing as conflicting canon. Operational in nature.
863,Spatial Ground Must Have Atomic Normative Transition Where Meaning Changes,INSTITUTIONAL / GOVERNANCE CANDIDATE,MOVE TO GOVERNANCE / INSTITUTIONAL FRAMEWORK,Change Control and Permanence,"#677, #394, #682",HIGH,"New: any meaning-affecting transition is single and unambiguous, never an indefinite mixed state. AUTHORITY GAP: ""formally authorized"". FOUNDATIONAL AUTHORITY GAP: assumes such a transition can be authorized."
864,Compatible Migration Must Require No Spatial Transition,DUPLICATE / NEAR-DUPLICATE,MERGE INTO STRONGER FINDING OR CLUSTER,Representation Independence,"#865, #29, #210",HIGH,RESTATEMENT. Parent #29 via #865.
865,Spatial Ground Must Distinguish Data Migration From Spatial Change,DUPLICATE / NEAR-DUPLICATE,MERGE INTO STRONGER FINDING OR CLUSTER,Representation Independence,"#29, #208, #864",HIGH,RESTATEMENT. Parent #29 via #208.
866,Spatial Ground Must Distinguish Precision Representation From Precision Meaning,DUPLICATE / NEAR-DUPLICATE,MERGE INTO STRONGER FINDING OR CLUSTER,Precision and Refinement,"#244, #247, #245",MEDIUM,"RESTATEMENT. Parent #244 via #247. AUTHORITY: FSF refinement. Its ""same place more exactly under already-governed rules"" bears on the reserved tension of #245 and is left unresolved here."
867,More Data Does Not Necessarily Mean More Canon,DUPLICATE / NEAR-DUPLICATE,MERGE INTO STRONGER FINDING OR CLUSTER,Operational Non-Authority,"#271, #270, #868",HIGH,RESTATEMENT. Parent #19 via #270 and #271.
868,Less Data Does Not Necessarily Mean Less Canon,DUPLICATE / NEAR-DUPLICATE,MERGE INTO STRONGER FINDING OR CLUSTER,Representation Independence,"#542, #18, #867",HIGH,RESTATEMENT. Parents #18 and #542: compact is complete if reconstruction is exact.
869,Compression of Meaning Must Be Lossless,DUPLICATE / NEAR-DUPLICATE,MERGE INTO STRONGER FINDING OR CLUSTER,Representation Independence,"#773, #49, #868",HIGH,RESTATEMENT. Parent #29 via #773.
870,Spatial Ground Must Distinguish Canonical Sufficiency From Verbosity,DUPLICATE / NEAR-DUPLICATE,MERGE INTO STRONGER FINDING OR CLUSTER,Minimality and Semantic Restraint,"#867, #868, #58",HIGH,RESTATEMENT. Parents #867 and #868 taken together. METHODOLOGICAL evaluation criterion.
871,Spatial Ground Must Prefer Semantic Compression,DUPLICATE / NEAR-DUPLICATE,MERGE INTO STRONGER FINDING OR CLUSTER,Minimality and Semantic Restraint,"#767, #230, #537",HIGH,"RESTATEMENT. Parent #18 via #230 and #767. Adds a rationale (smaller basis, smaller preservation burden); still a representational preference."
872,Semantic Compression Must Remain Transparent,DUPLICATE / NEAR-DUPLICATE,MERGE INTO STRONGER FINDING OR CLUSTER,Minimality and Semantic Restraint,"#873, #68, #689",HIGH,RESTATEMENT. Parent #873.
873,Spatial Ground Must Balance Minimality and Auditability,DERIVED CONSEQUENCE,MERGE INTO STRONGER FINDING OR CLUSTER,Minimality and Semantic Restraint,"#58, #68, #689",HIGH,Root parents #58 and #68: minimality is bounded by auditability. Settles how the two pull against each other.
874,Spatial Ground Must Prefer Minimal Sufficient Complexity,DERIVED CONSEQUENCE,MERGE INTO STRONGER FINDING OR CLUSTER,Minimality and Semantic Restraint,"#873, #690, #691",HIGH,"Root parents #58, #68 and #15. CONSOLIDATION SURVIVOR: no more complexity than exactness, permanence, determinism, reconstructability and auditability require; fuses #690, #691 and #873. METHODOLOGICAL."
875,Spatial Ground Must Expose Its Canonical Invariants,SPECIFICATION CANDIDATE,MOVE TO SPECIFICATION,Conformance and Validation,"#876, #884, #647",HIGH,The Specification states its invariants explicitly. CONSOLIDATION SURVIVOR: with #876-#883 it forms the corpus's own eight-item invariant list.
876,Invariants Must Include World Membership Stability,DUPLICATE / NEAR-DUPLICATE,MERGE INTO STRONGER FINDING OR CLUSTER,Change Control and Permanence,"#4, #26, #29",HIGH,"RESTATEMENT. Parents #4, #26 and #29: membership stability."
877,Invariants Must Include Survey Correspondence,DUPLICATE / NEAR-DUPLICATE,MERGE INTO STRONGER FINDING OR CLUSTER,Canonical Placement,"#46, #563, #12",HIGH,RESTATEMENT. Parent #46: Survey correspondence. AUTHORITY: the reference is FSF's.
878,Invariants Must Include One-World Coherence,DUPLICATE / NEAR-DUPLICATE,MERGE INTO STRONGER FINDING OR CLUSTER,One World / Singular World-Space,"#21, #824, #8",HIGH,RESTATEMENT. Parent #21: one-World coherence. AUTHORITY: The Declaration.
879,Invariants Must Include Deterministic Boundary Resolution,DUPLICATE / NEAR-DUPLICATE,MERGE INTO STRONGER FINDING OR CLUSTER,Exact Membership and Boundary Resolution,"#16, #15, #115",HIGH,RESTATEMENT. Parent #15 via #16: deterministic boundary resolution.
880,Invariants Must Include Independence From Higher Layers,DUPLICATE / NEAR-DUPLICATE,MERGE INTO STRONGER FINDING OR CLUSTER,Higher-Layer Independence,"#4, #178, #735",HIGH,RESTATEMENT. Parent #4: independence from higher layers.
881,Invariants Must Include Reconstructability,DUPLICATE / NEAR-DUPLICATE,MERGE INTO STRONGER FINDING OR CLUSTER,Reconstruction and Recoverability,"#10, #44, #542",HIGH,RESTATEMENT. Parent #10: reconstructability.
882,Invariants Must Include Representation Independence,DUPLICATE / NEAR-DUPLICATE,MERGE INTO STRONGER FINDING OR CLUSTER,Representation Independence,"#29, #77, #447",HIGH,RESTATEMENT. Parent #29: representation independence.
883,Invariants Must Include Architectural Minimality,DUPLICATE / NEAR-DUPLICATE,MERGE INTO STRONGER FINDING OR CLUSTER,Minimality and Semantic Restraint,"#20, #30, #417",HIGH,RESTATEMENT. Parents #20 and #30: architectural minimality.
884,Spatial Ground Must Make Invariants Testable,DUPLICATE / NEAR-DUPLICATE,MERGE INTO STRONGER FINDING OR CLUSTER,Conformance and Validation,"#647, #64, #875",HIGH,RESTATEMENT. Parent #647.
885,Spatial Ground Must Distinguish Invariants From Implementation Guarantees,DERIVED CONSEQUENCE,MERGE INTO STRONGER FINDING OR CLUSTER,Minimality and Semantic Restraint,"#20, #19, #886",HIGH,"Root parents #19 and #20: performance, uptime and rendering quality are implementation guarantees, not spatial invariants."
886,Spatial Ground Must Distinguish Necessary Invariants From Desirable Qualities,DUPLICATE / NEAR-DUPLICATE,MERGE INTO STRONGER FINDING OR CLUSTER,Minimality and Semantic Restraint,"#139, #137, #885",HIGH,RESTATEMENT. Parent #58 via #137 and #139. METHODOLOGICAL.
887,Spatial Ground Must Avoid Accidental Invariants,DERIVED CONSEQUENCE,MERGE INTO STRONGER FINDING OR CLUSTER,Minimality and Semantic Restraint,"#499, #80, #888",HIGH,Root parents #19 (via #499) and #80. New failure mode: a trait shared by every early implementation is mistaken for a permanent property. METHODOLOGICAL.
888,Spatial Ground Must Challenge Every Apparent Invariant,DUPLICATE / NEAR-DUPLICATE,MERGE INTO STRONGER FINDING OR CLUSTER,Minimality and Semantic Restraint,"#776, #140, #887",HIGH,RESTATEMENT. Parent #140 via #776. METHODOLOGICAL.
889,Spatial Ground Must Preserve Only Demonstrated Permanence,DUPLICATE / NEAR-DUPLICATE,MERGE INTO STRONGER FINDING OR CLUSTER,Minimality and Semantic Restraint,"#139, #58, #779",HIGH,RESTATEMENT. Parent #58 via #139. METHODOLOGICAL.
890,Spatial Ground Must Distinguish Permanence From Immutability of Representation,DUPLICATE / NEAR-DUPLICATE,MERGE INTO STRONGER FINDING OR CLUSTER,Representation Independence,"#447, #29, #71",HIGH,RESTATEMENT. Parent #29 via #447.
891,Spatial Ground Must Distinguish Permanence From Inflexibility Above,DUPLICATE / NEAR-DUPLICATE,MERGE INTO STRONGER FINDING OR CLUSTER,Minimality and Semantic Restraint,"#143, #422, #892",HIGH,RESTATEMENT. Parent #143.
892,Spatial Ground Must Preserve Change Budget Above It,DUPLICATE / NEAR-DUPLICATE,MERGE INTO STRONGER FINDING OR CLUSTER,Minimality and Semantic Restraint,"#143, #891, #481",HIGH,RESTATEMENT. Parent #143.
893,Every Ground Commitment Consumes Future Freedom,DUPLICATE / NEAR-DUPLICATE,MERGE INTO STRONGER FINDING OR CLUSTER,Change Control and Permanence,"#424, #142, #267",HIGH,RESTATEMENT. Parent #142 via #424: supplies the reason behind the higher burden. AUTHORITY: cross-layer discipline. METHODOLOGICAL.
894,Spatial Ground Must Treat Permanence as a Cost,HISTORICAL REASONING ONLY,PRESERVE AS HISTORICAL REASONING ONLY,Change Control and Permanence,"#893, #142, #895",HIGH,"METHODOLOGICAL: permanence viewed as a cost. Rationale for #142, with no obligation of its own."
895,Spatial Ground Must Minimize Future Architectural Debt,DUPLICATE / NEAR-DUPLICATE,MERGE INTO STRONGER FINDING OR CLUSTER,Technology and Infrastructure Independence,"#80, #894, #138",HIGH,RESTATEMENT. Parent #80: present-day preferences embedded too deeply. METHODOLOGICAL.
896,Spatial Ground Must Preserve Unknown Future Optionality,DUPLICATE / NEAR-DUPLICATE,MERGE INTO STRONGER FINDING OR CLUSTER,Minimality and Semantic Restraint,"#139, #481, #897",HIGH,RESTATEMENT. Parents #58 and #20 via #139 and #481. METHODOLOGICAL.
897,Deferral Can Be Architecturally Correct,DUPLICATE / NEAR-DUPLICATE,MERGE INTO STRONGER FINDING OR CLUSTER,Minimality and Semantic Restraint,"#896, #139, #898",HIGH,RESTATEMENT. Parent #896. METHODOLOGICAL: leaving a higher-layer question open can be correct.
898,Spatial Ground Must Distinguish Required Closure From Premature Closure,DUPLICATE / NEAR-DUPLICATE,MERGE INTO STRONGER FINDING OR CLUSTER,Inquiry Method and Framework Sequencing,"#430, #429, #896",HIGH,RESTATEMENT. Parents #429 and #430. METHODOLOGICAL.
899,Spatial Ground Must Reach Closure Through Exclusion as Well as Inclusion,DUPLICATE / NEAR-DUPLICATE,MERGE INTO STRONGER FINDING OR CLUSTER,Layer Boundaries,"#548, #266, #293",HIGH,RESTATEMENT. Parents #20 and #30 via #266 and #548. METHODOLOGICAL.
900,Spatial Ground Must Preserve the Minimum Permanent World-Space Contract,DUPLICATE / NEAR-DUPLICATE,MERGE INTO STRONGER FINDING OR CLUSTER,Core World-Space Membership,"#412, #150, #141",HIGH,RESTATEMENT. Parents #1 and #58 via #150 and #412. Fifth one-sentence statement of the layer; #412 remains the closest match to the governing definition.
901,Spatial Ground Must Distinguish Permanent Contract From Implementation Profile,CONFORMANCE / VALIDATION CANDIDATE,MOVE TO CONFORMANCE / VALIDATION,Conformance and Validation,"#86, #902, #906",HIGH,New scope: introduces implementation profiles as a level below the permanent contract; #86 spoke only of a core with optional capability above it.
902,Implementation Profiles Must Remain Conformant Subsets,CONFORMANCE / VALIDATION CANDIDATE,MOVE TO CONFORMANCE / VALIDATION,Conformance and Validation,"#901, #407, #86",HIGH,New precedence rule: a profile may narrow technology or representation but stays subordinate to the canonical Specification.
903,Profiles Must Not Create Alternate Ground,DUPLICATE / NEAR-DUPLICATE,MERGE INTO STRONGER FINDING OR CLUSTER,Independent Implementation,"#87, #26, #902",HIGH,"INSTANCE. Parents #26 and #8 via #87: two profiles, one World-space."
904,Spatial Ground Must Support Future Profiles,DUPLICATE / NEAR-DUPLICATE,MERGE INTO STRONGER FINDING OR CLUSTER,Technology and Infrastructure Independence,"#239, #81, #901",HIGH,INSTANCE. Parent #81 via #239: profiles for technology not yet invented.
905,Profile-Specific Constraints Must Be Explicitly Non-Canonical,DUPLICATE / NEAR-DUPLICATE,MERGE INTO STRONGER FINDING OR CLUSTER,Minimality and Semantic Restraint,"#887, #19, #901",HIGH,INSTANCE. Parent #19 via #887: a profile's limitation mistaken for a universal property.
906,Spatial Ground Must Distinguish Core Conformance From Profile Conformance,CONFORMANCE / VALIDATION CANDIDATE,MOVE TO CONFORMANCE / VALIDATION,Conformance and Validation,"#901, #86, #120",HIGH,"New distinction between two conformance claims: to the core Specification, and to a profile."
907,Spatial Ground Must Preserve One Canonical Conformance Core,DUPLICATE / NEAR-DUPLICATE,MERGE INTO STRONGER FINDING OR CLUSTER,Conformance and Validation,"#86, #191, #906",HIGH,RESTATEMENT. Parent #86.
908,Optional Capability Must Not Alter Core Semantics,DUPLICATE / NEAR-DUPLICATE,MERGE INTO STRONGER FINDING OR CLUSTER,Independent Implementation,"#87, #86, #911",HIGH,RESTATEMENT. Parents #8 and #19 via #87.
909,Spatial Ground Must Support Minimal Implementations,DUPLICATE / NEAR-DUPLICATE,MERGE INTO STRONGER FINDING OR CLUSTER,Conformance and Validation,"#86, #627, #910",HIGH,"RESTATEMENT. Parent #86, with #627."
910,Minimal Implementations Must Still Be Fully Correct,DUPLICATE / NEAR-DUPLICATE,MERGE INTO STRONGER FINDING OR CLUSTER,Independent Implementation,"#87, #909, #912",HIGH,RESTATEMENT. Parent #87.
911,Spatial Ground Must Support Rich Implementations Without Semantic Expansion,DUPLICATE / NEAR-DUPLICATE,MERGE INTO STRONGER FINDING OR CLUSTER,Operational Non-Authority,"#271, #87, #908",HIGH,RESTATEMENT. Parent #19 via #87 and #271.
912,Spatial Ground Must Distinguish Capability From Authority,DUPLICATE / NEAR-DUPLICATE,MERGE INTO STRONGER FINDING OR CLUSTER,Independent Implementation,"#87, #914, #916",HIGH,RESTATEMENT. Parent #87.
913,Spatial Ground Must Distinguish Performance From Correctness,DUPLICATE / NEAR-DUPLICATE,MERGE INTO STRONGER FINDING OR CLUSTER,Independent Implementation,"#87, #433, #912",HIGH,INSTANCE. Parent #87: speed.
914,Spatial Ground Must Distinguish Scale From Authority,DUPLICATE / NEAR-DUPLICATE,MERGE INTO STRONGER FINDING OR CLUSTER,Independent Implementation,"#87, #507, #912",HIGH,"INSTANCE. Parent #87, with #507: scale of use."
915,Spatial Ground Must Distinguish Institutional Weight From Spatial Truth,DUPLICATE / NEAR-DUPLICATE,MERGE INTO STRONGER FINDING OR CLUSTER,Institutional Authority and Adoption,"#453, #648, #914",HIGH,"INSTANCE. Parents #8 and #19 via #453: prestige, funding and influence."
916,Spatial Ground Must Preserve Equal Semantic Standing Among Conforming Implementations,DUPLICATE / NEAR-DUPLICATE,MERGE INTO STRONGER FINDING OR CLUSTER,Independent Implementation,"#87, #67, #912",HIGH,RESTATEMENT. Parents #26 and #19 via #67 and #87.
917,Spatial Ground Must Support Independent Public Verification,DUPLICATE / NEAR-DUPLICATE,MERGE INTO STRONGER FINDING OR CLUSTER,No Hidden State / Self-Containment,"#223, #68, #919",HIGH,RESTATEMENT. Parents #27 and #26 via #68 and #223.
918,Spatial Ground Must Support Reproducible Demonstration,DUPLICATE / NEAR-DUPLICATE,MERGE INTO STRONGER FINDING OR CLUSTER,Independent Implementation,"#224, #223, #931",HIGH,RESTATEMENT. Parent #26 via #224.
919,Spatial Ground Must Permit Third-Party Validators,DUPLICATE / NEAR-DUPLICATE,MERGE INTO STRONGER FINDING OR CLUSTER,Independent Implementation,"#223, #631, #917",HIGH,RESTATEMENT. Parent #26 via #223 and #631.
920,Validator Diversity Should Strengthen Confidence,DERIVED CONSEQUENCE,MERGE INTO STRONGER FINDING OR CLUSTER,Independent Implementation,"#645, #524, #973",MEDIUM,Parents #524 and #645: agreement among independent validators is evidence of a clear Specification. METHODOLOGICAL.
921,"Validator Agreement Is Evidence, Not Authority",DUPLICATE / NEAR-DUPLICATE,MERGE INTO STRONGER FINDING OR CLUSTER,Operational Non-Authority,"#352, #499, #404",HIGH,INSTANCE. Parent #19 via #352 and #499: validator agreement is evidence and does not outrank the Specification.
922,Spatial Ground Must Support Formal Proof Where Practical,CONFORMANCE / VALIDATION CANDIDATE,MOVE TO CONFORMANCE / VALIDATION,Conformance and Validation,"#875, #949, #64",HIGH,"New validation method: mathematical proof of canonical properties where practical, alongside testing."
923,Proof Must Not Replace Conformance Testing Entirely,DERIVED CONSEQUENCE,MERGE INTO STRONGER FINDING OR CLUSTER,Conformance and Validation,"#922, #924, #949",HIGH,Parents #922 and #924: proof complements tests because a sound model can still be implemented wrongly.
924,Spatial Ground Must Distinguish Model Correctness From Implementation Correctness,CONFORMANCE / VALIDATION CANDIDATE,MOVE TO CONFORMANCE / VALIDATION,Conformance and Validation,"#922, #925, #926",HIGH,New failure-state distinction: a wrong model and a wrong implementation are different defects and are reviewed separately. Local parent of #923 and #925-#927.
925,Spatial Ground Must Support Model-Level Review,DUPLICATE / NEAR-DUPLICATE,MERGE INTO STRONGER FINDING OR CLUSTER,Conformance and Validation,"#924, #26, #68",HIGH,INSTANCE. Parent #924: review of the model apart from any software.
926,Spatial Ground Must Support Implementation-Level Review,DUPLICATE / NEAR-DUPLICATE,MERGE INTO STRONGER FINDING OR CLUSTER,Conformance and Validation,"#924, #191, #925",HIGH,INSTANCE. Parent #924: review of implementation fidelity.
927,Spatial Ground Must Support Artifact-Level Review,DUPLICATE / NEAR-DUPLICATE,MERGE INTO STRONGER FINDING OR CLUSTER,Conformance and Validation,"#924, #657, #729",HIGH,"INSTANCE. Parent #924: review of artifacts. AUTHORITY GAP: ""correct institutional status"" presumes a body that confers it."
928,Spatial Ground Must Support End-to-End Review,DUPLICATE / NEAR-DUPLICATE,MERGE INTO STRONGER FINDING OR CLUSTER,Constitutional Subordination,"#291, #292, #293",HIGH,"RESTATEMENT. Parents #291-#293. CONSOLIDATION SURVIVOR: one audit chain from constitutional constraint through Survey input, Ground definition, implementation and validation to handoff. METHODOLOGICAL."
929,Spatial Ground Must Preserve Traceability of Requirement Satisfaction,INSTITUTIONAL / GOVERNANCE CANDIDATE,MOVE TO GOVERNANCE / INSTITUTIONAL FRAMEWORK,Inquiry Method and Framework Sequencing,"#414, #930, #931",HIGH,AUTHORITY: framework discipline. METHODOLOGICAL: each Requirement traces to the Specification rule that satisfies it. Local parent of #930 and #931.
930,Spatial Ground Must Preserve Traceability of Conformance Tests,DUPLICATE / NEAR-DUPLICATE,MERGE INTO STRONGER FINDING OR CLUSTER,Inquiry Method and Framework Sequencing,"#929, #932, #191",HIGH,INSTANCE. Parent #929: tests trace to requirement and rule.
931,Spatial Ground Must Preserve Traceability of Reference Vectors,DUPLICATE / NEAR-DUPLICATE,MERGE INTO STRONGER FINDING OR CLUSTER,Inquiry Method and Framework Sequencing,"#929, #405, #930",HIGH,INSTANCE. Parent #929: each Reference Vector names the behavior it demonstrates.
932,Spatial Ground Must Avoid Orphaned Tests,DUPLICATE / NEAR-DUPLICATE,MERGE INTO STRONGER FINDING OR CLUSTER,Inquiry Method and Framework Sequencing,"#404, #405, #930",HIGH,RESTATEMENT. Parents #404 and #405: a test with no governing rule creates no behavior.
933,Spatial Ground Must Avoid Untested Normative Rules,CONFORMANCE / VALIDATION CANDIDATE,MOVE TO CONFORMANCE / VALIDATION,Conformance and Validation,"#930, #191, #934",HIGH,"New coverage obligation in the other direction: every machine-testable normative rule has a test (""where practical"")."
934,Spatial Ground Must Identify Non-Testable Normative Claims,CONFORMANCE / VALIDATION CANDIDATE,MOVE TO CONFORMANCE / VALIDATION,Conformance and Validation,"#933, #884, #922",HIGH,New scope condition: a requirement that cannot be tested directly still states how it is validated.
935,Spatial Ground Must Support Requirements Coverage Analysis,INSTITUTIONAL / GOVERNANCE CANDIDATE,MOVE TO GOVERNANCE / INSTITUTIONAL FRAMEWORK,Inquiry Method and Framework Sequencing,"#429, #550, #933",HIGH,"METHODOLOGICAL: pre-establishment check that every requirement is satisfied, tested, justified or explicitly deferred. AUTHORITY GAP: ""before institutional establishment""."
936,Spatial Ground Must Support Contradiction Analysis,DUPLICATE / NEAR-DUPLICATE,MERGE INTO STRONGER FINDING OR CLUSTER,Inquiry Method and Framework Sequencing,"#294, #60, #937",HIGH,"INSTANCE. Parent #294, which already lists contradictions. METHODOLOGICAL: a task of this audit."
937,Spatial Ground Must Support Dependency Analysis,DUPLICATE / NEAR-DUPLICATE,MERGE INTO STRONGER FINDING OR CLUSTER,Inquiry Method and Framework Sequencing,"#294, #466, #939",HIGH,"INSTANCE. Parent #294, which already lists dependencies. METHODOLOGICAL."
938,Spatial Ground Must Support Redundancy Analysis,DUPLICATE / NEAR-DUPLICATE,MERGE INTO STRONGER FINDING OR CLUSTER,Inquiry Method and Framework Sequencing,"#294, #296, #942",HIGH,"INSTANCE. Parent #294, which already lists duplicates. METHODOLOGICAL."
939,Spatial Ground Must Support Implication Analysis,DUPLICATE / NEAR-DUPLICATE,MERGE INTO STRONGER FINDING OR CLUSTER,Inquiry Method and Framework Sequencing,"#294, #539, #940",HIGH,"INSTANCE. Parent #294 (derived consequences), with #539. METHODOLOGICAL."
940,Spatial Ground Must Support Necessity Analysis,DUPLICATE / NEAR-DUPLICATE,MERGE INTO STRONGER FINDING OR CLUSTER,Inquiry Method and Framework Sequencing,"#140, #776, #414",HIGH,"RESTATEMENT. Parent #140. METHODOLOGICAL: this audit's Special Audit Question, nearly word for word."
941,Requirements Without Demonstrable Necessity Should Be Rejected,DUPLICATE / NEAR-DUPLICATE,MERGE INTO STRONGER FINDING OR CLUSTER,Inquiry Method and Framework Sequencing,"#415, #940, #267",HIGH,RESTATEMENT. Parent #414 via #415. METHODOLOGICAL.
942,Spatial Ground Must Not Preserve Findings by Sentiment,DUPLICATE / NEAR-DUPLICATE,MERGE INTO STRONGER FINDING OR CLUSTER,Inquiry Method and Framework Sequencing,"#295, #296, #941",HIGH,"RESTATEMENT. Parents #295 and #296. METHODOLOGICAL: Findings are evidence of inquiry, free to be merged or discarded."
943,Spatial Ground Must Preserve Findings Historically,DUPLICATE / NEAR-DUPLICATE,MERGE INTO STRONGER FINDING OR CLUSTER,Historical Traceability,"#408, #699, #295",HIGH,RESTATEMENT. Parent #408. Names the Journal as the home of the Creator record. METHODOLOGICAL.
944,Historical Preservation Must Not Inflate Normative Burden,DUPLICATE / NEAR-DUPLICATE,MERGE INTO STRONGER FINDING OR CLUSTER,Historical Traceability,"#409, #296, #400",HIGH,RESTATEMENT. Parents #296 and #409. METHODOLOGICAL.
945,Spatial Ground Requirements Must Be Finite,INSTITUTIONAL / GOVERNANCE CANDIDATE,MOVE TO GOVERNANCE / INSTITUTIONAL FRAMEWORK,Inquiry Method and Framework Sequencing,"#296, #28, #946",HIGH,"FRAMEWORK MIRROR: carries the finiteness of #28 into the Requirements set (finite, bounded, reviewable). METHODOLOGICAL; matches a governing principle of this audit."
946,Spatial Ground Specification Must Be Finite,DUPLICATE / NEAR-DUPLICATE,MERGE INTO STRONGER FINDING OR CLUSTER,Finite Expressibility and Determinism,"#28, #945, #612",HIGH,RESTATEMENT. Parent #28.
947,Spatial Ground Conformance Must Be Finite in Obligation,CONFORMANCE / VALIDATION CANDIDATE,MOVE TO CONFORMANCE / VALIDATION,Conformance and Validation,"#86, #945, #948",HIGH,FRAMEWORK MIRROR: carries #28 into Conformance; compliance is shown by a finite set of governed procedures.
948,Spatial Ground Reference Vectors Must Be Finite but Strategically Complete,CONFORMANCE / VALIDATION CANDIDATE,MOVE TO CONFORMANCE / VALIDATION,Testing and Adversarial Review,"#633, #947, #949",HIGH,"FRAMEWORK MIRROR: carries #28 into Reference Vectors; finite, yet covering representative and adversarial cases."
949,Finite Testing Must Be Supplemented by Formal Invariants,CONFORMANCE / VALIDATION CANDIDATE,MOVE TO CONFORMANCE / VALIDATION,Conformance and Validation,"#875, #922, #948",HIGH,"New: finite vectors cannot cover all Survey reference, so conformance joins them to stated invariants and deterministic algorithms. CONSOLIDATION SURVIVOR: fuses #875, #922 and #948."
950,Spatial Ground Must Distinguish Exhaustive Proof From Representative Testing,DUPLICATE / NEAR-DUPLICATE,MERGE INTO STRONGER FINDING OR CLUSTER,Conformance and Validation,"#949, #405, #922",HIGH,RESTATEMENT. Parent #949: vectors show examples and prove nothing general by themselves.
951,Spatial Ground Must Support Property-Based Testing,CONFORMANCE / VALIDATION CANDIDATE,MOVE TO CONFORMANCE / VALIDATION,Testing and Adversarial Review,"#949, #875, #953",HIGH,Test technique: invariant properties checked across generated input classes; an application of #949.
952,Generated Tests Must Not Become Canonical Inputs,CONFORMANCE / VALIDATION CANDIDATE,MOVE TO CONFORMANCE / VALIDATION,Testing and Adversarial Review,"#951, #370, #198",HIGH,"New distinction: generated cases widen coverage, but only fixed, governed Reference Vectors are canonical test inputs."
953,Spatial Ground Must Support Boundary-Focused Test Generation,DUPLICATE / NEAR-DUPLICATE,MERGE INTO STRONGER FINDING OR CLUSTER,Testing and Adversarial Review,"#193, #257, #951",HIGH,INSTANCE. Parent #193: generation concentrated near the limit.
954,Spatial Ground Must Support Precision-Focused Test Generation,DUPLICATE / NEAR-DUPLICATE,MERGE INTO STRONGER FINDING OR CLUSTER,Testing and Adversarial Review,"#637, #256, #951",HIGH,INSTANCE. Parent #637: generation at increasing refinement. AUTHORITY: refinement depth is FSF's.
955,Spatial Ground Must Support Transformation-Based Negative Testing,DUPLICATE / NEAR-DUPLICATE,MERGE INTO STRONGER FINDING OR CLUSTER,Testing and Adversarial Review,"#641, #563, #640",HIGH,RESTATEMENT. Parent #641.
956,Spatial Ground Must Support Serialization-Roundtrip Testing,DUPLICATE / NEAR-DUPLICATE,MERGE INTO STRONGER FINDING OR CLUSTER,Testing and Adversarial Review,"#197, #569, #516",HIGH,RESTATEMENT. Parent #197.
957,Spatial Ground Must Support Migration-Roundtrip Testing,DUPLICATE / NEAR-DUPLICATE,MERGE INTO STRONGER FINDING OR CLUSTER,Testing and Adversarial Review,"#197, #211, #956",HIGH,INSTANCE. Parent #197: round trip across migration.
958,Spatial Ground Must Support Cross-Implementation Differential Testing,DUPLICATE / NEAR-DUPLICATE,MERGE INTO STRONGER FINDING OR CLUSTER,Testing and Adversarial Review,"#192, #645, #523",HIGH,RESTATEMENT. Parent #26 via #192.
959,Differential Disagreement Must Be Resolved Against the Specification,DUPLICATE / NEAR-DUPLICATE,MERGE INTO STRONGER FINDING OR CLUSTER,Independent Implementation,"#524, #499, #958",HIGH,"RESTATEMENT. Parents #499 and #524: the Specification decides, not popularity."
960,Spatial Ground Must Support Long-Horizon Regression Testing,CONFORMANCE / VALIDATION CANDIDATE,MOVE TO CONFORMANCE / VALIDATION,Testing and Adversarial Review,"#596, #362, #961",HIGH,FRAMEWORK MIRROR: carries #362 and #596 into testing; suites stay usable across implementation generations to catch drift.
961,Spatial Ground Must Preserve Historical Test Vectors,PRESERVATION / RECONSTRUCTION CANDIDATE,MOVE TO PRESERVATION / RECONSTRUCTION,Preservation and Archival Survival,"#960, #134, #964",HIGH,New preservation object: previously canonical vectors are archived so later systems can show established behavior is unchanged.
962,New Vectors May Extend Coverage Without Changing Old Truth,DUPLICATE / NEAR-DUPLICATE,MERGE INTO STRONGER FINDING OR CLUSTER,Change Control and Permanence,"#393, #961, #71",HIGH,INSTANCE. Parent #29 via #393: added vectors never invalidate earlier correct results.
963,Changed Expected Results Signal Normative Change or Prior Error,CONFORMANCE / VALIDATION CANDIDATE,MOVE TO CONFORMANCE / VALIDATION,Testing and Adversarial Review,"#133, #398, #964",HIGH,"FRAMEWORK MIRROR: carries #133 and #398 into Reference Vectors. New failure-state distinction: a changed expected result is either a corrected error or a normative change, and must be declared as one of them."
964,Spatial Ground Must Never Quietly Rewrite Test History,DUPLICATE / NEAR-DUPLICATE,MERGE INTO STRONGER FINDING OR CLUSTER,Historical Traceability,"#134, #963, #961",HIGH,INSTANCE. Parent #134: test history.
965,Spatial Ground Must Support Implementation Certification Without Centralizing Truth,INSTITUTIONAL / GOVERNANCE CANDIDATE,MOVE TO GOVERNANCE / INSTITUTIONAL FRAMEWORK,Institutional Authority and Adoption,"#82, #451, #967",HIGH,FRAMEWORK MIRROR: carries #82 into certification. New authority distinction: certification attests conformance and is never a source of Ground authority. AUTHORITY GAP: certifying institutions are not identified.
966,Certification Expiration Must Not Expire Ground,DUPLICATE / NEAR-DUPLICATE,MERGE INTO STRONGER FINDING OR CLUSTER,Change Control and Permanence,"#668, #965, #669",HIGH,INSTANCE. Parent #4 via #668: lapse of certification.
967,"Conformance Status Must Attach to Implementations, Not Places",DERIVED CONSEQUENCE,MERGE INTO STRONGER FINDING OR CLUSTER,Operational Non-Authority,"#19, #965, #120",HIGH,"Root parent #19. New distinction: conformance status attaches to implementations and validators, never to places."
968,Spatial Ground Must Support Self-Verification,CONFORMANCE / VALIDATION CANDIDATE,MOVE TO CONFORMANCE / VALIDATION,Conformance and Validation,"#969, #191, #223",HIGH,New: an implementation can check itself against published tests and rules.
969,Self-Verification Must Not Be Sole Evidence,DERIVED CONSEQUENCE,MERGE INTO STRONGER FINDING OR CLUSTER,Conformance and Validation,"#968, #223, #648",HIGH,Parents #26 (via #223) and #968: self-checking never excludes independent verification.
970,Spatial Ground Must Support Reproducible Build Environments Where Useful,IMPLEMENTATION / OPERATIONAL CANDIDATE,MOVE TO IMPLEMENTATION / OPERATIONS,Independent Implementation,"#971, #357, #26",MEDIUM,"Tooling practice (""where useful""): reproducible builds for reference software."
971,Spatial Ground Must Preserve Semantic Reproducibility Above Binary Reproducibility,DERIVED CONSEQUENCE,MERGE INTO STRONGER FINDING OR CLUSTER,Independent Implementation,"#26, #29, #970",HIGH,"Root parents #26 and #29. New distinction: identical behavior is required, identical binaries are not."
972,Spatial Ground Must Support Multiple Correct Implementations,DUPLICATE / NEAR-DUPLICATE,MERGE INTO STRONGER FINDING OR CLUSTER,Independent Implementation,"#67, #26, #974",HIGH,RESTATEMENT. Parent #26 via #67.
973,Implementation Diversity Is a Resilience Feature,HISTORICAL REASONING ONLY,PRESERVE AS HISTORICAL REASONING ONLY,Independent Implementation,"#920, #645, #498",HIGH,METHODOLOGICAL: rationale for implementation diversity (one defect is less likely to pass for truth). No obligation of its own.
974,Implementation Diversity Must Not Become Semantic Diversity,DUPLICATE / NEAR-DUPLICATE,MERGE INTO STRONGER FINDING OR CLUSTER,Independent Implementation,"#26, #972, #8",HIGH,RESTATEMENT. Parent #26.
975,Spatial Ground Must Support Replacement of Every Implementation,DUPLICATE / NEAR-DUPLICATE,MERGE INTO STRONGER FINDING OR CLUSTER,Technology and Infrastructure Independence,"#146, #497, #81",HIGH,RESTATEMENT. Parent #81 via #146.
976,Spatial Ground Must Support Clean-Room Reimplementation,DUPLICATE / NEAR-DUPLICATE,MERGE INTO STRONGER FINDING OR CLUSTER,Reconstruction and Recoverability,"#496, #711, #196",HIGH,RESTATEMENT. Parent #10 via #496 and #711.
977,Clean-Room Success Is a Permanence Test,DUPLICATE / NEAR-DUPLICATE,MERGE INTO STRONGER FINDING OR CLUSTER,Reconstruction and Recoverability,"#524, #646, #976",HIGH,RESTATEMENT. Parent #524 via #646: clean-room failure faults the Specification. METHODOLOGICAL.
978,Spatial Ground Must Support Institutional Succession,DUPLICATE / NEAR-DUPLICATE,MERGE INTO STRONGER FINDING OR CLUSTER,Preservation and Archival Survival,"#147, #148, #979",HIGH,RESTATEMENT. Parents #147 and #148.
979,"Institutional Succession Must Preserve Canon, Not Authority Personality",DUPLICATE / NEAR-DUPLICATE,MERGE INTO STRONGER FINDING OR CLUSTER,Institutional Authority and Adoption,"#451, #147, #978",HIGH,RESTATEMENT. Parents #147 and #451.
980,Spatial Ground Must Survive Governance Replacement,DUPLICATE / NEAR-DUPLICATE,MERGE INTO STRONGER FINDING OR CLUSTER,Rights / Governance Independence,"#147, #76, #132",HIGH,"INSTANCE. Parents #4 and #147: replacement of the governing institution. AUTHORITY GAP: ""must not alter established Ground by default"" presumes a successor authority and a non-default path, neither identified."
981,Spatial Ground Must Survive Legal Reorganization,DUPLICATE / NEAR-DUPLICATE,MERGE INTO STRONGER FINDING OR CLUSTER,Preservation and Archival Survival,"#147, #76, #980",HIGH,"INSTANCE. Parent #147: restructuring, dissolution, acquisition."
982,Spatial Ground Must Survive Naming Change of the Institution,DUPLICATE / NEAR-DUPLICATE,MERGE INTO STRONGER FINDING OR CLUSTER,Preservation and Archival Survival,"#147, #74, #455",HIGH,INSTANCE. Parent #147: renaming of the institution.
983,Spatial Ground Must Survive Domain-Name Loss,DERIVED CONSEQUENCE,MERGE INTO STRONGER FINDING OR CLUSTER,Operational Non-Authority,"#455, #451, #652",HIGH,Root parent #19 via #451 and #455. New failure mode: a lost or transferred domain lets a new holder pose as the source of canon.
984,Spatial Ground Must Survive Repository-Hosting Loss,DUPLICATE / NEAR-DUPLICATE,MERGE INTO STRONGER FINDING OR CLUSTER,Preservation and Archival Survival,"#604, #84, #985",HIGH,RESTATEMENT. Parent #84 via #604.
985,Spatial Ground Must Survive Commercial Platform Failure,DUPLICATE / NEAR-DUPLICATE,MERGE INTO STRONGER FINDING OR CLUSTER,Technology and Infrastructure Independence,"#81, #984, #147",HIGH,"INSTANCE. Parent #81, which already lists cloud services."
986,Spatial Ground Must Survive Network Partition,DERIVED CONSEQUENCE,MERGE INTO STRONGER FINDING OR CLUSTER,Single Canonical Truth,"#124, #8, #987",HIGH,Root parent #8 via #124. New failure mode: a communications partition treated as having produced legitimate competing canon.
987,Spatial Ground Must Survive Long Isolation,DERIVED CONSEQUENCE,MERGE INTO STRONGER FINDING OR CLUSTER,Single Canonical Truth,"#986, #600, #595",HIGH,Parents #4 and #8 via #600 and #986: an isolated system holding the authoritative records holds the same truth.
988,"Reconnection Must Reconcile Records, Not Places",DERIVED CONSEQUENCE,MERGE INTO STRONGER FINDING OR CLUSTER,Historical Traceability,"#674, #986, #188",HIGH,"Root parents #29 and #4 via #188 and #674. New failure-state distinction: after isolation, records are reconciled; places never diverged."
989,Spatial Ground Must Support Disaster Reconstruction,DUPLICATE / NEAR-DUPLICATE,MERGE INTO STRONGER FINDING OR CLUSTER,Reconstruction and Recoverability,"#84, #655, #204",HIGH,RESTATEMENT. Parent #84.
990,Disaster Reconstruction Must Not Require Historical Personnel,DUPLICATE / NEAR-DUPLICATE,MERGE INTO STRONGER FINDING OR CLUSTER,Reconstruction and Recoverability,"#520, #148, #989",HIGH,RESTATEMENT. Parent #148 via #520.
991,Disaster Reconstruction Must Not Require Historical Hardware,DUPLICATE / NEAR-DUPLICATE,MERGE INTO STRONGER FINDING OR CLUSTER,Technology and Infrastructure Independence,"#81, #360, #992",HIGH,INSTANCE. Parent #81: obsolete hardware and proprietary devices.
992,Disaster Reconstruction Must Not Require Historical Services,DUPLICATE / NEAR-DUPLICATE,MERGE INTO STRONGER FINDING OR CLUSTER,Preservation and Archival Survival,"#203, #712, #457",HIGH,RESTATEMENT. Parent #83 via #203.
993,Disaster Reconstruction Must Preserve Exact Place,DUPLICATE / NEAR-DUPLICATE,MERGE INTO STRONGER FINDING OR CLUSTER,Reconstruction and Recoverability,"#656, #211, #46",HIGH,"RESTATEMENT. Parents #84 and #46 via #656: exact correspondence, not a look-alike."
994,Spatial Ground Must Support Archival Verification After Long Dormancy,DUPLICATE / NEAR-DUPLICATE,MERGE INTO STRONGER FINDING OR CLUSTER,Preservation and Archival Survival,"#600, #446, #83",HIGH,RESTATEMENT. Parents #4 and #83 via #446 and #600.
995,Spatial Ground Must Support Format Renewal Without Semantic Renewal,DUPLICATE / NEAR-DUPLICATE,MERGE INTO STRONGER FINDING OR CLUSTER,Representation Independence,"#607, #210, #29",HIGH,RESTATEMENT. Parent #29 via #210 and #607.
996,Spatial Ground Must Support Documentation Renewal Without Architectural Renewal,DUPLICATE / NEAR-DUPLICATE,MERGE INTO STRONGER FINDING OR CLUSTER,Representation Independence,"#725, #190, #396",HIGH,RESTATEMENT. Parent #29 via #190.
997,Spatial Ground Must Support Tool Renewal Without Standard Renewal,DUPLICATE / NEAR-DUPLICATE,MERGE INTO STRONGER FINDING OR CLUSTER,Technology and Infrastructure Independence,"#81, #460, #975",HIGH,"INSTANCE. Parent #81: validators, editors and explorers."
998,Spatial Ground Must Support Institutional Memory Loss,DUPLICATE / NEAR-DUPLICATE,MERGE INTO STRONGER FINDING OR CLUSTER,Preservation and Archival Survival,"#148, #69, #999",HIGH,RESTATEMENT. Parents #27 and #69 via #148.
999,Spatial Ground Must Be Stronger Than Memory,DUPLICATE / NEAR-DUPLICATE,MERGE INTO STRONGER FINDING OR CLUSTER,No Hidden State / Self-Containment,"#998, #27, #148",HIGH,"RESTATEMENT. Parent #27 via #998. CONSOLIDATION SURVIVOR: the identity of The World resides in explicit records and rules, never in what anyone remembers; fuses #27, #69, #148 and #998."
1000,Spatial Ground Must Be Capable of Becoming Boring Forever,DUPLICATE / NEAR-DUPLICATE,MERGE INTO STRONGER FINDING OR CLUSTER,Change Control and Permanence,"#419, #420, #900",HIGH,RESTATEMENT. Parent #419. METHODOLOGICAL.
1001,Spatial Ground Must Preserve Canonical Stability Through Documentation Expansion,DUPLICATE / NEAR-DUPLICATE,MERGE INTO STRONGER FINDING OR CLUSTER,Layer Boundaries,"#266, #416, #1002",HIGH,RESTATEMENT. Parents #30 and #20 via #266 and #416: deeper explanation does not enlarge the layer's responsibilities.
1002,More Explanation Must Not Mean More Ground,DUPLICATE / NEAR-DUPLICATE,MERGE INTO STRONGER FINDING OR CLUSTER,Operational Non-Authority,"#702, #703, #701",HIGH,RESTATEMENT. Parent #19 via #701-#703: explanatory material never turns normative by accumulation.
1003,Spatial Ground Must Distinguish Clarification From Expansion,DERIVED CONSEQUENCE,MERGE INTO STRONGER FINDING OR CLUSTER,Change Control and Permanence,"#397, #266, #1004",MEDIUM,"Parents #266 and #397. New distinction: clarification versus expansion of responsibility, a change class the lists in #395 and #683 do not name."
1004,Canonical Expansion Requires Necessity Review,DUPLICATE / NEAR-DUPLICATE,MERGE INTO STRONGER FINDING OR CLUSTER,Change Control and Permanence,"#267, #140, #1003",HIGH,RESTATEMENT. Parent #267. METHODOLOGICAL.
1005,Spatial Ground Must Resist Conceptual Inflation Over Time,DUPLICATE / NEAR-DUPLICATE,MERGE INTO STRONGER FINDING OR CLUSTER,Minimality and Semantic Restraint,"#268, #417, #1048",HIGH,RESTATEMENT. Parents #58 and #30 via #268 and #417.
1006,Spatial Ground Must Preserve Its Original Architectural Question,DUPLICATE / NEAR-DUPLICATE,MERGE INTO STRONGER FINDING OR CLUSTER,Inquiry Method and Framework Sequencing,"#414, #413, #412",HIGH,RESTATEMENT. Parent #414 via #413: revisions stay answerable to the one core question. METHODOLOGICAL.
1007,Spatial Ground Must Preserve the Removal Test,DUPLICATE / NEAR-DUPLICATE,MERGE INTO STRONGER FINDING OR CLUSTER,Inquiry Method and Framework Sequencing,"#140, #940, #776",HIGH,"RESTATEMENT. Parent #140. METHODOLOGICAL: the removal test, fourth statement."
1008,Spatial Ground Must Preserve the Upward Placement Test,INSTITUTIONAL / GOVERNANCE CANDIDATE,MOVE TO GOVERNANCE / INSTITUTIONAL FRAMEWORK,Inquiry Method and Framework Sequencing,"#267, #143, #1009",HIGH,METHODOLOGICAL. New placement test: what can vary over time without changing where The World exists belongs above. CONSOLIDATION SURVIVOR: with #1007 and #1009-#1011 it forms a five-test admission toolkit.
1009,Spatial Ground Must Preserve the Downward Placement Test,INSTITUTIONAL / GOVERNANCE CANDIDATE,MOVE TO GOVERNANCE / INSTITUTIONAL FRAMEWORK,Inquiry Method and Framework Sequencing,"#267, #24, #1008",HIGH,METHODOLOGICAL. New placement test: pure mathematical reference independent of World membership belongs below. AUTHORITY: FSF.
1010,Spatial Ground Must Preserve the Derivation Test,DUPLICATE / NEAR-DUPLICATE,MERGE INTO STRONGER FINDING OR CLUSTER,Inquiry Method and Framework Sequencing,"#540, #57, #1007",HIGH,RESTATEMENT. Parent #58 via #57 and #540: the derivation test. METHODOLOGICAL.
1011,Spatial Ground Must Preserve the Permanence Test,DUPLICATE / NEAR-DUPLICATE,MERGE INTO STRONGER FINDING OR CLUSTER,Inquiry Method and Framework Sequencing,"#889, #779, #893",HIGH,RESTATEMENT. Parent #58 via #779 and #889: the permanence test. METHODOLOGICAL.
1012,Spatial Ground Must Preserve the 2150 Test,DUPLICATE / NEAR-DUPLICATE,MERGE INTO STRONGER FINDING OR CLUSTER,Preservation and Archival Survival,"#200, #145, #1013",HIGH,RESTATEMENT. Parent #200. METHODOLOGICAL.
1013,Spatial Ground Must Preserve the 2200 Test in Principle,HISTORICAL REASONING ONLY,PRESERVE AS HISTORICAL REASONING ONLY,Preservation and Archival Survival,"#1012, #200, #145",HIGH,METHODOLOGICAL: 2150 is a discipline for permanence and not an expiry date. Clarifies #200; no obligation.
1014,Spatial Ground Must Avoid Historical Parochialism,DUPLICATE / NEAR-DUPLICATE,MERGE INTO STRONGER FINDING OR CLUSTER,Technology and Infrastructure Independence,"#80, #895, #1015",HIGH,RESTATEMENT. Parent #80 via #895.
1015,Spatial Ground Must Be Era-Neutral,DUPLICATE / NEAR-DUPLICATE,MERGE INTO STRONGER FINDING OR CLUSTER,Technology and Infrastructure Independence,"#1014, #80, #145",HIGH,RESTATEMENT. Parent #80 via #1014.
1016,Spatial Ground Must Be Vendor-Neutral,DUPLICATE / NEAR-DUPLICATE,MERGE INTO STRONGER FINDING OR CLUSTER,Technology and Infrastructure Independence,"#81, #985, #1017",HIGH,INSTANCE. Parent #81: vendors.
1017,Spatial Ground Must Be Platform-Neutral,DUPLICATE / NEAR-DUPLICATE,MERGE INTO STRONGER FINDING OR CLUSTER,Technology and Infrastructure Independence,"#81, #1016, #1018",HIGH,"RESTATEMENT. Parent #81, with nearly the same list."
1018,Spatial Ground Must Be Protocol-Neutral Where Possible,DUPLICATE / NEAR-DUPLICATE,MERGE INTO STRONGER FINDING OR CLUSTER,Technology and Infrastructure Independence,"#81, #342, #1020",HIGH,"INSTANCE. Parent #81: protocols (""where possible"")."
1019,Spatial Ground Must Be Language-Neutral,DUPLICATE / NEAR-DUPLICATE,MERGE INTO STRONGER FINDING OR CLUSTER,Independent Implementation,"#361, #519, #81",HIGH,RESTATEMENT. Parent #26 via #361.
1020,Spatial Ground Must Be Interface-Neutral,DUPLICATE / NEAR-DUPLICATE,MERGE INTO STRONGER FINDING OR CLUSTER,Technology and Infrastructure Independence,"#812, #811, #81",HIGH,RESTATEMENT. Parents #29 and #81 via #811 and #812.
1021,Spatial Ground Must Preserve Meaning Under Automation,DUPLICATE / NEAR-DUPLICATE,MERGE INTO STRONGER FINDING OR CLUSTER,Operational Non-Authority,"#375, #19, #1022",HIGH,INSTANCE. Parent #19 via #375: automation.
1022,Spatial Ground Must Preserve Meaning Under Autonomous Agents,DUPLICATE / NEAR-DUPLICATE,MERGE INTO STRONGER FINDING OR CLUSTER,Operational Non-Authority,"#375, #1021, #23",HIGH,INSTANCE. Parent #19 via #375: autonomous agents.
1023,Spatial Ground Must Preserve Meaning Under Procedural Generation,DUPLICATE / NEAR-DUPLICATE,MERGE INTO STRONGER FINDING OR CLUSTER,Runtime Independence,"#438, #846, #1024",HIGH,"INSTANCE. Parent #4 via #438: procedural generation. AUTHORITY GAP: ""unless formally adopted"" presumes an adopter (ADOPTION AUTHORITY GAP)."
1024,Spatial Ground Must Preserve Meaning Under Simulation,DUPLICATE / NEAR-DUPLICATE,MERGE INTO STRONGER FINDING OR CLUSTER,Runtime Independence,"#438, #41, #1023",HIGH,RESTATEMENT. Parent #4 via #438.
1025,Spatial Ground Must Preserve Meaning Under User Creation,DUPLICATE / NEAR-DUPLICATE,MERGE INTO STRONGER FINDING OR CLUSTER,Higher-Layer Independence,"#436, #4, #1026",HIGH,INSTANCE. Parent #4 via #436: user-created geography.
1026,Spatial Ground Must Preserve Meaning Under Collective Creation,DUPLICATE / NEAR-DUPLICATE,MERGE INTO STRONGER FINDING OR CLUSTER,Higher-Layer Independence,"#500, #507, #1025",HIGH,"INSTANCE. Parents #4 and #8 via #500 and #507: coordinated action by many users. FOUNDATIONAL AUTHORITY GAP: ""unless a separate foundational governance process explicitly authorizes such a change""."
1027,Spatial Ground Must Preserve Meaning Under Ownership Transfer,DUPLICATE / NEAR-DUPLICATE,MERGE INTO STRONGER FINDING OR CLUSTER,Rights / Governance Independence,"#40, #442, #1028",HIGH,INSTANCE. Parent #20 via #40: transfer of rights.
1028,Spatial Ground Must Preserve Meaning Under Institutional Transfer,DUPLICATE / NEAR-DUPLICATE,MERGE INTO STRONGER FINDING OR CLUSTER,Institutional Authority and Adoption,"#979, #451, #1099",HIGH,RESTATEMENT. Parents #147 and #451 via #979.
1029,Spatial Ground Must Preserve Meaning Under Economic Collapse,DUPLICATE / NEAR-DUPLICATE,MERGE INTO STRONGER FINDING OR CLUSTER,Interpretation Independence,"#313, #434, #39",HIGH,INSTANCE. Parent #20 via #313: markets and currencies.
1030,Spatial Ground Must Preserve Meaning Under Governance Collapse,DUPLICATE / NEAR-DUPLICATE,MERGE INTO STRONGER FINDING OR CLUSTER,Preservation and Archival Survival,"#147, #980, #1036",HIGH,RESTATEMENT. Parent #147 via #980.
1031,Spatial Ground Must Preserve Meaning Under Network Collapse,DUPLICATE / NEAR-DUPLICATE,MERGE INTO STRONGER FINDING OR CLUSTER,Preservation and Archival Survival,"#986, #203, #1097",HIGH,RESTATEMENT. Parents #83 and #8 via #203 and #986.
1032,Spatial Ground Must Preserve Meaning Under Software Collapse,DUPLICATE / NEAR-DUPLICATE,MERGE INTO STRONGER FINDING OR CLUSTER,Technology and Infrastructure Independence,"#146, #975, #84",HIGH,RESTATEMENT. Parent #81 via #146.
1033,Spatial Ground Must Preserve Meaning Under Hardware Collapse,DUPLICATE / NEAR-DUPLICATE,MERGE INTO STRONGER FINDING OR CLUSTER,Technology and Infrastructure Independence,"#991, #360, #81",HIGH,RESTATEMENT. Parent #81 via #991.
1034,Spatial Ground Must Preserve Meaning Under Cryptographic Collapse,DUPLICATE / NEAR-DUPLICATE,MERGE INTO STRONGER FINDING OR CLUSTER,Technology and Infrastructure Independence,"#666, #667, #82",HIGH,RESTATEMENT. Parent #81 via #666.
1035,Spatial Ground Must Preserve Meaning Under File-Format Collapse,DUPLICATE / NEAR-DUPLICATE,MERGE INTO STRONGER FINDING OR CLUSTER,Representation Independence,"#212, #608, #210",HIGH,RESTATEMENT. Parents #81 and #29 via #212 and #210.
1036,Spatial Ground Must Preserve Meaning Under Institutional Forgetfulness,DUPLICATE / NEAR-DUPLICATE,MERGE INTO STRONGER FINDING OR CLUSTER,Preservation and Archival Survival,"#998, #148, #999",HIGH,RESTATEMENT. Parent #27 via #148 and #998.
1037,Spatial Ground Must Preserve Meaning Under Cultural Change,DUPLICATE / NEAR-DUPLICATE,MERGE INTO STRONGER FINDING OR CLUSTER,Interpretation Independence,"#314, #39, #4",HIGH,"INSTANCE. Parent #20 via #39 and #314: language, symbolism, worldview."
1038,Spatial Ground Must Preserve Meaning Under Renaming of The World,DUPLICATE / NEAR-DUPLICATE,MERGE INTO STRONGER FINDING OR CLUSTER,Interpretation Independence,"#74, #982, #1039",HIGH,"INSTANCE. Parent #4 via #74: a new public name for The World. FOUNDATIONAL AUTHORITY GAP: ""unless foundational architecture explicitly says otherwise""."
1039,Spatial Ground Must Preserve Meaning Under Rebranding,DUPLICATE / NEAR-DUPLICATE,MERGE INTO STRONGER FINDING OR CLUSTER,Interpretation Independence,"#74, #1038, #784",HIGH,INSTANCE. Parent #4 via #74: brand and visual identity.
1040,Spatial Ground Must Preserve Meaning Under Experience Revolution,DUPLICATE / NEAR-DUPLICATE,MERGE INTO STRONGER FINDING OR CLUSTER,Technology and Infrastructure Independence,"#486, #42, #113",HIGH,RESTATEMENT. Parent #81 via #42 and #486.
1041,Spatial Ground Must Remain Legible to Non-Experience Systems,DUPLICATE / NEAR-DUPLICATE,MERGE INTO STRONGER FINDING OR CLUSTER,Technology and Infrastructure Independence,"#488, #489, #52",HIGH,RESTATEMENT. Parents #19 and #4 via #488 and #489.
1042,Spatial Ground Must Support Durable Spatial Evidence,DUPLICATE / NEAR-DUPLICATE,MERGE INTO STRONGER FINDING OR CLUSTER,Change Control and Permanence,"#333, #332, #491",HIGH,"RESTATEMENT. Parent #4 via #73, #332 and #333."
1043,Spatial Ground Must Support Historical Reconstruction Above It,DUPLICATE / NEAR-DUPLICATE,MERGE INTO STRONGER FINDING OR CLUSTER,Change Control and Permanence,"#329, #1042, #44",HIGH,RESTATEMENT. Parent #4 via #329.
1044,Spatial Ground Must Preserve Canonical Anchoring for The Chronicle,DUPLICATE / NEAR-DUPLICATE,MERGE INTO STRONGER FINDING OR CLUSTER,Layer Boundaries,"#334, #333, #188",HIGH,INSTANCE. Parent #20 via #334. AUTHORITY: names The Chronicle as the institution that owns temporal history.
1045,Spatial Ground Must Preserve Canonical Anchoring for The Atlas,DUPLICATE / NEAR-DUPLICATE,MERGE INTO STRONGER FINDING OR CLUSTER,Layer Boundaries,"#20, #333, #5",HIGH,INSTANCE. Parent #20. AUTHORITY: names The Atlas as the institution that describes what occupies or interprets World-space.
1046,Spatial Ground Must Preserve Canonical Anchoring for The Codex,DUPLICATE / NEAR-DUPLICATE,MERGE INTO STRONGER FINDING OR CLUSTER,Constitutional Subordination,"#94, #289, #95",HIGH,RESTATEMENT. Parent #91 via #94 and #289. AUTHORITY: The Codex.
1047,Spatial Ground Must Preserve Canonical Anchoring for Future Institutions,DERIVED CONSEQUENCE,MERGE INTO STRONGER FINDING OR CLUSTER,Institutional Authority and Adoption,"#417, #451, #1048",HIGH,"Root parent #19, same pattern as #451. New authority rule: depending on Ground confers no authority over its definition; the authority twin of #417."
1048,Spatial Ground Must Remain Institutionally Narrow,DERIVED CONSEQUENCE,MERGE INTO STRONGER FINDING OR CLUSTER,Minimality and Semantic Restraint,"#1047, #268, #58",HIGH,"Root parents #58 and #30. New failure mode: institutional capture, more likely the more institutions depend on Ground."
1049,Spatial Ground Must Resist Semantic Capture,DERIVED CONSEQUENCE,MERGE INTO STRONGER FINDING OR CLUSTER,Terminology Discipline,"#470, #469, #1048",HIGH,"Root parents #8 and #469. New failure mode: semantic capture, where a later institution redefines Ground's terms and so changes its meaning without touching its records."
1050,Spatial Ground Must Remain the Quiet Spatial Constitution Beneath Architecture,DUPLICATE / NEAR-DUPLICATE,MERGE INTO STRONGER FINDING OR CLUSTER,Core World-Space Membership,"#412, #900, #1100",HIGH,"RESTATEMENT. Parent #1 via #412. Sixth one-sentence statement, this time as a question."
1051,Spatial Ground Must Distinguish Canonical Place From Spatial Narrative,DUPLICATE / NEAR-DUPLICATE,MERGE INTO STRONGER FINDING OR CLUSTER,Interpretation Independence,"#439, #440, #45",HIGH,RESTATEMENT. Parent #4 via #439.
1052,Spatial Ground Must Distinguish Canonical Place From Spatial Metaphor,DUPLICATE / NEAR-DUPLICATE,MERGE INTO STRONGER FINDING OR CLUSTER,Terminology Discipline,"#480, #473, #1053",HIGH,"RESTATEMENT. Parent #480; adds ""continent"" and ""field"" to its list of metaphors."
1053,Spatial Ground Must Preserve Formal Meaning Beneath Metaphor,TERMINOLOGY / DOCUMENTATION CANDIDATE,MOVE TO TERMINOLOGY / DOCUMENTATION,Terminology Discipline,"#480, #407, #1054",HIGH,"New precedence rule: where metaphor and formal semantics diverge, formal semantics govern. Adds a rung to the normative hierarchy of #407."
1054,Spatial Ground Must Prevent Metaphor From Becoming Constraint,DERIVED CONSEQUENCE,MERGE INTO STRONGER FINDING OR CLUSTER,Terminology Discipline,"#480, #96, #785",MEDIUM,"Parents #480 and #96. New failure mode: an evocative description silently imposing geometry or topology. Bears on #97 and reserved #785 (""continent""); neither is resolved here."
1055,Spatial Ground Must Distinguish Conceptual Model From Canonical Model,DUPLICATE / NEAR-DUPLICATE,MERGE INTO STRONGER FINDING OR CLUSTER,Operational Non-Authority,"#703, #701, #1053",HIGH,"INSTANCE. Parent #19 via #701 and #703: conceptual diagrams. Only ""the adopted formal model"" determines World-space."
1056,Spatial Ground Must Preserve Conceptual Simplicity,DUPLICATE / NEAR-DUPLICATE,MERGE INTO STRONGER FINDING OR CLUSTER,Preservation and Archival Survival,"#410, #411, #1058",HIGH,RESTATEMENT. Parent #69 via #410 and #411. METHODOLOGICAL.
1057,Spatial Ground Must Avoid Conceptual Overload,DUPLICATE / NEAR-DUPLICATE,MERGE INTO STRONGER FINDING OR CLUSTER,Preservation and Archival Survival,"#410, #52, #1058",HIGH,RESTATEMENT. Parent #69 via #410.
1058,Spatial Ground Must Preserve a Clear Mental Model,DUPLICATE / NEAR-DUPLICATE,MERGE INTO STRONGER FINDING OR CLUSTER,Preservation and Archival Survival,"#410, #412, #1057",HIGH,RESTATEMENT. Parents #69 and #1 via #410 and #412.
1059,Spatial Ground Must Preserve Semantic Economy,DUPLICATE / NEAR-DUPLICATE,MERGE INTO STRONGER FINDING OR CLUSTER,Minimality and Semantic Restraint,"#58, #893, #1060",HIGH,RESTATEMENT. Parent #58 via #893. METHODOLOGICAL.
1060,Spatial Ground Must Minimize Canonical Vocabulary,TERMINOLOGY / DOCUMENTATION CANDIDATE,MOVE TO TERMINOLOGY / DOCUMENTATION,Terminology Discipline,"#58, #469, #478",HIGH,"FRAMEWORK MIRROR: carries #58 into vocabulary; terms only for World-space, its relation to Survey space, membership semantics and validation."
1061,Spatial Ground Must Avoid Redundant Terms,DUPLICATE / NEAR-DUPLICATE,MERGE INTO STRONGER FINDING OR CLUSTER,Terminology Discipline,"#471, #1060, #469",HIGH,RESTATEMENT. Parent #469 via #471.
1062,Spatial Ground Must Avoid Ambiguous Terms,DUPLICATE / NEAR-DUPLICATE,MERGE INTO STRONGER FINDING OR CLUSTER,Terminology Discipline,"#477, #472, #474",HIGH,RESTATEMENT. Parent #469 via #472 and #477.
1063,Spatial Ground Must Define Terms Before Formal Dependence,TERMINOLOGY / DOCUMENTATION CANDIDATE,MOVE TO TERMINOLOGY / DOCUMENTATION,Terminology Discipline,"#469, #1064, #1068",HIGH,New documentation rule: no normative rule depends on a term not yet defined. Local parent of #1064.
1064,Spatial Ground Must Preserve Terminological Dependency Order,DUPLICATE / NEAR-DUPLICATE,MERGE INTO STRONGER FINDING OR CLUSTER,Terminology Discipline,"#1063, #937, #469",HIGH,INSTANCE. Parent #1063: foundational terms before compound terms.
1065,Spatial Ground Must Preserve Definition Stability,DUPLICATE / NEAR-DUPLICATE,MERGE INTO STRONGER FINDING OR CLUSTER,Terminology Discipline,"#469, #397, #470",HIGH,"RESTATEMENT. Parent #469, with #397."
1066,Spatial Ground Must Distinguish Defined Terms From Ordinary Language,TERMINOLOGY / DOCUMENTATION CANDIDATE,MOVE TO TERMINOLOGY / DOCUMENTATION,Terminology Discipline,"#469, #399, #1052",HIGH,New documentation rule: text marks when a word carries formal meaning and when it is ordinary prose.
1067,Spatial Ground Must Avoid Definitions by Example Alone,TERMINOLOGY / DOCUMENTATION CANDIDATE,MOVE TO TERMINOLOGY / DOCUMENTATION,Terminology Discipline,"#950, #469, #1069",HIGH,New documentation rule: examples clarify a term and never define it alone.
1068,Spatial Ground Must Avoid Circular Definitions,TERMINOLOGY / DOCUMENTATION CANDIDATE,MOVE TO TERMINOLOGY / DOCUMENTATION,Terminology Discipline,"#1063, #461, #469",HIGH,New documentation rule: no circular definitions.
1069,Spatial Ground Must Avoid Hidden Assumptions in Definitions,TERMINOLOGY / DOCUMENTATION CANDIDATE,MOVE TO TERMINOLOGY / DOCUMENTATION,Terminology Discipline,"#27, #1067, #469",HIGH,FRAMEWORK MIRROR: carries #27 into definitions; no reliance on spatial intuition a future reader may not share.
1070,Spatial Ground Must Define World-Space Positively,DERIVED CONSEQUENCE,MERGE INTO STRONGER FINDING OR CLUSTER,Core World-Space Membership,"#1, #1071, #17",MEDIUM,"Root parents #1 and #8. New: World-space is defined by the positive rule of participation, never by contrast with an ""outside"". Could equally be read as a rule of definition form for Specification."
1071,Non-World-Space Should Be Defined Relationally,DERIVED CONSEQUENCE,MERGE INTO STRONGER FINDING OR CLUSTER,Survey-to-World Relationship,"#14, #17, #1070",HIGH,"Root parents #8 and #13 via #14 and #17. CONSOLIDATION SURVIVOR: non-World-space is valid Survey space not satisfying the membership condition; a consequence, never a second definition. Fuses #14, #98 and #305."
1072,Non-World-Space Must Not Become a Second World Ontology,DUPLICATE / NEAR-DUPLICATE,MERGE INTO STRONGER FINDING OR CLUSTER,Minimality and Semantic Restraint,"#98, #1073, #20",HIGH,RESTATEMENT. Parent #20 via #98.
1073,Spatial Ground Must Avoid Positive Semantics for Non-World-Space,DUPLICATE / NEAR-DUPLICATE,MERGE INTO STRONGER FINDING OR CLUSTER,Minimality and Semantic Restraint,"#98, #1072, #99",HIGH,RESTATEMENT. Parent #20 via #98.
1074,Spatial Ground Must Preserve Survey Validity Outside The World,DUPLICATE / NEAR-DUPLICATE,MERGE INTO STRONGER FINDING OR CLUSTER,Survey-to-World Relationship,"#14, #13, #1071",HIGH,RESTATEMENT. Parent #13 via #14. AUTHORITY: validity is FSF's.
1075,Spatial Ground Must Avoid Treating Non-World-Space as Error,DUPLICATE / NEAR-DUPLICATE,MERGE INTO STRONGER FINDING OR CLUSTER,Failure Semantics,"#305, #252, #1076",HIGH,RESTATEMENT. Parent #252 via #305: non-World is a valid result and not a failure.
1076,Spatial Ground Must Distinguish Valid Non-Membership From Invalid Input,DUPLICATE / NEAR-DUPLICATE,MERGE INTO STRONGER FINDING OR CLUSTER,Failure Semantics,"#305, #159, #1075",HIGH,RESTATEMENT. Parents #159 and #14 via #305.
1077,Spatial Ground Must Preserve Query Completeness Across Both Classes,DUPLICATE / NEAR-DUPLICATE,MERGE INTO STRONGER FINDING OR CLUSTER,Exact Membership and Boundary Resolution,"#15, #158, #1078",HIGH,RESTATEMENT. Parent #15.
1078,Spatial Ground Must Not Privilege Inclusion Computationally,DERIVED CONSEQUENCE,MERGE INTO STRONGER FINDING OR CLUSTER,Single Canonical Truth,"#1071, #8, #1079",HIGH,"Parents #8 and #1071: inclusion and exclusion flow from one membership framework, not from two authorities."
1079,Spatial Ground Must Not Privilege Exclusion Computationally,DUPLICATE / NEAR-DUPLICATE,MERGE INTO STRONGER FINDING OR CLUSTER,Failure Semantics,"#383, #255, #1080",HIGH,RESTATEMENT. Parent #251 via #255 and #383.
1080,Spatial Ground Must Prefer Explicit Membership Logic Over Missing-Record Logic,DUPLICATE / NEAR-DUPLICATE,MERGE INTO STRONGER FINDING OR CLUSTER,Failure Semantics,"#383, #1079, #767",HIGH,"RESTATEMENT. Parent #251 via #383 (""where practical"")."
1081,Spatial Ground Must Define Membership Domain Clearly,SPECIFICATION CANDIDATE,MOVE TO SPECIFICATION,Exact Membership and Boundary Resolution,"#159, #1082, #581",HIGH,"New formal element: the domain of the membership relation, the Survey references that are meaningful inputs. AUTHORITY: which references are valid is FSF's."
1082,Spatial Ground Must Define Membership Codomain Clearly,SPECIFICATION CANDIDATE,MOVE TO SPECIFICATION,Exact Membership and Boundary Resolution,"#1081, #152, #252",HIGH,"New formal element: the codomain of the membership relation, a finite, governed set of outcomes."
1083,Spatial Ground Must Distinguish Canonical Outcome From Operational Response,CONFORMANCE / VALIDATION CANDIDATE,MOVE TO CONFORMANCE / VALIDATION,Failure Semantics,"#1082, #252, #810",MEDIUM,"New failure-state distinction: timeouts and service errors are operational responses and lie outside the membership codomain. CONSOLIDATION SURVIVOR: reconciles binary membership (#152) with the multi-class outcomes of #252, #306 and #810. Sits between Conformance and Specification, since it also bounds the codomain of #1082."
1084,Spatial Ground Must Preserve Canonical Outcome Semantics Across APIs,DUPLICATE / NEAR-DUPLICATE,MERGE INTO STRONGER FINDING OR CLUSTER,Representation Independence,"#811, #810, #1083",HIGH,INSTANCE. Parent #29 via #811: encodings of the result across interfaces.
1085,Spatial Ground Must Avoid Boolean Oversimplification Where It Hides Invalidity,DUPLICATE / NEAR-DUPLICATE,MERGE INTO STRONGER FINDING OR CLUSTER,Failure Semantics,"#384, #1083, #252",HIGH,RESTATEMENT. Parent #252 via #384.
1086,Spatial Ground Must Preserve Exact Membership Under Canonical Transformation,DUPLICATE / NEAR-DUPLICATE,MERGE INTO STRONGER FINDING OR CLUSTER,Canonical Equivalence,"#116, #218, #1087",HIGH,RESTATEMENT. Parent #116.
1087,Spatial Ground Must Preserve Membership Under Serialization,DUPLICATE / NEAR-DUPLICATE,MERGE INTO STRONGER FINDING OR CLUSTER,Representation Independence,"#197, #956, #1088",HIGH,RESTATEMENT. Parent #29 via #197.
1088,Spatial Ground Must Preserve Membership Under Migration,DUPLICATE / NEAR-DUPLICATE,MERGE INTO STRONGER FINDING OR CLUSTER,Representation Independence,"#211, #210, #957",HIGH,RESTATEMENT. Parent #29 via #211.
1089,Spatial Ground Must Preserve Membership Under Replication,DUPLICATE / NEAR-DUPLICATE,MERGE INTO STRONGER FINDING OR CLUSTER,Single Canonical Truth,"#125, #449, #806",HIGH,RESTATEMENT. Parent #8 via #125.
1090,Spatial Ground Must Preserve Membership Under Independent Reimplementation,DUPLICATE / NEAR-DUPLICATE,MERGE INTO STRONGER FINDING OR CLUSTER,Independent Implementation,"#976, #26, #496",HIGH,RESTATEMENT. Parent #26 via #976.
1091,Spatial Ground Must Preserve Membership Under Future Optimization,DUPLICATE / NEAR-DUPLICATE,MERGE INTO STRONGER FINDING OR CLUSTER,Technology and Infrastructure Independence,"#240, #433, #80",HIGH,RESTATEMENT. Parent #80 via #240.
1092,Spatial Ground Must Preserve Membership Under Parallelism,DUPLICATE / NEAR-DUPLICATE,MERGE INTO STRONGER FINDING OR CLUSTER,Independent Implementation,"#818, #366, #26",HIGH,RESTATEMENT. Parent #26 via #818.
1093,Spatial Ground Must Preserve Membership Under Caching,DUPLICATE / NEAR-DUPLICATE,MERGE INTO STRONGER FINDING OR CLUSTER,Operational Non-Authority,"#533, #532, #798",HIGH,RESTATEMENT. Parent #19 via #532 and #533.
1094,Spatial Ground Must Preserve Membership Under Indexing,DUPLICATE / NEAR-DUPLICATE,MERGE INTO STRONGER FINDING OR CLUSTER,Operational Non-Authority,"#78, #534, #19",HIGH,RESTATEMENT. Parent #19 via #78.
1095,Spatial Ground Must Preserve Membership Under Partitioning,DUPLICATE / NEAR-DUPLICATE,MERGE INTO STRONGER FINDING OR CLUSTER,Operational Non-Authority,"#817, #836, #122",HIGH,RESTATEMENT. Parent #817.
1096,Spatial Ground Must Preserve Membership Under Distribution,DUPLICATE / NEAR-DUPLICATE,MERGE INTO STRONGER FINDING OR CLUSTER,Operational Non-Authority,"#122, #237, #124",HIGH,RESTATEMENT. Parents #19 and #8 via #122 and #237.
1097,Spatial Ground Must Preserve Membership Under Offline Evaluation,DUPLICATE / NEAR-DUPLICATE,MERGE INTO STRONGER FINDING OR CLUSTER,Reconstruction and Recoverability,"#203, #595, #987",HIGH,RESTATEMENT. Parents #83 and #26 via #203 and #595.
1098,Spatial Ground Must Preserve Membership Under Long-Term Archival Recovery,DUPLICATE / NEAR-DUPLICATE,MERGE INTO STRONGER FINDING OR CLUSTER,Reconstruction and Recoverability,"#362, #711, #84",HIGH,RESTATEMENT. Parents #26 and #10 via #362 and #711.
1099,Spatial Ground Must Preserve Membership Under Institutional Succession,DUPLICATE / NEAR-DUPLICATE,MERGE INTO STRONGER FINDING OR CLUSTER,Institutional Authority and Adoption,"#979, #147, #1028",HIGH,RESTATEMENT. Parent #147 via #979.
1100,Spatial Ground Must Make World Membership the Permanent Core,DUPLICATE / NEAR-DUPLICATE,MERGE INTO STRONGER FINDING OR CLUSTER,Core World-Space Membership,"#412, #1050, #15",HIGH,"RESTATEMENT. Parents #1 and #15. Seventh one-sentence statement; ""whatever mathematical form"" keeps the model unchosen, consistent with #298."
1101,Spatial Ground Must Distinguish Canonical Membership From Canonical Addressability,DERIVED CONSEQUENCE,MERGE INTO STRONGER FINDING OR CLUSTER,Survey-to-World Relationship,"#24, #14, #1102",MEDIUM,"Root parents #12 and #13 via #14 and #24. New term and authority distinction: addressability is Survey's, participation is Ground's. AUTHORITY: FSF."
1102,Addressability Must Not Imply Inclusion,DUPLICATE / NEAR-DUPLICATE,MERGE INTO STRONGER FINDING OR CLUSTER,Survey-to-World Relationship,"#14, #573, #1101",HIGH,RESTATEMENT. Parent #13 via #14 and #573: being expressible in Survey coordinates is no evidence of membership.
1103,Inclusion Must Not Alter Addressability,DERIVED CONSEQUENCE,MERGE INTO STRONGER FINDING OR CLUSTER,Survey Dependency / Downward Contract,"#12, #47, #1101",HIGH,Root parent #12: recognition as World-space leaves the Survey address untouched. AUTHORITY: FSF.
1104,Spatial Ground Must Preserve Stable Address-to-Place Meaning,DUPLICATE / NEAR-DUPLICATE,MERGE INTO STRONGER FINDING OR CLUSTER,Change Control and Permanence,"#73, #574, #491",HIGH,"RESTATEMENT. Parent #4 via #73, with #574."
1105,Spatial Ground Must Not Create Alias Ambiguity,SPECIFICATION CANDIDATE,MOVE TO SPECIFICATION,Canonical Equivalence,"#65, #216, #1110",MEDIUM,"New scope: equivalence of references to a place, as distinct from equivalence of Ground expressions (#65). AUTHORITY: equivalence of Survey references is FSF's; Ground's share is one membership answer across aliases."
1106,Alias Support Must Preserve One Place,DUPLICATE / NEAR-DUPLICATE,MERGE INTO STRONGER FINDING OR CLUSTER,Canonical Equivalence,"#1105, #65, #1108",HIGH,RESTATEMENT. Parent #1105.
1107,Spatial Ground Must Prevent Accidental Alias Creation,DERIVED CONSEQUENCE,MERGE INTO STRONGER FINDING OR CLUSTER,Canonical Equivalence,"#62, #1105, #1110",HIGH,"Root parent #15 via #62. New failure mode: truncation, rounding or formatting collapsing distinct places into one reference."
1108,Spatial Ground Must Prevent Accidental Place Splitting,DUPLICATE / NEAR-DUPLICATE,MERGE INTO STRONGER FINDING OR CLUSTER,Canonical Equivalence,"#216, #1105, #1107",HIGH,"INSTANCE. Parent #216, which already forbids treating equivalent truth as different places; here for references."
1109,Spatial Ground Must Preserve Canonical Identity Under Reference Normalization,DUPLICATE / NEAR-DUPLICATE,MERGE INTO STRONGER FINDING OR CLUSTER,Canonical Equivalence,"#116, #1105, #218",HIGH,INSTANCE. Parent #116: normalization of references.
1110,Spatial Ground Must Reject Ambiguous Reference Normalization,SPECIFICATION CANDIDATE,MOVE TO SPECIFICATION,Canonical Equivalence,"#116, #1107, #612",HIGH,New formal condition: a canonical normalization maps each input to exactly one place and never merges distinct places.
1111,Spatial Ground Must Distinguish Point Reference From Area Membership,SPECIFICATION CANDIDATE,MOVE TO SPECIFICATION,Exact Membership and Boundary Resolution,"#15, #1113, #839",HIGH,"New scope condition: membership of a point-like reference and of a spatial extent are different questions, each needing defined semantics."
1112,Spatial Ground Must Distinguish Location Membership From Extent Intersection,DERIVED CONSEQUENCE,MERGE INTO STRONGER FINDING OR CLUSTER,Exact Membership and Boundary Resolution,"#1111, #15, #1113",HIGH,Parent #1111: an extent that intersects World-space is not thereby World-space.
1113,Spatial Ground Must Distinguish Full Inclusion From Partial Intersection,SPECIFICATION CANDIDATE,MOVE TO SPECIFICATION,Exact Membership and Boundary Resolution,"#1111, #1169, #252",MEDIUM,"New outcome distinction for area queries: fully World, partially intersecting, fully non-World, invalid. ""As appropriate"" leaves adoption to Specification."
1114,Area Queries Must Derive From Canonical Membership,DERIVED CONSEQUENCE,MERGE INTO STRONGER FINDING OR CLUSTER,Single Canonical Truth,"#8, #57, #1170",HIGH,Root parents #8 and #57: any area classification derives from the one definition.
1115,Spatial Ground Must Preserve Exact Intersection Semantics,SPECIFICATION CANDIDATE,MOVE TO SPECIFICATION,Exact Membership and Boundary Resolution,"#839, #16, #1176",HIGH,"Exact, implementation-independent intersection semantics; extends #839 and #16 from points to extents."
1116,Spatial Ground Must Not Let Bounding Boxes Become Canon,DUPLICATE / NEAR-DUPLICATE,MERGE INTO STRONGER FINDING OR CLUSTER,Operational Non-Authority,"#49, #19, #1120",HIGH,INSTANCE. Parent #19 via #49: bounding boxes.
1117,Spatial Ground Must Not Let Convex Hulls Become Canon,DUPLICATE / NEAR-DUPLICATE,MERGE INTO STRONGER FINDING OR CLUSTER,Operational Non-Authority,"#49, #19, #1116",HIGH,INSTANCE. Parent #19 via #49: convex hulls.
1118,Spatial Ground Must Not Let Centroids Become Canonical Identity,DUPLICATE / NEAR-DUPLICATE,MERGE INTO STRONGER FINDING OR CLUSTER,Operational Non-Authority,"#19, #107, #1119",HIGH,INSTANCE. Parent #19: centroids.
1119,Spatial Ground Must Not Let Representative Points Replace Exact Geometry,DUPLICATE / NEAR-DUPLICATE,MERGE INTO STRONGER FINDING OR CLUSTER,Operational Non-Authority,"#19, #1118, #50",HIGH,INSTANCE. Parent #19: representative points and markers.
1120,Spatial Ground Must Distinguish Summary Geometry From Defining Geometry,DUPLICATE / NEAR-DUPLICATE,MERGE INTO STRONGER FINDING OR CLUSTER,Operational Non-Authority,"#781, #703, #1116",HIGH,"RESTATEMENT. Parent #19 via #703 and #781: summary geometry describes, defining geometry determines."
1121,Spatial Ground Must Preserve Exactness Under Spatial Index Approximation,DUPLICATE / NEAR-DUPLICATE,MERGE INTO STRONGER FINDING OR CLUSTER,Operational Non-Authority,"#797, #796, #78",HIGH,RESTATEMENT. Parents #19 and #541 via #796 and #797.
1122,Spatial Ground Must Support Two-Stage Resolution,DUPLICATE / NEAR-DUPLICATE,MERGE INTO STRONGER FINDING OR CLUSTER,Operational Non-Authority,"#796, #1121, #797",HIGH,"RESTATEMENT. Parent #796: approximate filter, then exact evaluation."
1123,Spatial Ground Must Prevent Approximate Pre-Filters From Returning Canonical Falsehoods,IMPLEMENTATION / OPERATIONAL CANDIDATE,MOVE TO IMPLEMENTATION / OPERATIONS,Operational Non-Authority,"#1122, #62, #254",HIGH,New failure mode: an approximate pre-filter wrongly excluding World-space or admitting non-World-space. Operational in nature.
1124,Spatial Ground Must Preserve Canonical Resolution at Every Boundary Crossing,DERIVED CONSEQUENCE,MERGE INTO STRONGER FINDING OR CLUSTER,Exact Membership and Boundary Resolution,"#15, #16, #1125",HIGH,Root parent #15: any path across Survey space meets World / non-World transitions exactly where the membership rule puts them.
1125,Traversal Sampling Must Not Define the Boundary,DUPLICATE / NEAR-DUPLICATE,MERGE INTO STRONGER FINDING OR CLUSTER,Operational Non-Authority,"#1126, #49, #1174",HIGH,INSTANCE. Parent #1126: a coarse sampling path can miss the limit and so cannot define it.
1126,Spatial Ground Must Distinguish Continuous Truth From Discrete Sampling,DERIVED CONSEQUENCE,MERGE INTO STRONGER FINDING OR CLUSTER,Operational Non-Authority,"#19, #49, #1198",MEDIUM,"Root parent #19 via #49: sampled representation never replaces canonical semantics. AUTHORITY: whether canonical space is continuous is FSF's to say, and no model is chosen here."
1127,Spatial Ground Must Preserve Exactness Between Samples,DUPLICATE / NEAR-DUPLICATE,MERGE INTO STRONGER FINDING OR CLUSTER,Exact Membership and Boundary Resolution,"#15, #1199, #18",HIGH,"RESTATEMENT. Parent #15, with #18: defined at locations no one has sampled."
1128,Spatial Ground Must Not Depend on Discovery Density,DUPLICATE / NEAR-DUPLICATE,MERGE INTO STRONGER FINDING OR CLUSTER,Higher-Layer Independence,"#590, #32, #1127",HIGH,INSTANCE. Parents #4 and #27 via #32 and #590: query frequency.
1129,Spatial Ground Must Not Depend on Observation Resolution,DUPLICATE / NEAR-DUPLICATE,MERGE INTO STRONGER FINDING OR CLUSTER,Precision and Refinement,"#244, #866, #1168",HIGH,RESTATEMENT. Parent #244. AUTHORITY: FSF refinement model.
1130,Refinement Must Not Create New Foundational Geography,DUPLICATE / NEAR-DUPLICATE,MERGE INTO STRONGER FINDING OR CLUSTER,Precision and Refinement,"#101, #20, #1131",HIGH,RESTATEMENT. Parent #20 via #101.
1131,Spatial Ground Must Distinguish Refinement From Subdivision,DERIVED CONSEQUENCE,MERGE INTO STRONGER FINDING OR CLUSTER,Precision and Refinement,"#231, #58, #1132",HIGH,Root parents #58 and #20 via #231. New distinction: refinement raises precision and creates no entities or subdivisions.
1132,Spatial Ground Must Distinguish Refinement From Parcelization,DUPLICATE / NEAR-DUPLICATE,MERGE INTO STRONGER FINDING OR CLUSTER,Parcel Independence,"#1131, #6, #1133",HIGH,INSTANCE. Parents #6 and #1131: refinement is not parcelization.
1133,Spatial Ground Must Not Treat Survey Cells as Parcels,DERIVED CONSEQUENCE,MERGE INTO STRONGER FINDING OR CLUSTER,Parcel Independence,"#6, #36, #1135",MEDIUM,Root parent #6. New cross-layer implication: a Survey cell is never a Parcel. AUTHORITY: Survey cells are FSF's; Parcel identity is the cadastre's and the Codex's. Ground sits between and owns neither.
1134,Spatial Ground Must Not Treat Membership Cells as Land Units,DUPLICATE / NEAR-DUPLICATE,MERGE INTO STRONGER FINDING OR CLUSTER,Operational Non-Authority,"#79, #1133, #236",HIGH,INSTANCE. Parents #19 and #20 via #79: cells used to evaluate membership.
1135,Spatial Ground Must Not Create Hidden Proto-Parcels,DERIVED CONSEQUENCE,MERGE INTO STRONGER FINDING OR CLUSTER,Parcel Independence,"#79, #6, #1136",HIGH,Root parents #6 and #19 via #79. New failure mode: storage or computation partitions hardening into de facto cadastral units.
1136,Spatial Ground Must Preserve Cadastral Freedom,DUPLICATE / NEAR-DUPLICATE,MERGE INTO STRONGER FINDING OR CLUSTER,Parcel Independence,"#740, #483, #1135",HIGH,RESTATEMENT. Parent #6 via #483 and #740.
1137,Spatial Ground Must Preserve Interpretive Freedom,DUPLICATE / NEAR-DUPLICATE,MERGE INTO STRONGER FINDING OR CLUSTER,Upward Handoff,"#739, #143, #1136",HIGH,RESTATEMENT. Parent #20 via #739.
1138,Spatial Ground Must Distinguish Canonical Ground Geometry From Computational Partitioning,DUPLICATE / NEAR-DUPLICATE,MERGE INTO STRONGER FINDING OR CLUSTER,Operational Non-Authority,"#79, #235, #1139",HIGH,RESTATEMENT. Parent #19 via #79.
1139,Spatial Ground Must Preserve Geometric Meaning Across Repartitioning,DUPLICATE / NEAR-DUPLICATE,MERGE INTO STRONGER FINDING OR CLUSTER,Operational Non-Authority,"#816, #1095, #1140",HIGH,RESTATEMENT. Parent #19 via #122 and #816.
1140,Spatial Ground Must Permit Arbitrary Operational Repartitioning,DUPLICATE / NEAR-DUPLICATE,MERGE INTO STRONGER FINDING OR CLUSTER,Technology and Infrastructure Independence,"#239, #1139, #81",HIGH,RESTATEMENT. Parent #81 via #239.
1141,Spatial Ground Must Preserve Exact Union Across Partitions,DUPLICATE / NEAR-DUPLICATE,MERGE INTO STRONGER FINDING OR CLUSTER,Operational Non-Authority,"#122, #817, #1142",HIGH,RESTATEMENT. Parent #19 via #122.
1142,Spatial Ground Must Prevent Partition Gaps,DUPLICATE / NEAR-DUPLICATE,MERGE INTO STRONGER FINDING OR CLUSTER,Operational Non-Authority,"#817, #836, #1141",HIGH,"INSTANCE. Parent #817, which already lists gaps."
1143,Spatial Ground Must Prevent Partition Overlaps From Creating Double Meaning,DUPLICATE / NEAR-DUPLICATE,MERGE INTO STRONGER FINDING OR CLUSTER,Operational Non-Authority,"#817, #1142, #1144",HIGH,"INSTANCE. Parent #817, which already lists overlaps."
1144,Spatial Ground Must Preserve Set Idempotence,SPECIFICATION CANDIDATE,MOVE TO SPECIFICATION,Exact Membership and Boundary Resolution,"#839, #1143, #368",HIGH,New formal property (conditional): including the same portion twice changes nothing.
1145,Spatial Ground Must Preserve Set Commutativity Where Applicable,SPECIFICATION CANDIDATE,MOVE TO SPECIFICATION,Exact Membership and Boundary Resolution,"#839, #843, #215",HIGH,Formal property (conditional): order of set operations is irrelevant unless the Specification says otherwise; close to #215 and #843.
1146,Spatial Ground Must Preserve Set Associativity Where Applicable,SPECIFICATION CANDIDATE,MOVE TO SPECIFICATION,Exact Membership and Boundary Resolution,"#839, #1145, #1144",HIGH,Formal property (conditional): grouping of set operations is irrelevant where the adopted model is associative.
1147,Spatial Ground Must Define Complement Relative to the Correct Domain,DERIVED CONSEQUENCE,MERGE INTO STRONGER FINDING OR CLUSTER,Survey-to-World Relationship,"#1071, #13, #1148",HIGH,"Root parent #13 via #1071. New scope condition: the non-World complement is taken within the valid Survey Domain, never an undefined exterior. AUTHORITY: the Domain is FSF's."
1148,Spatial Ground Must Not Imply Infinite Outside Space,DUPLICATE / NEAR-DUPLICATE,MERGE INTO STRONGER FINDING OR CLUSTER,Survey-to-World Relationship,"#1147, #163, #98",HIGH,RESTATEMENT. Parent #1147.
1149,Spatial Ground Must Preserve Survey Domain Finitude,DUPLICATE / NEAR-DUPLICATE,MERGE INTO STRONGER FINDING OR CLUSTER,Survey-to-World Relationship,"#163, #13, #1150",HIGH,RESTATEMENT. Parent #13 via #163. AUTHORITY: FSF.
1150,Spatial Ground Must Not Create Meaning Beyond Survey Domain,DUPLICATE / NEAR-DUPLICATE,MERGE INTO STRONGER FINDING OR CLUSTER,Survey-to-World Relationship,"#164, #163, #1152",HIGH,"RESTATEMENT. Parent #13 via #164. A statement of Ground's scope, not of World-space truth. AUTHORITY GAP: ""unless a future foundational architecture explicitly establishes otherwise"" names no actor."
1151,Spatial Ground Must Distinguish Survey-Domain Limit From World-Space Limit,DERIVED CONSEQUENCE,MERGE INTO STRONGER FINDING OR CLUSTER,Survey-to-World Relationship,"#261, #13, #1152",HIGH,Root parent #13 via #261. New distinction: the Survey-Domain limit and the World-space limit are two different limits. Bears on reserved #260.
1152,Survey-Domain Boundary Must Remain Lower-Layer Authority,DUPLICATE / NEAR-DUPLICATE,MERGE INTO STRONGER FINDING OR CLUSTER,Survey Dependency / Downward Contract,"#12, #275, #1151",HIGH,RESTATEMENT. Parent #12. AUTHORITY: FSF owns the outer limit of valid Survey reference.
1153,World-Space May Not Touch the Survey-Domain Limit by Assumption,DERIVED CONSEQUENCE,MERGE INTO STRONGER FINDING OR CLUSTER,Survey-to-World Relationship,"#1151, #260, #1154",MEDIUM,Parent #1151. New: whether World-space reaches the Domain limit follows from the adopted definition and is never presumed. Bears on reserved #260 without resolving it.
1154,Spatial Ground Must Not Reserve a Mandatory Margin,DERIVED CONSEQUENCE,MERGE INTO STRONGER FINDING OR CLUSTER,Minimality and Semantic Restraint,"#58, #1153, #100",MEDIUM,Root parent #58. New: no required buffer between World-space and the Domain limit unless separately justified. Bears on reserved #260 without resolving it.
1155,Spatial Ground Must Not Assume Exterior Navigability,DUPLICATE / NEAR-DUPLICATE,MERGE INTO STRONGER FINDING OR CLUSTER,Minimality and Semantic Restraint,"#98, #1073, #1156",HIGH,INSTANCE. Parent #20 via #98: no presumption that non-World space is navigable or visible.
1156,Spatial Ground Must Not Assume Exterior Inaccessibility,DUPLICATE / NEAR-DUPLICATE,MERGE INTO STRONGER FINDING OR CLUSTER,Minimality and Semantic Restraint,"#98, #1155, #309",HIGH,INSTANCE. Parent #20 via #98: no presumption that it is forbidden either.
1157,Spatial Ground Must Distinguish Membership From Experience Eligibility,DUPLICATE / NEAR-DUPLICATE,MERGE INTO STRONGER FINDING OR CLUSTER,Interpretation Independence,"#308, #309, #1158",HIGH,INSTANCE. Parents #4 and #20 via #308 and #309: eligibility to be shown or visited.
1158,Spatial Ground Must Distinguish Membership From Construction Eligibility,DUPLICATE / NEAR-DUPLICATE,MERGE INTO STRONGER FINDING OR CLUSTER,Interpretation Independence,"#20, #311, #1157",HIGH,INSTANCE. Parent #20: eligibility for construction.
1159,Spatial Ground Must Distinguish Membership From Parcel Eligibility,DERIVED CONSEQUENCE,MERGE INTO STRONGER FINDING OR CLUSTER,Parcel Independence,"#35, #6, #55",MEDIUM,"Root parent #6 via #35. New cross-layer implication: whether World-space may be parcelized is a cadastral rule. Bears on #55 (Batch 1, under review), which had Ground defining eligibility for higher meaning."
1160,Spatial Ground Must Distinguish Membership From Region Eligibility,DERIVED CONSEQUENCE,MERGE INTO STRONGER FINDING OR CLUSTER,Interpretation Independence,"#37, #289, #1159",HIGH,Root parent #20 via #37. Same point for Regions and Clusters. AUTHORITY: The Codex. Bears on #55.
1161,Spatial Ground Must Preserve Neutrality Toward Higher Spatial Partition,DUPLICATE / NEAR-DUPLICATE,MERGE INTO STRONGER FINDING OR CLUSTER,Minimality and Semantic Restraint,"#79, #20, #1164",HIGH,"RESTATEMENT. Parent #20 via #79: no preferred partition, hierarchy or zoning."
1162,Spatial Ground Must Preserve Neutrality Toward Scale of Interpretation,DUPLICATE / NEAR-DUPLICATE,MERGE INTO STRONGER FINDING OR CLUSTER,Minimality and Semantic Restraint,"#20, #241, #1163",HIGH,INSTANCE. Parent #20: scales of interpretation.
1163,Spatial Ground Must Not Establish Semantic Levels of Detail,DUPLICATE / NEAR-DUPLICATE,MERGE INTO STRONGER FINDING OR CLUSTER,Minimality and Semantic Restraint,"#20, #791, #1162",HIGH,INSTANCE. Parent #20: levels of meaning or visibility.
1164,Spatial Ground Must Not Establish Administrative Levels,DUPLICATE / NEAR-DUPLICATE,MERGE INTO STRONGER FINDING OR CLUSTER,Rights / Governance Independence,"#76, #20, #39",HIGH,"INSTANCE. Parent #20 via #76: provinces, districts, zones."
1165,Spatial Ground Must Not Establish Navigational Levels,DUPLICATE / NEAR-DUPLICATE,MERGE INTO STRONGER FINDING OR CLUSTER,Interpretation Independence,"#20, #310, #1166",HIGH,INSTANCE. Parent #20: navigation grids and route sectors.
1166,Spatial Ground Must Not Establish Simulation Levels,DUPLICATE / NEAR-DUPLICATE,MERGE INTO STRONGER FINDING OR CLUSTER,Runtime Independence,"#238, #41, #1165",HIGH,RESTATEMENT. Parents #19 and #4 via #238.
1167,Spatial Ground Must Preserve One Spatial Membership Semantics Across Scale,DUPLICATE / NEAR-DUPLICATE,MERGE INTO STRONGER FINDING OR CLUSTER,Precision and Refinement,"#247, #1168, #244",HIGH,RESTATEMENT. Parent #244 via #247.
1168,"Scale Must Affect Resolution, Not Meaning",DUPLICATE / NEAR-DUPLICATE,MERGE INTO STRONGER FINDING OR CLUSTER,Precision and Refinement,"#247, #1167, #245",HIGH,"RESTATEMENT. Parent #244 via #247. Repeats the ""reveal more exact results"" wording of reserved #245."
1169,Spatial Ground Must Distinguish Mixed-Area Queries From Fundamental Membership,DERIVED CONSEQUENCE,MERGE INTO STRONGER FINDING OR CLUSTER,Exact Membership and Boundary Resolution,"#152, #1113, #1170",HIGH,Root parent #15 via #152. CONSOLIDATION SURVIVOR: a mixed area is a derived fact about an extent and never a third membership state for an exact location; keeps #152 intact beside #1113.
1170,Mixed Coverage Is a Derived Property,DUPLICATE / NEAR-DUPLICATE,MERGE INTO STRONGER FINDING OR CLUSTER,Minimality and Semantic Restraint,"#104, #57, #1171",HIGH,INSTANCE. Parent #58 via #57 and #104: coverage fraction.
1171,Spatial Ground Must Not Canonize Coverage Percentages,DUPLICATE / NEAR-DUPLICATE,MERGE INTO STRONGER FINDING OR CLUSTER,Minimality and Semantic Restraint,"#1170, #104, #59",HIGH,RESTATEMENT. Parent #1170.
1172,Spatial Ground Must Preserve Exact Set Membership Beneath Aggregation,DUPLICATE / NEAR-DUPLICATE,MERGE INTO STRONGER FINDING OR CLUSTER,Minimality and Semantic Restraint,"#57, #1114, #1170",HIGH,RESTATEMENT. Parent #57 via #1114.
1173,Spatial Ground Must Not Infer Canon From Statistical Majority,DUPLICATE / NEAR-DUPLICATE,MERGE INTO STRONGER FINDING OR CLUSTER,Exact Membership and Boundary Resolution,"#62, #1169, #662",HIGH,"INSTANCE. Parent #15 via #62: ""mostly World"" is not World."
1174,Spatial Ground Must Not Infer Canon From Representative Sampling,DUPLICATE / NEAR-DUPLICATE,MERGE INTO STRONGER FINDING OR CLUSTER,Exact Membership and Boundary Resolution,"#62, #1125, #950",HIGH,INSTANCE. Parent #15 via #62: sampled estimates.
1175,Spatial Ground Must Preserve Deterministic Membership at Arbitrarily Small Supported Extents,DUPLICATE / NEAR-DUPLICATE,MERGE INTO STRONGER FINDING OR CLUSTER,Exact Membership and Boundary Resolution,"#256, #15, #1111",HIGH,INSTANCE. Parent #15 via #256: very small extents. AUTHORITY: supported precision is FSF's.
1176,Spatial Ground Must Preserve Exact Boundary Interaction for Extents,DUPLICATE / NEAR-DUPLICATE,MERGE INTO STRONGER FINDING OR CLUSTER,Exact Membership and Boundary Resolution,"#1115, #16, #1177",HIGH,RESTATEMENT. Parent #1115.
1177,Touching and Crossing Must Remain Distinct Where Relevant,SPECIFICATION CANDIDATE,MOVE TO SPECIFICATION,Exact Membership and Boundary Resolution,"#1115, #1176, #1178",HIGH,New formal distinction (conditional): touching the limit versus crossing it.
1178,Tangency Must Not Be Left to Numerical Guessing,DUPLICATE / NEAR-DUPLICATE,MERGE INTO STRONGER FINDING OR CLUSTER,Exact Membership and Boundary Resolution,"#358, #1177, #359",HIGH,INSTANCE. Parent #15 via #358: tangent contact. AUTHORITY: exact Survey mathematics.
1179,Spatial Ground Must Preserve Exact Inclusion of Limit Points,DUPLICATE / NEAR-DUPLICATE,MERGE INTO STRONGER FINDING OR CLUSTER,Exact Membership and Boundary Resolution,"#16, #114, #1180",HIGH,RESTATEMENT. Parent #15 via #16.
1180,Limit Inclusion Must Be Uniformly Interpretable,DUPLICATE / NEAR-DUPLICATE,MERGE INTO STRONGER FINDING OR CLUSTER,Exact Membership and Boundary Resolution,"#115, #16, #1179",HIGH,RESTATEMENT. Parents #15 and #26 via #115.
1181,Spatial Ground Must Not Create Mixed Boundary Conventions Without Necessity,DERIVED CONSEQUENCE,MERGE INTO STRONGER FINDING OR CLUSTER,Exact Membership and Boundary Resolution,"#378, #16, #1182",MEDIUM,"Parents #16 and #378. New scope: one inclusion convention along the whole limit, a property of the definition as a whole (""should ... unless necessity"")."
1182,Exceptional Boundary Rules Must Be Explicit,DUPLICATE / NEAR-DUPLICATE,MERGE INTO STRONGER FINDING OR CLUSTER,No Hidden State / Self-Containment,"#379, #1181, #28",HIGH,INSTANCE. Parents #27 and #28 via #379: boundary exceptions.
1183,Spatial Ground Must Preserve Boundary Rule Locality,SPECIFICATION CANDIDATE,MOVE TO SPECIFICATION,Exact Membership and Boundary Resolution,"#1182, #379, #121",HIGH,New failure mode: a local boundary exception altering membership somewhere else.
1184,Spatial Ground Must Support Boundary Proof Cases,DUPLICATE / NEAR-DUPLICATE,MERGE INTO STRONGER FINDING OR CLUSTER,Testing and Adversarial Review,"#193, #636, #1177",HIGH,RESTATEMENT. Parent #193; adds contact and crossing to the cases.
1185,Spatial Ground Must Distinguish Canonical Limit From Measured Approximation,DUPLICATE / NEAR-DUPLICATE,MERGE INTO STRONGER FINDING OR CLUSTER,Operational Non-Authority,"#50, #49, #1186",HIGH,RESTATEMENT. Parent #19 via #49 and #50.
1186,Spatial Ground Must Distinguish Canonical Limit From Survey Refinement Artifact,DERIVED CONSEQUENCE,MERGE INTO STRONGER FINDING OR CLUSTER,Precision and Refinement,"#19, #49, #1187",HIGH,Root parent #19 via #49. New failure mode: a stair-step or cell-edge pattern from one implementation taken for the true limit. Bears on reserved #245.
1187,Spatial Ground Must Not Fossilize Early Resolution Artifacts,DUPLICATE / NEAR-DUPLICATE,MERGE INTO STRONGER FINDING OR CLUSTER,Precision and Refinement,"#1186, #80, #887",HIGH,RESTATEMENT. Parents #1186 and #80: early-precision artifacts gain no permanent meaning.
1188,Spatial Ground Must Preserve Refinement Compatibility,DUPLICATE / NEAR-DUPLICATE,MERGE INTO STRONGER FINDING OR CLUSTER,Precision and Refinement,"#246, #244, #1189",HIGH,RESTATEMENT. Parent #244 via #246.
1189,Spatial Ground Must Preserve Place Through Precision Expansion,DUPLICATE / NEAR-DUPLICATE,MERGE INTO STRONGER FINDING OR CLUSTER,Precision and Refinement,"#244, #1188, #1190",HIGH,RESTATEMENT. Parent #244. AUTHORITY: FSF.
1190,Precision Expansion Must Not Create New World Membership by Accident,DERIVED CONSEQUENCE,MERGE INTO STRONGER FINDING OR CLUSTER,Precision and Refinement,"#244, #15, #254",HIGH,"Root parents #15 and #244, with #254 and #255. New: locations that become representable under deeper refinement take membership from the established definition, never by default. CONSOLIDATION SURVIVOR for the refinement family. States one reading of reserved #245 outright; #245 remains reserved."
1191,Spatial Ground Must Preserve Refinement Determinism,DUPLICATE / NEAR-DUPLICATE,MERGE INTO STRONGER FINDING OR CLUSTER,Precision and Refinement,"#26, #1190, #162",HIGH,INSTANCE. Parent #26: newly available finer references.
1192,Spatial Ground Must Not Depend on Maximum Contemporary Precision,DUPLICATE / NEAR-DUPLICATE,MERGE INTO STRONGER FINDING OR CLUSTER,Precision and Refinement,"#242, #80, #1193",HIGH,INSTANCE. Parent #80 via #242: the finest precision of 2026. AUTHORITY: any canonical limit is FSF's.
1193,Spatial Ground Must Respect Survey Precision Bounds,DUPLICATE / NEAR-DUPLICATE,MERGE INTO STRONGER FINDING OR CLUSTER,Precision and Refinement,"#11, #164, #1194",HIGH,RESTATEMENT. Parents #12 and #13 via #11 and #164. AUTHORITY: FSF.
1194,Ground Precision Cannot Exceed Survey Authority,DUPLICATE / NEAR-DUPLICATE,MERGE INTO STRONGER FINDING OR CLUSTER,Precision and Refinement,"#1193, #11, #164",HIGH,RESTATEMENT. Parent #1193.
1195,Spatial Ground Must Preserve Downward Precision Consistency,DUPLICATE / NEAR-DUPLICATE,MERGE INTO STRONGER FINDING OR CLUSTER,Precision and Refinement,"#11, #1193, #161",HIGH,RESTATEMENT. Parent #12 via #11.
1196,Spatial Ground Must Preserve Upward Precision Freedom,UPWARD HANDOFF / HIGHER-LAYER CONTRACT,MERGE INTO STRONGER FINDING OR CLUSTER,Upward Handoff,"#173, #19, #1197",HIGH,"Parents #173 and #19. New scope: higher layers may use finer derived precision, which carries no foundational authority."
1197,Spatial Ground Must Distinguish Derived Interpolation From Canonical Precision,DUPLICATE / NEAR-DUPLICATE,MERGE INTO STRONGER FINDING OR CLUSTER,Operational Non-Authority,"#49, #1196, #19",HIGH,INSTANCE. Parent #19 via #49: interpolation.
1198,Spatial Ground Must Distinguish Analytic Continuity From Stored Resolution,DUPLICATE / NEAR-DUPLICATE,MERGE INTO STRONGER FINDING OR CLUSTER,Operational Non-Authority,"#1126, #18, #1199",HIGH,RESTATEMENT. Parent #1126.
1199,Spatial Ground Must Preserve the World Beyond Materialization,DUPLICATE / NEAR-DUPLICATE,MERGE INTO STRONGER FINDING OR CLUSTER,Representation Independence,"#18, #32, #1127",HIGH,RESTATEMENT. Parents #18 and #4 via #32.
1200,Spatial Ground Must Make Canonical Place Prior to Representation,DUPLICATE / NEAR-DUPLICATE,MERGE INTO STRONGER FINDING OR CLUSTER,Higher-Layer Independence,"#283, #441, #1199",HIGH,"RESTATEMENT. Parent #4 via #283 and #441: place first, everything that describes or uses it afterward."
1201,Spatial Ground Must Distinguish Canonical Place From Derived Measurement,DUPLICATE / NEAR-DUPLICATE,MERGE INTO STRONGER FINDING OR CLUSTER,Minimality and Semantic Restraint,"#106, #104, #1205",HIGH,"RESTATEMENT. Parent #58 via #104 and #106, including #106's ""unless explicitly required"" exception clause."
1202,Measurement Results Must Not Become Independent Authority,DUPLICATE / NEAR-DUPLICATE,MERGE INTO STRONGER FINDING OR CLUSTER,Single Canonical Truth,"#541, #106, #1201",HIGH,INSTANCE. Parent #541: a published area or perimeter figure that disagrees with the definition is the one that yields.
1203,Spatial Ground Must Preserve Measurement Reproducibility,DUPLICATE / NEAR-DUPLICATE,MERGE INTO STRONGER FINDING OR CLUSTER,Independent Implementation,"#26, #162, #1201",HIGH,INSTANCE. Parent #26: derived measurements. AUTHORITY: measurement mathematics is FSF's.
1204,Spatial Ground Must Distinguish Exact Measurement From Approximate Measurement,DUPLICATE / NEAR-DUPLICATE,MERGE INTO STRONGER FINDING OR CLUSTER,Operational Non-Authority,"#49, #63, #1203",HIGH,INSTANCE. Parent #19 via #49 and #63: approximate measurement.
1205,Spatial Ground Must Not Require Measurement Where Membership Suffices,DUPLICATE / NEAR-DUPLICATE,MERGE INTO STRONGER FINDING OR CLUSTER,Minimality and Semantic Restraint,"#104, #58, #1201",HIGH,RESTATEMENT. Parent #58 via #104.
1206,Spatial Ground Must Distinguish Metric From Topological Truth,DERIVED CONSEQUENCE,MERGE INTO STRONGER FINDING OR CLUSTER,Connectedness and Topology,"#96, #1207, #832",MEDIUM,"Parent #96. New distinction: metric facts (distance, area) are a different kind from topological facts (connectivity, inclusion). AUTHORITY: both kinds of mathematics are FSF's."
1207,Spatial Ground Must Distinguish Geometry From Topology,DERIVED CONSEQUENCE,MERGE INTO STRONGER FINDING OR CLUSTER,Connectedness and Topology,"#1206, #96, #25",MEDIUM,Parents #25 and #96. New distinction: the shape that expresses membership and the topological relations that follow from it stay separable.
1208,Spatial Ground Must Not Infer Topology From Appearance,DUPLICATE / NEAR-DUPLICATE,MERGE INTO STRONGER FINDING OR CLUSTER,Connectedness and Topology,"#833, #1054, #96",HIGH,"INSTANCE. Parents #19 and #96 via #833 and #1054: looking connected, compact or hole-free establishes nothing."
1209,Spatial Ground Must Not Infer Geometry From Topological Requirements,DERIVED CONSEQUENCE,MERGE INTO STRONGER FINDING OR CLUSTER,Connectedness and Topology,"#96, #22, #1210",MEDIUM,Parents #96 and #58. New: a topological requirement such as connectedness selects no particular geometric form. Bears on reserved #785.
1210,Spatial Ground Must Preserve Freedom of Exact Form Until Specification,DUPLICATE / NEAR-DUPLICATE,MERGE INTO STRONGER FINDING OR CLUSTER,Inquiry Method and Framework Sequencing,"#298, #1250, #549",HIGH,RESTATEMENT. Parent #298. METHODOLOGICAL: Findings constrain what World-space must satisfy and choose no representation.
1211,Spatial Ground Must Not Select Representation by Familiarity,DUPLICATE / NEAR-DUPLICATE,MERGE INTO STRONGER FINDING OR CLUSTER,Inquiry Method and Framework Sequencing,"#693, #695, #1215",HIGH,RESTATEMENT. Parent #695 via #693; lists model families only to deny any of them a head start. METHODOLOGICAL.
1212,Spatial Ground Must Not Select Representation by Rendering Convenience,DUPLICATE / NEAR-DUPLICATE,MERGE INTO STRONGER FINDING OR CLUSTER,Inquiry Method and Framework Sequencing,"#695, #692, #1213",HIGH,INSTANCE. Parent #695: rendering convenience is no selection ground. METHODOLOGICAL.
1213,Spatial Ground Must Not Select Representation by Storage Convenience,DUPLICATE / NEAR-DUPLICATE,MERGE INTO STRONGER FINDING OR CLUSTER,Inquiry Method and Framework Sequencing,"#695, #138, #1212",HIGH,"INSTANCE. Parent #695, with #138: storage convenience. METHODOLOGICAL."
1214,Spatial Ground Must Not Select Representation by Editing Convenience,DUPLICATE / NEAR-DUPLICATE,MERGE INTO STRONGER FINDING OR CLUSTER,Inquiry Method and Framework Sequencing,"#695, #1213, #1215",HIGH,INSTANCE. Parent #695: editing convenience. METHODOLOGICAL.
1215,Spatial Ground Must Not Select Representation by Contemporary Tool Support,DUPLICATE / NEAR-DUPLICATE,MERGE INTO STRONGER FINDING OR CLUSTER,Inquiry Method and Framework Sequencing,"#695, #693, #80",HIGH,INSTANCE. Parent #695 via #693: current tool support. METHODOLOGICAL.
1216,Spatial Ground Must Evaluate Representation Longevity,DUPLICATE / NEAR-DUPLICATE,MERGE INTO STRONGER FINDING OR CLUSTER,Inquiry Method and Framework Sequencing,"#695, #81, #145",HIGH,INSTANCE. Parent #695 via #696: selection criterion mirroring #81 (longevity). METHODOLOGICAL.
1217,Spatial Ground Must Evaluate Representation Exactness,DUPLICATE / NEAR-DUPLICATE,MERGE INTO STRONGER FINDING OR CLUSTER,Inquiry Method and Framework Sequencing,"#695, #15, #62",HIGH,INSTANCE. Parent #695 via #696: criterion mirroring #15 and #62 (exactness). METHODOLOGICAL.
1218,Spatial Ground Must Evaluate Representation Determinism,DUPLICATE / NEAR-DUPLICATE,MERGE INTO STRONGER FINDING OR CLUSTER,Inquiry Method and Framework Sequencing,"#695, #26, #1256",HIGH,INSTANCE. Parent #695 via #696: criterion mirroring #26 (determinism). METHODOLOGICAL.
1219,Spatial Ground Must Evaluate Representation Reconstructability,DUPLICATE / NEAR-DUPLICATE,MERGE INTO STRONGER FINDING OR CLUSTER,Inquiry Method and Framework Sequencing,"#695, #10, #1259",HIGH,INSTANCE. Parent #695 via #696: criterion mirroring #10 (reconstructability). METHODOLOGICAL.
1220,Spatial Ground Must Evaluate Representation Auditability,DUPLICATE / NEAR-DUPLICATE,MERGE INTO STRONGER FINDING OR CLUSTER,Inquiry Method and Framework Sequencing,"#695, #68, #1272",HIGH,INSTANCE. Parent #695 via #696: criterion mirroring #68 (auditability). METHODOLOGICAL.
1221,Spatial Ground Must Evaluate Representation Minimality,DUPLICATE / NEAR-DUPLICATE,MERGE INTO STRONGER FINDING OR CLUSTER,Inquiry Method and Framework Sequencing,"#695, #58, #1261",HIGH,INSTANCE. Parent #695 via #696: criterion mirroring #58 (minimality). METHODOLOGICAL.
1222,Spatial Ground Must Evaluate Representation Boundary Behavior,DUPLICATE / NEAR-DUPLICATE,MERGE INTO STRONGER FINDING OR CLUSTER,Inquiry Method and Framework Sequencing,"#695, #16, #1181",HIGH,"INSTANCE. Parent #695 via #696: criterion mirroring #16. Its ""exactly and uniformly"" echoes the whole-limit uniformity of #1181. METHODOLOGICAL."
1223,Spatial Ground Must Evaluate Representation Refinement Behavior,DUPLICATE / NEAR-DUPLICATE,MERGE INTO STRONGER FINDING OR CLUSTER,Inquiry Method and Framework Sequencing,"#695, #244, #1190",HIGH,INSTANCE. Parent #695 via #696: criterion mirroring #244 and #1190 (coherence as precision deepens). Consistent with #1190's reading; reserved #245 stays reserved. METHODOLOGICAL.
1224,Spatial Ground Must Evaluate Representation Equivalence,DUPLICATE / NEAR-DUPLICATE,MERGE INTO STRONGER FINDING OR CLUSTER,Inquiry Method and Framework Sequencing,"#695, #65, #1295",HIGH,INSTANCE. Parent #695 via #696: criterion mirroring #65 (equivalence). METHODOLOGICAL.
1225,Spatial Ground Must Evaluate Representation Portability,DUPLICATE / NEAR-DUPLICATE,MERGE INTO STRONGER FINDING OR CLUSTER,Inquiry Method and Framework Sequencing,"#695, #210, #29",HIGH,INSTANCE. Parent #695 via #696: criterion mirroring #29 and #210 (portability). METHODOLOGICAL.
1226,Spatial Ground Must Evaluate Representation Conformance Burden,DUPLICATE / NEAR-DUPLICATE,MERGE INTO STRONGER FINDING OR CLUSTER,Inquiry Method and Framework Sequencing,"#695, #947, #70",HIGH,"INSTANCE. Parent #695 via #696: criterion mirroring #70 and #947 (finite, deterministic conformance). METHODOLOGICAL."
1227,Spatial Ground Must Evaluate Representation Failure Modes,DUPLICATE / NEAR-DUPLICATE,MERGE INTO STRONGER FINDING OR CLUSTER,Inquiry Method and Framework Sequencing,"#695, #66, #623",HIGH,INSTANCE. Parent #695 via #696: criterion mirroring #66 and #623 (defined invalid states). METHODOLOGICAL.
1228,Spatial Ground Must Evaluate Representation Layer Purity,DUPLICATE / NEAR-DUPLICATE,MERGE INTO STRONGER FINDING OR CLUSTER,Inquiry Method and Framework Sequencing,"#695, #20, #1258",HIGH,INSTANCE. Parent #695 via #696: criterion mirroring #20 (layer purity). METHODOLOGICAL.
1229,Spatial Ground Must Evaluate Representation Independence From Higher Geometry,DUPLICATE / NEAR-DUPLICATE,MERGE INTO STRONGER FINDING OR CLUSTER,Inquiry Method and Framework Sequencing,"#695, #178, #1279",HIGH,INSTANCE. Parent #695 via #696: criterion mirroring #178 (complete before interpretation). METHODOLOGICAL.
1230,Spatial Ground Must Evaluate Representation Independence From Parcel Geometry,DUPLICATE / NEAR-DUPLICATE,MERGE INTO STRONGER FINDING OR CLUSTER,Inquiry Method and Framework Sequencing,"#695, #34, #1280",HIGH,INSTANCE. Parent #695 via #696: criterion mirroring #34 (no cadastral geometry needed). METHODOLOGICAL.
1231,Spatial Ground Must Evaluate Representation Independence From Ownership,DUPLICATE / NEAR-DUPLICATE,MERGE INTO STRONGER FINDING OR CLUSTER,Inquiry Method and Framework Sequencing,"#695, #40, #1281",HIGH,INSTANCE. Parent #695 via #696: criterion mirroring #40 (no rights records). METHODOLOGICAL.
1232,Spatial Ground Must Evaluate Representation Independence From Runtime,DUPLICATE / NEAR-DUPLICATE,MERGE INTO STRONGER FINDING OR CLUSTER,Inquiry Method and Framework Sequencing,"#695, #446, #1268",HIGH,INSTANCE. Parent #695 via #696: criterion mirroring #41 and #446 (no running service). METHODOLOGICAL.
1233,Spatial Ground Must Evaluate Representation Independence From Experience,DUPLICATE / NEAR-DUPLICATE,MERGE INTO STRONGER FINDING OR CLUSTER,Inquiry Method and Framework Sequencing,"#695, #42, #1283",HIGH,INSTANCE. Parent #695 via #696: criterion mirroring #42 (no dependence on experience). METHODOLOGICAL.
1234,Spatial Ground Must Evaluate Representation Against the One-World Requirement,DUPLICATE / NEAR-DUPLICATE,MERGE INTO STRONGER FINDING OR CLUSTER,Inquiry Method and Framework Sequencing,"#695, #21, #1270",HIGH,INSTANCE. Parent #695 via #696: criterion mirroring #21. AUTHORITY: The Declaration for One World. METHODOLOGICAL.
1235,Spatial Ground Must Evaluate Representation Against Continuity,DUPLICATE / NEAR-DUPLICATE,MERGE INTO STRONGER FINDING OR CLUSTER,Inquiry Method and Framework Sequencing,"#695, #22, #826",HIGH,INSTANCE. Parent #695 via #696: criterion mirroring #22 and #825-#826 (continuity shown without borrowing from the cadastre or from visuals). AUTHORITY: World continuity is constitutional (#829). METHODOLOGICAL.
1236,Spatial Ground Must Evaluate Representation Against Survey Non-Identity,DUPLICATE / NEAR-DUPLICATE,MERGE INTO STRONGER FINDING OR CLUSTER,Inquiry Method and Framework Sequencing,"#695, #261, #260",HIGH,INSTANCE. Parent #695 via #696: criterion mirroring #261 (Survey / World non-identity even if extents align). Adjacent to reserved #260. METHODOLOGICAL.
1237,Spatial Ground Must Evaluate Representation Against Non-World Validity,DUPLICATE / NEAR-DUPLICATE,MERGE INTO STRONGER FINDING OR CLUSTER,Inquiry Method and Framework Sequencing,"#695, #14, #98",HIGH,INSTANCE. Parent #695 via #696: criterion mirroring #14 and #98. METHODOLOGICAL.
1238,Spatial Ground Must Evaluate Representation Against Exact Placement,DUPLICATE / NEAR-DUPLICATE,MERGE INTO STRONGER FINDING OR CLUSTER,Inquiry Method and Framework Sequencing,"#695, #563, #1239",HIGH,INSTANCE. Parent #695 via #696: criterion mirroring #563 (absolute placement). METHODOLOGICAL.
1239,Spatial Ground Must Evaluate Representation Against Transformation Errors,DUPLICATE / NEAR-DUPLICATE,MERGE INTO STRONGER FINDING OR CLUSTER,Inquiry Method and Framework Sequencing,"#695, #565, #641",HIGH,INSTANCE. Parent #695 via #696: criterion mirroring #564-#568 (transformed copies). METHODOLOGICAL.
1240,Spatial Ground Must Evaluate Representation Against Hidden State,DUPLICATE / NEAR-DUPLICATE,MERGE INTO STRONGER FINDING OR CLUSTER,Inquiry Method and Framework Sequencing,"#695, #27, #643",HIGH,INSTANCE. Parent #695 via #696: criterion mirroring #27 (hidden state). METHODOLOGICAL.
1241,Spatial Ground Must Evaluate Representation Against Long-Term Archival Recovery,DUPLICATE / NEAR-DUPLICATE,MERGE INTO STRONGER FINDING OR CLUSTER,Inquiry Method and Framework Sequencing,"#695, #84, #994",HIGH,INSTANCE. Parent #695 via #696: criterion mirroring #84 and #994 (recovery after dormancy). METHODOLOGICAL.
1242,Spatial Ground Must Evaluate Representation Against Independent Implementation,DUPLICATE / NEAR-DUPLICATE,MERGE INTO STRONGER FINDING OR CLUSTER,Inquiry Method and Framework Sequencing,"#695, #645, #1263",MEDIUM,"INSTANCE. Parent #695 via #696: criterion mirroring #645. Bears on reserved #645: here the threshold is an establishment criterion, and a weaker one (""independent implementation reasoning"", not an implementation). AUTHORITY GAP: ""institutionally established"". METHODOLOGICAL."
1243,Spatial Ground Must Evaluate Representation Against Adversarial Inputs,DUPLICATE / NEAR-DUPLICATE,MERGE INTO STRONGER FINDING OR CLUSTER,Inquiry Method and Framework Sequencing,"#695, #85, #1271",HIGH,INSTANCE. Parent #695 via #696: criterion mirroring #85 (adversarial inputs). METHODOLOGICAL.
1244,Spatial Ground Must Evaluate Representation Against Semantic Drift,DUPLICATE / NEAR-DUPLICATE,MERGE INTO STRONGER FINDING OR CLUSTER,Inquiry Method and Framework Sequencing,"#695, #596, #1049",HIGH,INSTANCE. Parent #695 via #696: criterion mirroring #596 and #1049 (drift and semantic capture). METHODOLOGICAL.
1245,Spatial Ground Must Evaluate Representation Against Foundational Overreach,DUPLICATE / NEAR-DUPLICATE,MERGE INTO STRONGER FINDING OR CLUSTER,Inquiry Method and Framework Sequencing,"#695, #268, #1246",HIGH,"INSTANCE. Parent #695 via #696: criterion mirroring #20 and #268. Names the error ""foundational overreach"". METHODOLOGICAL."
1246,Spatial Ground Must Evaluate Representation Against Foundational Underreach,DUPLICATE / NEAR-DUPLICATE,MERGE INTO STRONGER FINDING OR CLUSTER,Inquiry Method and Framework Sequencing,"#695, #54, #1245",HIGH,"INSTANCE. Parent #695 via #696: criterion mirroring #54. Names the opposite error, ""foundational underreach"". METHODOLOGICAL."
1247,Spatial Ground Must Occupy the Exact Architectural Middle,DUPLICATE / NEAR-DUPLICATE,MERGE INTO STRONGER FINDING OR CLUSTER,Layer Boundaries,"#276, #1245, #1246",HIGH,"RESTATEMENT. Parents #30 and #54 via #276. CONSOLIDATION SURVIVOR: Ground does exactly what Survey cannot do without becoming World-aware, and exactly what interpretation should not have to do because World-space must already exist."
1248,Spatial Ground Must Define Enough and No More,DUPLICATE / NEAR-DUPLICATE,MERGE INTO STRONGER FINDING OR CLUSTER,Core World-Space Membership,"#150, #1247, #900",HIGH,RESTATEMENT. Parents #1 and #58 via #150.
1249,Spatial Ground Model Selection Must Follow Consolidated Requirements,DUPLICATE / NEAR-DUPLICATE,MERGE INTO STRONGER FINDING OR CLUSTER,Inquiry Method and Framework Sequencing,"#697, #298, #945",HIGH,RESTATEMENT. Parent #298 via #697. METHODOLOGICAL.
1250,Spatial Ground Must Delay Mathematical Commitment Until the Architecture Earns It,DUPLICATE / NEAR-DUPLICATE,MERGE INTO STRONGER FINDING OR CLUSTER,Inquiry Method and Framework Sequencing,"#298, #1210, #1249",HIGH,RESTATEMENT. Parent #298: mathematics serves the architecture. METHODOLOGICAL.
1251,Spatial Ground Must Preserve Model Independence Until Candidate Comparison Begins,DUPLICATE / NEAR-DUPLICATE,MERGE INTO STRONGER FINDING OR CLUSTER,Inquiry Method and Framework Sequencing,"#695, #1252, #696",HIGH,RESTATEMENT. Parent #695: no presumptive favorite before candidates are compared. METHODOLOGICAL.
1252,Candidate Models Must Be Compared on Requirements Satisfaction,DUPLICATE / NEAR-DUPLICATE,MERGE INTO STRONGER FINDING OR CLUSTER,Inquiry Method and Framework Sequencing,"#695, #1253, #692",HIGH,RESTATEMENT. Parent #695. METHODOLOGICAL.
1253,Candidate Comparison Must Use Common Evaluation Criteria,DUPLICATE / NEAR-DUPLICATE,MERGE INTO STRONGER FINDING OR CLUSTER,Inquiry Method and Framework Sequencing,"#696, #695, #1252",HIGH,RESTATEMENT. Parent #695 via #696. METHODOLOGICAL.
1254,Candidate Comparison Must Expose Tradeoffs,INSTITUTIONAL / GOVERNANCE CANDIDATE,MOVE TO GOVERNANCE / INSTITUTIONAL FRAMEWORK,Inquiry Method and Framework Sequencing,"#1255, #695, #691",HIGH,"METHODOLOGICAL. New selection rule: where a model buys simplicity, speed or elegance at the cost of a foundational property, the trade is stated openly."
1255,Candidate Comparison Must Distinguish Foundational From Operational Tradeoffs,INSTITUTIONAL / GOVERNANCE CANDIDATE,MOVE TO GOVERNANCE / INSTITUTIONAL FRAMEWORK,Inquiry Method and Framework Sequencing,"#1254, #913, #80",HIGH,"METHODOLOGICAL. New precedence rule for selection: a foundational semantic weakness is never excused by operational convenience, while an operational cost may be accepted."
1256,Candidate Models Must Be Rejected for Canonical Ambiguity,DUPLICATE / NEAR-DUPLICATE,MERGE INTO STRONGER FINDING OR CLUSTER,Inquiry Method and Framework Sequencing,"#695, #524, #1218",HIGH,INSTANCE. Parent #695 via #696: rejection ground mirroring #26 and #524 (ambiguity). METHODOLOGICAL.
1257,Candidate Models Must Be Rejected for Hidden Approximation,DUPLICATE / NEAR-DUPLICATE,MERGE INTO STRONGER FINDING OR CLUSTER,Inquiry Method and Framework Sequencing,"#695, #62, #358",HIGH,INSTANCE. Parent #695 via #696: rejection ground mirroring #62 and #358 (hidden approximation). METHODOLOGICAL.
1258,Candidate Models Must Be Rejected for Layer Leakage,DUPLICATE / NEAR-DUPLICATE,MERGE INTO STRONGER FINDING OR CLUSTER,Inquiry Method and Framework Sequencing,"#695, #20, #1228",HIGH,"INSTANCE. Parent #695 via #696: rejection ground mirroring #20 (layer leakage). Carries an ""unless a demonstrated foundational necessity"" exception, the #267 route. METHODOLOGICAL."
1259,Candidate Models Must Be Rejected for Irrecoverability,DUPLICATE / NEAR-DUPLICATE,MERGE INTO STRONGER FINDING OR CLUSTER,Inquiry Method and Framework Sequencing,"#695, #10, #1219",HIGH,INSTANCE. Parent #695 via #696: rejection ground mirroring #10. METHODOLOGICAL.
1260,Candidate Models Must Be Rejected for Unbounded Complexity,DUPLICATE / NEAR-DUPLICATE,MERGE INTO STRONGER FINDING OR CLUSTER,Inquiry Method and Framework Sequencing,"#689, #695, #874",HIGH,RESTATEMENT. Parent #689. METHODOLOGICAL.
1261,Candidate Models Must Be Rejected for Excess Primitive State,DUPLICATE / NEAR-DUPLICATE,MERGE INTO STRONGER FINDING OR CLUSTER,Inquiry Method and Framework Sequencing,"#695, #778, #58",HIGH,INSTANCE. Parent #695 via #696: rejection ground mirroring #58 and #778 (excess primitive state). METHODOLOGICAL.
1262,Candidate Models Must Be Rejected for Representation Fragility,DUPLICATE / NEAR-DUPLICATE,MERGE INTO STRONGER FINDING OR CLUSTER,Inquiry Method and Framework Sequencing,"#695, #81, #29",HIGH,INSTANCE. Parent #695 via #696: rejection ground mirroring #29 and #81. METHODOLOGICAL.
1263,Candidate Models Must Be Rejected for Poor Independent Implementability,DUPLICATE / NEAR-DUPLICATE,MERGE INTO STRONGER FINDING OR CLUSTER,Inquiry Method and Framework Sequencing,"#695, #977, #26",HIGH,INSTANCE. Parent #695 via #696: rejection ground mirroring #26 and #977. METHODOLOGICAL.
1264,Candidate Models Must Be Rejected for Boundary Instability,DUPLICATE / NEAR-DUPLICATE,MERGE INTO STRONGER FINDING OR CLUSTER,Inquiry Method and Framework Sequencing,"#695, #16, #1222",HIGH,INSTANCE. Parent #695 via #696: rejection ground mirroring #16 (boundary instability). METHODOLOGICAL.
1265,Candidate Models Must Be Rejected for Refinement Instability,DUPLICATE / NEAR-DUPLICATE,MERGE INTO STRONGER FINDING OR CLUSTER,Inquiry Method and Framework Sequencing,"#695, #1190, #244",HIGH,"INSTANCE. Parent #695 via #696: rejection ground mirroring #244 and #1190. Its exception (""unless such change follows explicitly from already-adopted Ground semantics"") restates #1190's reading of refinement; reserved #245 stays reserved. METHODOLOGICAL."
1266,Candidate Models Must Be Rejected for Transformation Confusion,DUPLICATE / NEAR-DUPLICATE,MERGE INTO STRONGER FINDING OR CLUSTER,Inquiry Method and Framework Sequencing,"#695, #563, #1239",HIGH,INSTANCE. Parent #695 via #696: rejection ground mirroring #563. METHODOLOGICAL.
1267,Candidate Models Must Be Rejected for Historical Replay Dependency,DUPLICATE / NEAR-DUPLICATE,MERGE INTO STRONGER FINDING OR CLUSTER,Inquiry Method and Framework Sequencing,"#695, #44, #847",HIGH,INSTANCE. Parent #695 via #696: rejection ground mirroring #44 (replay dependency). METHODOLOGICAL.
1268,Candidate Models Must Be Rejected for Operational Liveness Dependency,DUPLICATE / NEAR-DUPLICATE,MERGE INTO STRONGER FINDING OR CLUSTER,Inquiry Method and Framework Sequencing,"#695, #446, #600",HIGH,INSTANCE. Parent #695 via #696: rejection ground mirroring #446 and #600 (liveness dependency). METHODOLOGICAL.
1269,Candidate Models Must Be Rejected for Centralized Semantic Dependency,DUPLICATE / NEAR-DUPLICATE,MERGE INTO STRONGER FINDING OR CLUSTER,Inquiry Method and Framework Sequencing,"#695, #147, #648",HIGH,INSTANCE. Parent #695 via #696: rejection ground mirroring #147 and #648 (one institution or service as sole interpreter). METHODOLOGICAL.
1270,Candidate Models Must Be Rejected for Semantic Forkability,DERIVED CONSEQUENCE,MERGE INTO STRONGER FINDING OR CLUSTER,One World / Singular World-Space,"#676, #21, #552",MEDIUM,"Parents #21 and #676. New structural failure mode: a model that naturally admits equally valid but spatially incompatible canonical branches. A property of the definition, not of The World. AUTHORITY: One World is The Declaration's. METHODOLOGICAL as a rejection ground."
1271,Candidate Models Must Be Rejected for Undefined Failure Behavior,DUPLICATE / NEAR-DUPLICATE,MERGE INTO STRONGER FINDING OR CLUSTER,Inquiry Method and Framework Sequencing,"#695, #66, #1227",HIGH,INSTANCE. Parent #695 via #696: rejection ground mirroring #66. METHODOLOGICAL.
1272,Candidate Models Must Be Rejected for Poor Auditability,DUPLICATE / NEAR-DUPLICATE,MERGE INTO STRONGER FINDING OR CLUSTER,Inquiry Method and Framework Sequencing,"#1220, #68, #695",HIGH,"RESTATEMENT. Parent #695 via #1220: auditability again, as a rejection ground. METHODOLOGICAL."
1273,Candidate Models Must Be Rejected for Excessive Special Cases,DUPLICATE / NEAR-DUPLICATE,MERGE INTO STRONGER FINDING OR CLUSTER,Inquiry Method and Framework Sequencing,"#695, #378, #1181",HIGH,INSTANCE. Parent #695 via #696: rejection ground mirroring #378 (special cases). METHODOLOGICAL.
1274,Candidate Models Must Be Rejected for Unnecessary Semantic Richness,DUPLICATE / NEAR-DUPLICATE,MERGE INTO STRONGER FINDING OR CLUSTER,Inquiry Method and Framework Sequencing,"#695, #20, #1245",HIGH,INSTANCE. Parent #695 via #696: rejection ground mirroring #20 (unneeded semantic richness). METHODOLOGICAL.
1275,Candidate Models Must Be Rejected for Foundational Under-Specification,DUPLICATE / NEAR-DUPLICATE,MERGE INTO STRONGER FINDING OR CLUSTER,Inquiry Method and Framework Sequencing,"#695, #15, #119",HIGH,INSTANCE. Parent #695 via #696: rejection ground mirroring #15 and #119 (membership not determined everywhere). METHODOLOGICAL.
1276,Candidate Models Must Be Rejected for Survey Duplication,DUPLICATE / NEAR-DUPLICATE,MERGE INTO STRONGER FINDING OR CLUSTER,Inquiry Method and Framework Sequencing,"#695, #12, #1277",MEDIUM,"INSTANCE. Parent #695 via #696: rejection ground mirroring #12. AUTHORITY: FSF. Its ""unless strictly necessary"" is weaker than #12, which forbids duplication outright. METHODOLOGICAL."
1277,Candidate Models Must Be Rejected for Survey Mutation,DUPLICATE / NEAR-DUPLICATE,MERGE INTO STRONGER FINDING OR CLUSTER,Inquiry Method and Framework Sequencing,"#695, #12, #1103",HIGH,INSTANCE. Parent #695 via #696: rejection ground mirroring #12 and #1103 (altering Survey meaning). AUTHORITY: FSF. METHODOLOGICAL.
1278,Candidate Models Must Preserve Survey Orthogonality,DUPLICATE / NEAR-DUPLICATE,MERGE INTO STRONGER FINDING OR CLUSTER,Survey Dependency / Downward Contract,"#1103, #1101, #574",HIGH,RESTATEMENT. Parent #12 via #1101 and #1103. AUTHORITY: FSF. CONSOLIDATION SURVIVOR: Ground adds the World-membership dimension of meaning and leaves the mathematical identity of Survey reference unchanged.
1279,Candidate Models Must Preserve Ground Orthogonality to Interpretation,DUPLICATE / NEAR-DUPLICATE,MERGE INTO STRONGER FINDING OR CLUSTER,Interpretation Independence,"#178, #1229, #52",HIGH,RESTATEMENT. Parent #4 via #178.
1280,Candidate Models Must Preserve Ground Orthogonality to Cadastre,DUPLICATE / NEAR-DUPLICATE,MERGE INTO STRONGER FINDING OR CLUSTER,Parcel Independence,"#34, #1230, #179",HIGH,RESTATEMENT. Parent #6 via #34.
1281,Candidate Models Must Preserve Ground Orthogonality to Rights,DUPLICATE / NEAR-DUPLICATE,MERGE INTO STRONGER FINDING OR CLUSTER,Rights / Governance Independence,"#40, #1231, #442",HIGH,RESTATEMENT. Parent #20 via #40.
1282,Candidate Models Must Preserve Ground Orthogonality to Runtime,DUPLICATE / NEAR-DUPLICATE,MERGE INTO STRONGER FINDING OR CLUSTER,Runtime Independence,"#41, #1232, #446",HIGH,RESTATEMENT. Parent #4 via #41.
1283,Candidate Models Must Preserve Ground Orthogonality to Experience,DUPLICATE / NEAR-DUPLICATE,MERGE INTO STRONGER FINDING OR CLUSTER,Higher-Layer Independence,"#110, #42, #1233",HIGH,RESTATEMENT. Parent #4 via #42 and #110.
1284,Candidate Models Must Preserve Ground Orthogonality to Economics,DUPLICATE / NEAR-DUPLICATE,MERGE INTO STRONGER FINDING OR CLUSTER,Interpretation Independence,"#313, #434, #1029",HIGH,INSTANCE. Parent #20 via #313; adds token systems and incentives to the list.
1285,Candidate Models Must Preserve Ground Orthogonality to Governance Operations,DUPLICATE / NEAR-DUPLICATE,MERGE INTO STRONGER FINDING OR CLUSTER,Change Control and Permanence,"#600, #446, #132",HIGH,INSTANCE. Parent #4 via #600: no routine governance act keeps World-space valid.
1286,Candidate Models Must Preserve Ground Orthogonality to Provenance Systems,DUPLICATE / NEAR-DUPLICATE,MERGE INTO STRONGER FINDING OR CLUSTER,Historical Traceability,"#681, #130, #82",HIGH,RESTATEMENT. Parents #130 and #81 via #681.
1287,Candidate Models Must Preserve Ground Orthogonality to Security Systems,DUPLICATE / NEAR-DUPLICATE,MERGE INTO STRONGER FINDING OR CLUSTER,Operational Non-Authority,"#651, #82, #666",HIGH,RESTATEMENT. Parent #19 via #651.
1288,Candidate Models Must Preserve Ground Orthogonality to Interoperability Standards,DUPLICATE / NEAR-DUPLICATE,MERGE INTO STRONGER FINDING OR CLUSTER,Operational Non-Authority,"#342, #354, #812",HIGH,RESTATEMENT. Parent #19 via #342.
1289,Candidate Models Must Preserve Ground Orthogonality to Documentation Layout,DUPLICATE / NEAR-DUPLICATE,MERGE INTO STRONGER FINDING OR CLUSTER,Representation Independence,"#454, #455, #208",HIGH,RESTATEMENT. Parent #29 via #454.
1290,Candidate Models Must Preserve Ground Orthogonality to Creator History,DUPLICATE / NEAR-DUPLICATE,MERGE INTO STRONGER FINDING OR CLUSTER,Historical Traceability,"#409, #148, #944",HIGH,RESTATEMENT. Parent #27 via #148 and #409.
1291,Candidate Models Must Support Canonical Compression,DUPLICATE / NEAR-DUPLICATE,MERGE INTO STRONGER FINDING OR CLUSTER,Minimality and Semantic Restraint,"#871, #868, #873",HIGH,"RESTATEMENT. Parent #58 via #871, bounded by the auditability of #873."
1292,Candidate Models Must Support Canonical Expansion,DUPLICATE / NEAR-DUPLICATE,MERGE INTO STRONGER FINDING OR CLUSTER,Operational Non-Authority,"#78, #19, #534",HIGH,"RESTATEMENT. Parent #19 via #78. Uses ""expansion"" for derived materialization, a different sense from ""expansion"" of responsibility in #1003."
1293,Canonical Compression and Expansion Must Be Reversible in Meaning,DUPLICATE / NEAR-DUPLICATE,MERGE INTO STRONGER FINDING OR CLUSTER,Representation Independence,"#569, #48, #1294",HIGH,RESTATEMENT. Parent #48 via #569.
1294,Candidate Models Must Support Semantic Round-Trip,DUPLICATE / NEAR-DUPLICATE,MERGE INTO STRONGER FINDING OR CLUSTER,Representation Independence,"#197, #956, #1293",HIGH,RESTATEMENT. Parent #29 via #197.
1295,Candidate Models Must Support Canonical Comparison,DUPLICATE / NEAR-DUPLICATE,MERGE INTO STRONGER FINDING OR CLUSTER,Canonical Equivalence,"#65, #544, #1224",HIGH,RESTATEMENT. Parent #65.
1296,Canonical Comparison Must Not Require Rendering,DUPLICATE / NEAR-DUPLICATE,MERGE INTO STRONGER FINDING OR CLUSTER,Canonical Equivalence,"#517, #65, #704",HIGH,"INSTANCE. Parents #65 and #19 via #517: equivalence decided from formal semantics, never by looking."
1297,Candidate Models Must Support Canonical Difference Analysis,CONFORMANCE / VALIDATION CANDIDATE,MOVE TO CONFORMANCE / VALIDATION,Canonical Equivalence,"#686, #65, #1298",MEDIUM,"New capability: where two Ground definitions differ, reviewers can locate the region or membership conditions of the difference. #686 asked this of document revisions; here it is asked of spatial meaning."
1298,Difference Analysis Must Distinguish Meaning From Encoding,DUPLICATE / NEAR-DUPLICATE,MERGE INTO STRONGER FINDING OR CLUSTER,Canonical Equivalence,"#216, #687, #1297",HIGH,RESTATEMENT. Parents #216 and #687.
1299,Candidate Models Must Support Canonical Regression Analysis,DUPLICATE / NEAR-DUPLICATE,MERGE INTO STRONGER FINDING OR CLUSTER,Testing and Adversarial Review,"#960, #393, #685",HIGH,RESTATEMENT. Parents #393 and #960: a compatible revision is shown to change no membership result.
1300,Spatial Ground Must Select the Smallest Model That Fully Survives,DUPLICATE / NEAR-DUPLICATE,MERGE INTO STRONGER FINDING OR CLUSTER,Inquiry Method and Framework Sequencing,"#700, #874, #1248",HIGH,RESTATEMENT. Parents #550 and #874 via #700. METHODOLOGICAL.
1301,Spatial Ground Must Distinguish Model Fitness From Model Popularity,DUPLICATE / NEAR-DUPLICATE,MERGE INTO STRONGER FINDING OR CLUSTER,Inquiry Method and Framework Sequencing,"#695, #507, #1302",HIGH,INSTANCE. Parent #695: popularity elsewhere is no selection ground. METHODOLOGICAL.
1302,Spatial Ground Must Distinguish Standards Adoption From Architectural Merit,DUPLICATE / NEAR-DUPLICATE,MERGE INTO STRONGER FINDING OR CLUSTER,Inquiry Method and Framework Sequencing,"#695, #354, #1288",HIGH,"INSTANCE. Parent #695, with #354: standards status is no selection ground. METHODOLOGICAL."
1303,Spatial Ground Must Distinguish Ecosystem Maturity From Permanence,DUPLICATE / NEAR-DUPLICATE,MERGE INTO STRONGER FINDING OR CLUSTER,Inquiry Method and Framework Sequencing,"#695, #1215, #512",HIGH,INSTANCE. Parent #695 via #1215: ecosystem maturity. METHODOLOGICAL.
1304,Spatial Ground Must Distinguish Mathematical Maturity From Architectural Fit,DUPLICATE / NEAR-DUPLICATE,MERGE INTO STRONGER FINDING OR CLUSTER,Inquiry Method and Framework Sequencing,"#695, #692, #1312",HIGH,INSTANCE. Parent #695: mathematical pedigree counts only as far as it satisfies the Requirements. METHODOLOGICAL.
1305,Spatial Ground Must Permit Composite Models Only Where Necessary,INSTITUTIONAL / GOVERNANCE CANDIDATE,MOVE TO GOVERNANCE / INSTITUTIONAL FRAMEWORK,Inquiry Method and Framework Sequencing,"#690, #1309, #695",HIGH,"METHODOLOGICAL. New scope for selection: a composite model is admissible only if no single model suffices, and each added component justifies its permanent role."
1306,Composite Models Must Preserve One Canonical Meaning,DUPLICATE / NEAR-DUPLICATE,MERGE INTO STRONGER FINDING OR CLUSTER,Single Canonical Truth,"#8, #1307, #77",HIGH,"INSTANCE. Parent #8: several cooperating mechanisms, one World-space."
1307,Composite Models Must Avoid Competing Authorities,DUPLICATE / NEAR-DUPLICATE,MERGE INTO STRONGER FINDING OR CLUSTER,Single Canonical Truth,"#8, #541, #1306",HIGH,INSTANCE. Parent #8 via #541: components never return contradictory membership.
1308,Composite Models Must Have Explicit Precedence,SPECIFICATION CANDIDATE,MOVE TO SPECIFICATION,Single Canonical Truth,"#407, #842, #1307",HIGH,"New precedence rule inside the definition: where one component constrains another, the relationship is governed formally, never inferred from implementation order."
1309,Composite Models Must Be More Justified Than Single Models,DUPLICATE / NEAR-DUPLICATE,MERGE INTO STRONGER FINDING OR CLUSTER,Inquiry Method and Framework Sequencing,"#1305, #690, #874",HIGH,RESTATEMENT. Parent #1305. METHODOLOGICAL.
1310,Spatial Ground Must Resist Architectural Patchwork,DUPLICATE / NEAR-DUPLICATE,MERGE INTO STRONGER FINDING OR CLUSTER,Inquiry Method and Framework Sequencing,"#1273, #378, #421",HIGH,RESTATEMENT. Parent #378 via #1273: an accumulation of overlays and exceptions is evidence against the representation. METHODOLOGICAL.
1311,Spatial Ground Must Prefer Coherent General Rules,DUPLICATE / NEAR-DUPLICATE,MERGE INTO STRONGER FINDING OR CLUSTER,Minimality and Semantic Restraint,"#378, #1181, #1222",HIGH,"RESTATEMENT. Parent #378. ""Apply consistently across the entire World-space"" reinforces the definition-level uniformity of #1181."
1312,Generality Must Not Sacrifice Exact World Identity,DERIVED CONSEQUENCE,MERGE INTO STRONGER FINDING OR CLUSTER,One World / Singular World-Space,"#553, #551, #1304",MEDIUM,Parents #21 and #553: generality is no virtue if it weakens exact expression of the one World. Tempers the generality allowed by #551.
1313,Spatial Ground Must Permit BitPangea-Specific Constraints,SPECIFICATION CANDIDATE,MOVE TO SPECIFICATION,Constitutional Subordination,"#91, #551, #1314",MEDIUM,"New permission: the model may carry BitPangea-specific constraints where needed. AUTHORITY: the ""constitutional and architectural truths"" they preserve originate upstream. Counterweight to #551."
1314,BitPangea-Specific Constraints Must Remain Minimal,DUPLICATE / NEAR-DUPLICATE,MERGE INTO STRONGER FINDING OR CLUSTER,Minimality and Semantic Restraint,"#58, #1313, #784",HIGH,"INSTANCE. Parent #58: project-specific rules only from enduring necessity, never branding or taste."
1315,Spatial Ground Must Distinguish Universal Mathematics From Project Rules,SPECIFICATION CANDIDATE,MOVE TO SPECIFICATION,Finite Expressibility and Determinism,"#1313, #1317, #24",HIGH,New distinction for the Specification: behavior that follows from adopted mathematics versus behavior that follows from BitPangea-specific constraints. AUTHORITY: the inherited mathematics is FSF's.
1316,Spatial Ground Must Preserve Replaceability of Non-Canonical Mathematics,DUPLICATE / NEAR-DUPLICATE,MERGE INTO STRONGER FINDING OR CLUSTER,Technology and Infrastructure Independence,"#1328, #239, #19",HIGH,RESTATEMENT. Parent #81 via #239.
1317,Canonical Mathematics Must Be Explicitly Identified,DUPLICATE / NEAR-DUPLICATE,MERGE INTO STRONGER FINDING OR CLUSTER,No Hidden State / Self-Containment,"#356, #1319, #713",HIGH,RESTATEMENT. Parent #27 via #356.
1318,Spatial Ground Must Avoid Accidental Mathematical Dependencies,DUPLICATE / NEAR-DUPLICATE,MERGE INTO STRONGER FINDING OR CLUSTER,No Hidden State / Self-Containment,"#357, #358, #840",HIGH,RESTATEMENT. Parent #27 via #357.
1319,Spatial Ground Must Preserve Mathematical Closure,DERIVED CONSEQUENCE,MERGE INTO STRONGER FINDING OR CLUSTER,No Hidden State / Self-Containment,"#356, #459, #12",HIGH,Root parents #27 and #12. CONSOLIDATION SURVIVOR: every piece of mathematics needed to interpret Ground is either specified in Ground or normatively inherited from FSF; fuses #355-#357 and #459. AUTHORITY: FSF.
1320,Mathematical Closure Must Not Duplicate Lower Authority,DUPLICATE / NEAR-DUPLICATE,MERGE INTO STRONGER FINDING OR CLUSTER,Survey Dependency / Downward Contract,"#576, #12, #1319",HIGH,"RESTATEMENT. Parent #12 via #576: inherited Survey mathematics is referenced, never restated as a second authority. AUTHORITY: FSF. Supports #12 and #576 against the exception clause of flagged #1276."
1321,Spatial Ground Must Define Any Additional Mathematics Narrowly,DERIVED CONSEQUENCE,MERGE INTO STRONGER FINDING OR CLUSTER,Survey Dependency / Downward Contract,"#24, #58, #1322",MEDIUM,"Parents #24 and #58. New scope condition: mathematics introduced by Ground itself is limited to membership, canonical limits, equivalence and validation. Concedes that Ground may own some mathematics, which #24 had denied for geometry; to be read with #12, #24 and flagged #1276."
1322,Additional Mathematics Must Pass the Removal Test,DUPLICATE / NEAR-DUPLICATE,MERGE INTO STRONGER FINDING OR CLUSTER,Inquiry Method and Framework Sequencing,"#140, #1321, #1007",HIGH,INSTANCE. Parent #140: the removal test applied to Ground-specific mathematics. METHODOLOGICAL.
1323,Spatial Ground Must Avoid Mathematical Ornamentation,DUPLICATE / NEAR-DUPLICATE,MERGE INTO STRONGER FINDING OR CLUSTER,Inquiry Method and Framework Sequencing,"#692, #690, #1304",HIGH,RESTATEMENT. Parent #695 via #690 and #692. METHODOLOGICAL.
1324,Spatial Ground Must Preserve Proof Simplicity Where Possible,DERIVED CONSEQUENCE,MERGE INTO STRONGER FINDING OR CLUSTER,Inquiry Method and Framework Sequencing,"#874, #922, #1220",HIGH,"Parents #874 and #922. New selection preference: between two adequate models, the one whose properties are easier to prove and verify. METHODOLOGICAL."
1325,Spatial Ground Must Preserve Implementation Simplicity Where It Does Not Cost Permanence,DUPLICATE / NEAR-DUPLICATE,MERGE INTO STRONGER FINDING OR CLUSTER,Inquiry Method and Framework Sequencing,"#691, #874, #1255",HIGH,RESTATEMENT. Parent #874 via #691. METHODOLOGICAL.
1326,Spatial Ground Must Preserve Conceptual Simplicity Above Implementation Cleverness,DUPLICATE / NEAR-DUPLICATE,MERGE INTO STRONGER FINDING OR CLUSTER,Inquiry Method and Framework Sequencing,"#1056, #874, #69",HIGH,RESTATEMENT. Parents #69 and #874 via #1056. METHODOLOGICAL.
1327,Spatial Ground Must Avoid Canonical Dependence on Optimization Tricks,DUPLICATE / NEAR-DUPLICATE,MERGE INTO STRONGER FINDING OR CLUSTER,Operational Non-Authority,"#80, #19, #1328",HIGH,"INSTANCE. Parents #19 and #80: bit-level encodings, hashes and shortcuts (""unless explicitly justified"")."
1328,Spatial Ground Must Permit Optimization Replacement,DUPLICATE / NEAR-DUPLICATE,MERGE INTO STRONGER FINDING OR CLUSTER,Technology and Infrastructure Independence,"#239, #1140, #1316",HIGH,RESTATEMENT. Parent #81 via #239.
1329,Spatial Ground Must Permit Multiple Optimization Strategies,DUPLICATE / NEAR-DUPLICATE,MERGE INTO STRONGER FINDING OR CLUSTER,Independent Implementation,"#972, #1328, #26",HIGH,RESTATEMENT. Parent #26 via #972.
1330,Optimization Diversity Must Not Affect Conformance,DUPLICATE / NEAR-DUPLICATE,MERGE INTO STRONGER FINDING OR CLUSTER,Independent Implementation,"#971, #86, #1329",HIGH,"INSTANCE. Parent #26 via #971: conformance judges canonical outputs, not performance strategy."
1331,Spatial Ground Must Distinguish Deterministic Semantics From Deterministic Performance,DUPLICATE / NEAR-DUPLICATE,MERGE INTO STRONGER FINDING OR CLUSTER,Independent Implementation,"#913, #885, #971",HIGH,RESTATEMENT. Parents #26 and #20 via #885 and #913.
1332,Spatial Ground Must Avoid Performance-Based Canonical Shortcuts,DUPLICATE / NEAR-DUPLICATE,MERGE INTO STRONGER FINDING OR CLUSTER,Exact Membership and Boundary Resolution,"#62, #433, #1255",HIGH,RESTATEMENT. Parents #15 and #80 via #62 and #433.
1333,Spatial Ground Must Permit Deferred Exact Computation,DERIVED CONSEQUENCE,MERGE INTO STRONGER FINDING OR CLUSTER,Operational Non-Authority,"#62, #809, #796",HIGH,"Parents #15 and #19 via #62 and #809. New scope: exact computation may be deferred, and no approximation stands in for it meanwhile."
1334,Spatial Ground Must Preserve the Right to Say “Unresolved Operationally”,DUPLICATE / NEAR-DUPLICATE,MERGE INTO STRONGER FINDING OR CLUSTER,Failure Semantics,"#809, #1083, #252",HIGH,"RESTATEMENT. Parent #252 via #809 and #1083: ""not presently available"" is an honest operational response."
1335,Operational Unavailability Must Not Create Canonical Uncertainty,DUPLICATE / NEAR-DUPLICATE,MERGE INTO STRONGER FINDING OR CLUSTER,Failure Semantics,"#205, #1083, #1336",HIGH,RESTATEMENT. Parents #19 and #15 via #205 and #1083.
1336,Spatial Ground Must Distinguish Epistemic Limits From Ontological Limits,DERIVED CONSEQUENCE,MERGE INTO STRONGER FINDING OR CLUSTER,Exact Membership and Boundary Resolution,"#15, #153, #1083",HIGH,"Root parent #15. CONSOLIDATION SURVIVOR: a system's not knowing an answer never means World-space lacks one; fuses #153, #249, #251, #1083 and #1335."
1337,Spatial Ground Must Preserve Canonical Determinacy Beyond Immediate Computability,DUPLICATE / NEAR-DUPLICATE,MERGE INTO STRONGER FINDING OR CLUSTER,Exact Membership and Boundary Resolution,"#1336, #15, #1338",HIGH,RESTATEMENT. Parent #1336.
1338,Spatial Ground Must Avoid Unbounded Canonical Computation,DUPLICATE / NEAR-DUPLICATE,MERGE INTO STRONGER FINDING OR CLUSTER,Finite Expressibility and Determinism,"#28, #1339, #1343",HIGH,"RESTATEMENT. Parent #28, which already excludes non-terminating description."
1339,Canonical Membership Must Be Decidable,DUPLICATE / NEAR-DUPLICATE,MERGE INTO STRONGER FINDING OR CLUSTER,Finite Expressibility and Determinism,"#28, #15, #1342",HIGH,"RESTATEMENT. Parents #15 and #28. Supplies the precise term, decidable in finite computation, for a pointwise property already held."
1340,Canonical Validity Must Be Decidable Where Claimed,DUPLICATE / NEAR-DUPLICATE,MERGE INTO STRONGER FINDING OR CLUSTER,Conformance and Validation,"#64, #543, #1339",HIGH,RESTATEMENT. Parent #64 via #543.
1341,Canonical Equivalence Must Be Decidable Where Required,DUPLICATE / NEAR-DUPLICATE,MERGE INTO STRONGER FINDING OR CLUSTER,Canonical Equivalence,"#65, #544, #1339",HIGH,RESTATEMENT. Parent #65 via #544.
1342,Canonical Boundary Semantics Must Be Decidable,DUPLICATE / NEAR-DUPLICATE,MERGE INTO STRONGER FINDING OR CLUSTER,Exact Membership and Boundary Resolution,"#16, #546, #1339",HIGH,RESTATEMENT. Parent #15 via #16.
1343,Spatial Ground Must Avoid Computational Undecidability in Core Semantics,DUPLICATE / NEAR-DUPLICATE,MERGE INTO STRONGER FINDING OR CLUSTER,Inquiry Method and Framework Sequencing,"#695, #28, #1339",HIGH,INSTANCE. Parent #695 via #696: rejection ground mirroring #28 (undecidable core questions). METHODOLOGICAL.
1344,Spatial Ground Must Preserve Bounded Canonical Dependency,DUPLICATE / NEAR-DUPLICATE,MERGE INTO STRONGER FINDING OR CLUSTER,Reconstruction and Recoverability,"#458, #466, #28",HIGH,"RESTATEMENT. Parents #27 and #28 via #458 and #466: a finite, identifiable set of authoritative inputs."
1345,Spatial Ground Must Avoid Recursive Institutional Dependency,DERIVED CONSEQUENCE,MERGE INTO STRONGER FINDING OR CLUSTER,No Hidden State / Self-Containment,"#44, #27, #1344",HIGH,Root parents #27 and #44. New failure mode: resolving one place requires walking an ever-growing chain of institutional records.
1346,Spatial Ground Must Permit Canonical Snapshot Preservation,PRESERVATION / RECONSTRUCTION CANDIDATE,MOVE TO PRESERVATION / RECONSTRUCTION,Preservation and Archival Survival,"#83, #129, #1351",HIGH,New preservation object: a complete authoritative package from which Ground can be reconstructed without continuous access to institutional history.
1347,"Canonical Snapshot Must Preserve Meaning, Not Just State",DUPLICATE / NEAR-DUPLICATE,MERGE INTO STRONGER FINDING OR CLUSTER,Preservation and Archival Survival,"#129, #656, #1346",HIGH,RESTATEMENT. Parent #129 via #656.
1348,Spatial Ground Must Support Snapshot Verification,DUPLICATE / NEAR-DUPLICATE,MERGE INTO STRONGER FINDING OR CLUSTER,Preservation and Archival Survival,"#1355, #657, #819",HIGH,RESTATEMENT. Parent #1355.
1349,Spatial Ground Must Support Snapshot Portability,DUPLICATE / NEAR-DUPLICATE,MERGE INTO STRONGER FINDING OR CLUSTER,Preservation and Archival Survival,"#210, #451, #1346",HIGH,RESTATEMENT. Parents #29 and #451 via #210.
1350,Spatial Ground Must Support Snapshot Reconstruction,DUPLICATE / NEAR-DUPLICATE,MERGE INTO STRONGER FINDING OR CLUSTER,Reconstruction and Recoverability,"#84, #196, #1346",HIGH,RESTATEMENT. Parent #84.
1351,Spatial Ground Must Distinguish Canonical Snapshot From Operational Backup,PRESERVATION / RECONSTRUCTION CANDIDATE,MOVE TO PRESERVATION / RECONSTRUCTION,Preservation and Archival Survival,"#1346, #44, #1354",HIGH,New distinction: an operational backup may hold transient state; a canonical preservation package holds only what recovers authoritative meaning.
1352,Spatial Ground Must Support Minimal Canonical Preservation Packages,PRESERVATION / RECONSTRUCTION CANDIDATE,MOVE TO PRESERVATION / RECONSTRUCTION,Preservation and Archival Survival,"#542, #775, #1346",HIGH,FRAMEWORK MIRROR: carries #542 into Preservation as a smallest sufficient package.
1353,Minimal Preservation Must Include Normative Dependencies,DUPLICATE / NEAR-DUPLICATE,MERGE INTO STRONGER FINDING OR CLUSTER,Preservation and Archival Survival,"#458, #577, #1352",HIGH,RESTATEMENT. Parent #27 via #458.
1354,Minimal Preservation Must Exclude Unnecessary Runtime State,DUPLICATE / NEAR-DUPLICATE,MERGE INTO STRONGER FINDING OR CLUSTER,Preservation and Archival Survival,"#44, #1351, #592",HIGH,"RESTATEMENT. Parent #44, with #1351."
1355,Spatial Ground Must Support Preservation Package Validation,PRESERVATION / RECONSTRUCTION CANDIDATE,MOVE TO PRESERVATION / RECONSTRUCTION,Preservation and Archival Survival,"#657, #819, #1348",HIGH,"A preservation package is checkable for completeness, integrity, dependency satisfaction and semantic validity. Local parent of #1348 and #1356."
1356,Preservation Package Validation Must Be Independent,DUPLICATE / NEAR-DUPLICATE,MERGE INTO STRONGER FINDING OR CLUSTER,Preservation and Archival Survival,"#1355, #223, #654",HIGH,INSTANCE. Parents #26 and #1355: verification without the system that made the archive.
1357,Spatial Ground Must Support Preservation Package Versioning,DUPLICATE / NEAR-DUPLICATE,MERGE INTO STRONGER FINDING OR CLUSTER,Historical Traceability,"#672, #189, #1358",HIGH,INSTANCE. Parents #29 and #672: package formats.
1358,Preservation Package Versioning Must Not Version Place,DUPLICATE / NEAR-DUPLICATE,MERGE INTO STRONGER FINDING OR CLUSTER,Representation Independence,"#29, #189, #1357",HIGH,"RESTATEMENT. Parent #29: version the package, not the place."
1359,Spatial Ground Must Preserve Canon Across Archival Generations,DUPLICATE / NEAR-DUPLICATE,MERGE INTO STRONGER FINDING OR CLUSTER,Reconstruction and Recoverability,"#362, #1098, #1358",HIGH,RESTATEMENT. Parent #26 via #362.
1360,Spatial Ground Must Permit Canonical Regeneration of Preservation Packages,DUPLICATE / NEAR-DUPLICATE,MERGE INTO STRONGER FINDING OR CLUSTER,Representation Independence,"#995, #607, #1361",HIGH,RESTATEMENT. Parent #29 via #607 and #995.
1361,Spatial Ground Must Distinguish Regeneration From Re-Creation,DUPLICATE / NEAR-DUPLICATE,MERGE INTO STRONGER FINDING OR CLUSTER,Change Control and Permanence,"#599, #449, #1360",HIGH,RESTATEMENT. Parents #4 and #8 via #449 and #599.
1362,Spatial Ground Must Support Long-Term Integrity Renewal,DUPLICATE / NEAR-DUPLICATE,MERGE INTO STRONGER FINDING OR CLUSTER,Representation Independence,"#667, #670, #1366",HIGH,RESTATEMENT. Parent #29 via #667.
1363,Integrity Renewal Must Preserve Historical Evidence,DUPLICATE / NEAR-DUPLICATE,MERGE INTO STRONGER FINDING OR CLUSTER,Historical Traceability,"#671, #672, #1362",HIGH,RESTATEMENT. Parent #672 via #671.
1364,Spatial Ground Must Survive Loss of Verification Algorithms,DUPLICATE / NEAR-DUPLICATE,MERGE INTO STRONGER FINDING OR CLUSTER,Technology and Infrastructure Independence,"#666, #1034, #1362",HIGH,RESTATEMENT. Parent #81 via #666.
1365,Spatial Ground Must Distinguish Authentic Historical Record From Current Verification Strength,DERIVED CONSEQUENCE,MERGE INTO STRONGER FINDING OR CLUSTER,Operational Non-Authority,"#82, #502, #1364",HIGH,Root parent #19 via #82 and #502. New authority distinction: a record's historical authenticity does not lapse when its original cryptographic protection weakens.
1366,Spatial Ground Must Support Evidentiary Renewal Without Semantic Renewal,DUPLICATE / NEAR-DUPLICATE,MERGE INTO STRONGER FINDING OR CLUSTER,Representation Independence,"#1362, #667, #670",HIGH,RESTATEMENT. Parent #1362.
1367,Spatial Ground Must Preserve Archival Redundancy Across Technologies,DUPLICATE / NEAR-DUPLICATE,MERGE INTO STRONGER FINDING OR CLUSTER,Preservation and Archival Survival,"#206, #605, #1368",HIGH,RESTATEMENT. Parent #206; adds diversity of archival technology.
1368,Technological Redundancy Must Preserve Semantic Identity,DUPLICATE / NEAR-DUPLICATE,MERGE INTO STRONGER FINDING OR CLUSTER,Single Canonical Truth,"#125, #1374, #606",HIGH,RESTATEMENT. Parent #8 via #125.
1369,Spatial Ground Must Support Human-Readable Archival Fallback,PRESERVATION / RECONSTRUCTION CANDIDATE,MOVE TO PRESERVATION / RECONSTRUCTION,Preservation and Archival Survival,"#69, #706, #1370",HIGH,FRAMEWORK MIRROR: carries #69 into Preservation; meaning is never locked inside executable artifacts alone.
1370,Human-Readable Fallback Must Not Weaken Formal Exactness,DUPLICATE / NEAR-DUPLICATE,MERGE INTO STRONGER FINDING OR CLUSTER,Finite Expressibility and Determinism,"#70, #479, #1369",HIGH,RESTATEMENT. Parent #70.
1371,Spatial Ground Must Support Machine-Readable Archival Fallback,DUPLICATE / NEAR-DUPLICATE,MERGE INTO STRONGER FINDING OR CLUSTER,Preservation and Archival Survival,"#705, #70, #1369",HIGH,INSTANCE. Parent #70 via #705: machine-readable artifacts survive their toolchain.
1372,Dual Preservation Should Reduce Semantic Risk,HISTORICAL REASONING ONLY,PRESERVE AS HISTORICAL REASONING ONLY,Preservation and Archival Survival,"#1369, #1371, #973",HIGH,METHODOLOGICAL: rationale for keeping both forms. No obligation of its own.
1373,Dual Preservation Must Remain Synchronized,DUPLICATE / NEAR-DUPLICATE,MERGE INTO STRONGER FINDING OR CLUSTER,Single Canonical Truth,"#707, #60, #1374",HIGH,RESTATEMENT. Parent #8 via #707. Requires detection of disagreement between the two normative forms and again gives no precedence; reserved #707/#708 stays reserved.
1374,Spatial Ground Must Preserve One Normative Interpretation Across Media,DUPLICATE / NEAR-DUPLICATE,MERGE INTO STRONGER FINDING OR CLUSTER,Representation Independence,"#77, #31, #1368",HIGH,RESTATEMENT. Parent #29 via #77.
1375,Spatial Ground Must Be Recoverable From Institutional Ruins,DUPLICATE / NEAR-DUPLICATE,MERGE INTO STRONGER FINDING OR CLUSTER,Preservation and Archival Survival,"#147, #998, #200",HIGH,RESTATEMENT. Parents #147 and #27 via #998.
1376,Spatial Ground Must Be Recoverable From Technological Ruins,DUPLICATE / NEAR-DUPLICATE,MERGE INTO STRONGER FINDING OR CLUSTER,Technology and Infrastructure Independence,"#146, #1032, #81",HIGH,RESTATEMENT. Parent #81 via #146.
1377,Spatial Ground Must Be Recoverable From Cultural Ruins,DUPLICATE / NEAR-DUPLICATE,MERGE INTO STRONGER FINDING OR CLUSTER,Terminology Discipline,"#1037, #1049, #469",HIGH,RESTATEMENT. Parents #20 and #469 via #1037 and #1049.
1378,Spatial Ground Must Preserve a Durable Semantic Rosetta Stone,PRESERVATION / RECONSTRUCTION CANDIDATE,MOVE TO PRESERVATION / RECONSTRUCTION,Terminology Discipline,"#479, #149, #1377",HIGH,"New preservation object: a preserved correspondence among concepts, formal terms and representations, so meaning can be re-established without oral tradition."
1379,Spatial Ground Must Preserve Architectural Context With the Canon,PRESERVATION / RECONSTRUCTION CANDIDATE,MOVE TO PRESERVATION / RECONSTRUCTION,Preservation and Archival Survival,"#1247, #276, #1380",HIGH,FRAMEWORK MIRROR: carries #276 and #1247 into the archive. CONSOLIDATION SURVIVOR: with #1380-#1385 it forms a manifest of what is preserved alongside the canon.
1380,Spatial Ground Must Preserve Its Exclusion Boundaries With the Canon,PRESERVATION / RECONSTRUCTION CANDIDATE,MOVE TO PRESERVATION / RECONSTRUCTION,Preservation and Archival Survival,"#899, #548, #20",HIGH,FRAMEWORK MIRROR: carries #20 and #548 into the archive. New purpose: a future reader can tell deliberate exclusion from accidental omission.
1381,Spatial Ground Must Preserve Its Constitutional Context With the Canon,PRESERVATION / RECONSTRUCTION CANDIDATE,MOVE TO PRESERVATION / RECONSTRUCTION,Constitutional Subordination,"#91, #291, #1379",HIGH,FRAMEWORK MIRROR: carries #91 and #291 into the archive. AUTHORITY: constitutional sources are identified and never become implementation dependencies.
1382,Spatial Ground Must Preserve Its Survey Dependency With the Canon,PRESERVATION / RECONSTRUCTION CANDIDATE,MOVE TO PRESERVATION / RECONSTRUCTION,Survey Dependency / Downward Contract,"#12, #390, #581",HIGH,"FRAMEWORK MIRROR: carries #12 into the archive. New handoff element: the record names exactly which Survey specification, ""or compatible lineage"", Ground relies on. AUTHORITY: FSF."
1383,Spatial Ground Must Preserve Its Upward Contract With the Canon,PRESERVATION / RECONSTRUCTION CANDIDATE,MOVE TO PRESERVATION / RECONSTRUCTION,Upward Handoff,"#737, #174, #409",HIGH,"FRAMEWORK MIRROR: carries the upward contract (#174, #737) into the archive, readable without the Creator-period inquiry."
1384,Spatial Ground Must Preserve Its Conformance Model With the Canon,PRESERVATION / RECONSTRUCTION CANDIDATE,MOVE TO PRESERVATION / RECONSTRUCTION,Conformance and Validation,"#191, #1386, #86",HIGH,FRAMEWORK MIRROR: carries the conformance model (#191) into the archive.
1385,Spatial Ground Must Preserve Its Reference Evidence With the Canon,DUPLICATE / NEAR-DUPLICATE,MERGE INTO STRONGER FINDING OR CLUSTER,Preservation and Archival Survival,"#961, #948, #1384",HIGH,RESTATEMENT. Parent #961.
1386,Spatial Ground Must Preserve Enough to Rebuild Validation,DUPLICATE / NEAR-DUPLICATE,MERGE INTO STRONGER FINDING OR CLUSTER,Reconstruction and Recoverability,"#711, #976, #1384",HIGH,INSTANCE. Parent #10 via #711: validators recreated from Specification and conformance rules.
1387,Spatial Ground Must Preserve Enough to Rebuild Reference Implementations,DUPLICATE / NEAR-DUPLICATE,MERGE INTO STRONGER FINDING OR CLUSTER,Reconstruction and Recoverability,"#711, #712, #976",HIGH,RESTATEMENT. Parent #10 via #711 and #712.
1388,Spatial Ground Must Preserve Enough to Reject False Reconstructions,DERIVED CONSEQUENCE,MERGE INTO STRONGER FINDING OR CLUSTER,Conformance and Validation,"#647, #993, #64",HIGH,Root parents #15 and #64 via #647. New failure mode: a plausible but spatially incorrect imitation passing for a faithful reconstruction.
1389,Spatial Ground Must Preserve Enough to Detect Semantic Drift Across Centuries,DUPLICATE / NEAR-DUPLICATE,MERGE INTO STRONGER FINDING OR CLUSTER,Testing and Adversarial Review,"#960, #597, #875",HIGH,"RESTATEMENT. Parent #960, tested against the invariants of #875."
1390,Spatial Ground Must Preserve Enough to Prove Place Continuity,DUPLICATE / NEAR-DUPLICATE,MERGE INTO STRONGER FINDING OR CLUSTER,Change Control and Permanence,"#1396, #73, #960",HIGH,RESTATEMENT. Parent #1396.
1391,"Place Continuity Must Be Semantic, Not Merely Institutional",DUPLICATE / NEAR-DUPLICATE,MERGE INTO STRONGER FINDING OR CLUSTER,Operational Non-Authority,"#979, #501, #1396",HIGH,INSTANCE. Parent #19: unbroken organizational lineage is not continuity of place.
1392,"Place Continuity Must Be Semantic, Not Merely Cryptographic",DUPLICATE / NEAR-DUPLICATE,MERGE INTO STRONGER FINDING OR CLUSTER,Operational Non-Authority,"#556, #82, #1391",HIGH,INSTANCE. Parent #19 via #82 and #556: an unbroken hash chain is not continuity of place.
1393,"Place Continuity Must Be Semantic, Not Merely Visual",DUPLICATE / NEAR-DUPLICATE,MERGE INTO STRONGER FINDING OR CLUSTER,Operational Non-Authority,"#787, #704, #1391",HIGH,INSTANCE. Parent #19 via #787: looking unchanged is not continuity of place.
1394,"Place Continuity Must Be Semantic, Not Merely Cadastral",DERIVED CONSEQUENCE,MERGE INTO STRONGER FINDING OR CLUSTER,Parcel Independence,"#826, #180, #1391",HIGH,"Root parents #6 and #19, same pattern as #826. New cross-layer implication: preserved Parcel identifiers do not prove that Survey-to-World correspondence is unchanged."
1395,"Place Continuity Must Be Semantic, Not Merely Narrative",DUPLICATE / NEAR-DUPLICATE,MERGE INTO STRONGER FINDING OR CLUSTER,Operational Non-Authority,"#648, #1051, #1391",HIGH,"INSTANCE. Parents #19 and #27 via #648: tradition that The World is unchanged is checked, not believed."
1396,Spatial Ground Must Make Continuity Provable,CONFORMANCE / VALIDATION CANDIDATE,MOVE TO CONFORMANCE / VALIDATION,Canonical Equivalence,"#65, #1297, #960",HIGH,New capability: objective comparison between authoritative Ground generations to show canonical place unchanged. Local parent of #1390-#1395 and #1397.
1397,Spatial Ground Must Make Discontinuity Detectable,DUPLICATE / NEAR-DUPLICATE,MERGE INTO STRONGER FINDING OR CLUSTER,Canonical Equivalence,"#1297, #1396, #60",HIGH,"RESTATEMENT. Parents #1297 and #1396. FOUNDATIONAL AUTHORITY GAP: ""if canonical World-space ever differs between two authoritative records""."
1398,Spatial Ground Must Never Hide Foundational Discontinuity,DUPLICATE / NEAR-DUPLICATE,MERGE INTO STRONGER FINDING OR CLUSTER,Change Control and Permanence,"#394, #398, #136",HIGH,"RESTATEMENT. Parents #29 and #398 via #136 and #394. FOUNDATIONAL AUTHORITY GAP: speaks of ""a genuine change in canonical place""."
1399,Spatial Ground Must Treat Foundational Discontinuity as Extraordinary,DUPLICATE / NEAR-DUPLICATE,MERGE INTO STRONGER FINDING OR CLUSTER,Change Control and Permanence,"#856, #684, #893",HIGH,"RESTATEMENT. Parent #682 via #684 and #856. FOUNDATIONAL AUTHORITY GAP: calls such a change one of ""the most consequential architectural acts"", without naming who performs it."
1400,Spatial Ground Must Be Designed So Foundational Discontinuity Is Almost Never Necessary,DUPLICATE / NEAR-DUPLICATE,MERGE INTO STRONGER FINDING OR CLUSTER,Change Control and Permanence,"#419, #143, #1000",HIGH,"RESTATEMENT. Parents #58 and #143 via #419. METHODOLOGICAL. FOUNDATIONAL AUTHORITY GAP: ""almost never necessary"" concedes the possibility."
1401,Spatial Ground Must Distinguish Canonical Stability From Architectural Stagnation,HISTORICAL REASONING ONLY,PRESERVE AS HISTORICAL REASONING ONLY,Change Control and Permanence,"#419, #143, #1402",HIGH,METHODOLOGICAL: reassurance that a stable Ground is not a stagnant BitPangea. No obligation.
1402,Spatial Ground Must Enable Change Above Without Change Below,DUPLICATE / NEAR-DUPLICATE,MERGE INTO STRONGER FINDING OR CLUSTER,Minimality and Semantic Restraint,"#143, #53, #1415",HIGH,RESTATEMENT. Parent #143 via #53.
1403,Spatial Ground Must Function as a Stable Dependency Base,DUPLICATE / NEAR-DUPLICATE,MERGE INTO STRONGER FINDING OR CLUSTER,Upward Handoff,"#737, #142, #1404",HIGH,RESTATEMENT. Parents #4 and #142 via #737: higher layers can rely on Ground because it is the most stable thing beneath them.
1404,Spatial Ground Must Minimize Dependency Risk,DUPLICATE / NEAR-DUPLICATE,MERGE INTO STRONGER FINDING OR CLUSTER,Minimality and Semantic Restraint,"#893, #1048, #58",HIGH,RESTATEMENT. Parent #58 via #893 and #1048: a small canonical surface limits the cost of any future change.
1405,Spatial Ground Must Avoid Broad Foundational APIs,DUPLICATE / NEAR-DUPLICATE,MERGE INTO STRONGER FINDING OR CLUSTER,Upward Handoff,"#175, #737, #1404",HIGH,RESTATEMENT. Parent #20 via #175: the upward contract holds only what higher layers genuinely need.
1406,Spatial Ground Must Avoid Leaking Internal Representation Upward,DERIVED CONSEQUENCE,MERGE INTO STRONGER FINDING OR CLUSTER,Upward Handoff,"#29, #174, #1407",HIGH,Root parents #29 and #174. New failure mode at the handoff: higher layers binding to Ground's internal data structures instead of to World-space semantics.
1407,Spatial Ground Must Preserve Representation Encapsulation,DUPLICATE / NEAR-DUPLICATE,MERGE INTO STRONGER FINDING OR CLUSTER,Upward Handoff,"#1406, #71, #1408",HIGH,RESTATEMENT. Parents #29 and #1406.
1408,Spatial Ground Must Preserve Semantic Interfaces,DUPLICATE / NEAR-DUPLICATE,MERGE INTO STRONGER FINDING OR CLUSTER,Upward Handoff,"#1406, #1407, #582",HIGH,"RESTATEMENT. Parent #1406: the interface is defined by meaning, not by implementation."
1409,Spatial Ground Must Define What Higher Architecture May Assume,DUPLICATE / NEAR-DUPLICATE,MERGE INTO STRONGER FINDING OR CLUSTER,Upward Handoff,"#737, #174, #1410",HIGH,RESTATEMENT. Parent #174 via #737.
1410,Spatial Ground Must Define What Higher Architecture May Not Assume,DUPLICATE / NEAR-DUPLICATE,MERGE INTO STRONGER FINDING OR CLUSTER,Upward Handoff,"#738, #175, #1409",HIGH,RESTATEMENT. Parent #20 via #738.
1411,Spatial Ground Must Prevent Assumption Creep,DERIVED CONSEQUENCE,MERGE INTO STRONGER FINDING OR CLUSTER,Minimality and Semantic Restraint,"#887, #1048, #1412",HIGH,Root parents #19 and #58 via #887. New structural-capture route: a higher system's repeated reliance on an implementation detail turns that detail into canon by convention.
1412,Spatial Ground Must Prevent Dependency Capture,DUPLICATE / NEAR-DUPLICATE,MERGE INTO STRONGER FINDING OR CLUSTER,Minimality and Semantic Restraint,"#1411, #1048, #268",HIGH,RESTATEMENT. Parents #1048 and #1411: Ground is never enlarged to suit a higher system built on a non-canonical convenience.
1413,"Higher Architecture Must Adapt to Ground, Not Rewrite It",UPWARD HANDOFF / HIGHER-LAYER CONTRACT,MERGE INTO STRONGER FINDING OR CLUSTER,Upward Handoff,"#23, #427, #1414",HIGH,"Parents #23 and #89. New precedence rule: where a higher design conflicts with established Ground, the higher design is reworked. CONSOLIDATION SURVIVOR: fuses #23, #89, #427 and #428."
1414,Spatial Ground Must Preserve Downward Authority,DUPLICATE / NEAR-DUPLICATE,MERGE INTO STRONGER FINDING OR CLUSTER,Upward Handoff,"#23, #89, #1413",HIGH,RESTATEMENT. Parents #23 and #89.
1415,Spatial Ground Must Preserve Upward Freedom,DUPLICATE / NEAR-DUPLICATE,MERGE INTO STRONGER FINDING OR CLUSTER,Minimality and Semantic Restraint,"#143, #1402, #892",HIGH,RESTATEMENT. Parent #143.
1416,Spatial Ground Must Support Multiple Higher Representations Simultaneously,DUPLICATE / NEAR-DUPLICATE,MERGE INTO STRONGER FINDING OR CLUSTER,Upward Handoff,"#182, #183, #1417",HIGH,RESTATEMENT. Parent #8 via #182.
1417,Spatial Ground Must Support Concurrent Higher Interpretations,DUPLICATE / NEAR-DUPLICATE,MERGE INTO STRONGER FINDING OR CLUSTER,Upward Handoff,"#183, #182, #1418",HIGH,RESTATEMENT. Parent #8 via #183.
1418,Higher Interpretive Conflict Must Remain Above Ground,DUPLICATE / NEAR-DUPLICATE,MERGE INTO STRONGER FINDING OR CLUSTER,Upward Handoff,"#184, #183, #1417",HIGH,RESTATEMENT. Parents #4 and #8 via #184.
1419,Spatial Ground Must Remain Neutral Between Valid Higher Interpretations,DUPLICATE / NEAR-DUPLICATE,MERGE INTO STRONGER FINDING OR CLUSTER,Minimality and Semantic Restraint,"#183, #20, #67",HIGH,INSTANCE. Parent #20 via #183: no privilege for the interpretation that happened to be implemented first.
1420,Spatial Ground Must Not Contain Interpretive Priority Rules,LAYER BOUNDARY / EXCLUSION,MERGE INTO STRONGER FINDING OR CLUSTER,Layer Boundaries,"#20, #1419, #841",HIGH,"Parent #20. New scope exclusion: priority rules among higher interpretations and overlays belong above Ground (""unless foundational necessity is demonstrated"")."
1421,Spatial Ground Must Preserve a Clean Handoff to General Spatial Interpretation,DUPLICATE / NEAR-DUPLICATE,MERGE INTO STRONGER FINDING OR CLUSTER,Upward Handoff,"#54, #176, #1422",HIGH,RESTATEMENT. Parent #54 via #176.
1422,General Spatial Interpretation Must Not Be Required to Infer World Extent,DUPLICATE / NEAR-DUPLICATE,MERGE INTO STRONGER FINDING OR CLUSTER,Upward Handoff,"#54, #1447, #93",HIGH,RESTATEMENT. Parent #54.
1423,General Spatial Interpretation May Describe the Limit Without Owning It,UPWARD HANDOFF / HIGHER-LAYER CONTRACT,MERGE INTO STRONGER FINDING OR CLUSTER,Upward Handoff,"#51, #23, #785",MEDIUM,"Parents #23 and #51. New precedence rule: higher layers may render, name and characterize the limit, and those descriptions are subordinate to the Ground distinction. Bears on reserved #785 without resolving it."
1424,Spatial Ground Must Preserve Interpretive Independence of the Limit,DUPLICATE / NEAR-DUPLICATE,MERGE INTO STRONGER FINDING OR CLUSTER,Interpretation Independence,"#178, #1423, #50",HIGH,"RESTATEMENT. Parent #4 via #178, applied to the limit."
1425,Spatial Ground Must Not Require a Visible Edge,DUPLICATE / NEAR-DUPLICATE,MERGE INTO STRONGER FINDING OR CLUSTER,Operational Non-Authority,"#50, #308, #1426",HIGH,INSTANCE. Parents #19 and #4 via #50 and #308: no visible edge needed.
1426,Spatial Ground Must Not Require a Named Edge,DUPLICATE / NEAR-DUPLICATE,MERGE INTO STRONGER FINDING OR CLUSTER,Interpretation Independence,"#74, #758, #1425",HIGH,INSTANCE. Parent #4 via #74: no named edge needed.
1427,Spatial Ground Must Avoid Reifying the Limit Into an Entity,DUPLICATE / NEAR-DUPLICATE,MERGE INTO STRONGER FINDING OR CLUSTER,Exact Membership and Boundary Resolution,"#17, #231, #100",HIGH,RESTATEMENT. Parents #8 and #58 via #17 and #231: the limit is not made a separate entity without need.
1428,The Limit May Be a Property of Membership,DUPLICATE / NEAR-DUPLICATE,MERGE INTO STRONGER FINDING OR CLUSTER,Exact Membership and Boundary Resolution,"#17, #1427, #1429",HIGH,RESTATEMENT. Parent #8 via #17.
1429,Spatial Ground Must Avoid Duplicate Boundary Authority,DUPLICATE / NEAR-DUPLICATE,MERGE INTO STRONGER FINDING OR CLUSTER,Single Canonical Truth,"#17, #59, #541",HIGH,RESTATEMENT. Parent #8 via #17 and #59.
1430,"If Boundary Geometry Is Stored, It Must Be Derivable or Normatively Primary",SPECIFICATION CANDIDATE,MOVE TO SPECIFICATION,Single Canonical Truth,"#17, #1431, #25",MEDIUM,"New: stored boundary geometry has an explicit status, either derived from the membership definition or itself the normative basis from which membership follows. Widens #17, which assumed the first. Chooses neither."
1431,Spatial Ground Must Not Permit Ambiguous Primary Authority,DERIVED CONSEQUENCE,MERGE INTO STRONGER FINDING OR CLUSTER,Single Canonical Truth,"#8, #1430, #541",HIGH,"Root parent #8. CONSOLIDATION SURVIVOR: it is unmistakable which single artifact or rule ultimately determines World-space; fuses #17, #541, #1429 and #1430. A constraint on the definition as a whole."
1432,Spatial Ground Must Prefer One Direction of Derivation,DERIVED CONSEQUENCE,MERGE INTO STRONGER FINDING OR CLUSTER,Single Canonical Truth,"#59, #1431, #1435",HIGH,"Root parents #8 and #59. New definition-level constraint: secondary facts derive from one primary definition in one direction, with no circular or two-way authority."
1433,Spatial Ground Must Avoid Mutual Validation Loops,DERIVED CONSEQUENCE,MERGE INTO STRONGER FINDING OR CLUSTER,Conformance and Validation,"#60, #1434, #969",HIGH,"Root parent #64. New failure mode: two artifacts judged correct only because they agree with each other, when both may share one error."
1434,Spatial Ground Must Have Independent Normative Basis,DERIVED CONSEQUENCE,MERGE INTO STRONGER FINDING OR CLUSTER,Institutional Authority and Adoption,"#503, #1433, #64",MEDIUM,"Parents #503 and #64. New authority principle: correctness rests on adopted rules and the authoritative definition, never on self-consistency alone. Bears on reserved #661 and gives no full ordering. AUTHORITY GAP: ""adopted""."
1435,Spatial Ground Must Preserve Deterministic Derivation Chains,DERIVED CONSEQUENCE,MERGE INTO STRONGER FINDING OR CLUSTER,Reconstruction and Recoverability,"#542, #48, #1432",HIGH,"Root parents #28 and #57 via #542: every derived result has a finite, explicit path back to primitives and rules. Local parent of #1436-#1438."
1436,Derivation Chains Must Be Auditable,DUPLICATE / NEAR-DUPLICATE,MERGE INTO STRONGER FINDING OR CLUSTER,No Hidden State / Self-Containment,"#1435, #68, #27",HIGH,INSTANCE. Parents #27 and #1435: the path is auditable without opaque intermediate state.
1437,Derivation Chains Must Be Reproducible,DUPLICATE / NEAR-DUPLICATE,MERGE INTO STRONGER FINDING OR CLUSTER,Independent Implementation,"#1435, #26, #224",HIGH,INSTANCE. Parents #26 and #1435: the path is reproducible.
1438,Derivation Chains Must Not Depend on Historical Accident,DUPLICATE / NEAR-DUPLICATE,MERGE INTO STRONGER FINDING OR CLUSTER,Canonical Equivalence,"#843, #215, #45",HIGH,"RESTATEMENT. Parents #215 and #45 via #843: order of creation, migration or caching carries no meaning."
1439,Spatial Ground Must Preserve Functional Equivalence Across Algorithms,DUPLICATE / NEAR-DUPLICATE,MERGE INTO STRONGER FINDING OR CLUSTER,Independent Implementation,"#972, #1329, #971",HIGH,RESTATEMENT. Parent #26 via #972.
1440,Algorithm Choice Must Not Become Place Identity,DUPLICATE / NEAR-DUPLICATE,MERGE INTO STRONGER FINDING OR CLUSTER,Independent Implementation,"#1439, #19, #859",HIGH,RESTATEMENT. Parents #19 and #26 via #1439.
1441,Spatial Ground Must Support Algorithm Replacement,DUPLICATE / NEAR-DUPLICATE,MERGE INTO STRONGER FINDING OR CLUSTER,Technology and Infrastructure Independence,"#1328, #239, #1439",HIGH,RESTATEMENT. Parent #81 via #239 and #1328.
1442,Algorithm Optimization Must Preserve Proof Obligations,CONFORMANCE / VALIDATION CANDIDATE,MOVE TO CONFORMANCE / VALIDATION,Conformance and Validation,"#922, #1441, #923",HIGH,New: a faster method must demonstrate equivalence to canonical semantics; empirical similarity is not enough.
1443,Spatial Ground Must Distinguish Specification Algorithm From Reference Algorithm,SPECIFICATION CANDIDATE,MOVE TO SPECIFICATION,Finite Expressibility and Determinism,"#497, #1444, #405",HIGH,New normative-hierarchy distinction: an algorithm is mandatory only if the Specification says so; otherwise a reference algorithm is illustrative.
1444,Spatial Ground Must Avoid Unnecessary Algorithm Mandates,DUPLICATE / NEAR-DUPLICATE,MERGE INTO STRONGER FINDING OR CLUSTER,Independent Implementation,"#1330, #971, #298",HIGH,"RESTATEMENT. Parent #26 via #971 and #1330: prescribe semantics, not method, unless determinism or interoperability requires it."
1445,Spatial Ground Must Preserve Semantic Freedom in Implementation,DUPLICATE / NEAR-DUPLICATE,MERGE INTO STRONGER FINDING OR CLUSTER,Independent Implementation,"#1329, #1441, #972",HIGH,RESTATEMENT. Parent #26 via #1329.
1446,Spatial Ground Must Support Formal Handoff Testing,CONFORMANCE / VALIDATION CANDIDATE,MOVE TO CONFORMANCE / VALIDATION,Testing and Adversarial Review,"#54, #174, #1447",HIGH,"FRAMEWORK MIRROR: carries the handoff contract (#54, #174) into Conformance. New: the handoff itself is tested, not only Ground internally."
1447,Handoff Testing Must Detect Under-Specification,DUPLICATE / NEAR-DUPLICATE,MERGE INTO STRONGER FINDING OR CLUSTER,Testing and Adversarial Review,"#1446, #1246, #54",HIGH,"INSTANCE. Parents #54 and #1446: if GSI must invent a membership rule, Ground is incomplete."
1448,Handoff Testing Must Detect Over-Specification,DUPLICATE / NEAR-DUPLICATE,MERGE INTO STRONGER FINDING OR CLUSTER,Testing and Adversarial Review,"#1446, #1245, #175",HIGH,"INSTANCE. Parents #20 and #1446: if GSI receives terrain or Parcel meaning from Ground, Ground is overextended."
1449,Spatial Ground Must Pass the Bidirectional Layer Test,DUPLICATE / NEAR-DUPLICATE,MERGE INTO STRONGER FINDING OR CLUSTER,Layer Boundaries,"#1247, #1008, #1009",HIGH,"RESTATEMENT. Parent #1247, joining the placement tests of #1008 and #1009. METHODOLOGICAL."
1450,Spatial Ground Must Earn Its Separate Layer Permanently,INSTITUTIONAL / GOVERNANCE CANDIDATE,MOVE TO GOVERNANCE / INSTITUTIONAL FRAMEWORK,Inquiry Method and Framework Sequencing,"#1449, #267, #276",MEDIUM,"METHODOLOGICAL. New scope question: Ground stays a separate layer only if its responsibility cannot be cleanly absorbed below or above. Calls Ground an ""Atlas domain"". AUTHORITY: the layer structure is the architecture's, not Ground's."
1451,Spatial Ground Must Distinguish Layer Identity From Documentation Identity,DUPLICATE / NEAR-DUPLICATE,MERGE INTO STRONGER FINDING OR CLUSTER,Representation Independence,"#190, #1289, #29",HIGH,"INSTANCE. Parent #29 via #190: documents reorganized, renamed or split."
1452,Spatial Ground Must Distinguish Layer Identity From Repository Location,DUPLICATE / NEAR-DUPLICATE,MERGE INTO STRONGER FINDING OR CLUSTER,Representation Independence,"#454, #1451, #208",HIGH,RESTATEMENT. Parent #29 via #454.
1453,Spatial Ground Must Distinguish Layer Identity From Website Navigation,DUPLICATE / NEAR-DUPLICATE,MERGE INTO STRONGER FINDING OR CLUSTER,Representation Independence,"#1289, #454, #1469",HIGH,INSTANCE. Parent #29 via #454: place in a website hierarchy.
1454,Spatial Ground Must Distinguish Layer Identity From Publication Order,DERIVED CONSEQUENCE,MERGE INTO STRONGER FINDING OR CLUSTER,Inquiry Method and Framework Sequencing,"#407, #843, #1455",HIGH,Parents #407 and #215. New authority rule: publication order establishes neither dependency nor authority; both are stated explicitly.
1455,Spatial Ground Must Distinguish Layer Identity From Creator Sequence,DERIVED CONSEQUENCE,MERGE INTO STRONGER FINDING OR CLUSTER,Inquiry Method and Framework Sequencing,"#1454, #295, #1456",HIGH,Parent #1454. New: the order of discovery in the Creator Period is not the architectural order. METHODOLOGICAL; consistent with this audit's rule that later Findings do not override earlier ones by position.
1456,Spatial Ground Must Distinguish Reasoning Order From Dependency Order,DUPLICATE / NEAR-DUPLICATE,MERGE INTO STRONGER FINDING OR CLUSTER,Inquiry Method and Framework Sequencing,"#1455, #937, #1454",HIGH,RESTATEMENT. Parent #1455. METHODOLOGICAL.
1457,Spatial Ground Must Distinguish Historical Discovery From Normative Structure,DUPLICATE / NEAR-DUPLICATE,MERGE INTO STRONGER FINDING OR CLUSTER,Historical Traceability,"#409, #400, #1458",HIGH,RESTATEMENT. Parents #409 and #400. METHODOLOGICAL.
1458,Spatial Ground Must Preserve Reasoning Without Embedding Chronology,DUPLICATE / NEAR-DUPLICATE,MERGE INTO STRONGER FINDING OR CLUSTER,Historical Traceability,"#943, #408, #1459",HIGH,RESTATEMENT. Parent #408 via #943. AUTHORITY: names the Journal and Origins as homes of rationale. METHODOLOGICAL.
1459,Spatial Ground Must Preserve the Atlas Rule,TERMINOLOGY / DOCUMENTATION CANDIDATE,MOVE TO TERMINOLOGY / DOCUMENTATION,Terminology Discipline,"#399, #1458, #1044",HIGH,"AUTHORITY: The Atlas. Names an ""Atlas Rule"": the Atlas says what Ground is, guarantees, excludes and relates to, with no Creator-day chronology. A documentation rule owned by that institution. METHODOLOGICAL."
1460,Spatial Ground Must Preserve Institutional Separation of “When” and “What”,DUPLICATE / NEAR-DUPLICATE,MERGE INTO STRONGER FINDING OR CLUSTER,Historical Traceability,"#1459, #1044, #188",HIGH,"RESTATEMENT. Parents #1044 and #1459: chronology keeps ""when"", Ground documentation keeps ""what""."
1461,Spatial Ground Must Distinguish Architecture From Institutional History,DUPLICATE / NEAR-DUPLICATE,MERGE INTO STRONGER FINDING OR CLUSTER,Rights / Governance Independence,"#980, #76, #1462",HIGH,"RESTATEMENT. Parents #4 and #147 via #76 and #980. AUTHORITY GAP: ""formally adopted normative change""."
1462,Spatial Ground Must Distinguish Architecture From Editorial Narrative,DUPLICATE / NEAR-DUPLICATE,MERGE INTO STRONGER FINDING OR CLUSTER,Representation Independence,"#996, #396, #1463",HIGH,RESTATEMENT. Parent #29 via #396.
1463,Spatial Ground Must Preserve Normative Core Through Editorial Rewriting,DUPLICATE / NEAR-DUPLICATE,MERGE INTO STRONGER FINDING OR CLUSTER,Representation Independence,"#396, #1462, #190",HIGH,RESTATEMENT. Parent #29 via #396.
1464,Spatial Ground Must Support Normative Extraction,DUPLICATE / NEAR-DUPLICATE,MERGE INTO STRONGER FINDING OR CLUSTER,Terminology Discipline,"#399, #703, #1465",HIGH,RESTATEMENT. Parent #399.
1465,Spatial Ground Must Support Machine Identification of Normative Material Where Useful,TERMINOLOGY / DOCUMENTATION CANDIDATE,MOVE TO TERMINOLOGY / DOCUMENTATION,Terminology Discipline,"#1464, #705, #729",HIGH,"New for structured documentation: normative material is machine-identifiable and not marked by visual styling alone (""where useful"")."
1466,Spatial Ground Must Avoid Normative Meaning Hidden in Examples,DUPLICATE / NEAR-DUPLICATE,MERGE INTO STRONGER FINDING OR CLUSTER,Terminology Discipline,"#1067, #950, #1470",HIGH,RESTATEMENT. Parent #1067.
1467,Spatial Ground Must Avoid Normative Meaning Hidden in Captions,DUPLICATE / NEAR-DUPLICATE,MERGE INTO STRONGER FINDING OR CLUSTER,Terminology Discipline,"#703, #709, #1466",HIGH,INSTANCE. Parents #19 and #27 via #703 and #709: captions and diagram labels.
1468,Spatial Ground Must Avoid Normative Meaning Hidden in Comments,DUPLICATE / NEAR-DUPLICATE,MERGE INTO STRONGER FINDING OR CLUSTER,No Hidden State / Self-Containment,"#709, #357, #1467",HIGH,INSTANCE. Parent #27 via #709: code and schema comments.
1469,Spatial Ground Must Avoid Normative Meaning Hidden in UI,DUPLICATE / NEAR-DUPLICATE,MERGE INTO STRONGER FINDING OR CLUSTER,No Hidden State / Self-Containment,"#709, #1470, #1453",HIGH,INSTANCE. Parent #27 via #709: interface labels and behavior.
1470,Spatial Ground Must Preserve Canonical Meaning Independently of Presentation Layer,DUPLICATE / NEAR-DUPLICATE,MERGE INTO STRONGER FINDING OR CLUSTER,Representation Independence,"#1289, #454, #1471",HIGH,RESTATEMENT. Parent #29 via #454 and #1289.
1471,Spatial Ground Must Support Text-Only Preservation,DUPLICATE / NEAR-DUPLICATE,MERGE INTO STRONGER FINDING OR CLUSTER,Preservation and Archival Survival,"#1369, #69, #1472",HIGH,RESTATEMENT. Parent #69 via #1369.
1472,Spatial Ground Must Support Formal Artifact Preservation,DUPLICATE / NEAR-DUPLICATE,MERGE INTO STRONGER FINDING OR CLUSTER,Preservation and Archival Survival,"#1371, #705, #1471",HIGH,RESTATEMENT. Parent #70 via #1371.
1473,Spatial Ground Must Preserve Cross-Reference Stability Conceptually,DUPLICATE / NEAR-DUPLICATE,MERGE INTO STRONGER FINDING OR CLUSTER,Preservation and Archival Survival,"#456, #1474, #1475",HIGH,RESTATEMENT. Parent #83 via #456.
1474,Spatial Ground Must Not Depend on Fragile Hyperlinks,DUPLICATE / NEAR-DUPLICATE,MERGE INTO STRONGER FINDING OR CLUSTER,Preservation and Archival Survival,"#456, #1473, #455",HIGH,RESTATEMENT. Parent #83 via #456.
1475,Spatial Ground Must Preserve Dependency Names and Roles,PRESERVATION / RECONSTRUCTION CANDIDATE,MOVE TO PRESERVATION / RECONSTRUCTION,Preservation and Archival Survival,"#1382, #458, #1473",HIGH,"New dependency-binding rule: lower and higher dependencies are identified by enduring institutional role, not by a URL. Complements #1382."
1476,Spatial Ground Must Support Durable Citation of Normative Rules,TERMINOLOGY / DOCUMENTATION CANDIDATE,MOVE TO TERMINOLOGY / DOCUMENTATION,Terminology Discipline,"#491, #219, #1480",HIGH,New: individual Ground rules are citable in a stable way by later documents.
1477,Rule Identity Must Survive Renumbering Where Meaning Is Preserved,TERMINOLOGY / DOCUMENTATION CANDIDATE,MOVE TO TERMINOLOGY / DOCUMENTATION,Terminology Discipline,"#1476, #220, #1479",HIGH,"New: a rule's semantic identity stays traceable when numbering changes. Relevant to this audit, which has not renumbered Findings."
1478,Spatial Ground Must Avoid Making Numbers the Meaning,DUPLICATE / NEAR-DUPLICATE,MERGE INTO STRONGER FINDING OR CLUSTER,Terminology Discipline,"#220, #1477, #389",HIGH,INSTANCE. Parent #29 via #220: an identifier is never the meaning.
1479,Spatial Ground Must Preserve Traceable Renumbering,DUPLICATE / NEAR-DUPLICATE,MERGE INTO STRONGER FINDING OR CLUSTER,Historical Traceability,"#1477, #672, #134",HIGH,RESTATEMENT. Parents #672 and #1477: renumbering leaves a recorded mapping.
1480,Spatial Ground Must Support Stable Normative Anchors,DUPLICATE / NEAR-DUPLICATE,MERGE INTO STRONGER FINDING OR CLUSTER,Terminology Discipline,"#1476, #1477, #1475",HIGH,RESTATEMENT. Parent #1476.
1481,Spatial Ground Must Distinguish Architectural Identity From Version Identity,DUPLICATE / NEAR-DUPLICATE,MERGE INTO STRONGER FINDING OR CLUSTER,Representation Independence,"#189, #29, #1482",HIGH,RESTATEMENT. Parent #29 via #189.
1482,Spatial Ground Must Distinguish Architecture Revision From Architecture Replacement,DERIVED CONSEQUENCE,MERGE INTO STRONGER FINDING OR CLUSTER,Change Control and Permanence,"#136, #1003, #1483",HIGH,"Parents #29 and #136. New distinction: revising the Ground model is not replacing it with a different foundational model. A kind of change distinct from change to the record, to World-space, or to Ground's scope."
1483,Spatial Ground Replacement Must Be Explicit,INSTITUTIONAL / GOVERNANCE CANDIDATE,MOVE TO GOVERNANCE / INSTITUTIONAL FRAMEWORK,Change Control and Permanence,"#1482, #398, #677",HIGH,"Replacement of the model is an identified institutional event, never a routine revision. AUTHORITY GAP: ""if a fundamentally different Ground model were ever adopted""."
1484,Replacement Must Preserve or Explicitly Break Continuity,INSTITUTIONAL / GOVERNANCE CANDIDATE,MOVE TO GOVERNANCE / INSTITUTIONAL FRAMEWORK,Change Control and Permanence,"#1483, #1396, #863",HIGH,New: a successor model either proves continuity with established World-space or openly acknowledges a break. FOUNDATIONAL AUTHORITY GAP: contemplates an acknowledged change of foundational spatial continuity.
1485,Semantic Continuity Must Be Demonstrable,DUPLICATE / NEAR-DUPLICATE,MERGE INTO STRONGER FINDING OR CLUSTER,Canonical Equivalence,"#1396, #1486, #65",HIGH,"RESTATEMENT. Parent #1396: continuity is shown by equivalence or migration proof, not asserted."
1486,Spatial Ground Must Support Migration Proofs,CONFORMANCE / VALIDATION CANDIDATE,MOVE TO CONFORMANCE / VALIDATION,Canonical Equivalence,"#1299, #922, #1396",HIGH,"New: where representation changes materially, proof that every relevant membership result is unchanged. CONSOLIDATION SURVIVOR: with #1487-#1490 it forms a migration-proof checklist that mirrors the invariant list of #876-#883."
1487,Migration Proof Must Include Boundary Semantics,DUPLICATE / NEAR-DUPLICATE,MERGE INTO STRONGER FINDING OR CLUSTER,Canonical Equivalence,"#1486, #879, #193",HIGH,INSTANCE. Parents #16 and #1486: the proof covers limit semantics.
1488,Migration Proof Must Include Absolute Placement,DUPLICATE / NEAR-DUPLICATE,MERGE INTO STRONGER FINDING OR CLUSTER,Canonical Equivalence,"#1486, #877, #563",HIGH,INSTANCE. Parents #46 and #1486: the proof covers absolute placement.
1489,Migration Proof Must Include One-World Coherence,DUPLICATE / NEAR-DUPLICATE,MERGE INTO STRONGER FINDING OR CLUSTER,Canonical Equivalence,"#1486, #878, #21",HIGH,"INSTANCE. Parents #21 and #1486: the proof covers one-World coherence, a World-level invariant. AUTHORITY: The Declaration."
1490,Migration Proof Must Include Higher-Layer Referential Stability,DUPLICATE / NEAR-DUPLICATE,MERGE INTO STRONGER FINDING OR CLUSTER,Canonical Equivalence,"#1486, #73, #1491",HIGH,INSTANCE. Parents #4 (via #73) and #1486: the proof covers references held by higher layers.
1491,Spatial Ground Must Preserve Historical Reference Resolution,DUPLICATE / NEAR-DUPLICATE,MERGE INTO STRONGER FINDING OR CLUSTER,Change Control and Permanence,"#329, #73, #1492",HIGH,RESTATEMENT. Parent #4 via #73 and #329.
1492,Compatible Evolution Must Not Orphan Historical Place References,DUPLICATE / NEAR-DUPLICATE,MERGE INTO STRONGER FINDING OR CLUSTER,Change Control and Permanence,"#1491, #73, #393",HIGH,RESTATEMENT. Parent #4 via #73.
1493,Spatial Ground Must Support Legacy Decoding Where Needed for Continuity,DUPLICATE / NEAR-DUPLICATE,MERGE INTO STRONGER FINDING OR CLUSTER,Preservation and Archival Survival,"#390, #609, #1495",HIGH,RESTATEMENT. Parent #126 via #390 and #609: enough legacy decoding knowledge survives to read old references.
1494,Legacy Support Must Not Freeze Implementation Technology,DUPLICATE / NEAR-DUPLICATE,MERGE INTO STRONGER FINDING OR CLUSTER,Technology and Infrastructure Independence,"#81, #1493, #997",HIGH,INSTANCE. Parent #81: legacy support does not mean keeping the old software stack.
1495,Spatial Ground Must Support Semantic Translation Across Generations,PRESERVATION / RECONSTRUCTION CANDIDATE,MOVE TO PRESERVATION / RECONSTRUCTION,Change Control and Permanence,"#210, #1109, #1382",HIGH,"New cross-generation binding: historical references translate into contemporary canonical form without changing the place identified. AUTHORITY: the form of a Survey reference, and its evolution, are FSF's."
1496,Semantic Translation Must Be Lossless for Canonical Claims,DUPLICATE / NEAR-DUPLICATE,MERGE INTO STRONGER FINDING OR CLUSTER,Operational Non-Authority,"#63, #49, #1495",HIGH,INSTANCE. Parent #19 via #49 and #63: a translation that cannot keep exact place identity is marked lossy.
1497,Spatial Ground Must Preserve Historical Comparability,DUPLICATE / NEAR-DUPLICATE,MERGE INTO STRONGER FINDING OR CLUSTER,Canonical Equivalence,"#1396, #1105, #1495",HIGH,"RESTATEMENT. Parents #65 and #1396, for references."
1498,Spatial Ground Must Preserve Historical Spatial Accountability,DUPLICATE / NEAR-DUPLICATE,MERGE INTO STRONGER FINDING OR CLUSTER,Change Control and Permanence,"#1042, #329, #1491",HIGH,RESTATEMENT. Parent #4 via #1042.
1499,Spatial Ground Must Preserve Intergenerational Place Identity,DUPLICATE / NEAR-DUPLICATE,MERGE INTO STRONGER FINDING OR CLUSTER,Change Control and Permanence,"#73, #330, #1491",HIGH,RESTATEMENT. Parent #4 via #73.
1500,Spatial Ground Must Make Architectural Memory Unnecessary for Place Continuity,DUPLICATE / NEAR-DUPLICATE,MERGE INTO STRONGER FINDING OR CLUSTER,No Hidden State / Self-Containment,"#999, #1000, #148",HIGH,RESTATEMENT. Parent #27 via #999. METHODOLOGICAL.
1501,Spatial Ground Must Distinguish Canonical Place From Historical Association,DUPLICATE / NEAR-DUPLICATE,MERGE INTO STRONGER FINDING OR CLUSTER,Higher-Layer Independence,"#45, #334, #1502",HIGH,"INSTANCE. Parent #4 via #45: association with an event, person or structure is no part of a location's identity."
1502,Historical Meaning Must Remain Above Ground,DUPLICATE / NEAR-DUPLICATE,MERGE INTO STRONGER FINDING OR CLUSTER,Layer Boundaries,"#334, #45, #1501",HIGH,RESTATEMENT. Parent #20 via #334.
1503,Spatial Ground Must Preserve Place Through Historical Erasure,DUPLICATE / NEAR-DUPLICATE,MERGE INTO STRONGER FINDING OR CLUSTER,Higher-Layer Independence,"#34, #53, #1504",HIGH,"INSTANCE. Parent #4, same pattern as #34 and #53: loss of higher historical records leaves place recoverable."
1504,Spatial Ground Must Preserve History Through Stable Place,DUPLICATE / NEAR-DUPLICATE,MERGE INTO STRONGER FINDING OR CLUSTER,Change Control and Permanence,"#1043, #329, #1507",HIGH,RESTATEMENT. Parent #4 via #329 and #1043.
1505,Spatial Ground Must Distinguish Event Location From Event Meaning,DUPLICATE / NEAR-DUPLICATE,MERGE INTO STRONGER FINDING OR CLUSTER,Upward Handoff,"#333, #334, #1508",HIGH,RESTATEMENT. Parents #20 and #174 via #333: a location anchors an event without absorbing its meaning.
1506,Spatial Ground Must Distinguish Place Persistence From Event Persistence,DUPLICATE / NEAR-DUPLICATE,MERGE INTO STRONGER FINDING OR CLUSTER,Change Control and Permanence,"#328, #45, #1501",HIGH,RESTATEMENT. Parent #4 via #45 and #328.
1507,Spatial Ground Must Support Historical Rebinding Above It,DUPLICATE / NEAR-DUPLICATE,MERGE INTO STRONGER FINDING OR CLUSTER,Interpretation Independence,"#331, #494, #1504",HIGH,RESTATEMENT. Parent #4 via #331: higher systems that change schema rebind to the same place.
1508,Spatial Ground Must Preserve Referential Neutrality,DUPLICATE / NEAR-DUPLICATE,MERGE INTO STRONGER FINDING OR CLUSTER,Upward Handoff,"#333, #20, #1505",HIGH,RESTATEMENT. Parent #20 via #333: Ground is indifferent to why it is referenced.
1509,Spatial Ground Must Support Legal or Institutional Reference Without Becoming Legal Architecture,DUPLICATE / NEAR-DUPLICATE,MERGE INTO STRONGER FINDING OR CLUSTER,Layer Boundaries,"#341, #1047, #1513",HIGH,INSTANCE. Parents #20 and #19 via #341 and #1047: legal and institutional records cite place and do not redefine it by use.
1510,Spatial Ground Must Support Scientific or Analytical Reference Without Becoming an Analytical Layer,DUPLICATE / NEAR-DUPLICATE,MERGE INTO STRONGER FINDING OR CLUSTER,Layer Boundaries,"#57, #20, #1509",HIGH,"INSTANCE. Parents #20 and #57: analytical models are derived from Ground, never constitutive of it."
1511,Spatial Ground Must Support Cultural Reference Without Becoming a Cultural Layer,DUPLICATE / NEAR-DUPLICATE,MERGE INTO STRONGER FINDING OR CLUSTER,Interpretation Independence,"#314, #39, #1037",HIGH,INSTANCE. Parent #20 via #314.
1512,Spatial Ground Must Support Economic Reference Without Becoming an Economic Layer,DUPLICATE / NEAR-DUPLICATE,MERGE INTO STRONGER FINDING OR CLUSTER,Interpretation Independence,"#313, #1284, #1029",HIGH,INSTANCE. Parent #20 via #313.
1513,Spatial Ground Must Support Governance Reference Without Becoming a Governance Layer,DUPLICATE / NEAR-DUPLICATE,MERGE INTO STRONGER FINDING OR CLUSTER,Rights / Governance Independence,"#76, #341, #132",HIGH,INSTANCE. Parents #4 and #20 via #76.
1514,Spatial Ground Must Support Identity Reference Without Becoming an Identity Layer,DUPLICATE / NEAR-DUPLICATE,MERGE INTO STRONGER FINDING OR CLUSTER,Layer Boundaries,"#340, #20, #1509",HIGH,RESTATEMENT. Parent #20 via #340.
1515,Spatial Ground Must Support Provenance Reference Without Becoming a Provenance Layer,DUPLICATE / NEAR-DUPLICATE,MERGE INTO STRONGER FINDING OR CLUSTER,Upward Handoff,"#333, #1286, #334",HIGH,RESTATEMENT. Parent #20 via #333.
1516,Spatial Ground Must Support Interoperability Reference Without Becoming an External Coordinate System,DUPLICATE / NEAR-DUPLICATE,MERGE INTO STRONGER FINDING OR CLUSTER,Survey Dependency / Downward Contract,"#343, #342, #1517",HIGH,RESTATEMENT. Parents #12 and #19 via #343. AUTHORITY: the coordinate system is FSF's.
1517,Spatial Ground Must Preserve Internal Sovereignty of Spatial Meaning,DUPLICATE / NEAR-DUPLICATE,MERGE INTO STRONGER FINDING OR CLUSTER,Institutional Authority and Adoption,"#354, #1516, #1520",HIGH,RESTATEMENT. Parent #354.
1518,External Mapping Must Be Losslessly Anchored Where Exactness Is Claimed,DUPLICATE / NEAR-DUPLICATE,MERGE INTO STRONGER FINDING OR CLUSTER,Representation Independence,"#48, #347, #569",HIGH,RESTATEMENT. Parent #48.
1519,External Mapping Failure Must Not Alter Ground,DUPLICATE / NEAR-DUPLICATE,MERGE INTO STRONGER FINDING OR CLUSTER,Single Canonical Truth,"#353, #345, #1518",HIGH,RESTATEMENT. Parents #8 and #19 via #345 and #353.
1520,Spatial Ground Must Resist External Ontology Capture,DERIVED CONSEQUENCE,MERGE INTO STRONGER FINDING OR CLUSTER,Terminology Discipline,"#1049, #354, #1521",HIGH,"Root parents #8 and #469 via #1049. New structural-capture route: spatial concepts imported from GIS, games or virtual worlds silently redefining Ground's semantics."
1521,Spatial Ground Must Preserve Indigenous Vocabulary Where Canonical,TERMINOLOGY / DOCUMENTATION CANDIDATE,MOVE TO TERMINOLOGY / DOCUMENTATION,Terminology Discipline,"#469, #1520, #472",HIGH,"New: where BitPangea has defined its own canonical spatial terms, integrations map to them and do not replace them."
1522,Spatial Ground Must Distinguish Canonical Terminology From Interface Labels,DUPLICATE / NEAR-DUPLICATE,MERGE INTO STRONGER FINDING OR CLUSTER,Terminology Discipline,"#1066, #1469, #472",HIGH,INSTANCE. Parent #469 via #1066: interface labels never override formal vocabulary.
1523,Spatial Ground Must Permit Localization Without Semantic Drift,TERMINOLOGY / DOCUMENTATION CANDIDATE,MOVE TO TERMINOLOGY / DOCUMENTATION,Terminology Discipline,"#469, #1524, #1526",HIGH,"New for documentation: terminology may be translated for human use, with the formal concepts unchanged."
1524,Translation Must Not Alter Membership Semantics,DUPLICATE / NEAR-DUPLICATE,MERGE INTO STRONGER FINDING OR CLUSTER,Finite Expressibility and Determinism,"#364, #1523, #27",HIGH,INSTANCE. Parent #27 via #364: language never changes a membership classification.
1525,Spatial Ground Must Preserve Language-Independent Formal Meaning,DUPLICATE / NEAR-DUPLICATE,MERGE INTO STRONGER FINDING OR CLUSTER,Finite Expressibility and Determinism,"#70, #705, #1526",HIGH,RESTATEMENT. Parent #70 via #705: formal enough that no natural language's ambiguity decides behavior. Adjacent to reserved #707/#708; no precedence given.
1526,Spatial Ground Must Support Multilingual Explanation Above Formal Semantics,DUPLICATE / NEAR-DUPLICATE,MERGE INTO STRONGER FINDING OR CLUSTER,Terminology Discipline,"#1053, #1525, #1523",HIGH,"INSTANCE. Parent #1053: explanation in many languages sits above one governed formal semantics. Adjacent to reserved #707/#708; it ranks formal semantics above explanation, not prose canon against machine canon."
1527,Spatial Ground Must Distinguish Human Description From Machine Identity,DUPLICATE / NEAR-DUPLICATE,MERGE INTO STRONGER FINDING OR CLUSTER,Interpretation Independence,"#74, #557, #1528",HIGH,RESTATEMENT. Parent #4 via #74.
1528,Spatial Ground Must Preserve Name Independence,DUPLICATE / NEAR-DUPLICATE,MERGE INTO STRONGER FINDING OR CLUSTER,Interpretation Independence,"#1038, #74, #1527",HIGH,RESTATEMENT. Parent #4 via #74 and #1038.
1529,Spatial Ground Must Preserve Metadata Independence,DUPLICATE / NEAR-DUPLICATE,MERGE INTO STRONGER FINDING OR CLUSTER,Operational Non-Authority,"#131, #4, #1530",HIGH,"INSTANCE. Parents #4 and #19 via #131: tags, authorship, timestamps. AUTHORITY GAP: ""unless a specific item is formally made part of Ground"" presumes an adopter."
1530,Spatial Ground Must Distinguish Essential Metadata From Descriptive Metadata,SPECIFICATION CANDIDATE,MOVE TO SPECIFICATION,Operational Non-Authority,"#1533, #221, #1536",HIGH,"New distinction: metadata needed for versioning, status, provenance or validation is kept apart from the spatial semantics of World-space."
1531,Spatial Ground Must Preserve Metadata Replaceability,DUPLICATE / NEAR-DUPLICATE,MERGE INTO STRONGER FINDING OR CLUSTER,Representation Independence,"#29, #1530, #1532",HIGH,RESTATEMENT. Parent #29.
1532,Spatial Ground Must Preserve Spatial Truth if Descriptive Metadata Is Lost,DUPLICATE / NEAR-DUPLICATE,MERGE INTO STRONGER FINDING OR CLUSTER,Preservation and Archival Survival,"#1580, #27, #1531",HIGH,RESTATEMENT. Parent #27: loss of annotation never makes World-space unrecoverable.
1533,Spatial Ground Must Identify Essential Reconstruction Metadata Explicitly,DUPLICATE / NEAR-DUPLICATE,MERGE INTO STRONGER FINDING OR CLUSTER,No Hidden State / Self-Containment,"#538, #356, #1530",HIGH,INSTANCE. Parent #27 via #356 and #538: metadata truly needed for reconstruction is declared normative.
1534,Essential Metadata Must Pass the Necessity Test,DUPLICATE / NEAR-DUPLICATE,MERGE INTO STRONGER FINDING OR CLUSTER,Inquiry Method and Framework Sequencing,"#140, #1533, #1322",HIGH,INSTANCE. Parent #140: the removal test applied to metadata. METHODOLOGICAL.
1535,Spatial Ground Must Minimize Metadata Dependency,DUPLICATE / NEAR-DUPLICATE,MERGE INTO STRONGER FINDING OR CLUSTER,Minimality and Semantic Restraint,"#58, #1534, #1404",HIGH,INSTANCE. Parent #58.
1536,Spatial Ground Must Preserve Content/Metadata Separation,DUPLICATE / NEAR-DUPLICATE,MERGE INTO STRONGER FINDING OR CLUSTER,Operational Non-Authority,"#221, #1530, #557",HIGH,RESTATEMENT. Parent #19 via #221.
1537,Spatial Ground Must Support Canonical Content Addressing Without Requiring It,DUPLICATE / NEAR-DUPLICATE,MERGE INTO STRONGER FINDING OR CLUSTER,Technology and Infrastructure Independence,"#81, #556, #1538",HIGH,INSTANCE. Parent #81: content-addressing schemes.
1538,Content Address Changes Must Not Imply Spatial Change,DUPLICATE / NEAR-DUPLICATE,MERGE INTO STRONGER FINDING OR CLUSTER,Representation Independence,"#556, #1539, #208",HIGH,RESTATEMENT. Parent #29 via #556.
1539,Spatial Ground Must Distinguish Bit Identity From Semantic Identity,DUPLICATE / NEAR-DUPLICATE,MERGE INTO STRONGER FINDING OR CLUSTER,Representation Independence,"#557, #556, #1540",HIGH,"RESTATEMENT. Parent #29 via #557, nearly word for word."
1540,Spatial Ground Must Preserve Semantic Comparison Above Raw File Comparison,DUPLICATE / NEAR-DUPLICATE,MERGE INTO STRONGER FINDING OR CLUSTER,Canonical Equivalence,"#687, #1298, #1539",HIGH,"RESTATEMENT. Parents #65 and #687: whether Ground changed is a question about meaning, not bytes. Bears on reserved #661: semantic comparison outranks raw integrity comparison for this one question only."
1541,Spatial Ground Must Support Canonical Semantic Diffing,DUPLICATE / NEAR-DUPLICATE,MERGE INTO STRONGER FINDING OR CLUSTER,Canonical Equivalence,"#1297, #686, #1542",HIGH,RESTATEMENT. Parent #1297.
1542,Semantic Diffing Must Locate Spatial Difference Where Possible,DUPLICATE / NEAR-DUPLICATE,MERGE INTO STRONGER FINDING OR CLUSTER,Canonical Equivalence,"#1297, #1541, #1543",HIGH,RESTATEMENT. Parent #1297.
1543,Semantic Diffing Must Distinguish Added and Removed World-Space,DUPLICATE / NEAR-DUPLICATE,MERGE INTO STRONGER FINDING OR CLUSTER,Canonical Equivalence,"#1297, #1598, #1599",HIGH,"INSTANCE. Parent #1297: reports space added and space removed. FOUNDATIONAL AUTHORITY GAP: contemplates space ""no longer classified as World-space""."
1544,Semantic Diffing Must Distinguish Representation Change From Membership Change,DUPLICATE / NEAR-DUPLICATE,MERGE INTO STRONGER FINDING OR CLUSTER,Canonical Equivalence,"#1298, #216, #1541",HIGH,RESTATEMENT. Parent #216 via #1298.
1545,Spatial Ground Must Support Exact Change Detection,DUPLICATE / NEAR-DUPLICATE,MERGE INTO STRONGER FINDING OR CLUSTER,Canonical Equivalence,"#1397, #1297, #62",HIGH,RESTATEMENT. Parents #1297 and #1396 via #1397.
1546,Spatial Ground Must Preserve Change Accountability,DUPLICATE / NEAR-DUPLICATE,MERGE INTO STRONGER FINDING OR CLUSTER,Historical Traceability,"#134, #1397, #1542",HIGH,"RESTATEMENT. Parents #134 and #1397. FOUNDATIONAL AUTHORITY GAP: ""any actual canonical Ground change""."
1547,Spatial Ground Must Prevent “Equivalent Enough” Canonical Migration,DUPLICATE / NEAR-DUPLICATE,MERGE INTO STRONGER FINDING OR CLUSTER,Canonical Equivalence,"#559, #211, #1548",HIGH,RESTATEMENT. Parents #15 and #65 via #559: almost all is not all.
1548,Spatial Ground Must Distinguish Acceptable Approximation From Canonical Equivalence,DUPLICATE / NEAR-DUPLICATE,MERGE INTO STRONGER FINDING OR CLUSTER,Canonical Equivalence,"#560, #1547, #63",HIGH,RESTATEMENT. Parent #19 via #560.
1549,Spatial Ground Must Permit Zero-Loss Migration Only for Canonical Continuity,DUPLICATE / NEAR-DUPLICATE,MERGE INTO STRONGER FINDING OR CLUSTER,Canonical Equivalence,"#1486, #211, #1550",HIGH,RESTATEMENT. Parent #1486.
1550,Spatial Ground Must Make Zero-Loss Continuity Provable,DUPLICATE / NEAR-DUPLICATE,MERGE INTO STRONGER FINDING OR CLUSTER,Canonical Equivalence,"#1486, #1396, #1549",HIGH,RESTATEMENT. Parent #1486.
1551,Spatial Ground Must Distinguish Foundational Correction From Foundational Change,INSTITUTIONAL / GOVERNANCE CANDIDATE,MOVE TO GOVERNANCE / INSTITUTIONAL FRAMEWORK,Change Control and Permanence,"#133, #135, #188",HIGH,New: draws outright the line left undrawn since #133-#135 (noted in Batch 5): correcting how Ground was recorded is a different act from changing which space belongs to The World. CONSOLIDATION SURVIVOR. FOUNDATIONAL AUTHORITY GAP: names the second act without an owner.
1552,Correction Must Recover Prior Intended Canonical Truth,INSTITUTIONAL / GOVERNANCE CANDIDATE,MOVE TO GOVERNANCE / INSTITUTIONAL FRAMEWORK,Change Control and Permanence,"#133, #1551, #1554",HIGH,"New criterion for the first act: evidence that the prior artifact failed to express already-established truth. AUTHORITY GAP: ""prior intended canonical truth"" presumes someone whose establishment counts."
1553,Intentional World-Space Change Cannot Be Disguised as Correction,DUPLICATE / NEAR-DUPLICATE,MERGE INTO STRONGER FINDING OR CLUSTER,Change Control and Permanence,"#135, #1398, #1551",HIGH,"RESTATEMENT. Parents #133 and #398 via #135 and #1398. FOUNDATIONAL AUTHORITY GAP: ""foundational change rather than clerical repair""."
1554,Spatial Ground Must Preserve Error Provenance,DUPLICATE / NEAR-DUPLICATE,MERGE INTO STRONGER FINDING OR CLUSTER,Historical Traceability,"#134, #1556, #391",HIGH,RESTATEMENT. Parent #134.
1555,Spatial Ground Must Preserve Corrected Reference Resolution,INSTITUTIONAL / GOVERNANCE CANDIDATE,MOVE TO GOVERNANCE / INSTITUTIONAL FRAMEWORK,Historical Traceability,"#134, #677, #1491",HIGH,"New: a system meeting a superseded erroneous record can find the corrected reading, and the historical evidence is left unrewritten."
1556,Spatial Ground Must Avoid Retroactive Fiction,DUPLICATE / NEAR-DUPLICATE,MERGE INTO STRONGER FINDING OR CLUSTER,Historical Traceability,"#134, #964, #1557",HIGH,RESTATEMENT. Parent #134.
1557,Spatial Ground Must Preserve Institutional Honesty,DUPLICATE / NEAR-DUPLICATE,MERGE INTO STRONGER FINDING OR CLUSTER,Historical Traceability,"#134, #398, #1556",HIGH,"RESTATEMENT. Parents #134 and #398: errors, corrections, supersession and normative change stay distinguishable."
1558,Spatial Ground Must Support Root-Cause Analysis,CONFORMANCE / VALIDATION CANDIDATE,MOVE TO CONFORMANCE / VALIDATION,Failure Semantics,"#524, #306, #1559",HIGH,"New failure-state distinction by cause: specification ambiguity, implementation defect, corrupted artifact, migration failure, institutional error. Complements the by-layer classes of #306."
1559,Root-Cause Analysis Must Not Create New Ground Semantics,DUPLICATE / NEAR-DUPLICATE,MERGE INTO STRONGER FINDING OR CLUSTER,Failure Semantics,"#626, #404, #1558",HIGH,INSTANCE. Parents #19 and #299 via #404 and #626: a diagnosis explains a failure and settles no spatial truth.
1560,Spatial Ground Must Support Repair Without Redesign,DUPLICATE / NEAR-DUPLICATE,MERGE INTO STRONGER FINDING OR CLUSTER,Change Control and Permanence,"#135, #659, #1561",HIGH,RESTATEMENT. Parent #135 via #659.
1561,Spatial Ground Must Preserve Canonical Recoverability After Partial Loss,DUPLICATE / NEAR-DUPLICATE,MERGE INTO STRONGER FINDING OR CLUSTER,Reconstruction and Recoverability,"#604, #542, #1562",HIGH,RESTATEMENT. Parents #84 and #542 via #604.
1562,Spatial Ground Must Identify the Minimal Recovery Set,DUPLICATE / NEAR-DUPLICATE,MERGE INTO STRONGER FINDING OR CLUSTER,Reconstruction and Recoverability,"#1352, #775, #542",HIGH,RESTATEMENT. Parent #542 via #775 and #1352.
1563,Recovery Set Sufficiency Must Be Testable,CONFORMANCE / VALIDATION CANDIDATE,MOVE TO CONFORMANCE / VALIDATION,Testing and Adversarial Review,"#196, #1562, #1564",HIGH,FRAMEWORK MIRROR: carries #542 into testing; a clean environment rebuilds Ground from the declared minimal set alone.
1564,Recovery Set Minimality Must Be Testable,CONFORMANCE / VALIDATION CANDIDATE,MOVE TO CONFORMANCE / VALIDATION,Testing and Adversarial Review,"#140, #1563, #776",HIGH,FRAMEWORK MIRROR: carries the removal test (#140) into testing. New: minimality is demonstrated by removing each claimed essential and watching reconstruction fail.
1565,Spatial Ground Must Preserve Redundant Copies Outside the Minimal Set,DUPLICATE / NEAR-DUPLICATE,MERGE INTO STRONGER FINDING OR CLUSTER,Preservation and Archival Survival,"#206, #1367, #1566",HIGH,RESTATEMENT. Parent #206.
1566,Redundancy Must Not Obscure What Is Authoritative,DUPLICATE / NEAR-DUPLICATE,MERGE INTO STRONGER FINDING OR CLUSTER,Single Canonical Truth,"#1431, #800, #1565",HIGH,RESTATEMENT. Parent #8 via #800 and #1431: redundancy never blurs which artifacts are authoritative.
1567,Spatial Ground Must Support Recovery Drills,DUPLICATE / NEAR-DUPLICATE,MERGE INTO STRONGER FINDING OR CLUSTER,Testing and Adversarial Review,"#521, #196, #1568",HIGH,"INSTANCE. Parents #10 and #44 via #521: reconstruction drill without original runtime state. AUTHORITY GAP: ""before institutional establishment""."
1568,Recovery Drills Must Include Independent Implementers,DUPLICATE / NEAR-DUPLICATE,MERGE INTO STRONGER FINDING OR CLUSTER,Testing and Adversarial Review,"#645, #520, #1567",HIGH,RESTATEMENT. Parents #645 and #148 via #520. Bears on reserved #645: appears again as a pre-establishment exercise.
1569,Recovery Failure Is an Architectural Failure,DUPLICATE / NEAR-DUPLICATE,MERGE INTO STRONGER FINDING OR CLUSTER,Reconstruction and Recoverability,"#977, #524, #1563",HIGH,RESTATEMENT. Parent #524 via #977: failure to reconstruct faults the architecture. METHODOLOGICAL.
1570,Spatial Ground Must Support Deliberate Destruction Testing of Derived State,CONFORMANCE / VALIDATION CANDIDATE,MOVE TO CONFORMANCE / VALIDATION,Testing and Adversarial Review,"#534, #592, #1563",HIGH,FRAMEWORK MIRROR: carries #534 and #592 into testing; derived state is destroyed on purpose and regenerated.
1571,Spatial Ground Must Support Deliberate Toolchain Loss Testing,CONFORMANCE / VALIDATION CANDIDATE,MOVE TO CONFORMANCE / VALIDATION,Testing and Adversarial Review,"#146, #1386, #519",HIGH,FRAMEWORK MIRROR: carries #146 and #1386 into testing; assume every current tool is gone.
1572,Toolchain Loss Must Not Become Semantic Loss,DUPLICATE / NEAR-DUPLICATE,MERGE INTO STRONGER FINDING OR CLUSTER,Reconstruction and Recoverability,"#1386, #711, #1571",HIGH,RESTATEMENT. Parent #10 via #711 and #1386.
1573,Spatial Ground Must Support Deliberate Institutional Loss Testing,CONFORMANCE / VALIDATION CANDIDATE,MOVE TO CONFORMANCE / VALIDATION,Testing and Adversarial Review,"#147, #520, #1574",HIGH,FRAMEWORK MIRROR: carries #147 into testing; assume the original organizations are gone.
1574,Institutional Loss Must Not Become Canonical Loss,DUPLICATE / NEAR-DUPLICATE,MERGE INTO STRONGER FINDING OR CLUSTER,Preservation and Archival Survival,"#147, #1375, #999",HIGH,RESTATEMENT. Parent #147 via #1375.
1575,Spatial Ground Must Support Deliberate Network Loss Testing,CONFORMANCE / VALIDATION CANDIDATE,MOVE TO CONFORMANCE / VALIDATION,Testing and Adversarial Review,"#203, #986, #1576",HIGH,FRAMEWORK MIRROR: carries #83 (via #203) into testing; assume no network or hosted service.
1576,Network Loss Must Not Become Spatial Loss,DUPLICATE / NEAR-DUPLICATE,MERGE INTO STRONGER FINDING OR CLUSTER,Preservation and Archival Survival,"#1031, #203, #1575",HIGH,RESTATEMENT. Parent #83 via #203 and #1031.
1577,Spatial Ground Must Support Deliberate Format Loss Testing,CONFORMANCE / VALIDATION CANDIDATE,MOVE TO CONFORMANCE / VALIDATION,Testing and Adversarial Review,"#212, #607, #1578",HIGH,"FRAMEWORK MIRROR: carries #29 and #81 (via #212, #607) into testing; migrate away from a format before it becomes unreadable."
1578,Format Migration Must Preserve Formal Semantics,DUPLICATE / NEAR-DUPLICATE,MERGE INTO STRONGER FINDING OR CLUSTER,Testing and Adversarial Review,"#957, #211, #1577",HIGH,"RESTATEMENT. Parent #29 via #211 and #957: test spatial equivalence, not whether files open."
1579,Spatial Ground Must Support Deliberate Documentation Loss Testing,CONFORMANCE / VALIDATION CANDIDATE,MOVE TO CONFORMANCE / VALIDATION,Testing and Adversarial Review,"#399, #1464, #1580",HIGH,FRAMEWORK MIRROR: carries #399 into testing. New: checks that the normative core alone suffices when all explanatory material is lost.
1580,Explanatory Loss Must Not Break Canon,DUPLICATE / NEAR-DUPLICATE,MERGE INTO STRONGER FINDING OR CLUSTER,Preservation and Archival Survival,"#399, #409, #1532",HIGH,RESTATEMENT. Parents #399 and #409.
1581,Spatial Ground Must Support Deliberate Machine-Readable Loss Testing,CONFORMANCE / VALIDATION CANDIDATE,MOVE TO CONFORMANCE / VALIDATION,Testing and Adversarial Review,"#1369, #707, #1582",MEDIUM,New: custodians know how much of Ground is reconstructable from human-readable normative material if structured artifacts are lost. Bears on reserved #707/#708 without ranking the two forms.
1582,Machine-Readable Loss Should Be Recoverable Where Practical,DUPLICATE / NEAR-DUPLICATE,MERGE INTO STRONGER FINDING OR CLUSTER,Reconstruction and Recoverability,"#537, #1583, #1581",MEDIUM,"RESTATEMENT. Parents #58 and #10 via #537: structured artifacts derivable from the Specification are regenerable. Treats the Specification as the source of such artifacts, which leans on reserved #707/#708 without settling it."
1583,Spatial Ground Must Minimize Unique Irreplaceable Machine Artifacts,DUPLICATE / NEAR-DUPLICATE,MERGE INTO STRONGER FINDING OR CLUSTER,Minimality and Semantic Restraint,"#537, #1582, #538",HIGH,RESTATEMENT. Parent #58 via #537.
1584,Spatial Ground Must Minimize Unique Irreplaceable Human Interpretation,DUPLICATE / NEAR-DUPLICATE,MERGE INTO STRONGER FINDING OR CLUSTER,No Hidden State / Self-Containment,"#148, #526, #1586",HIGH,RESTATEMENT. Parent #27 via #148 and #526.
1585,Spatial Ground Must Be Reconstruction-Complete,DUPLICATE / NEAR-DUPLICATE,MERGE INTO STRONGER FINDING OR CLUSTER,Reconstruction and Recoverability,"#542, #1319, #1382",HIGH,"RESTATEMENT. Parents #10 and #542. CONSOLIDATION SURVIVOR: reconstruction needs exactly three things, the normative records, the canonical Ground definition and the inherited Survey specification; fuses #129, #542, #1319 and #1382. AUTHORITY: the third is FSF's."
1586,Spatial Ground Must Be Interpretation-Minimal,DUPLICATE / NEAR-DUPLICATE,MERGE INTO STRONGER FINDING OR CLUSTER,Finite Expressibility and Determinism,"#526, #1584, #376",HIGH,RESTATEMENT. Parent #526.
1587,Spatial Ground Must Be Institutionally Self-Contained in Meaning,DUPLICATE / NEAR-DUPLICATE,MERGE INTO STRONGER FINDING OR CLUSTER,Preservation and Archival Survival,"#1379, #1383, #459",HIGH,"RESTATEMENT. Parents #27 and #459 via the manifest of #1379-#1384. AUTHORITY: names both upstream dependencies, Survey mathematically and ""higher authorities"" constitutionally."
1588,Spatial Ground Must Preserve the Difference Between Dependency and Incompleteness,DERIVED CONSEQUENCE,MERGE INTO STRONGER FINDING OR CLUSTER,Survey Dependency / Downward Contract,"#12, #1319, #27",HIGH,"Root parents #12 and #27. CONSOLIDATION SURVIVOR: depending on the Survey Fabric for canonical mathematics is correct architecture; requiring undocumented external assumptions is incompleteness. AUTHORITY: FSF. Supports #12, #576 and #1320 against flagged #1276."
1589,Spatial Ground Must Preserve the Difference Between Minimality and Vagueness,DUPLICATE / NEAR-DUPLICATE,MERGE INTO STRONGER FINDING OR CLUSTER,Minimality and Semantic Restraint,"#280, #58, #1590",HIGH,RESTATEMENT. Parents #20 and #15 via #280.
1590,Spatial Ground Must Preserve the Difference Between Neutrality and Absence of Rules,DUPLICATE / NEAR-DUPLICATE,MERGE INTO STRONGER FINDING OR CLUSTER,Minimality and Semantic Restraint,"#280, #1589, #20",HIGH,RESTATEMENT. Parents #20 and #15 via #280.
1591,Spatial Ground Must Preserve the Difference Between Permanence and Rigidity of Implementation,DUPLICATE / NEAR-DUPLICATE,MERGE INTO STRONGER FINDING OR CLUSTER,Representation Independence,"#890, #447, #29",HIGH,RESTATEMENT. Parent #29 via #447 and #890.
1592,Spatial Ground Must Preserve the Difference Between Openness and Mutability,DERIVED CONSEQUENCE,MERGE INTO STRONGER FINDING OR CLUSTER,No Hidden State / Self-Containment,"#68, #4, #648",HIGH,Root parents #68 and #4. New distinction: open to inspection does not mean open to change.
1593,Spatial Ground Must Preserve the Difference Between Extensibility and Foundational Expansion,DUPLICATE / NEAR-DUPLICATE,MERGE INTO STRONGER FINDING OR CLUSTER,Minimality and Semantic Restraint,"#143, #1003, #422",HIGH,"RESTATEMENT. Parent #143, with #1003: capability grows above; Ground's responsibility does not. A scope-class statement; uses ""expansion"" in the sense of #1003."
1594,Spatial Ground Must Preserve the Difference Between Innovation and Re-Grounding,DUPLICATE / NEAR-DUPLICATE,MERGE INTO STRONGER FINDING OR CLUSTER,Minimality and Semantic Restraint,"#423, #143, #1593",HIGH,RESTATEMENT. Parent #143 via #423.
1595,Spatial Ground Must Preserve the Difference Between World Growth in Meaning and World Growth in Extent,DERIVED CONSEQUENCE,MERGE INTO STRONGER FINDING OR CLUSTER,Higher-Layer Independence,"#4, #93, #1596",HIGH,"Root parents #4 and #20. New distinction within change to The World: growth in meaning and content is not growth in extent. AUTHORITY: Extent is constitutional (#93, #475)."
1596,Spatial Ground Must Prevent Semantic Growth From Being Mistaken for Spatial Expansion,DUPLICATE / NEAR-DUPLICATE,MERGE INTO STRONGER FINDING OR CLUSTER,Higher-Layer Independence,"#1595, #33, #226",HIGH,RESTATEMENT. Parent #1595.
1597,Spatial Ground Must Prevent Spatial Expansion From Occurring Accidentally,DUPLICATE / NEAR-DUPLICATE,MERGE INTO STRONGER FINDING OR CLUSTER,Upward Handoff,"#56, #23, #1025",HIGH,RESTATEMENT. Parent #23 via #56: no higher-layer creation process extends World-space.
1598,Spatial Ground Must Make Spatial Expansion Detectable,DUPLICATE / NEAR-DUPLICATE,MERGE INTO STRONGER FINDING OR CLUSTER,Change Control and Permanence,"#1397, #1543, #856",HIGH,"INSTANCE. Parents #1396 and #398 via #1397: addition of World-space. FOUNDATIONAL AUTHORITY GAP: ""any genuine proposal to add World-space""."
1599,Spatial Ground Must Make Spatial Contraction Detectable,DUPLICATE / NEAR-DUPLICATE,MERGE INTO STRONGER FINDING OR CLUSTER,Change Control and Permanence,"#1397, #1543, #1598",HIGH,"INSTANCE. Parents #1396 and #398 via #1397: removal of World-space. FOUNDATIONAL AUTHORITY GAP: ""any genuine removal of established World-space""."
1600,Spatial Ground Must Preserve The World While Everything Within It Changes,DUPLICATE / NEAR-DUPLICATE,MERGE INTO STRONGER FINDING OR CLUSTER,Higher-Layer Independence,"#440, #1200, #143",HIGH,RESTATEMENT. Parent #4 via #440 and #1200.
1601,Spatial Ground Must Distinguish Canonical World-Space From Spatial Claims,DUPLICATE / NEAR-DUPLICATE,MERGE INTO STRONGER FINDING OR CLUSTER,Institutional Authority and Adoption,"#154, #503, #1602",HIGH,"INSTANCE. Parent #154 via #503: a claim that space belongs to The World is not canon. AUTHORITY GAP: ""the governing adoption and validation process"" is not identified."
1602,Claims Must Not Become Canon Through Repetition,DUPLICATE / NEAR-DUPLICATE,MERGE INTO STRONGER FINDING OR CLUSTER,Institutional Authority and Adoption,"#507, #662, #1601",HIGH,INSTANCE. Parents #154 and #8 via #507 and #662: repetition confers nothing.
1603,Spatial Ground Must Distinguish Evidence From Decision,DERIVED CONSEQUENCE,MERGE INTO STRONGER FINDING OR CLUSTER,Institutional Authority and Adoption,"#221, #503, #1605",MEDIUM,"Root parent #19 via #221, with #503. New distinction: evidence supports a decision to adopt or correct and is never itself the membership rule. Bears on reserved #661. AUTHORITY GAP: presumes a decider."
1604,Spatial Ground Must Distinguish Observation From Authority,DUPLICATE / NEAR-DUPLICATE,MERGE INTO STRONGER FINDING OR CLUSTER,Operational Non-Authority,"#19, #1603, #50",HIGH,"INSTANCE. Parent #19: an observed map, dataset or behavior may expose a discrepancy and defines nothing."
1605,Spatial Ground Must Support Evidence-Based Review,INSTITUTIONAL / GOVERNANCE CANDIDATE,MOVE TO GOVERNANCE / INSTITUTIONAL FRAMEWORK,Institutional Authority and Adoption,"#1603, #648, #1615",HIGH,"New: a challenge is reviewed against formal rules, canonical artifacts, provenance and conformance evidence before any conclusion. Lists four kinds of evidence and gives them no order; reserved #661 stays reserved."
1606,Spatial Ground Must Preserve Burden of Proof for Foundational Change,INSTITUTIONAL / GOVERNANCE CANDIDATE,MOVE TO GOVERNANCE / INSTITUTIONAL FRAMEWORK,Change Control and Permanence,"#424, #431, #1607",HIGH,"New: the burden of proof lies on a proposal to alter established World-space, never on existing Ground. Refines #424. FOUNDATIONAL AUTHORITY GAP."
1607,Spatial Ground Must Preserve a Strong Status Quo for Place,DUPLICATE / NEAR-DUPLICATE,MERGE INTO STRONGER FINDING OR CLUSTER,Change Control and Permanence,"#431, #4, #1606",HIGH,"RESTATEMENT. Parents #4 and #431. FOUNDATIONAL AUTHORITY GAP: ""extraordinary foundational necessity""."
1608,Spatial Ground Must Distinguish Reconsideration From Reopening,INSTITUTIONAL / GOVERNANCE CANDIDATE,MOVE TO GOVERNANCE / INSTITUTIONAL FRAMEWORK,Change Control and Permanence,"#431, #1609, #598",HIGH,New distinction on the change boundary: examining established Ground is not reopening its semantics for change.
1609,Spatial Ground Must Permit Audit Without Instability,DUPLICATE / NEAR-DUPLICATE,MERGE INTO STRONGER FINDING OR CLUSTER,Change Control and Permanence,"#1608, #598, #599",HIGH,RESTATEMENT. Parents #4 and #1608: review strengthens confidence without making place provisional.
1610,Spatial Ground Must Permit Challenge Without Forking Canon,DUPLICATE / NEAR-DUPLICATE,MERGE INTO STRONGER FINDING OR CLUSTER,Single Canonical Truth,"#676, #8, #1611",HIGH,INSTANCE. Parent #8 via #676: a dispute creates no parallel canonical World-space.
1611,Spatial Ground Must Preserve One Canon During Dispute,INSTITUTIONAL / GOVERNANCE CANDIDATE,MOVE TO GOVERNANCE / INSTITUTIONAL FRAMEWORK,Single Canonical Truth,"#8, #154, #1613",HIGH,"New precedence rule: until formally changed or corrected, the one established Ground remains canonical while alternatives are under review. CONSOLIDATION SURVIVOR: fuses #8, #154, #1610 and #1613. Bears on reserved #661 (established canon outranks pending proposals)."
1612,Spatial Ground Must Distinguish Candidate Correction From Adopted Correction,DERIVED CONSEQUENCE,MERGE INTO STRONGER FINDING OR CLUSTER,Institutional Authority and Adoption,"#154, #155, #1551",HIGH,"Root parent #154. New application: a correction also has candidate and adopted states; evidence of error changes nothing until the correction is adopted. AUTHORITY GAP: ""the governed process appropriate to foundational truth""."
1613,Spatial Ground Must Preserve Determinacy During Review,DUPLICATE / NEAR-DUPLICATE,MERGE INTO STRONGER FINDING OR CLUSTER,Exact Membership and Boundary Resolution,"#1611, #15, #1614",HIGH,RESTATEMENT. Parents #15 and #1611: queries keep resolving against established Ground during review.
1614,Spatial Ground Must Prevent Review State From Leaking Into Membership,DERIVED CONSEQUENCE,MERGE INTO STRONGER FINDING OR CLUSTER,Exact Membership and Boundary Resolution,"#1169, #1083, #155",HIGH,"Root parent #15 via #152. New failure mode: ""disputed"", ""under review"" or ""proposed"" hardening into membership categories. They are institutional states, as #1169 and #1083 said of mixed areas and operational responses."
1615,Spatial Ground Must Support Formal Issue Isolation,INSTITUTIONAL / GOVERNANCE CANDIDATE,MOVE TO GOVERNANCE / INSTITUTIONAL FRAMEWORK,Failure Semantics,"#1558, #1616, #1618",HIGH,"New: a suspected defect is localized to the smallest relevant rule, artifact, dependency or spatial consequence."
1616,Local Error Must Not Imply Global Failure Without Evidence,DERIVED CONSEQUENCE,MERGE INTO STRONGER FINDING OR CLUSTER,Failure Semantics,"#1615, #1183, #1617",HIGH,Parent #1615: a defect in one expression invalidates nothing unrelated unless a shared rule is affected.
1617,Shared-Rule Failure Must Trigger Global Impact Analysis,CONFORMANCE / VALIDATION CANDIDATE,MOVE TO CONFORMANCE / VALIDATION,Failure Semantics,"#1622, #1616, #121",HIGH,"New: where a shared rule is defective, every canonical result that depends on it can be determined."
1618,Spatial Ground Must Support Impact-Bounded Correction,INSTITUTIONAL / GOVERNANCE CANDIDATE,MOVE TO GOVERNANCE / INSTITUTIONAL FRAMEWORK,Change Control and Permanence,"#1551, #133, #1620",HIGH,New on the correction boundary: only the consequences actually proven erroneous are changed.
1619,Correction Scope Must Be Explicit,INSTITUTIONAL / GOVERNANCE CANDIDATE,MOVE TO GOVERNANCE / INSTITUTIONAL FRAMEWORK,Change Control and Permanence,"#1551, #395, #683",HIGH,"New: a correction record states what the defect touched: documentation, encoding, validation, implementation, or underlying canonical membership. CONSOLIDATION SURVIVOR: a five-way scope classification that the change lists of #395 and #683 lack. FOUNDATIONAL AUTHORITY GAP for its last class."
1620,Spatial Ground Must Prevent Over-Correction,DUPLICATE / NEAR-DUPLICATE,MERGE INTO STRONGER FINDING OR CLUSTER,Change Control and Permanence,"#135, #1618, #1560",HIGH,RESTATEMENT. Parent #135.
1621,Spatial Ground Must Prevent Under-Correction,INSTITUTIONAL / GOVERNANCE CANDIDATE,MOVE TO GOVERNANCE / INSTITUTIONAL FRAMEWORK,Change Control and Permanence,"#1620, #1553, #398",HIGH,"New failure mode, the mirror of #135: a proven foundational defect hidden behind documentation or implementation patches that leave the semantics wrong. FOUNDATIONAL AUTHORITY GAP."
1622,Spatial Ground Must Support Root-to-Consequence Traceability,DERIVED CONSEQUENCE,MERGE INTO STRONGER FINDING OR CLUSTER,Reconstruction and Recoverability,"#1435, #1617, #1623",HIGH,"Parent #1435. New direction: from a rule forward to every behavior that depends on it, which the impact analysis of #1617 needs."
1623,Spatial Ground Must Support Consequence-to-Root Traceability,DUPLICATE / NEAR-DUPLICATE,MERGE INTO STRONGER FINDING OR CLUSTER,Reconstruction and Recoverability,"#1435, #1436, #1622",HIGH,RESTATEMENT. Parent #1435: from a result back to its rule or datum.
1624,Spatial Ground Must Preserve Dependency Transparency,DUPLICATE / NEAR-DUPLICATE,MERGE INTO STRONGER FINDING OR CLUSTER,No Hidden State / Self-Containment,"#27, #356, #1626",HIGH,RESTATEMENT. Parent #27 via #356.
1625,Spatial Ground Must Make Hidden Dependencies Non-Conforming,CONFORMANCE / VALIDATION CANDIDATE,MOVE TO CONFORMANCE / VALIDATION,No Hidden State / Self-Containment,"#27, #1624, #86",HIGH,FRAMEWORK MIRROR: carries #27 into Conformance; an implementation needing undocumented dependencies is not fully conforming.
1626,Spatial Ground Must Support Dependency Enumeration,DUPLICATE / NEAR-DUPLICATE,MERGE INTO STRONGER FINDING OR CLUSTER,No Hidden State / Self-Containment,"#458, #1344, #1627",HIGH,RESTATEMENT. Parent #27 via #458 and #1344.
1627,Spatial Ground Must Support Dependency Classification,SPECIFICATION CANDIDATE,MOVE TO SPECIFICATION,Survey Dependency / Downward Contract,"#1319, #459, #1321",MEDIUM,"New: normative dependencies are classed as constitutional, Survey-derived, Ground-native or implementation-only. CONSOLIDATION SURVIVOR: the corpus's own version of this audit's AUTHORITY marker. Names ""Ground-native"" beside ""Survey-derived"", the distinction at issue in flagged #1276 and in #1321. AUTHORITY: constitutional sources and FSF."
1628,Spatial Ground Must Support Dependency Version Compatibility,DERIVED CONSEQUENCE,MERGE INTO STRONGER FINDING OR CLUSTER,Survey Dependency / Downward Contract,"#392, #1382, #12",HIGH,"Root parents #12 and #392. New: where Ground depends on a versioned lower specification, the compatible lineage it accepts is stated, never assumed. AUTHORITY: FSF defines what compatible means."
1629,Spatial Ground Must Prevent Dependency Drift,DERIVED CONSEQUENCE,MERGE INTO STRONGER FINDING OR CLUSTER,Survey Dependency / Downward Contract,"#357, #27, #1628",HIGH,Root parent #27 via #357. New failure mode: a lower-layer implementation upgrade silently changing Ground through altered mathematical or parsing behavior.
1630,"Spatial Ground Must Pin Meaning, Not Necessarily Software Version",DERIVED CONSEQUENCE,MERGE INTO STRONGER FINDING OR CLUSTER,Survey Dependency / Downward Contract,"#81, #1628, #1631",HIGH,"Root parents #81 and #12. New distinction: Ground pins lower-layer meaning, not a software release."
1631,Spatial Ground Must Support Compatible Dependency Replacement,DUPLICATE / NEAR-DUPLICATE,MERGE INTO STRONGER FINDING OR CLUSTER,Technology and Infrastructure Independence,"#1441, #239, #1630",HIGH,INSTANCE. Parent #81 via #239: a new Survey implementation with the same canonical semantics.
1632,Dependency Replacement Must Be Verifiable,CONFORMANCE / VALIDATION CANDIDATE,MOVE TO CONFORMANCE / VALIDATION,Survey Dependency / Downward Contract,"#1631, #1486, #192",HIGH,FRAMEWORK MIRROR: carries #12 into Conformance; a successor Survey implementation is shown to give Ground identical canonical behavior before it is relied on.
1633,Spatial Ground Must Reject Semantically Incompatible Dependency Substitution,DUPLICATE / NEAR-DUPLICATE,MERGE INTO STRONGER FINDING OR CLUSTER,Survey Dependency / Downward Contract,"#1629, #1277, #1632",HIGH,RESTATEMENT. Parents #12 and #1629: a compatible-looking interface is no guarantee of compatible meaning.
1634,Spatial Ground Must Preserve Semantic Dependency Contracts,DUPLICATE / NEAR-DUPLICATE,MERGE INTO STRONGER FINDING OR CLUSTER,Survey Dependency / Downward Contract,"#581, #1636, #12",HIGH,RESTATEMENT. Parent #12 via #581: the contract names the precise lower-layer truths consumed.
1635,Narrow Dependencies Increase Longevity,DUPLICATE / NEAR-DUPLICATE,MERGE INTO STRONGER FINDING OR CLUSTER,Minimality and Semantic Restraint,"#459, #1634, #58",HIGH,RESTATEMENT. Parent #58 via #459. METHODOLOGICAL rationale.
1636,Spatial Ground Must Avoid Accidental Dependency on Survey Internals,DERIVED CONSEQUENCE,MERGE INTO STRONGER FINDING OR CLUSTER,Survey Dependency / Downward Contract,"#1406, #12, #1637",HIGH,"Root parents #12 and #29. New: Ground depends on canonical Survey outputs and semantics, never on one implementation's internal structures. The downward twin of #1406."
1637,Spatial Ground Must Preserve Downward Encapsulation,DUPLICATE / NEAR-DUPLICATE,MERGE INTO STRONGER FINDING OR CLUSTER,Survey Dependency / Downward Contract,"#1636, #1638, #1407",HIGH,RESTATEMENT. Parent #1636.
1638,Spatial Ground Must Preserve Upward Encapsulation,DUPLICATE / NEAR-DUPLICATE,MERGE INTO STRONGER FINDING OR CLUSTER,Upward Handoff,"#1407, #1406, #1637",HIGH,RESTATEMENT. Parent #29 via #1406 and #1407.
1639,Spatial Ground Must Minimize Cross-Layer Coupling,DERIVED CONSEQUENCE,MERGE INTO STRONGER FINDING OR CLUSTER,Layer Boundaries,"#1636, #1406, #264",HIGH,Parents #1406 and #1636. AUTHORITY: cross-layer architecture. A change inside one layer's representation forces no coordinated change in the others.
1640,Spatial Ground Must Maximize Semantic Cohesion,DUPLICATE / NEAR-DUPLICATE,MERGE INTO STRONGER FINDING OR CLUSTER,Core World-Space Membership,"#90, #414, #1650",HIGH,RESTATEMENT. Parents #1 and #30 via #90 and #414.
1641,Low Cohesion Signals Layer Pollution,DUPLICATE / NEAR-DUPLICATE,MERGE INTO STRONGER FINDING OR CLUSTER,Minimality and Semantic Restraint,"#421, #268, #1640",HIGH,RESTATEMENT. Parent #421. METHODOLOGICAL diagnostic.
1642,High Coupling Signals Architectural Fragility,DUPLICATE / NEAR-DUPLICATE,MERGE INTO STRONGER FINDING OR CLUSTER,Change Control and Permanence,"#421, #1639, #1641",HIGH,RESTATEMENT. Parent #421. METHODOLOGICAL diagnostic.
1643,"Spatial Ground Must Be Replaceable in Implementation, Not Meaning",DUPLICATE / NEAR-DUPLICATE,MERGE INTO STRONGER FINDING OR CLUSTER,Representation Independence,"#447, #975, #1644",HIGH,RESTATEMENT. Parents #29 and #81 via #447 and #975.
1644,"Spatial Ground Must Be Stable in Meaning, Not in Code",DUPLICATE / NEAR-DUPLICATE,MERGE INTO STRONGER FINDING OR CLUSTER,Technology and Infrastructure Independence,"#146, #1643, #81",HIGH,RESTATEMENT. Parent #81 via #146.
1645,Spatial Ground Must Preserve Semantic Portability Across Computational Paradigms,DUPLICATE / NEAR-DUPLICATE,MERGE INTO STRONGER FINDING OR CLUSTER,Technology and Infrastructure Independence,"#239, #1017, #1647",HIGH,RESTATEMENT. Parent #81 via #239.
1646,Spatial Ground Must Preserve Meaning Without Assuming Today’s Data Models,DUPLICATE / NEAR-DUPLICATE,MERGE INTO STRONGER FINDING OR CLUSTER,Technology and Infrastructure Independence,"#81, #1645, #18",HIGH,"INSTANCE. Parent #81: tables, objects, documents, graphs, arrays."
1647,Spatial Ground Must Preserve Meaning Without Assuming Today’s Execution Models,DUPLICATE / NEAR-DUPLICATE,MERGE INTO STRONGER FINDING OR CLUSTER,Technology and Infrastructure Independence,"#81, #1645, #123",HIGH,"INSTANCE. Parent #81: client-server, cloud, distributed, agentic."
1648,Spatial Ground Must Preserve Meaning Without Assuming Today’s User Model,DUPLICATE / NEAR-DUPLICATE,MERGE INTO STRONGER FINDING OR CLUSTER,Layer Boundaries,"#340, #81, #27",HIGH,"INSTANCE. Parents #20 and #81 via #340: accounts, sessions, wallets, credentials."
1649,Spatial Ground Must Preserve Meaning Without Assuming Today’s Institutional Model,DUPLICATE / NEAR-DUPLICATE,MERGE INTO STRONGER FINDING OR CLUSTER,Preservation and Archival Survival,"#147, #980, #1686",HIGH,RESTATEMENT. Parent #147.
1650,Spatial Ground Must Reduce Everything Permanent to One Durable Question,DUPLICATE / NEAR-DUPLICATE,MERGE INTO STRONGER FINDING OR CLUSTER,Core World-Space Membership,"#1050, #1100, #412",HIGH,RESTATEMENT. Parents #1 and #15 via #1050 and #1100. Eighth one-sentence statement of the layer.
1651,Spatial Ground Must Distinguish Canonical Membership From Canonical Extent Description,DERIVED CONSEQUENCE,MERGE INTO STRONGER FINDING OR CLUSTER,Single Canonical Truth,"#8, #541, #93",HIGH,"Root parents #8 and #57: the exact membership set is primary and descriptions of its total scope are derived. AUTHORITY: World Extent is a constitutional term (#93, #475)."
1652,Extent Description Must Not Override Membership,DERIVED CONSEQUENCE,MERGE INTO STRONGER FINDING OR CLUSTER,Single Canonical Truth,"#1651, #541, #475",MEDIUM,"Parent #541. New precedence rule: a textual or numeric description of World Extent never supersedes the exact membership definition. Needs reading with #91, #93 and #475: if the ""description"" were the constitutional Extent itself, this would run against constitutional subordination."
1653,Spatial Ground Must Distinguish Spatial Scope From Spatial Form,DERIVED CONSEQUENCE,MERGE INTO STRONGER FINDING OR CLUSTER,Layer Boundaries,"#1207, #1209, #785",HIGH,Parents #25 and #58. New distinction: how much Survey space belongs to The World does not settle the geometry that expresses it. Bears on reserved #785.
1654,Spatial Ground Must Distinguish Spatial Form From Visual Form,DUPLICATE / NEAR-DUPLICATE,MERGE INTO STRONGER FINDING OR CLUSTER,Layer Boundaries,"#25, #1423, #51",HIGH,"RESTATEMENT. Parent #25 via #51 and #1423. Bears on reserved #785: the two forms ""may correspond closely"" and are distinct responsibilities."
1655,Spatial Ground Must Distinguish Visual Recognition From Foundational Identity,DUPLICATE / NEAR-DUPLICATE,MERGE INTO STRONGER FINDING OR CLUSTER,Operational Non-Authority,"#788, #785, #50",HIGH,"RESTATEMENT. Parent #19 via #788. Bears on reserved #785: grants the silhouette importance ""to experience and identity"" and keeps Ground identity exact beneath it."
1656,Spatial Ground Must Preserve World Identity Beneath Multiple Visualizations,DUPLICATE / NEAR-DUPLICATE,MERGE INTO STRONGER FINDING OR CLUSTER,Upward Handoff,"#786, #183, #1664",HIGH,RESTATEMENT. Parents #4 and #8 via #183 and #786.
1657,Spatial Ground Must Not Require One Canonical Rendering,DUPLICATE / NEAR-DUPLICATE,MERGE INTO STRONGER FINDING OR CLUSTER,Operational Non-Authority,"#50, #19, #1658",HIGH,INSTANCE. Parent #19 via #50: no image or projection is needed to determine Ground truth.
1658,"Canonical Rendering, If Ever Defined, Must Remain Derived",DERIVED CONSEQUENCE,MERGE INTO STRONGER FINDING OR CLUSTER,Operational Non-Authority,"#19, #1423, #1657",HIGH,"Root parent #19. New precedence rule: even a canonical visual representation, if one is ever defined, expresses Ground and is never its source. Bears on reserved #785."
1659,Spatial Ground Must Preserve Exactness Beneath Projection Distortion,DUPLICATE / NEAR-DUPLICATE,MERGE INTO STRONGER FINDING OR CLUSTER,Representation Independence,"#344, #49, #1664",HIGH,INSTANCE. Parents #29 and #19 via #344 and #49: distorting projections.
1660,Spatial Ground Must Preserve Exactness Beneath Globe Mapping,DUPLICATE / NEAR-DUPLICATE,MERGE INTO STRONGER FINDING OR CLUSTER,Operational Non-Authority,"#111, #102, #1662",HIGH,RESTATEMENT. Parent #19 via #111. AUTHORITY: the planar ground is FSF's.
1661,Spatial Ground Must Distinguish World-Space From Experience Surface,DUPLICATE / NEAR-DUPLICATE,MERGE INTO STRONGER FINDING OR CLUSTER,Operational Non-Authority,"#319, #50, #1660",HIGH,RESTATEMENT. Parent #19 via #319.
1662,Experience Curvature Must Not Imply Ground Curvature,DUPLICATE / NEAR-DUPLICATE,MERGE INTO STRONGER FINDING OR CLUSTER,Survey Dependency / Downward Contract,"#102, #111, #1660",HIGH,RESTATEMENT. Parent #12 via #102. AUTHORITY: FSF.
1663,Experience Seamlessness Must Not Imply Ground Transformation,DUPLICATE / NEAR-DUPLICATE,MERGE INTO STRONGER FINDING OR CLUSTER,Operational Non-Authority,"#833, #787, #1662",HIGH,INSTANCE. Parent #19 via #833: seamless immersion.
1664,Spatial Ground Must Preserve Projection Independence,DUPLICATE / NEAR-DUPLICATE,MERGE INTO STRONGER FINDING OR CLUSTER,Representation Independence,"#344, #110, #1659",HIGH,RESTATEMENT. Parents #29 and #4 via #344 and #110.
1665,Projection Parameters Must Not Become Ground Parameters,DUPLICATE / NEAR-DUPLICATE,MERGE INTO STRONGER FINDING OR CLUSTER,Higher-Layer Independence,"#110, #714, #437",HIGH,"INSTANCE. Parents #4 and #27 via #110 and #714: camera, lens, globe radius."
1666,Spatial Ground Must Preserve Presentation Reversibility Where Exact Mapping Is Claimed,DUPLICATE / NEAR-DUPLICATE,MERGE INTO STRONGER FINDING OR CLUSTER,Representation Independence,"#569, #48, #1670",HIGH,RESTATEMENT. Parent #48 via #569.
1667,Spatial Ground Must Distinguish Navigation Coordinates From Canonical Coordinates,DUPLICATE / NEAR-DUPLICATE,MERGE INTO STRONGER FINDING OR CLUSTER,Survey Dependency / Downward Contract,"#47, #343, #1668",HIGH,INSTANCE. Parent #12 via #47 and #343: navigation coordinates. AUTHORITY: canonical coordinates are FSF's.
1668,Navigation Coordinates Must Not Become Permanent Place Identity,DUPLICATE / NEAR-DUPLICATE,MERGE INTO STRONGER FINDING OR CLUSTER,Survey Dependency / Downward Contract,"#1667, #47, #73",HIGH,RESTATEMENT. Parent #1667.
1669,Spatial Ground Must Support Multiple Navigation Systems,DUPLICATE / NEAR-DUPLICATE,MERGE INTO STRONGER FINDING OR CLUSTER,Upward Handoff,"#182, #1667, #1416",HIGH,INSTANCE. Parent #8 via #182: several navigation systems over one Ground.
1670,Spatial Ground Must Preserve Exact Mapping From Navigation Back to Canon,DUPLICATE / NEAR-DUPLICATE,MERGE INTO STRONGER FINDING OR CLUSTER,Representation Independence,"#48, #1666, #1667",HIGH,RESTATEMENT. Parent #48.
1671,Spatial Ground Must Distinguish User Position From World Membership,DUPLICATE / NEAR-DUPLICATE,MERGE INTO STRONGER FINDING OR CLUSTER,Higher-Layer Independence,"#437, #27, #1672",HIGH,"INSTANCE. Parents #4 and #27 via #437: user position, avatar, viewport."
1672,Spatial Ground Must Distinguish Presence From Location,DUPLICATE / NEAR-DUPLICATE,MERGE INTO STRONGER FINDING OR CLUSTER,Higher-Layer Independence,"#33, #763, #1673",HIGH,RESTATEMENT. Parent #4 via #33 and #763.
1673,Spatial Ground Must Preserve Place When Occupants Move,DUPLICATE / NEAR-DUPLICATE,MERGE INTO STRONGER FINDING OR CLUSTER,Higher-Layer Independence,"#33, #1672, #72",HIGH,INSTANCE. Parent #4 via #33: occupants that move.
1674,Spatial Ground Must Preserve Place When Structures Change,DUPLICATE / NEAR-DUPLICATE,MERGE INTO STRONGER FINDING OR CLUSTER,Higher-Layer Independence,"#33, #39, #1675",HIGH,INSTANCE. Parent #4 via #33 and #39: structures built or demolished.
1675,Spatial Ground Must Preserve Place Through Terrain Revision,DUPLICATE / NEAR-DUPLICATE,MERGE INTO STRONGER FINDING OR CLUSTER,Interpretation Independence,"#53, #38, #1676",HIGH,INSTANCE. Parent #4 via #53: terrain revision.
1676,Spatial Ground Must Preserve Place Through Regional Revision,DUPLICATE / NEAR-DUPLICATE,MERGE INTO STRONGER FINDING OR CLUSTER,Interpretation Independence,"#186, #37, #1675",HIGH,"RESTATEMENT. Parent #4 via #186, which already lists creation, merger, renaming and retirement."
1677,Spatial Ground Must Preserve Place Through Parcel Revision,DUPLICATE / NEAR-DUPLICATE,MERGE INTO STRONGER FINDING OR CLUSTER,Parcel Independence,"#34, #752, #1676",HIGH,RESTATEMENT. Parent #6 via #34.
1678,Spatial Ground Must Preserve Place Through Rights Revision,DUPLICATE / NEAR-DUPLICATE,MERGE INTO STRONGER FINDING OR CLUSTER,Rights / Governance Independence,"#1027, #40, #1679",HIGH,RESTATEMENT. Parent #20 via #40 and #1027.
1679,Spatial Ground Must Preserve Place Through Governance Revision,DUPLICATE / NEAR-DUPLICATE,MERGE INTO STRONGER FINDING OR CLUSTER,Rights / Governance Independence,"#76, #1678, #1513",HIGH,RESTATEMENT. Parent #4 via #76.
1680,Spatial Ground Must Preserve Place Through Runtime Revision,DUPLICATE / NEAR-DUPLICATE,MERGE INTO STRONGER FINDING OR CLUSTER,Runtime Independence,"#41, #1024, #1681",HIGH,RESTATEMENT. Parent #4 via #41.
1681,Spatial Ground Must Preserve Place Through Experience Revision,DUPLICATE / NEAR-DUPLICATE,MERGE INTO STRONGER FINDING OR CLUSTER,Higher-Layer Independence,"#42, #1040, #1680",HIGH,"RESTATEMENT. Parent #4 via #42, nearly word for word."
1682,Spatial Ground Must Preserve Place Through Interoperability Revision,DUPLICATE / NEAR-DUPLICATE,MERGE INTO STRONGER FINDING OR CLUSTER,Operational Non-Authority,"#342, #344, #1516",HIGH,RESTATEMENT. Parent #19 via #342.
1683,Spatial Ground Must Preserve Place Through Archival Revision,DUPLICATE / NEAR-DUPLICATE,MERGE INTO STRONGER FINDING OR CLUSTER,Representation Independence,"#1362, #1360, #1684",HIGH,RESTATEMENT. Parent #29 via #1360 and #1362.
1684,Spatial Ground Must Preserve Place Through Documentation Revision,DUPLICATE / NEAR-DUPLICATE,MERGE INTO STRONGER FINDING OR CLUSTER,Representation Independence,"#996, #190, #1683",HIGH,RESTATEMENT. Parent #29 via #190 and #996.
1685,Spatial Ground Must Preserve Place Through Institutional Revision,DUPLICATE / NEAR-DUPLICATE,MERGE INTO STRONGER FINDING OR CLUSTER,Preservation and Archival Survival,"#982, #147, #1686",HIGH,RESTATEMENT. Parent #147 via #982; lists Atlas organization among things that may change around Ground.
1686,Spatial Ground Must Distinguish Architectural Stability From Institutional Stability,DUPLICATE / NEAR-DUPLICATE,MERGE INTO STRONGER FINDING OR CLUSTER,Preservation and Archival Survival,"#147, #1685, #1687",HIGH,RESTATEMENT. Parent #147.
1687,Spatial Ground Must Distinguish Canonical Continuity From Organizational Continuity,DUPLICATE / NEAR-DUPLICATE,MERGE INTO STRONGER FINDING OR CLUSTER,Operational Non-Authority,"#1391, #147, #1686",HIGH,RESTATEMENT. Parents #19 and #147 via #1391.
1688,Spatial Ground Must Preserve Canonical Place Across Institutional Generations,DUPLICATE / NEAR-DUPLICATE,MERGE INTO STRONGER FINDING OR CLUSTER,Preservation and Archival Survival,"#978, #979, #1689",HIGH,"RESTATEMENT. Parent #147 via #978. AUTHORITY GAP: speaks of ""the authority of the original Creator-period institution"", the adopting authority no Finding has yet identified."
1689,Spatial Ground Must Support Institutional Transfer Without Semantic Transfer Risk,DUPLICATE / NEAR-DUPLICATE,MERGE INTO STRONGER FINDING OR CLUSTER,Institutional Authority and Adoption,"#979, #451, #1690",HIGH,RESTATEMENT. Parents #147 and #451 via #979.
1690,Spatial Ground Must Preserve Custodial Neutrality,DUPLICATE / NEAR-DUPLICATE,MERGE INTO STRONGER FINDING OR CLUSTER,Institutional Authority and Adoption,"#451, #1689, #131",HIGH,RESTATEMENT. Parent #19 via #451.
1691,Spatial Ground Must Support Multiple Independent Preservation Paths,DUPLICATE / NEAR-DUPLICATE,MERGE INTO STRONGER FINDING OR CLUSTER,Preservation and Archival Survival,"#206, #1367, #1692",HIGH,RESTATEMENT. Parent #206.
1692,Independent Preservation Paths Must Converge Semantically,DUPLICATE / NEAR-DUPLICATE,MERGE INTO STRONGER FINDING OR CLUSTER,Single Canonical Truth,"#125, #1368, #1691",HIGH,RESTATEMENT. Parent #8 via #125.
1693,Spatial Ground Must Support Cross-Archive Verification,DUPLICATE / NEAR-DUPLICATE,MERGE INTO STRONGER FINDING OR CLUSTER,Canonical Equivalence,"#1396, #1497, #1694",HIGH,INSTANCE. Parents #65 and #1396: comparison between independent archives.
1694,"Archive Agreement Must Be Semantic, Not Merely Byte-Level",DUPLICATE / NEAR-DUPLICATE,MERGE INTO STRONGER FINDING OR CLUSTER,Canonical Equivalence,"#1540, #557, #1693",HIGH,"RESTATEMENT. Parents #65 and #29 via #1540. Bears on reserved #661 in the same limited way: agreement is judged on meaning, not bytes."
1695,Archive Disagreement Must Be Spatially Diagnosable,DUPLICATE / NEAR-DUPLICATE,MERGE INTO STRONGER FINDING OR CLUSTER,Canonical Equivalence,"#1297, #1558, #1693",HIGH,"INSTANCE. Parent #1297: a disagreement between archives is traced to rules, artifacts or affected Survey space. Gives a diagnosis, and no rule for which archive prevails; reserved #661 stays reserved."
1696,Spatial Ground Must Preserve Canonical Authority Through Archive Multiplicity,DUPLICATE / NEAR-DUPLICATE,MERGE INTO STRONGER FINDING OR CLUSTER,Single Canonical Truth,"#207, #8, #1692",HIGH,RESTATEMENT. Parent #8 via #207.
1697,Spatial Ground Must Support Survival Without a Primary Server,DUPLICATE / NEAR-DUPLICATE,MERGE INTO STRONGER FINDING OR CLUSTER,Preservation and Archival Survival,"#83, #123, #1698",HIGH,INSTANCE. Parent #83: no primary server.
1698,Spatial Ground Must Support Survival Without a Primary Repository,DUPLICATE / NEAR-DUPLICATE,MERGE INTO STRONGER FINDING OR CLUSTER,Preservation and Archival Survival,"#604, #984, #1697",HIGH,RESTATEMENT. Parent #84 via #604.
1699,Spatial Ground Must Support Survival Without a Primary Custodian,DUPLICATE / NEAR-DUPLICATE,MERGE INTO STRONGER FINDING OR CLUSTER,Preservation and Archival Survival,"#147, #1269, #1698",HIGH,RESTATEMENT. Parent #147.
1700,Spatial Ground Must Preserve Place Beyond Institutional Mortality,DUPLICATE / NEAR-DUPLICATE,MERGE INTO STRONGER FINDING OR CLUSTER,Preservation and Archival Survival,"#1375, #999, #147",HIGH,RESTATEMENT. Parents #147 and #27 via #999 and #1375.
1701,Spatial Ground Must Distinguish Institutional Survival From Semantic Survival,DUPLICATE / NEAR-DUPLICATE,MERGE INTO STRONGER FINDING OR CLUSTER,Preservation and Archival Survival,"#147, #1686, #1700",HIGH,RESTATEMENT. Parent #147.
1702,Spatial Ground Must Distinguish Archival Survival From Operational Survival,DERIVED CONSEQUENCE,MERGE INTO STRONGER FINDING OR CLUSTER,Preservation and Archival Survival,"#592, #1351, #1703",HIGH,Root parents #19 and #83 via #592. New distinction: archival survival and operational survival are separate resilience concerns; either can fail while the other holds.
1703,Spatial Ground Must Distinguish Operational Continuity From Canonical Continuity,DUPLICATE / NEAR-DUPLICATE,MERGE INTO STRONGER FINDING OR CLUSTER,Operational Non-Authority,"#1391, #1396, #1704",HIGH,INSTANCE. Parents #19 and #1396 via #1391: uninterrupted service proves nothing about unchanged semantics.
1704,Spatial Ground Must Distinguish Canonical Continuity From Availability History,DUPLICATE / NEAR-DUPLICATE,MERGE INTO STRONGER FINDING OR CLUSTER,Change Control and Permanence,"#600, #205, #1705",HIGH,RESTATEMENT. Parent #4 via #205 and #600.
1705,Spatial Ground Must Preserve Place Through Dormancy,DUPLICATE / NEAR-DUPLICATE,MERGE INTO STRONGER FINDING OR CLUSTER,Preservation and Archival Survival,"#994, #84, #1704",HIGH,RESTATEMENT. Parent #84 via #994.
1706,Spatial Ground Must Preserve Place Through Revival,DUPLICATE / NEAR-DUPLICATE,MERGE INTO STRONGER FINDING OR CLUSTER,Reconstruction and Recoverability,"#35, #56, #1388",HIGH,INSTANCE. Parents #4 and #54 via #35 and #56: a revival reconstructs established World-space and does not infer a new one from surviving higher-layer artifacts.
1707,"Revival Must Begin From Canonical Ground, Not Visual Memory",DUPLICATE / NEAR-DUPLICATE,MERGE INTO STRONGER FINDING OR CLUSTER,Operational Non-Authority,"#1393, #787, #1706",HIGH,INSTANCE. Parent #19 via #787 and #1393: screenshots and old maps. Consistent with the lean on reserved #785.
1708,"Revival Must Begin From Canonical Ground, Not Parcel Memory",DUPLICATE / NEAR-DUPLICATE,MERGE INTO STRONGER FINDING OR CLUSTER,Parcel Independence,"#1394, #826, #1706",HIGH,INSTANCE. Parents #6 and #19 via #826 and #1394: surviving Parcel records.
1709,"Revival Must Begin From Canonical Ground, Not Runtime Memory",DUPLICATE / NEAR-DUPLICATE,MERGE INTO STRONGER FINDING OR CLUSTER,Runtime Independence,"#44, #1267, #1706",HIGH,INSTANCE. Parent #44: historical runtime state.
1710,Revival Must Preserve Place Before Restoring Experience,DUPLICATE / NEAR-DUPLICATE,MERGE INTO STRONGER FINDING OR CLUSTER,Reconstruction and Recoverability,"#1711, #84, #1706",HIGH,RESTATEMENT. Parent #1711.
1711,Spatial Ground Must Define Recovery Order,PRESERVATION / RECONSTRUCTION CANDIDATE,MOVE TO PRESERVATION / RECONSTRUCTION,Reconstruction and Recoverability,"#84, #1585, #12",HIGH,"New: the recovery sequence is explicit: Survey reference, then Ground, then higher spatial systems. CONSOLIDATION SURVIVOR: the dependency order of #12 and #54 stated as a procedure. AUTHORITY: cross-layer; the first step is FSF's."
1712,Higher-Layer Recovery Must Not Precede Foundational Recovery Conceptually,DERIVED CONSEQUENCE,MERGE INTO STRONGER FINDING OR CLUSTER,Reconstruction and Recoverability,"#1711, #1456, #1713",HIGH,"Parent #1711. New nuance: the order is architectural, not operational; files may be restored in any order, and higher truth is not validated before the Ground it rests on."
1713,Spatial Ground Must Support Recovery Without Higher-Layer Artifacts,DUPLICATE / NEAR-DUPLICATE,MERGE INTO STRONGER FINDING OR CLUSTER,Higher-Layer Independence,"#1503, #34, #53",HIGH,RESTATEMENT. Parent #4 via #34 and #53.
1714,Spatial Ground Must Support Higher-Layer Recovery From Stable Place,DUPLICATE / NEAR-DUPLICATE,MERGE INTO STRONGER FINDING OR CLUSTER,Change Control and Permanence,"#1504, #331, #1715",HIGH,RESTATEMENT. Parent #4 via #331 and #1504.
1715,Spatial Ground Must Support Historical Consistency Checks After Recovery,DUPLICATE / NEAR-DUPLICATE,MERGE INTO STRONGER FINDING OR CLUSTER,Change Control and Permanence,"#1491, #73, #1714",HIGH,RESTATEMENT. Parent #4 via #73 and #1491.
1716,Spatial Ground Must Preserve Recovery Independence From Display Technology,DUPLICATE / NEAR-DUPLICATE,MERGE INTO STRONGER FINDING OR CLUSTER,Operational Non-Authority,"#1296, #517, #1707",HIGH,INSTANCE. Parent #19 via #517 and #1296: recovery is confirmed without rendering.
1717,Spatial Ground Must Preserve Recovery Independence From Human Memory,DUPLICATE / NEAR-DUPLICATE,MERGE INTO STRONGER FINDING OR CLUSTER,No Hidden State / Self-Containment,"#148, #999, #1718",HIGH,RESTATEMENT. Parent #27 via #148 and #999.
1718,Spatial Ground Must Preserve Recovery Independence From Organizational Memory,DUPLICATE / NEAR-DUPLICATE,MERGE INTO STRONGER FINDING OR CLUSTER,No Hidden State / Self-Containment,"#148, #1717, #1584",HIGH,RESTATEMENT. Parent #27 via #148.
1719,Spatial Ground Must Preserve Recovery Independence From Source-Code History,DUPLICATE / NEAR-DUPLICATE,MERGE INTO STRONGER FINDING OR CLUSTER,Historical Traceability,"#1290, #67, #1720",HIGH,"INSTANCE. Parents #27 and #67 via #1290: source-code history is archaeology, not a dependency."
1720,Spatial Ground Must Preserve Recovery Independence From Build History,DUPLICATE / NEAR-DUPLICATE,MERGE INTO STRONGER FINDING OR CLUSTER,Technology and Infrastructure Independence,"#519, #81, #1721",HIGH,INSTANCE. Parent #81 via #519: build pipelines and package registries.
1721,Spatial Ground Must Preserve Recovery Independence From Cloud State,DUPLICATE / NEAR-DUPLICATE,MERGE INTO STRONGER FINDING OR CLUSTER,Technology and Infrastructure Independence,"#123, #81, #1722",HIGH,INSTANCE. Parent #81 via #123: cloud snapshots and accounts.
1722,Spatial Ground Must Preserve Recovery Independence From Vendor Metadata,DUPLICATE / NEAR-DUPLICATE,MERGE INTO STRONGER FINDING OR CLUSTER,Technology and Infrastructure Independence,"#81, #1529, #1721",HIGH,INSTANCE. Parent #81: platform-specific metadata.
1723,Spatial Ground Must Preserve Recovery Independence From Account Ownership,DUPLICATE / NEAR-DUPLICATE,MERGE INTO STRONGER FINDING OR CLUSTER,Preservation and Archival Survival,"#983, #147, #1755",HIGH,INSTANCE. Parents #147 and #83 via #983: loss of account access.
1724,Spatial Ground Must Preserve Recovery Independence From Licensing,DUPLICATE / NEAR-DUPLICATE,MERGE INTO STRONGER FINDING OR CLUSTER,Technology and Infrastructure Independence,"#81, #1726, #1725",HIGH,"INSTANCE. Parent #81: software licensing, a new item in the list."
1725,Spatial Ground Must Preserve Recovery Independence From Subscription Services,DUPLICATE / NEAR-DUPLICATE,MERGE INTO STRONGER FINDING OR CLUSTER,Technology and Infrastructure Independence,"#81, #203, #1724",HIGH,INSTANCE. Parent #81 via #203: subscriptions and hosted APIs.
1726,Spatial Ground Must Preserve Recovery Independence From Proprietary File Readers,DUPLICATE / NEAR-DUPLICATE,MERGE INTO STRONGER FINDING OR CLUSTER,Preservation and Archival Survival,"#126, #212, #1724",HIGH,RESTATEMENT. Parent #126 via #212.
1727,Spatial Ground Must Preserve Recovery Independence From Proprietary Geometry Engines,DUPLICATE / NEAR-DUPLICATE,MERGE INTO STRONGER FINDING OR CLUSTER,No Hidden State / Self-Containment,"#356, #1319, #357",HIGH,"RESTATEMENT. Parent #27 via #356 and #1319: mathematics Ground needs is specified, so no vendor's geometry engine is ever a dependency. Places such engines in the implementation-only class of #1627."
1728,Spatial Ground Must Preserve Recovery Independence From Closed Algorithms,DUPLICATE / NEAR-DUPLICATE,MERGE INTO STRONGER FINDING OR CLUSTER,No Hidden State / Self-Containment,"#68, #357, #1727",HIGH,RESTATEMENT. Parents #27 and #68 via #357.
1729,Spatial Ground Must Preserve Recovery Independence From Secret Parameters,DUPLICATE / NEAR-DUPLICATE,MERGE INTO STRONGER FINDING OR CLUSTER,No Hidden State / Self-Containment,"#714, #27, #1772",HIGH,RESTATEMENT. Parent #27 via #714.
1730,Spatial Ground Must Preserve Recovery Independence From Security Secrets,DUPLICATE / NEAR-DUPLICATE,MERGE INTO STRONGER FINDING OR CLUSTER,Operational Non-Authority,"#668, #82, #1729",HIGH,RESTATEMENT. Parent #19 via #82 and #668.
1731,Spatial Ground Must Preserve Recovery Independence From Institutional Permission,DUPLICATE / NEAR-DUPLICATE,MERGE INTO STRONGER FINDING OR CLUSTER,Preservation and Archival Survival,"#147, #1375, #1732",HIGH,INSTANCE. Parent #147: no surviving authority is needed to grant access or explain.
1732,Spatial Ground Must Preserve Publicly Inspectable Semantics,DUPLICATE / NEAR-DUPLICATE,MERGE INTO STRONGER FINDING OR CLUSTER,No Hidden State / Self-Containment,"#68, #648, #1770",HIGH,RESTATEMENT. Parent #68 via #648.
1733,Spatial Ground Must Distinguish Open Semantics From Open Modification,DUPLICATE / NEAR-DUPLICATE,MERGE INTO STRONGER FINDING OR CLUSTER,No Hidden State / Self-Containment,"#1592, #68, #1735",HIGH,RESTATEMENT. Parent #1592.
1734,Spatial Ground Must Distinguish Reproducibility From Governance,DUPLICATE / NEAR-DUPLICATE,MERGE INTO STRONGER FINDING OR CLUSTER,Institutional Authority and Adoption,"#1592, #503, #1735",HIGH,"RESTATEMENT. Parents #26 and #503 via #1592: anyone may reproduce, only the governed process may change. AUTHORITY GAP: ""the governed institutional process""."
1735,Spatial Ground Must Distinguish Verification Rights From Change Rights,DERIVED CONSEQUENCE,MERGE INTO STRONGER FINDING OR CLUSTER,Institutional Authority and Adoption,"#1592, #1047, #1736",HIGH,"Parent #1592, with #1047. New distinction: the right to verify Ground is separate from any right to change it."
1736,Spatial Ground Must Support Adversarial Verification Without Granting Canonical Control,DUPLICATE / NEAR-DUPLICATE,MERGE INTO STRONGER FINDING OR CLUSTER,Testing and Adversarial Review,"#1735, #85, #647",HIGH,INSTANCE. Parents #85 and #1735: falsification attempts are welcome and confer no control.
1737,Spatial Ground Must Preserve Authority Without Requiring Trust in Authority,INSTITUTIONAL / GOVERNANCE CANDIDATE,MOVE TO GOVERNANCE / INSTITUTIONAL FRAMEWORK,Institutional Authority and Adoption,"#648, #1740, #503",HIGH,"New: institutional authority designates the canonical record, and the spatial behavior of that record stays verifiable from specification and evidence without trusting the designator. Bears on reserved #661. AUTHORITY GAP: ""institutional authority may designate""."
1738,Spatial Ground Must Minimize Trust Assumptions,DUPLICATE / NEAR-DUPLICATE,MERGE INTO STRONGER FINDING OR CLUSTER,No Hidden State / Self-Containment,"#648, #1739, #27",HIGH,RESTATEMENT. Parents #27 and #68 via #648: trust as little undocumented assertion as possible.
1739,Spatial Ground Must Prefer Verifiable Claims Over Institutional Assertions,DUPLICATE / NEAR-DUPLICATE,MERGE INTO STRONGER FINDING OR CLUSTER,No Hidden State / Self-Containment,"#648, #1738, #922",HIGH,RESTATEMENT. Parent #68 via #648. Bears on reserved #661: demonstration is preferred to reputation for any property that can be demonstrated.
1740,"Spatial Ground Must Preserve Institutional Authority for Adoption, Not Computation",INSTITUTIONAL / GOVERNANCE CANDIDATE,MOVE TO GOVERNANCE / INSTITUTIONAL FRAMEWORK,Institutional Authority and Adoption,"#503, #1737, #1741",HIGH,"New precedence structure: institutions decide which Ground definition is adopted; after adoption its meaning resolves through formal rules, never discretionary institutional interpretation. CONSOLIDATION SURVIVOR: fuses #503, #526, #648 and #1434. Bears on reserved #661. AUTHORITY GAP: ""institutions may determine"" names no institution."
1741,Spatial Ground Must Separate Governance Plane From Spatial Plane,DUPLICATE / NEAR-DUPLICATE,MERGE INTO STRONGER FINDING OR CLUSTER,Institutional Authority and Adoption,"#1740, #132, #1742",HIGH,"RESTATEMENT. Parent #1740, in new vocabulary: a governance plane and a spatial plane."
1742,Governance Events Must Not Become Membership Inputs,DUPLICATE / NEAR-DUPLICATE,MERGE INTO STRONGER FINDING OR CLUSTER,No Hidden State / Self-Containment,"#1345, #44, #132",HIGH,"INSTANCE. Parents #27 and #44 via #1345: votes, approvals and signatures are never inputs to membership resolution."
1743,Spatial Ground Must Preserve Canonical Meaning After Governance Silence,DUPLICATE / NEAR-DUPLICATE,MERGE INTO STRONGER FINDING OR CLUSTER,Change Control and Permanence,"#600, #1285, #1752",HIGH,RESTATEMENT. Parent #4 via #600 and #1285.
1744,Spatial Ground Must Preserve Canonical Meaning After Governance Succession,DUPLICATE / NEAR-DUPLICATE,MERGE INTO STRONGER FINDING OR CLUSTER,Institutional Authority and Adoption,"#978, #979, #1779",HIGH,"RESTATEMENT. Parent #147 via #978. FOUNDATIONAL AUTHORITY GAP: ""unless foundational change is explicitly undertaken""."
1745,Spatial Ground Must Preserve Canonical Meaning Against Governance Convenience,DUPLICATE / NEAR-DUPLICATE,MERGE INTO STRONGER FINDING OR CLUSTER,Rights / Governance Independence,"#132, #1048, #433",HIGH,RESTATEMENT. Parents #4 and #1048 via #132.
1746,Spatial Ground Must Preserve Place Against Institutional Centralization,DUPLICATE / NEAR-DUPLICATE,MERGE INTO STRONGER FINDING OR CLUSTER,Preservation and Archival Survival,"#1269, #147, #1699",HIGH,RESTATEMENT. Parent #147 via #1269.
1747,Spatial Ground Must Preserve Place Against Institutional Fragmentation,DUPLICATE / NEAR-DUPLICATE,MERGE INTO STRONGER FINDING OR CLUSTER,Single Canonical Truth,"#207, #1696, #1748",HIGH,RESTATEMENT. Parent #8 via #207.
1748,Spatial Ground Must Preserve One Canon Across Institutional Diversity,DUPLICATE / NEAR-DUPLICATE,MERGE INTO STRONGER FINDING OR CLUSTER,Single Canonical Truth,"#125, #1692, #1758",HIGH,RESTATEMENT. Parent #8 via #125.
1749,Spatial Ground Must Preserve One World Beyond Every Steward,DUPLICATE / NEAR-DUPLICATE,MERGE INTO STRONGER FINDING OR CLUSTER,Preservation and Archival Survival,"#451, #1700, #1750",HIGH,RESTATEMENT. Parents #147 and #451.
1750,Spatial Ground Must Make Stewardship Replaceable but Place Permanent,DUPLICATE / NEAR-DUPLICATE,MERGE INTO STRONGER FINDING OR CLUSTER,Preservation and Archival Survival,"#451, #1749, #999",HIGH,RESTATEMENT. Parents #147 and #451.
1751,Spatial Ground Must Distinguish Stewardship Continuity From Canonical Continuity,DUPLICATE / NEAR-DUPLICATE,MERGE INTO STRONGER FINDING OR CLUSTER,Operational Non-Authority,"#1391, #1687, #1396",HIGH,RESTATEMENT. Parents #19 and #1396 via #1391.
1752,Spatial Ground Must Preserve Place Through Stewardship Gaps,DUPLICATE / NEAR-DUPLICATE,MERGE INTO STRONGER FINDING OR CLUSTER,Change Control and Permanence,"#600, #1743, #1704",HIGH,RESTATEMENT. Parent #4 via #600.
1753,Spatial Ground Must Preserve Place Through Stewardship Dispute,DUPLICATE / NEAR-DUPLICATE,MERGE INTO STRONGER FINDING OR CLUSTER,Single Canonical Truth,"#1610, #983, #1754",HIGH,"INSTANCE. Parent #8 via #1610: rival claims of custodianship. FOUNDATIONAL AUTHORITY GAP: ""unless a formally governed foundational change has actually occurred""."
1754,Spatial Ground Must Distinguish Custodial Possession From Canonical Legitimacy,DUPLICATE / NEAR-DUPLICATE,MERGE INTO STRONGER FINDING OR CLUSTER,Institutional Authority and Adoption,"#451, #1047, #1755",HIGH,RESTATEMENT. Parent #19 via #451 and #1047: holding the files confers no authority to redefine what they represent. Bears on reserved #661 by exclusion.
1755,Spatial Ground Must Preserve Canonical Legitimacy Independently of Hosting Control,DUPLICATE / NEAR-DUPLICATE,MERGE INTO STRONGER FINDING OR CLUSTER,Institutional Authority and Adoption,"#984, #983, #1754",HIGH,RESTATEMENT. Parent #19 via #983 and #984. Bears on reserved #661 by exclusion: control of hosting decides nothing.
1756,Spatial Ground Must Preserve Place Through Institutional Renaming,DUPLICATE / NEAR-DUPLICATE,MERGE INTO STRONGER FINDING OR CLUSTER,Preservation and Archival Survival,"#982, #1685, #1757",HIGH,RESTATEMENT. Parent #147 via #982.
1757,Spatial Ground Must Preserve Place Through Stewardship Transfer,DUPLICATE / NEAR-DUPLICATE,MERGE INTO STRONGER FINDING OR CLUSTER,Institutional Authority and Adoption,"#979, #1689, #451",HIGH,RESTATEMENT. Parent #147 via #979.
1758,Spatial Ground Must Preserve Place Through Custodial Multiplicity,DUPLICATE / NEAR-DUPLICATE,MERGE INTO STRONGER FINDING OR CLUSTER,Single Canonical Truth,"#125, #1748, #207",HIGH,RESTATEMENT. Parent #8 via #125.
1759,Spatial Ground Must Distinguish Stewardship Diversity From Semantic Diversity,DUPLICATE / NEAR-DUPLICATE,MERGE INTO STRONGER FINDING OR CLUSTER,Single Canonical Truth,"#125, #1758, #972",HIGH,RESTATEMENT. Parent #8 via #125.
1760,Spatial Ground Must Support Custodial Cross-Verification,DUPLICATE / NEAR-DUPLICATE,MERGE INTO STRONGER FINDING OR CLUSTER,Canonical Equivalence,"#1693, #1396, #1761",HIGH,RESTATEMENT. Parent #1396 via #1693.
1761,Spatial Ground Must Make Custodial Divergence Detectable,DUPLICATE / NEAR-DUPLICATE,MERGE INTO STRONGER FINDING OR CLUSTER,Canonical Equivalence,"#1695, #1397, #1760",HIGH,RESTATEMENT. Parents #1297 and #1396 via #1397 and #1695.
1762,Spatial Ground Must Make Custodial Divergence Resolvable,DUPLICATE / NEAR-DUPLICATE,MERGE INTO STRONGER FINDING OR CLUSTER,Institutional Authority and Adoption,"#661, #662, #1761",HIGH,"RESTATEMENT. Parent #661, joined with #662. Names the same four criteria in a different order (normative authority, provenance, integrity evidence, semantic validation), so list order is not precedence; adds ""convenience"" to what may not decide. Reserved #661 stays reserved."
1763,Spatial Ground Must Preserve Canonical Meaning Across Jurisdictions,DUPLICATE / NEAR-DUPLICATE,MERGE INTO STRONGER FINDING OR CLUSTER,Rights / Governance Independence,"#76, #31, #1764",HIGH,INSTANCE. Parents #4 and #29 via #76: hosting in different legal jurisdictions.
1764,Spatial Ground Must Remain Legally Portable,DUPLICATE / NEAR-DUPLICATE,MERGE INTO STRONGER FINDING OR CLUSTER,Rights / Governance Independence,"#1763, #210, #76",HIGH,INSTANCE. Parents #29 and #4 via #210: semantics portable across jurisdictions.
1765,Legal Status Must Not Become Spatial Status,DUPLICATE / NEAR-DUPLICATE,MERGE INTO STRONGER FINDING OR CLUSTER,Rights / Governance Independence,"#76, #1763, #131",HIGH,INSTANCE. Parent #4 via #76: legal status of a custodian or archive.
1766,Spatial Ground Must Distinguish Regulatory Constraint From Ground Semantics,DUPLICATE / NEAR-DUPLICATE,MERGE INTO STRONGER FINDING OR CLUSTER,Rights / Governance Independence,"#76, #20, #1767",HIGH,INSTANCE. Parents #4 and #20 via #76: regulatory restriction on operations.
1767,Spatial Ground Must Preserve Place Through Policy Change,DUPLICATE / NEAR-DUPLICATE,MERGE INTO STRONGER FINDING OR CLUSTER,Rights / Governance Independence,"#76, #132, #1766",HIGH,RESTATEMENT. Parent #4 via #76.
1768,Spatial Ground Must Preserve Place Through Access Restriction,DUPLICATE / NEAR-DUPLICATE,MERGE INTO STRONGER FINDING OR CLUSTER,Interpretation Independence,"#309, #1774, #1769",HIGH,RESTATEMENT. Parent #20 via #309.
1769,Spatial Ground Must Preserve Place Through Publication Restriction,DUPLICATE / NEAR-DUPLICATE,MERGE INTO STRONGER FINDING OR CLUSTER,Operational Non-Authority,"#309, #131, #1768",HIGH,INSTANCE. Parents #19 and #4: access policy on published materials.
1770,Spatial Ground Must Prefer Broad Verifiability for Foundational Semantics,DUPLICATE / NEAR-DUPLICATE,MERGE INTO STRONGER FINDING OR CLUSTER,No Hidden State / Self-Containment,"#68, #1732, #648",HIGH,RESTATEMENT. Parent #68.
1771,Spatial Ground Must Distinguish Privacy From Spatial Secrecy,DERIVED CONSEQUENCE,MERGE INTO STRONGER FINDING OR CLUSTER,No Hidden State / Self-Containment,"#27, #20, #1773",HIGH,Root parents #27 and #20. New distinction: private higher-layer information may reference place; the existence and identity of World-space never rest on secret data.
1772,Spatial Ground Must Avoid Secret Geography,DUPLICATE / NEAR-DUPLICATE,MERGE INTO STRONGER FINDING OR CLUSTER,No Hidden State / Self-Containment,"#27, #1729, #1771",HIGH,"RESTATEMENT. Parent #27: no ""secret geography""."
1773,Spatial Ground Must Distinguish Hidden Content From Hidden Ground,DUPLICATE / NEAR-DUPLICATE,MERGE INTO STRONGER FINDING OR CLUSTER,Interpretation Independence,"#309, #1771, #1768",HIGH,INSTANCE. Parent #20 via #309: concealed content over unconcealed Ground.
1774,Spatial Ground Must Preserve Canonical Membership Independent of Authorization,DUPLICATE / NEAR-DUPLICATE,MERGE INTO STRONGER FINDING OR CLUSTER,Interpretation Independence,"#309, #1157, #1775",HIGH,RESTATEMENT. Parent #20 via #309.
1775,Spatial Ground Must Preserve Canonical Membership Independent of Authentication,DUPLICATE / NEAR-DUPLICATE,MERGE INTO STRONGER FINDING OR CLUSTER,Layer Boundaries,"#340, #437, #1776",HIGH,"INSTANCE. Parents #20 and #27 via #340 and #437: authenticated, anonymous or absent."
1776,Spatial Ground Must Preserve Canonical Membership Independent of Identity Resolution,DUPLICATE / NEAR-DUPLICATE,MERGE INTO STRONGER FINDING OR CLUSTER,Layer Boundaries,"#340, #1775, #1514",HIGH,INSTANCE. Parent #20 via #340.
1777,Spatial Ground Must Preserve Place Through Identity-System Replacement,DUPLICATE / NEAR-DUPLICATE,MERGE INTO STRONGER FINDING OR CLUSTER,Layer Boundaries,"#340, #1648, #1778",HIGH,INSTANCE. Parents #4 and #20 via #340: replacement of identity architecture.
1778,Spatial Ground Must Preserve Place Through Rights-System Replacement,DUPLICATE / NEAR-DUPLICATE,MERGE INTO STRONGER FINDING OR CLUSTER,Rights / Governance Independence,"#1678, #40, #1027",HIGH,RESTATEMENT. Parent #20 via #40 and #1678.
1779,Spatial Ground Must Preserve Place Through Governance-System Replacement,DUPLICATE / NEAR-DUPLICATE,MERGE INTO STRONGER FINDING OR CLUSTER,Rights / Governance Independence,"#1679, #76, #1744",HIGH,"RESTATEMENT. Parent #4 via #76 and #1679. FOUNDATIONAL AUTHORITY GAP: ""unless an explicit foundational act says otherwise""."
1780,Spatial Ground Must Preserve Place Through Economic-System Replacement,DUPLICATE / NEAR-DUPLICATE,MERGE INTO STRONGER FINDING OR CLUSTER,Interpretation Independence,"#313, #1512, #1284",HIGH,RESTATEMENT. Parent #20 via #313.
1781,Spatial Ground Must Preserve Place Through Social-System Replacement,DUPLICATE / NEAR-DUPLICATE,MERGE INTO STRONGER FINDING OR CLUSTER,Higher-Layer Independence,"#4, #39, #1782",HIGH,INSTANCE. Parent #4: social systems and communities.
1782,Spatial Ground Must Preserve Place Through Cultural-System Replacement,DUPLICATE / NEAR-DUPLICATE,MERGE INTO STRONGER FINDING OR CLUSTER,Interpretation Independence,"#314, #1511, #1037",HIGH,RESTATEMENT. Parent #20 via #314.
1783,Spatial Ground Must Preserve Place Through Symbolic Reinterpretation,DUPLICATE / NEAR-DUPLICATE,MERGE INTO STRONGER FINDING OR CLUSTER,Interpretation Independence,"#4, #1038, #1784",HIGH,INSTANCE. Parent #4: symbols.
1784,Spatial Ground Must Preserve Place Through Narrative Reinterpretation,DUPLICATE / NEAR-DUPLICATE,MERGE INTO STRONGER FINDING OR CLUSTER,Interpretation Independence,"#1051, #1395, #1783",HIGH,INSTANCE. Parent #4 via #1051: stories told about The World.
1785,Spatial Ground Must Preserve Place Through Aesthetic Reinterpretation,DUPLICATE / NEAR-DUPLICATE,MERGE INTO STRONGER FINDING OR CLUSTER,Higher-Layer Independence,"#42, #1655, #787",HIGH,INSTANCE. Parent #4 via #42: visual style. Consistent with the lean on reserved #785.
1786,Spatial Ground Must Preserve Place Through Functional Reinterpretation,DUPLICATE / NEAR-DUPLICATE,MERGE INTO STRONGER FINDING OR CLUSTER,Interpretation Independence,"#20, #1793, #39",HIGH,INSTANCE. Parents #4 and #20: uses of World-space.
1787,Spatial Ground Must Preserve Place Through Technological Reinterpretation,DUPLICATE / NEAR-DUPLICATE,MERGE INTO STRONGER FINDING OR CLUSTER,Technology and Infrastructure Independence,"#81, #1645, #1788",HIGH,INSTANCE. Parent #81: new ways of interacting.
1788,Spatial Ground Must Preserve Place Through Scientific Reinterpretation,DUPLICATE / NEAR-DUPLICATE,MERGE INTO STRONGER FINDING OR CLUSTER,Higher-Layer Independence,"#1791, #1510, #57",HIGH,INSTANCE. Parent #1791: new analytical frameworks.
1789,Spatial Ground Must Preserve Place Through Cartographic Reinterpretation,DUPLICATE / NEAR-DUPLICATE,MERGE INTO STRONGER FINDING OR CLUSTER,Representation Independence,"#344, #1659, #50",HIGH,INSTANCE. Parent #29 via #344: mapping conventions.
1790,Spatial Ground Must Preserve Place Through Coordinate Presentation Change,DUPLICATE / NEAR-DUPLICATE,MERGE INTO STRONGER FINDING OR CLUSTER,Survey Dependency / Downward Contract,"#1667, #47, #1789",HIGH,RESTATEMENT. Parent #12 via #47 and #1667. AUTHORITY: canonical Survey reference is FSF's.
1791,Spatial Ground Must Distinguish Spatial Discovery From Spatial Creation,DERIVED CONSEQUENCE,MERGE INTO STRONGER FINDING OR CLUSTER,Higher-Layer Independence,"#4, #57, #1792",HIGH,Root parents #4 and #57. New distinction: a higher system discovering a fact about established World-space has not created the place.
1792,Spatial Ground Must Distinguish Spatial Description From Spatial Constitution,DUPLICATE / NEAR-DUPLICATE,MERGE INTO STRONGER FINDING OR CLUSTER,Higher-Layer Independence,"#1200, #283, #1791",HIGH,RESTATEMENT. Parent #4 via #283 and #1200: describing World-space does not constitute it. Supports the narrow reading of #1652 (descriptions are derived) and does not address a constitutional statement of Extent.
1793,Spatial Ground Must Distinguish Spatial Use From Spatial Existence,DUPLICATE / NEAR-DUPLICATE,MERGE INTO STRONGER FINDING OR CLUSTER,Higher-Layer Independence,"#32, #226, #1794",HIGH,RESTATEMENT. Parent #4 via #32 and #226.
1794,Spatial Ground Must Distinguish Spatial Value From Spatial Existence,DUPLICATE / NEAR-DUPLICATE,MERGE INTO STRONGER FINDING OR CLUSTER,Interpretation Independence,"#313, #1793, #1795",HIGH,INSTANCE. Parent #20 via #313: value.
1795,Spatial Ground Must Distinguish Spatial Importance From Spatial Existence,DUPLICATE / NEAR-DUPLICATE,MERGE INTO STRONGER FINDING OR CLUSTER,Higher-Layer Independence,"#33, #1128, #1794",HIGH,INSTANCE. Parent #4 via #33: importance or neglect.
1796,Spatial Ground Must Distinguish Spatial Representation From Spatial Reality Within BitPangea,DUPLICATE / NEAR-DUPLICATE,MERGE INTO STRONGER FINDING OR CLUSTER,Operational Non-Authority,"#19, #50, #1797",HIGH,"RESTATEMENT. Parent #19; calls Ground ""the authoritative spatial reality"" of BitPangea."
1797,Spatial Ground Must Preserve One Foundational Spatial Reality,DUPLICATE / NEAR-DUPLICATE,MERGE INTO STRONGER FINDING OR CLUSTER,Single Canonical Truth,"#8, #21, #1798",HIGH,RESTATEMENT. Parents #8 and #21.
1798,Higher Plurality Must Depend on Foundational Singularity,DUPLICATE / NEAR-DUPLICATE,MERGE INTO STRONGER FINDING OR CLUSTER,Upward Handoff,"#185, #182, #1797",HIGH,RESTATEMENT. Parent #8 via #182 and #185: plurality above rests on singularity below.
1799,Spatial Ground Must Make Shared Place Possible,DUPLICATE / NEAR-DUPLICATE,MERGE INTO STRONGER FINDING OR CLUSTER,Core World-Space Membership,"#142, #412, #73",HIGH,RESTATEMENT. Parents #8 and #4 via #73 and #142. CONSOLIDATION SURVIVOR: the purpose of Ground is that independent systems referring to the same place are in fact referring to the same place.
1800,Spatial Ground Must Preserve Common Spatial Reality Across Generations,DUPLICATE / NEAR-DUPLICATE,MERGE INTO STRONGER FINDING OR CLUSTER,Change Control and Permanence,"#1499, #999, #1799",HIGH,RESTATEMENT. Parent #4 via #73 and #1499.
1801,Spatial Ground Must Distinguish Shared Reality From Shared Interpretation,DUPLICATE / NEAR-DUPLICATE,MERGE INTO STRONGER FINDING OR CLUSTER,Upward Handoff,"#183, #1799, #1802",HIGH,RESTATEMENT. Parent #8 via #183.
1802,Spatial Ground Must Preserve Common Reference Beneath Disagreement,DUPLICATE / NEAR-DUPLICATE,MERGE INTO STRONGER FINDING OR CLUSTER,Upward Handoff,"#184, #1799, #1801",HIGH,RESTATEMENT. Parents #4 and #8 via #184.
1803,Spatial Ground Must Enable Cross-System Spatial Reconciliation,DUPLICATE / NEAR-DUPLICATE,MERGE INTO STRONGER FINDING OR CLUSTER,Canonical Equivalence,"#1799, #1810, #1497",HIGH,RESTATEMENT. Parents #8 and #1810: systems that disagree can still settle whether they mean the same place.
1804,Spatial Ground Must Enable Cross-Temporal Spatial Reconciliation,DUPLICATE / NEAR-DUPLICATE,MERGE INTO STRONGER FINDING OR CLUSTER,Canonical Equivalence,"#1497, #1495, #1803",HIGH,RESTATEMENT. Parent #4 via #73 and #1497.
1805,Spatial Ground Must Enable Cross-Institutional Spatial Reconciliation,DUPLICATE / NEAR-DUPLICATE,MERGE INTO STRONGER FINDING OR CLUSTER,Canonical Equivalence,"#1803, #26, #1760",HIGH,INSTANCE. Parents #26 and #1810: across institutions with different software and governance.
1806,Spatial Ground Must Enable Cross-Representation Spatial Reconciliation,DUPLICATE / NEAR-DUPLICATE,MERGE INTO STRONGER FINDING OR CLUSTER,Representation Independence,"#48, #1666, #1670",HIGH,RESTATEMENT. Parent #48.
1807,Spatial Ground Must Make Spatial Disagreement Explicit,DUPLICATE / NEAR-DUPLICATE,MERGE INTO STRONGER FINDING OR CLUSTER,Canonical Equivalence,"#1810, #1397, #1808",HIGH,INSTANCE. Parent #1810: a genuine difference of place is detectable under similar labels or visuals.
1808,Spatial Ground Must Prevent False Place Equivalence,DUPLICATE / NEAR-DUPLICATE,MERGE INTO STRONGER FINDING OR CLUSTER,Canonical Equivalence,"#1107, #1810, #1812",HIGH,"RESTATEMENT. Parents #15 and #1105 via #1107; adds nearness, likeness, shared name and shared entity to the causes of false equivalence."
1809,Spatial Ground Must Prevent False Place Distinction,DUPLICATE / NEAR-DUPLICATE,MERGE INTO STRONGER FINDING OR CLUSTER,Canonical Equivalence,"#1108, #216, #1810",HIGH,RESTATEMENT. Parent #216 via #1108.
1810,Spatial Ground Must Preserve Canonical Place Equality,DERIVED CONSEQUENCE,MERGE INTO STRONGER FINDING OR CLUSTER,Canonical Equivalence,"#1105, #65, #1811",HIGH,Root parents #12 and #15 via #1105. New as a stated property: whether two valid references denote the same canonical place is exactly determinable. AUTHORITY: equality of Survey references is FSF's. Local parent of #1807 and #1811-#1818.
1811,Spatial Ground Must Preserve Canonical Place Inequality,DUPLICATE / NEAR-DUPLICATE,MERGE INTO STRONGER FINDING OR CLUSTER,Canonical Equivalence,"#1810, #1808, #1812",HIGH,"RESTATEMENT. Parent #1810, from the side of inequality."
1812,Spatial Ground Must Distinguish Equality From Proximity,DUPLICATE / NEAR-DUPLICATE,MERGE INTO STRONGER FINDING OR CLUSTER,Canonical Equivalence,"#1810, #62, #1813",HIGH,INSTANCE. Parents #15 and #1810: very close is not the same.
1813,Spatial Ground Must Distinguish Equality From Adjacency,DUPLICATE / NEAR-DUPLICATE,MERGE INTO STRONGER FINDING OR CLUSTER,Canonical Equivalence,"#1810, #1812, #825",HIGH,INSTANCE. Parent #1810: adjacent is not the same.
1814,Spatial Ground Must Distinguish Equality From Overlap,DUPLICATE / NEAR-DUPLICATE,MERGE INTO STRONGER FINDING OR CLUSTER,Canonical Equivalence,"#1810, #1112, #1815",HIGH,INSTANCE. Parents #1111 and #1810: overlapping extents are not identical extents.
1815,Spatial Ground Must Distinguish Equality From Containment,DUPLICATE / NEAR-DUPLICATE,MERGE INTO STRONGER FINDING OR CLUSTER,Canonical Equivalence,"#1810, #1814, #1112",HIGH,INSTANCE. Parents #1111 and #1810: containment is not identity.
1816,Spatial Ground Must Distinguish Equality From Common Ownership,DUPLICATE / NEAR-DUPLICATE,MERGE INTO STRONGER FINDING OR CLUSTER,Rights / Governance Independence,"#1810, #40, #1817",HIGH,INSTANCE. Parents #20 and #1810: a shared owner does not merge places.
1817,Spatial Ground Must Distinguish Equality From Common Naming,DUPLICATE / NEAR-DUPLICATE,MERGE INTO STRONGER FINDING OR CLUSTER,Interpretation Independence,"#74, #1810, #1867",HIGH,INSTANCE. Parent #4 via #74: a shared name does not merge places.
1818,Spatial Ground Must Distinguish Equality From Common Function,DUPLICATE / NEAR-DUPLICATE,MERGE INTO STRONGER FINDING OR CLUSTER,Interpretation Independence,"#1810, #20, #1819",HIGH,INSTANCE. Parents #20 and #1810: a shared function does not merge places.
1819,Spatial Ground Must Preserve Spatial Identity Independently of Semantic Identity,DUPLICATE / NEAR-DUPLICATE,MERGE INTO STRONGER FINDING OR CLUSTER,Higher-Layer Independence,"#33, #1821, #1820",HIGH,RESTATEMENT. Parent #4 via #33.
1820,Spatial Ground Must Preserve Semantic Identity Independently of Spatial Identity,DUPLICATE / NEAR-DUPLICATE,MERGE INTO STRONGER FINDING OR CLUSTER,Higher-Layer Independence,"#33, #72, #1822",HIGH,"INSTANCE. Parent #4 via #33: an entity may move and stay itself, if higher architecture allows."
1821,Spatial Ground Must Distinguish Place Identity From Entity Identity,DUPLICATE / NEAR-DUPLICATE,MERGE INTO STRONGER FINDING OR CLUSTER,Higher-Layer Independence,"#33, #1672, #763",HIGH,RESTATEMENT. Parent #4 via #33.
1822,Spatial Ground Must Preserve Place When Entities Move,DUPLICATE / NEAR-DUPLICATE,MERGE INTO STRONGER FINDING OR CLUSTER,Higher-Layer Independence,"#1673, #33, #1820",HIGH,RESTATEMENT. Parent #4 via #33 and #1673.
1823,Spatial Ground Must Preserve Place When Entities Merge,DUPLICATE / NEAR-DUPLICATE,MERGE INTO STRONGER FINDING OR CLUSTER,Higher-Layer Independence,"#33, #186, #1824",HIGH,INSTANCE. Parent #4 via #33: entities merge.
1824,Spatial Ground Must Preserve Place When Entities Split,DUPLICATE / NEAR-DUPLICATE,MERGE INTO STRONGER FINDING OR CLUSTER,Higher-Layer Independence,"#33, #1131, #1823",HIGH,INSTANCE. Parent #4 via #33: entities split.
1825,Spatial Ground Must Preserve Place When Entities Cease to Exist,DUPLICATE / NEAR-DUPLICATE,MERGE INTO STRONGER FINDING OR CLUSTER,Higher-Layer Independence,"#33, #1506, #1827",HIGH,RESTATEMENT. Parent #4 via #33.
1826,Spatial Ground Must Preserve Place Before Entity Creation,DUPLICATE / NEAR-DUPLICATE,MERGE INTO STRONGER FINDING OR CLUSTER,Higher-Layer Independence,"#32, #4, #1199",HIGH,RESTATEMENT. Parent #4 via #32: place exists before anything is associated with it.
1827,Spatial Ground Must Preserve Place After Entity Destruction,DUPLICATE / NEAR-DUPLICATE,MERGE INTO STRONGER FINDING OR CLUSTER,Higher-Layer Independence,"#1825, #33, #1674",HIGH,RESTATEMENT. Parent #4 via #33.
1828,Spatial Ground Must Distinguish Spatial Persistence From Object Persistence,DUPLICATE / NEAR-DUPLICATE,MERGE INTO STRONGER FINDING OR CLUSTER,Higher-Layer Independence,"#33, #1821, #1506",HIGH,RESTATEMENT. Parent #4 via #33.
1829,Spatial Ground Must Distinguish Spatial Identity From Object Coordinates,DUPLICATE / NEAR-DUPLICATE,MERGE INTO STRONGER FINDING OR CLUSTER,Upward Handoff,"#333, #1047, #1830",HIGH,RESTATEMENT. Parents #19 and #174 via #333: an object's stored location refers to Ground and defines nothing.
1830,Spatial Ground Must Support Stable Spatial Anchoring,DUPLICATE / NEAR-DUPLICATE,MERGE INTO STRONGER FINDING OR CLUSTER,Upward Handoff,"#73, #142, #333",HIGH,RESTATEMENT. Parent #4 via #73 and #142.
1831,Spatial Ground Must Support Multiple Anchors to the Same Place,DUPLICATE / NEAR-DUPLICATE,MERGE INTO STRONGER FINDING OR CLUSTER,Upward Handoff,"#182, #1144, #1830",HIGH,"INSTANCE. Parent #8 via #182: many entities, one place."
1832,Spatial Ground Must Support One Entity Across Multiple Places Where Higher Architecture Allows,DUPLICATE / NEAR-DUPLICATE,MERGE INTO STRONGER FINDING OR CLUSTER,Upward Handoff,"#1831, #33, #1815",HIGH,"INSTANCE. Parents #8 and #20: one entity, many places, where higher architecture allows."
1833,Spatial Ground Must Remain Neutral to Spatial Occupancy Rules,DUPLICATE / NEAR-DUPLICATE,MERGE INTO STRONGER FINDING OR CLUSTER,Interpretation Independence,"#20, #1834, #33",HIGH,INSTANCE. Parent #20: occupancy rules.
1834,Spatial Ground Must Remain Neutral to Exclusivity Rules,DUPLICATE / NEAR-DUPLICATE,MERGE INTO STRONGER FINDING OR CLUSTER,Rights / Governance Independence,"#40, #20, #1833",HIGH,INSTANCE. Parent #20 via #40: exclusivity rules.
1835,Spatial Ground Must Remain Neutral to Collision Rules,DUPLICATE / NEAR-DUPLICATE,MERGE INTO STRONGER FINDING OR CLUSTER,Runtime Independence,"#238, #41, #1166",HIGH,INSTANCE. Parents #4 and #20 via #238: collision behavior.
1836,Spatial Ground Must Remain Neutral to Capacity Rules,DUPLICATE / NEAR-DUPLICATE,MERGE INTO STRONGER FINDING OR CLUSTER,Interpretation Independence,"#20, #1833, #1837",HIGH,INSTANCE. Parent #20: capacity limits.
1837,Spatial Ground Must Remain Neutral to Density Rules,DUPLICATE / NEAR-DUPLICATE,MERGE INTO STRONGER FINDING OR CLUSTER,Interpretation Independence,"#20, #33, #1836",HIGH,INSTANCE. Parents #4 and #20: density of any kind.
1838,Spatial Ground Must Remain Neutral to Scarcity Rules,DUPLICATE / NEAR-DUPLICATE,MERGE INTO STRONGER FINDING OR CLUSTER,Interpretation Independence,"#313, #20, #1839",HIGH,INSTANCE. Parent #20 via #313: scarcity rules. AUTHORITY: BitPangea's scarcity is a constitutional and cadastral matter.
1839,Spatial Ground Must Preserve Place Independent of Economic Scarcity,DUPLICATE / NEAR-DUPLICATE,MERGE INTO STRONGER FINDING OR CLUSTER,Interpretation Independence,"#313, #1838, #1794",HIGH,RESTATEMENT. Parent #20 via #313.
1840,Spatial Ground Must Preserve Place Independent of Social Scarcity,DUPLICATE / NEAR-DUPLICATE,MERGE INTO STRONGER FINDING OR CLUSTER,Interpretation Independence,"#314, #1853, #1795",HIGH,INSTANCE. Parent #20 via #314: prestige and desirability.
1841,Spatial Ground Must Preserve Place Independent of Computational Scarcity,DUPLICATE / NEAR-DUPLICATE,MERGE INTO STRONGER FINDING OR CLUSTER,Runtime Independence,"#433, #446, #1332",HIGH,INSTANCE. Parents #4 and #80 via #433: server capacity and rendering budget.
1842,Spatial Ground Must Preserve Place Independent of Attention,DUPLICATE / NEAR-DUPLICATE,MERGE INTO STRONGER FINDING OR CLUSTER,Higher-Layer Independence,"#1128, #32, #1795",HIGH,RESTATEMENT. Parent #4 via #32 and #1128.
1843,Spatial Ground Must Preserve Place Independent of Discovery Order,DUPLICATE / NEAR-DUPLICATE,MERGE INTO STRONGER FINDING OR CLUSTER,Higher-Layer Independence,"#1128, #1455, #1842",HIGH,RESTATEMENT. Parent #4 via #1128.
1844,Spatial Ground Must Preserve Place Independent of Documentation Order,DUPLICATE / NEAR-DUPLICATE,MERGE INTO STRONGER FINDING OR CLUSTER,Canonical Equivalence,"#843, #1454, #215",HIGH,RESTATEMENT. Parent #215 via #843: documentation order implies no spatial hierarchy.
1845,Spatial Ground Must Preserve Place Independent of Processing Priority,DUPLICATE / NEAR-DUPLICATE,MERGE INTO STRONGER FINDING OR CLUSTER,Canonical Equivalence,"#1438, #215, #1844",HIGH,RESTATEMENT. Parent #215 via #1438.
1846,Spatial Ground Must Preserve Place Independent of Index Priority,DUPLICATE / NEAR-DUPLICATE,MERGE INTO STRONGER FINDING OR CLUSTER,Operational Non-Authority,"#19, #78, #1845",HIGH,INSTANCE. Parent #19: search or index ranking.
1847,Spatial Ground Must Preserve Place Independent of Rendering Priority,DUPLICATE / NEAR-DUPLICATE,MERGE INTO STRONGER FINDING OR CLUSTER,Operational Non-Authority,"#50, #19, #1199",HIGH,INSTANCE. Parent #19 via #50: rendering fidelity.
1848,Spatial Ground Must Preserve Place Independent of Simulation Priority,DUPLICATE / NEAR-DUPLICATE,MERGE INTO STRONGER FINDING OR CLUSTER,Runtime Independence,"#238, #41, #1847",HIGH,INSTANCE. Parent #4 via #41 and #238: simulation frequency.
1849,Spatial Ground Must Preserve Place Independent of Institutional Attention,DUPLICATE / NEAR-DUPLICATE,MERGE INTO STRONGER FINDING OR CLUSTER,Higher-Layer Independence,"#1128, #131, #1842",HIGH,INSTANCE. Parent #4: institutional attention.
1850,Spatial Ground Must Preserve Equal Canonical Reality Across World-Space,DERIVED CONSEQUENCE,MERGE INTO STRONGER FINDING OR CLUSTER,Exact Membership and Boundary Resolution,"#152, #15, #1852",HIGH,"Root parent #15 via #152. CONSOLIDATION SURVIVOR: membership is uniform; no canonical portion of World-space is more or less World than another. Fuses #1128, #1842-#1849 and #1852-#1855, and follows from two-valued membership."
1851,Spatial Ground Must Distinguish Equal Canonical Reality From Equal Higher-Layer Treatment,DUPLICATE / NEAR-DUPLICATE,MERGE INTO STRONGER FINDING OR CLUSTER,Exact Membership and Boundary Resolution,"#1850, #20, #1852",HIGH,"RESTATEMENT. Parent #1850: equal at Ground, and higher systems may differentiate freely."
1852,Spatial Ground Must Preserve Foundational Equality of Place,DUPLICATE / NEAR-DUPLICATE,MERGE INTO STRONGER FINDING OR CLUSTER,Exact Membership and Boundary Resolution,"#1850, #152, #1851",HIGH,RESTATEMENT. Parent #1850.
1853,Spatial Ground Must Not Encode Prestige,DUPLICATE / NEAR-DUPLICATE,MERGE INTO STRONGER FINDING OR CLUSTER,Minimality and Semantic Restraint,"#20, #1840, #1850",HIGH,"INSTANCE. Parent #20: prestige, prominence, centrality, rarity."
1854,Spatial Ground Must Not Encode Priority,DUPLICATE / NEAR-DUPLICATE,MERGE INTO STRONGER FINDING OR CLUSTER,Minimality and Semantic Restraint,"#1850, #1843, #215",HIGH,INSTANCE. Parents #1850 and #215: being first at anything.
1855,Spatial Ground Must Not Encode Rank,DUPLICATE / NEAR-DUPLICATE,MERGE INTO STRONGER FINDING OR CLUSTER,Minimality and Semantic Restraint,"#1850, #20, #1861",HIGH,"INSTANCE. Parents #20 and #1850: rankings among locations (""unless independently required for the exact spatial model"")."
1856,Spatial Ground Must Not Encode Preferred Development,DUPLICATE / NEAR-DUPLICATE,MERGE INTO STRONGER FINDING OR CLUSTER,Minimality and Semantic Restraint,"#20, #1158, #55",HIGH,"INSTANCE. Parent #20: suitability for construction, settlement or commerce. With #1158 and #1159, runs against flagged #55."
1857,Spatial Ground Must Not Encode Preferred Experience,DUPLICATE / NEAR-DUPLICATE,MERGE INTO STRONGER FINDING OR CLUSTER,Minimality and Semantic Restraint,"#20, #1163, #1847",HIGH,INSTANCE. Parent #20: deserving of fidelity or prominence.
1858,Spatial Ground Must Not Encode Preferred Ownership,DUPLICATE / NEAR-DUPLICATE,MERGE INTO STRONGER FINDING OR CLUSTER,Rights / Governance Independence,"#1159, #40, #55",HIGH,"INSTANCE. Parents #20 and #6 via #40 and #1159: Ground is neutral on whether a location is ownable, reserved, public or private. Runs against flagged #55."
1859,Spatial Ground Must Not Encode Preferred Access,DUPLICATE / NEAR-DUPLICATE,MERGE INTO STRONGER FINDING OR CLUSTER,Interpretation Independence,"#309, #1156, #1768",HIGH,"INSTANCE. Parent #20 via #309: accessibility, even permanent restriction."
1860,Spatial Ground Must Not Encode Preferred Economic Function,DUPLICATE / NEAR-DUPLICATE,MERGE INTO STRONGER FINDING OR CLUSTER,Interpretation Independence,"#313, #20, #1164",HIGH,INSTANCE. Parent #20 via #313: economic zoning classes.
1861,Spatial Ground Must Preserve Place Beneath Hierarchy,DUPLICATE / NEAR-DUPLICATE,MERGE INTO STRONGER FINDING OR CLUSTER,Minimality and Semantic Restraint,"#1850, #1161, #1164",HIGH,"INSTANCE. Parents #20 and #1850: hierarchies built above, none below."
1862,Spatial Ground Must Preserve Place Beneath Jurisdiction,DUPLICATE / NEAR-DUPLICATE,MERGE INTO STRONGER FINDING OR CLUSTER,Rights / Governance Independence,"#76, #1763, #1679",HIGH,RESTATEMENT. Parent #4 via #76.
1863,Spatial Ground Must Preserve Place Beneath Territorial Claims,DUPLICATE / NEAR-DUPLICATE,MERGE INTO STRONGER FINDING OR CLUSTER,Single Canonical Truth,"#184, #8, #1865",HIGH,INSTANCE. Parent #8 via #184: competing territorial claims.
1864,Spatial Ground Must Distinguish Territorial Authority From Spatial Authority,DUPLICATE / NEAR-DUPLICATE,MERGE INTO STRONGER FINDING OR CLUSTER,Rights / Governance Independence,"#76, #1047, #1735",HIGH,RESTATEMENT. Parents #4 and #19 via #76 and #1047: authority over what happens at a place is not authority over whether the place belongs to The World.
1865,Spatial Ground Must Preserve Place Beneath Disputed Rights,DUPLICATE / NEAR-DUPLICATE,MERGE INTO STRONGER FINDING OR CLUSTER,Rights / Governance Independence,"#184, #1614, #40",HIGH,INSTANCE. Parents #8 and #20 via #184: a rights dispute is not a spatial dispute.
1866,Spatial Ground Must Preserve Place Beneath Disputed Interpretation,DUPLICATE / NEAR-DUPLICATE,MERGE INTO STRONGER FINDING OR CLUSTER,Interpretation Independence,"#184, #1418, #1865",HIGH,RESTATEMENT. Parent #8 via #184 and #1418.
1867,Spatial Ground Must Preserve Place Beneath Disputed Naming,DUPLICATE / NEAR-DUPLICATE,MERGE INTO STRONGER FINDING OR CLUSTER,Interpretation Independence,"#74, #1817, #1528",HIGH,RESTATEMENT. Parent #4 via #74.
1868,Spatial Ground Must Preserve Place Beneath Disputed Boundaries Above It,DUPLICATE / NEAR-DUPLICATE,MERGE INTO STRONGER FINDING OR CLUSTER,Layer Boundaries,"#1869, #184, #23",HIGH,"INSTANCE. Parents #23 and #1869: disputes over Region, jurisdiction or Parcel boundaries."
1869,Spatial Ground Must Preserve Layered Boundary Independence,DERIVED CONSEQUENCE,MERGE INTO STRONGER FINDING OR CLUSTER,Layer Boundaries,"#25, #23, #1870",HIGH,"Root parents #20, #23 and #25. New: Parcel, regional, governance and experience boundaries may coincide geometrically with the Ground limit without merging architectural meaning. Bears on reserved #785, since ""experience edges"" are named."
1870,Spatial Ground Must Distinguish Coincidence From Identity,DERIVED CONSEQUENCE,MERGE INTO STRONGER FINDING OR CLUSTER,Layer Boundaries,"#1869, #1430, #785",HIGH,Parent #1869. New distinction: two boundaries at the same canonical location are not thereby the same boundary. CONSOLIDATION SURVIVOR: coincidence is not identity. Bears on reserved #785.
1871,Spatial Ground Must Permit Boundary Coincidence Without Semantic Collapse,DUPLICATE / NEAR-DUPLICATE,MERGE INTO STRONGER FINDING OR CLUSTER,Layer Boundaries,"#1869, #1423, #1874",HIGH,RESTATEMENT. Parent #1869: alignment with the limit confers no authority over it.
1872,Spatial Ground Must Preserve Independent Boundary Lifecycles,DUPLICATE / NEAR-DUPLICATE,MERGE INTO STRONGER FINDING OR CLUSTER,Change Control and Permanence,"#1869, #4, #1873",HIGH,INSTANCE. Parents #4 and #1869: a higher boundary is revised or removed and the limit stays.
1873,Spatial Ground Must Preserve Boundary Meaning Across Higher Change,DUPLICATE / NEAR-DUPLICATE,MERGE INTO STRONGER FINDING OR CLUSTER,Change Control and Permanence,"#1872, #4, #1881",HIGH,RESTATEMENT. Parent #4 via #1872.
1874,Spatial Ground Must Prevent Boundary Meaning From Being Inherited Upward Automatically,DERIVED CONSEQUENCE,MERGE INTO STRONGER FINDING OR CLUSTER,Upward Handoff,"#1869, #1047, #1875",HIGH,Parents #1869 and #174. New: a higher boundary that coincides with the Ground limit does not inherit the limit's foundational semantics.
1875,Spatial Ground Must Prevent Higher Boundary Meaning From Being Inherited Downward,DUPLICATE / NEAR-DUPLICATE,MERGE INTO STRONGER FINDING OR CLUSTER,Layer Boundaries,"#23, #20, #1874",HIGH,"RESTATEMENT. Parents #20 and #23: a legal, cadastral, visual or administrative boundary imposes nothing downward by coinciding."
1876,Spatial Ground Must Support Independent Boundary Referencing,DERIVED CONSEQUENCE,MERGE INTO STRONGER FINDING OR CLUSTER,Upward Handoff,"#1869, #1427, #1870",HIGH,"Parent #1869. New: the Ground limit can be referenced distinctly from any higher boundary at the same location. To be read with #1427, which declines to make the limit an entity without need."
1877,Spatial Ground Must Support Independent Boundary Validation,DUPLICATE / NEAR-DUPLICATE,MERGE INTO STRONGER FINDING OR CLUSTER,Conformance and Validation,"#1229, #826, #1876",HIGH,INSTANCE. Parents #4 and #64 via #178 and #826: the limit is validated without reference to any higher boundary.
1878,Spatial Ground Must Preserve Membership if Higher Boundaries Fail,DUPLICATE / NEAR-DUPLICATE,MERGE INTO STRONGER FINDING OR CLUSTER,Higher-Layer Independence,"#1713, #34, #1879",HIGH,RESTATEMENT. Parent #4 via #34 and #1713.
1879,Spatial Ground Must Preserve Membership if Higher Geometry Fails,DUPLICATE / NEAR-DUPLICATE,MERGE INTO STRONGER FINDING OR CLUSTER,Higher-Layer Independence,"#1713, #53, #1878",HIGH,RESTATEMENT. Parent #4 via #53 and #1713.
1880,Spatial Ground Must Preserve Membership if Higher Metadata Fails,DUPLICATE / NEAR-DUPLICATE,MERGE INTO STRONGER FINDING OR CLUSTER,Preservation and Archival Survival,"#1532, #1713, #1529",HIGH,RESTATEMENT. Parents #4 and #27 via #1532.
1881,Spatial Ground Must Preserve Place Under Total Higher-Layer Reset,DUPLICATE / NEAR-DUPLICATE,MERGE INTO STRONGER FINDING OR CLUSTER,Higher-Layer Independence,"#1040, #1681, #53",HIGH,RESTATEMENT. Parent #4 via #53 and #1040.
1882,Spatial Ground Must Serve as the Recovery Anchor for Higher Space,DUPLICATE / NEAR-DUPLICATE,MERGE INTO STRONGER FINDING OR CLUSTER,Upward Handoff,"#1714, #1504, #56",HIGH,RESTATEMENT. Parents #4 and #54 via #1714.
1883,Spatial Ground Must Support Higher-Layer Experimentation Safely,DUPLICATE / NEAR-DUPLICATE,MERGE INTO STRONGER FINDING OR CLUSTER,Minimality and Semantic Restraint,"#143, #185, #1884",HIGH,INSTANCE. Parent #143: experimental higher models are tried without risk to place.
1884,Spatial Ground Must Isolate Experimental Failure,DUPLICATE / NEAR-DUPLICATE,MERGE INTO STRONGER FINDING OR CLUSTER,Failure Semantics,"#1890, #299, #1883",HIGH,INSTANCE. Parents #4 and #299: an experiment's failure stays above Ground.
1885,Spatial Ground Must Support Parallel Higher Experiments,DUPLICATE / NEAR-DUPLICATE,MERGE INTO STRONGER FINDING OR CLUSTER,Upward Handoff,"#183, #185, #1886",HIGH,RESTATEMENT. Parent #8 via #183.
1886,Spatial Ground Must Preserve One Canon Beneath Experimental Plurality,DUPLICATE / NEAR-DUPLICATE,MERGE INTO STRONGER FINDING OR CLUSTER,Upward Handoff,"#1798, #185, #1885",HIGH,RESTATEMENT. Parent #8 via #185 and #1798.
1887,Spatial Ground Must Permit Higher Systems to Be Temporary,DUPLICATE / NEAR-DUPLICATE,MERGE INTO STRONGER FINDING OR CLUSTER,Minimality and Semantic Restraint,"#143, #447, #1889",HIGH,RESTATEMENT. Parent #143.
1888,Spatial Ground Must Permit Higher Systems to Be Competing,DUPLICATE / NEAR-DUPLICATE,MERGE INTO STRONGER FINDING OR CLUSTER,Upward Handoff,"#184, #972, #1885",HIGH,RESTATEMENT. Parent #8 via #184.
1889,Spatial Ground Must Permit Higher Systems to Fail Independently,DUPLICATE / NEAR-DUPLICATE,MERGE INTO STRONGER FINDING OR CLUSTER,Failure Semantics,"#1890, #4, #1884",HIGH,INSTANCE. Parents #4 and #299: one higher system fails alone.
1890,Spatial Ground Must Preserve Failure Containment Across Layers,DUPLICATE / NEAR-DUPLICATE,MERGE INTO STRONGER FINDING OR CLUSTER,Failure Semantics,"#299, #306, #1891",HIGH,"RESTATEMENT. Parent #299 via #306: faults above Ground stay above it, unless they expose a real foundational defect."
1891,Spatial Ground Must Preserve Foundational Fault Visibility,INSTITUTIONAL / GOVERNANCE CANDIDATE,MOVE TO GOVERNANCE / INSTITUTIONAL FRAMEWORK,Layer Boundaries,"#267, #1621, #1890",HIGH,"New on the scope class: if a higher-layer failure shows Ground lacks an indispensable spatial truth, the deficiency is recognized explicitly and never papered over locally. The trigger for the governed route of #267."
1892,Spatial Ground Must Distinguish Higher Workaround From Ground Requirement,DUPLICATE / NEAR-DUPLICATE,MERGE INTO STRONGER FINDING OR CLUSTER,Minimality and Semantic Restraint,"#1411, #1412, #1893",HIGH,RESTATEMENT. Parent #1411.
1893,Spatial Ground Must Require Evidence Before Downward Promotion,DUPLICATE / NEAR-DUPLICATE,MERGE INTO STRONGER FINDING OR CLUSTER,Layer Boundaries,"#267, #1003, #1007",HIGH,"RESTATEMENT. Parent #267, with #1003; names the scope-class act ""downward promotion"" and sets its standard: proven necessary for World-space itself. AUTHORITY GAP: no one is named to weigh the proof."
1894,Spatial Ground Must Preserve the Lowest-Correct-Layer Principle,DUPLICATE / NEAR-DUPLICATE,MERGE INTO STRONGER FINDING OR CLUSTER,Layer Boundaries,"#828, #1009, #1247",HIGH,RESTATEMENT. Parents #30 and #828. CONSOLIDATION SURVIVOR: every spatial responsibility sits at the lowest layer that can own it correctly without importing unnecessary semantics; generalizes #828 and the placement tests of #1008-#1009. AUTHORITY: cross-layer architecture. METHODOLOGICAL.
1895,Lowest Does Not Mean Deepest Possible,DERIVED CONSEQUENCE,MERGE INTO STRONGER FINDING OR CLUSTER,Layer Boundaries,"#1894, #268, #1896",HIGH,Parents #58 and #1894. New nuance: lowest does not mean as deep as possible; a responsibility belongs in Ground only if placing it higher would leave World-space incomplete. METHODOLOGICAL.
1896,Spatial Ground Must Avoid Premature Permanence,DUPLICATE / NEAR-DUPLICATE,MERGE INTO STRONGER FINDING OR CLUSTER,Inquiry Method and Framework Sequencing,"#1893, #298, #1897",HIGH,RESTATEMENT. Parents #267 and #298 via #1893. METHODOLOGICAL.
1897,Spatial Ground Must Preserve Reversibility Above It,DUPLICATE / NEAR-DUPLICATE,MERGE INTO STRONGER FINDING OR CLUSTER,Minimality and Semantic Restraint,"#143, #1896, #1402",HIGH,RESTATEMENT. Parent #143.
1898,Spatial Ground Must Preserve Irreversibility Only Where Necessary,DUPLICATE / NEAR-DUPLICATE,MERGE INTO STRONGER FINDING OR CLUSTER,Minimality and Semantic Restraint,"#58, #893, #1899",HIGH,RESTATEMENT. Parent #58 via #893.
1899,Spatial Ground Must Treat Every Added Primitive as a Long-Term Liability,DUPLICATE / NEAR-DUPLICATE,MERGE INTO STRONGER FINDING OR CLUSTER,Minimality and Semantic Restraint,"#893, #1404, #58",HIGH,RESTATEMENT. Parent #58 via #893 and #1404: each added primitive is a permanent liability.
1900,Spatial Ground Must Keep the Permanent World Smaller Than the World’s Future Meaning,DUPLICATE / NEAR-DUPLICATE,MERGE INTO STRONGER FINDING OR CLUSTER,Core World-Space Membership,"#1248, #900, #150",HIGH,RESTATEMENT. Parents #1 and #58 via #150 and #1248.
1901,Spatial Ground Must Distinguish Foundational Economy From Foundational Poverty,DUPLICATE / NEAR-DUPLICATE,MERGE INTO STRONGER FINDING OR CLUSTER,Minimality and Semantic Restraint,"#280, #1246, #1904",HIGH,RESTATEMENT. Parents #58 and #54 via #280.
1902,Spatial Ground Must Avoid Minimalism That Creates Hidden Higher Dependencies,DUPLICATE / NEAR-DUPLICATE,MERGE INTO STRONGER FINDING OR CLUSTER,Upward Handoff,"#1246, #54, #1447",HIGH,"RESTATEMENT. Parent #54 via #1246: if higher layers must rebuild membership, Ground is too minimal."
1903,Spatial Ground Must Avoid Completeness That Creates Foundational Bloat,DUPLICATE / NEAR-DUPLICATE,MERGE INTO STRONGER FINDING OR CLUSTER,Minimality and Semantic Restraint,"#1245, #268, #1412",HIGH,RESTATEMENT. Parent #20 via #1245: a responsibility added for a higher layer's convenience makes Ground too broad.
1904,Spatial Ground Must Balance Sufficiency and Restraint,DUPLICATE / NEAR-DUPLICATE,MERGE INTO STRONGER FINDING OR CLUSTER,Core World-Space Membership,"#1248, #150, #1247",HIGH,RESTATEMENT. Parents #1 and #58 via #150 and #1248.
1905,Spatial Ground Must Preserve the Distinction Between Necessary Richness and Unnecessary Richness,DUPLICATE / NEAR-DUPLICATE,MERGE INTO STRONGER FINDING OR CLUSTER,Inquiry Method and Framework Sequencing,"#690, #692, #1323",HIGH,RESTATEMENT. Parent #58 via #690.
1906,Spatial Ground Must Preserve the Distinction Between Precision and Complexity,DUPLICATE / NEAR-DUPLICATE,MERGE INTO STRONGER FINDING OR CLUSTER,Inquiry Method and Framework Sequencing,"#874, #1324, #689",HIGH,RESTATEMENT. Parent #874.
1907,Spatial Ground Must Preserve the Distinction Between Formality and Verbosity,DUPLICATE / NEAR-DUPLICATE,MERGE INTO STRONGER FINDING OR CLUSTER,Finite Expressibility and Determinism,"#70, #874, #1908",HIGH,INSTANCE. Parents #28 and #70: formally complete without heavy prose.
1908,Spatial Ground Must Preserve the Distinction Between Compactness and Opacity,DUPLICATE / NEAR-DUPLICATE,MERGE INTO STRONGER FINDING OR CLUSTER,Minimality and Semantic Restraint,"#873, #1291, #68",HIGH,RESTATEMENT. Parents #58 and #68 via #873.
1909,Spatial Ground Must Preserve the Distinction Between Explicitness and Redundancy,DUPLICATE / NEAR-DUPLICATE,MERGE INTO STRONGER FINDING OR CLUSTER,Minimality and Semantic Restraint,"#59, #576, #1911",HIGH,"RESTATEMENT. Parent #8 via #59: one spatial truth is not repeated across several independently authoritative forms. Adjacent to reserved #707/#708, which concerns exactly two such forms; gives no precedence."
1910,Spatial Ground Must Preserve the Distinction Between Redundancy for Preservation and Redundancy of Authority,DUPLICATE / NEAR-DUPLICATE,MERGE INTO STRONGER FINDING OR CLUSTER,Single Canonical Truth,"#207, #1566, #1911",HIGH,RESTATEMENT. Parent #8 via #207 and #1566.
1911,Spatial Ground Must Preserve the Distinction Between Replication and Duplication of Semantics,DERIVED CONSEQUENCE,MERGE INTO STRONGER FINDING OR CLUSTER,Single Canonical Truth,"#59, #576, #1910",HIGH,"Root parents #8 and #59. New distinction: replicated artifacts carry one meaning, duplicated normative logic can diverge and is minimized. CONSOLIDATION SURVIVOR. Supports #12 and #576 against the exception clause of flagged #1276."
1912,Spatial Ground Must Preserve the Distinction Between Validation and Re-Derivation,DERIVED CONSEQUENCE,MERGE INTO STRONGER FINDING OR CLUSTER,Conformance and Validation,"#64, #10, #1433",HIGH,"Root parents #64 and #10. New distinction: validation confirms an artifact; reconstruction derives World-space afresh from authoritative inputs. Two capabilities, both kept."
1913,Spatial Ground Must Preserve the Distinction Between Reconstruction and Restoration,DUPLICATE / NEAR-DUPLICATE,MERGE INTO STRONGER FINDING OR CLUSTER,Reconstruction and Recoverability,"#656, #1351, #1914",HIGH,RESTATEMENT. Parents #10 and #129 via #656: reconstruction of meaning stays possible when restoration of artifacts is not.
1914,Spatial Ground Must Preserve the Distinction Between Restoration and Recovery of Truth,DUPLICATE / NEAR-DUPLICATE,MERGE INTO STRONGER FINDING OR CLUSTER,Reconstruction and Recoverability,"#656, #1913, #129",HIGH,RESTATEMENT. Parent #129 via #656.
1915,Spatial Ground Must Preserve the Distinction Between Preservation and Fossilization,DUPLICATE / NEAR-DUPLICATE,MERGE INTO STRONGER FINDING OR CLUSTER,Technology and Infrastructure Independence,"#1494, #997, #1591",HIGH,RESTATEMENT. Parents #29 and #81 via #997 and #1494.
1916,Spatial Ground Must Preserve the Distinction Between Stability and Inertia,DUPLICATE / NEAR-DUPLICATE,MERGE INTO STRONGER FINDING OR CLUSTER,Change Control and Permanence,"#1401, #419, #1917",HIGH,RESTATEMENT. Parent #4 via #419 and #1401. METHODOLOGICAL.
1917,Spatial Ground Must Preserve the Distinction Between Canonical Permanence and Institutional Rigidity,DUPLICATE / NEAR-DUPLICATE,MERGE INTO STRONGER FINDING OR CLUSTER,Institutional Authority and Adoption,"#980, #451, #1916",HIGH,RESTATEMENT. Parent #147 via #980.
1918,Spatial Ground Must Preserve the Distinction Between Authority and Control,DUPLICATE / NEAR-DUPLICATE,MERGE INTO STRONGER FINDING OR CLUSTER,Institutional Authority and Adoption,"#1755, #1740, #1919",HIGH,RESTATEMENT. Parents #19 and #503 via #1740 and #1755: authority decides which definition is valid; control of systems creates none. Bears on reserved #661 by exclusion.
1919,Spatial Ground Must Preserve the Distinction Between Control and Possession,DUPLICATE / NEAR-DUPLICATE,MERGE INTO STRONGER FINDING OR CLUSTER,Institutional Authority and Adoption,"#1754, #451, #1918",HIGH,RESTATEMENT. Parent #19 via #1754.
1920,Spatial Ground Must Preserve the Distinction Between Possession and Stewardship,DUPLICATE / NEAR-DUPLICATE,MERGE INTO STRONGER FINDING OR CLUSTER,Institutional Authority and Adoption,"#1754, #451, #1921",HIGH,"INSTANCE. Parents #19 and #451 via #1754: possession does not make a steward. AUTHORITY GAP: speaks of ""stewardship legitimacy"" and does not say who confers it."
1921,Spatial Ground Must Preserve the Distinction Between Stewardship and Ownership,DERIVED CONSEQUENCE,MERGE INTO STRONGER FINDING OR CLUSTER,Rights / Governance Independence,"#451, #20, #1922",HIGH,Root parents #20 and #451. New distinction: preserving Ground never implies owning the World-space preserved.
1922,Spatial Ground Must Preserve the Distinction Between Ownership and Spatial Identity,DUPLICATE / NEAR-DUPLICATE,MERGE INTO STRONGER FINDING OR CLUSTER,Rights / Governance Independence,"#40, #1678, #1923",HIGH,RESTATEMENT. Parent #20 via #40.
1923,Spatial Ground Must Preserve the Distinction Between Use and Spatial Identity,DUPLICATE / NEAR-DUPLICATE,MERGE INTO STRONGER FINDING OR CLUSTER,Higher-Layer Independence,"#1793, #1786, #1922",HIGH,RESTATEMENT. Parent #4 via #1793.
1924,Spatial Ground Must Preserve the Distinction Between State and Identity,DUPLICATE / NEAR-DUPLICATE,MERGE INTO STRONGER FINDING OR CLUSTER,Higher-Layer Independence,"#44, #72, #1925",HIGH,"RESTATEMENT. Parents #4 and #44. FOUNDATIONAL AUTHORITY GAP: ""unless foundational Ground itself changes""."
1925,Spatial Ground Must Preserve the Distinction Between History and Identity,DUPLICATE / NEAR-DUPLICATE,MERGE INTO STRONGER FINDING OR CLUSTER,Higher-Layer Independence,"#1501, #45, #1924",HIGH,RESTATEMENT. Parent #4 via #45 and #1501.
1926,Spatial Ground Must Preserve the Distinction Between Description and Identity,DUPLICATE / NEAR-DUPLICATE,MERGE INTO STRONGER FINDING OR CLUSTER,Interpretation Independence,"#1792, #74, #1927",HIGH,RESTATEMENT. Parent #4 via #74 and #1792.
1927,Spatial Ground Must Preserve the Distinction Between Perception and Identity,DUPLICATE / NEAR-DUPLICATE,MERGE INTO STRONGER FINDING OR CLUSTER,Higher-Layer Independence,"#110, #42, #1926",HIGH,RESTATEMENT. Parent #4 via #42 and #110.
1928,Spatial Ground Must Preserve the Distinction Between Interpretation and Identity,DUPLICATE / NEAR-DUPLICATE,MERGE INTO STRONGER FINDING OR CLUSTER,Interpretation Independence,"#184, #1866, #1927",HIGH,RESTATEMENT. Parents #4 and #8 via #184.
1929,Spatial Ground Must Preserve the Distinction Between Symbol and Identity,DUPLICATE / NEAR-DUPLICATE,MERGE INTO STRONGER FINDING OR CLUSTER,Operational Non-Authority,"#19, #1783, #1930",HIGH,INSTANCE. Parent #19: a symbol for a place is not the place.
1930,Spatial Ground Must Preserve the Distinction Between Model and Identity,DUPLICATE / NEAR-DUPLICATE,MERGE INTO STRONGER FINDING OR CLUSTER,Canonical Equivalence,"#216, #65, #1929",HIGH,RESTATEMENT. Parents #65 and #216: identity invariant across equivalent models.
1931,Spatial Ground Must Preserve the Distinction Between Coordinate and Place,DUPLICATE / NEAR-DUPLICATE,MERGE INTO STRONGER FINDING OR CLUSTER,Survey-to-World Relationship,"#1278, #1101, #574",HIGH,"RESTATEMENT. Parents #12 and #13 via #574, #1101 and #1278: a coordinate is a reference position; place needs the further Ground truth that the position participates in The World. AUTHORITY: FSF. Shows what Ground natively adds, and it is participation alone."
1932,Spatial Ground Must Preserve the Distinction Between Point and Place,DUPLICATE / NEAR-DUPLICATE,MERGE INTO STRONGER FINDING OR CLUSTER,Exact Membership and Boundary Resolution,"#1111, #1931, #1810",MEDIUM,"RESTATEMENT. Parent #1111, in vaguer terms: place identity ""may require the broader membership and relational semantics established by Ground"". The only hint in the corpus of Ground-native content beyond membership, and it is unexplained."
1933,Spatial Ground Must Preserve the Distinction Between Geometry and Place,DUPLICATE / NEAR-DUPLICATE,MERGE INTO STRONGER FINDING OR CLUSTER,Survey-to-World Relationship,"#25, #1278, #1931",HIGH,"RESTATEMENT. Parents #12 and #25 via #1278: geometry describes form, Ground says whether that form participates. AUTHORITY: geometry is FSF's."
1934,Spatial Ground Must Preserve the Distinction Between Shape and Place,DUPLICATE / NEAR-DUPLICATE,MERGE INTO STRONGER FINDING OR CLUSTER,Canonical Placement,"#563, #1238, #1935",HIGH,RESTATEMENT. Parent #46 via #563.
1935,Spatial Ground Must Preserve the Distinction Between Extent and Place Identity,DUPLICATE / NEAR-DUPLICATE,MERGE INTO STRONGER FINDING OR CLUSTER,Canonical Placement,"#563, #1810, #1934",HIGH,INSTANCE. Parents #46 and #1810: equal area is not the same place.
1936,Spatial Ground Must Preserve the Distinction Between Connectivity and Identity,DUPLICATE / NEAR-DUPLICATE,MERGE INTO STRONGER FINDING OR CLUSTER,Canonical Equivalence,"#1810, #1813, #22",HIGH,INSTANCE. Parent #1810: connected is not identical.
1937,Spatial Ground Must Preserve the Distinction Between Boundary and Identity,DUPLICATE / NEAR-DUPLICATE,MERGE INTO STRONGER FINDING OR CLUSTER,Exact Membership and Boundary Resolution,"#1427, #17, #785",HIGH,RESTATEMENT. Parents #8 and #58 via #17 and #1427: World-space identity is not reducible to a visual or separately interpreted boundary object. Consistent with #1870; reserved #785 stays reserved.
1938,Spatial Ground Must Preserve the Distinction Between Membership and Adjacency,DUPLICATE / NEAR-DUPLICATE,MERGE INTO STRONGER FINDING OR CLUSTER,Connectedness and Topology,"#96, #825, #1939",HIGH,INSTANCE. Parent #96: membership and adjacency are separate questions. AUTHORITY: adjacency is FSF's.
1939,Spatial Ground Must Preserve the Distinction Between Membership and Contiguity,DUPLICATE / NEAR-DUPLICATE,MERGE INTO STRONGER FINDING OR CLUSTER,Connectedness and Topology,"#96, #1938, #22",HIGH,INSTANCE. Parent #96: contiguity never substitutes for membership.
1940,Spatial Ground Must Preserve the Distinction Between Membership and Reachability,DUPLICATE / NEAR-DUPLICATE,MERGE INTO STRONGER FINDING OR CLUSTER,Interpretation Independence,"#310, #1155, #1956",HIGH,INSTANCE. Parents #4 and #20 via #310: no route to a place.
1941,Spatial Ground Must Preserve the Distinction Between Membership and Visibility,DUPLICATE / NEAR-DUPLICATE,MERGE INTO STRONGER FINDING OR CLUSTER,Higher-Layer Independence,"#308, #50, #1199",HIGH,RESTATEMENT. Parent #4 via #308.
1942,Spatial Ground Must Preserve the Distinction Between Membership and Simulatability,DUPLICATE / NEAR-DUPLICATE,MERGE INTO STRONGER FINDING OR CLUSTER,Runtime Independence,"#41, #1848, #238",HIGH,RESTATEMENT. Parent #4 via #41.
1943,Spatial Ground Must Preserve the Distinction Between Membership and Parcelization,DUPLICATE / NEAR-DUPLICATE,MERGE INTO STRONGER FINDING OR CLUSTER,Parcel Independence,"#35, #32, #1159",HIGH,RESTATEMENT. Parent #6 via #35.
1944,Spatial Ground Must Preserve the Distinction Between Membership and Regionhood,DUPLICATE / NEAR-DUPLICATE,MERGE INTO STRONGER FINDING OR CLUSTER,Interpretation Independence,"#37, #1160, #1943",HIGH,RESTATEMENT. Parent #4 via #37.
1945,Spatial Ground Must Preserve the Distinction Between Membership and Naming,DUPLICATE / NEAR-DUPLICATE,MERGE INTO STRONGER FINDING OR CLUSTER,Interpretation Independence,"#74, #1426, #1867",HIGH,RESTATEMENT. Parent #4 via #74.
1946,Spatial Ground Must Preserve the Distinction Between Membership and Value,DUPLICATE / NEAR-DUPLICATE,MERGE INTO STRONGER FINDING OR CLUSTER,Interpretation Independence,"#313, #1794, #1839",HIGH,RESTATEMENT. Parent #20 via #313.
1947,Spatial Ground Must Preserve the Distinction Between Membership and Authority Over Place,DUPLICATE / NEAR-DUPLICATE,MERGE INTO STRONGER FINDING OR CLUSTER,Rights / Governance Independence,"#1864, #76, #40",HIGH,RESTATEMENT. Parent #4 via #76 and #1864.
1948,Spatial Ground Must Preserve the Distinction Between Membership and Institutional Recognition,DUPLICATE / NEAR-DUPLICATE,MERGE INTO STRONGER FINDING OR CLUSTER,Change Control and Permanence,"#600, #1743, #132",HIGH,RESTATEMENT. Parent #4 via #600.
1949,Spatial Ground Must Preserve the Distinction Between Membership and Observation,DUPLICATE / NEAR-DUPLICATE,MERGE INTO STRONGER FINDING OR CLUSTER,Higher-Layer Independence,"#32, #1128, #1842",HIGH,RESTATEMENT. Parent #4 via #32.
1950,Spatial Ground Must Preserve the Distinction Between Membership and Memory,DUPLICATE / NEAR-DUPLICATE,MERGE INTO STRONGER FINDING OR CLUSTER,No Hidden State / Self-Containment,"#999, #1717, #148",HIGH,RESTATEMENT. Parents #4 and #27 via #999.
1951,Spatial Ground Must Preserve the Distinction Between Membership and Documentation,DUPLICATE / NEAR-DUPLICATE,MERGE INTO STRONGER FINDING OR CLUSTER,Representation Independence,"#18, #1199, #1952",HIGH,RESTATEMENT. Parent #18: no location needs its own record.
1952,Spatial Ground Must Preserve the Distinction Between Membership and Enumeration,DUPLICATE / NEAR-DUPLICATE,MERGE INTO STRONGER FINDING OR CLUSTER,Single Canonical Truth,"#1431, #18, #1951",HIGH,INSTANCE. Parents #18 and #1431: a list neither creates nor removes membership where a deeper rule governs.
1953,Spatial Ground Must Preserve the Distinction Between Membership and Materialization,DUPLICATE / NEAR-DUPLICATE,MERGE INTO STRONGER FINDING OR CLUSTER,Representation Independence,"#1199, #18, #1951",HIGH,RESTATEMENT. Parent #18 via #1199.
1954,Spatial Ground Must Preserve the Distinction Between Membership and Indexing,DUPLICATE / NEAR-DUPLICATE,MERGE INTO STRONGER FINDING OR CLUSTER,Operational Non-Authority,"#19, #78, #1846",HIGH,INSTANCE. Parent #19: indexing.
1955,Spatial Ground Must Preserve the Distinction Between Membership and Discoverability,DUPLICATE / NEAR-DUPLICATE,MERGE INTO STRONGER FINDING OR CLUSTER,Higher-Layer Independence,"#32, #1128, #1954",HIGH,INSTANCE. Parent #4 via #32: discoverability.
1956,Spatial Ground Must Preserve the Distinction Between Membership and Accessibility,DUPLICATE / NEAR-DUPLICATE,MERGE INTO STRONGER FINDING OR CLUSTER,Interpretation Independence,"#309, #1859, #1940",HIGH,RESTATEMENT. Parent #20 via #309.
1957,Spatial Ground Must Preserve the Distinction Between Membership and Availability,DUPLICATE / NEAR-DUPLICATE,MERGE INTO STRONGER FINDING OR CLUSTER,Failure Semantics,"#205, #1335, #1083",HIGH,RESTATEMENT. Parents #19 and #15 via #205.
1958,Spatial Ground Must Preserve the Distinction Between Membership and Computability at a Given Moment,DUPLICATE / NEAR-DUPLICATE,MERGE INTO STRONGER FINDING OR CLUSTER,Exact Membership and Boundary Resolution,"#1336, #1337, #1957",HIGH,RESTATEMENT. Parent #15 via #1336.
1959,Spatial Ground Must Preserve the Distinction Between Membership and Cached State,DUPLICATE / NEAR-DUPLICATE,MERGE INTO STRONGER FINDING OR CLUSTER,Operational Non-Authority,"#78, #594, #1960",HIGH,RESTATEMENT. Parent #19 via #78.
1960,Spatial Ground Must Preserve the Distinction Between Membership and Synchronization State,DUPLICATE / NEAR-DUPLICATE,MERGE INTO STRONGER FINDING OR CLUSTER,Operational Non-Authority,"#986, #988, #1959",HIGH,RESTATEMENT. Parents #8 and #19 via #986 and #988.
1961,Spatial Ground Must Preserve the Distinction Between Canonical Truth and Local Knowledge,DUPLICATE / NEAR-DUPLICATE,MERGE INTO STRONGER FINDING OR CLUSTER,Exact Membership and Boundary Resolution,"#1336, #1958, #1962",HIGH,RESTATEMENT. Parent #15 via #1336.
1962,Spatial Ground Must Preserve the Distinction Between Canonical Truth and Replicated Knowledge,DUPLICATE / NEAR-DUPLICATE,MERGE INTO STRONGER FINDING OR CLUSTER,Single Canonical Truth,"#207, #1910, #1961",HIGH,RESTATEMENT. Parent #8 via #207.
1963,Spatial Ground Must Preserve the Distinction Between Canonical Truth and Consensus About Truth,DUPLICATE / NEAR-DUPLICATE,MERGE INTO STRONGER FINDING OR CLUSTER,Institutional Authority and Adoption,"#662, #1433, #1964",HIGH,RESTATEMENT. Parents #8 and #64 via #662 and #1433: agreement confirms consistency and creates nothing. Bears on reserved #661 by exclusion.
1964,Spatial Ground Must Preserve the Distinction Between Canonical Truth and Majority Belief,DUPLICATE / NEAR-DUPLICATE,MERGE INTO STRONGER FINDING OR CLUSTER,Institutional Authority and Adoption,"#662, #1963, #507",HIGH,RESTATEMENT. Parent #8 via #662.
1965,Spatial Ground Must Preserve the Distinction Between Canonical Truth and Implementation Habit,DUPLICATE / NEAR-DUPLICATE,MERGE INTO STRONGER FINDING OR CLUSTER,Minimality and Semantic Restraint,"#887, #1411, #1966",HIGH,"RESTATEMENT. Parents #19 and #58 via #887 and #1411. AUTHORITY GAP: ""unless formally adopted into the governing architecture""."
1966,Spatial Ground Must Preserve the Distinction Between Canonical Truth and De Facto Convention,DUPLICATE / NEAR-DUPLICATE,MERGE INTO STRONGER FINDING OR CLUSTER,Minimality and Semantic Restraint,"#1411, #1893, #503",HIGH,"RESTATEMENT. Parent #1411, with #1893. Sharpens the scope class: a convention becomes canonical only by meeting ""the same requirement and adoption standards"" as any permanent Ground rule, so the scope decision runs through the ordinary adopter. AUTHORITY GAP: that adopter is still unnamed."
1967,Spatial Ground Must Preserve the Distinction Between Canonical Truth and Legacy Behavior,DUPLICATE / NEAR-DUPLICATE,MERGE INTO STRONGER FINDING OR CLUSTER,Independent Implementation,"#67, #497, #1968",HIGH,RESTATEMENT. Parents #67 and #497: the adopted Specification prevails over historical software behavior.
1968,Spatial Ground Must Preserve the Distinction Between Canonical Truth and Backward Compatibility,DERIVED CONSEQUENCE,MERGE INTO STRONGER FINDING OR CLUSTER,Change Control and Permanence,"#393, #133, #1967",HIGH,Root parents #133 and #393. New on the correction boundary: compatibility is worth keeping only where it preserves correct semantics; compatibility with an old error never perpetuates false Ground.
1969,Spatial Ground Must Preserve the Distinction Between Compatibility and Equivalence,DERIVED CONSEQUENCE,MERGE INTO STRONGER FINDING OR CLUSTER,Canonical Equivalence,"#65, #342, #1970",HIGH,"Root parent #65. New distinction: two systems that interoperate need not represent Ground identically; equivalence is tested, never inferred from successful exchange."
1970,Spatial Ground Must Preserve the Distinction Between Exchangeability and Identity,DUPLICATE / NEAR-DUPLICATE,MERGE INTO STRONGER FINDING OR CLUSTER,Canonical Equivalence,"#216, #1294, #1971",HIGH,RESTATEMENT. Parent #216.
1971,Spatial Ground Must Preserve the Distinction Between Serialization Identity and Spatial Identity,DUPLICATE / NEAR-DUPLICATE,MERGE INTO STRONGER FINDING OR CLUSTER,Representation Independence,"#557, #1539, #1972",HIGH,"RESTATEMENT. Parent #29 via #557 (""unless that byte sequence is explicitly adopted"")."
1972,Spatial Ground Must Preserve the Distinction Between Canonical Form and Canonical Meaning,DUPLICATE / NEAR-DUPLICATE,MERGE INTO STRONGER FINDING OR CLUSTER,Canonical Equivalence,"#116, #219, #1971",HIGH,RESTATEMENT. Parents #65 and #116: a canonical form serves comparison; meaning is the deeper concern.
1973,Spatial Ground Must Preserve the Distinction Between Parsing and Interpretation,DUPLICATE / NEAR-DUPLICATE,MERGE INTO STRONGER FINDING OR CLUSTER,Conformance and Validation,"#612, #613, #1974",HIGH,RESTATEMENT. Parent #64 via #612: parsing and interpretation are both governed.
1974,Spatial Ground Must Preserve the Distinction Between Syntax Error and Spatial Error,DUPLICATE / NEAR-DUPLICATE,MERGE INTO STRONGER FINDING OR CLUSTER,Failure Semantics,"#306, #613, #1975",HIGH,RESTATEMENT. Parent #299 via #306.
1975,Spatial Ground Must Preserve the Distinction Between Valid Syntax and Valid Ground,DUPLICATE / NEAR-DUPLICATE,MERGE INTO STRONGER FINDING OR CLUSTER,Conformance and Validation,"#613, #64, #1976",HIGH,RESTATEMENT. Parent #64 via #613.
1976,Spatial Ground Must Preserve the Distinction Between Valid Ground and Adopted Ground,DUPLICATE / NEAR-DUPLICATE,MERGE INTO STRONGER FINDING OR CLUSTER,Institutional Authority and Adoption,"#503, #154, #1977",HIGH,RESTATEMENT. Parent #503.
1977,Spatial Ground Must Preserve the Distinction Between Adoption and Activation,DERIVED CONSEQUENCE,MERGE INTO STRONGER FINDING OR CLUSTER,Institutional Authority and Adoption,"#503, #600, #1978",HIGH,"Root parents #503 and #600. New lifecycle distinction: Ground may be formally adopted before any implementation activates or serves it. AUTHORITY GAP: ""formally adopted""."
1978,Spatial Ground Must Preserve the Distinction Between Activation and Existence,DUPLICATE / NEAR-DUPLICATE,MERGE INTO STRONGER FINDING OR CLUSTER,Change Control and Permanence,"#599, #449, #1979",HIGH,RESTATEMENT. Parents #4 and #8 via #449 and #599.
1979,Spatial Ground Must Preserve the Distinction Between Deactivation and Non-Existence,DUPLICATE / NEAR-DUPLICATE,MERGE INTO STRONGER FINDING OR CLUSTER,Runtime Independence,"#446, #205, #1978",HIGH,RESTATEMENT. Parent #4 via #446.
1980,Spatial Ground Must Preserve the Distinction Between Availability and Ontology,DUPLICATE / NEAR-DUPLICATE,MERGE INTO STRONGER FINDING OR CLUSTER,Operational Non-Authority,"#205, #1336, #1979",HIGH,RESTATEMENT. Parents #19 and #15 via #205.
1981,Spatial Ground Must Preserve the Distinction Between Persistence and Ontology,DUPLICATE / NEAR-DUPLICATE,MERGE INTO STRONGER FINDING OR CLUSTER,Operational Non-Authority,"#19, #592, #1985",HIGH,INSTANCE. Parent #19: persistence systems.
1982,Spatial Ground Must Preserve the Distinction Between Provenance and Ontology,DUPLICATE / NEAR-DUPLICATE,MERGE INTO STRONGER FINDING OR CLUSTER,Operational Non-Authority,"#221, #130, #1515",HIGH,"RESTATEMENT. Parent #19 via #221: provenance explains lineage and integrity and is never the source of spatial identity. Bears on reserved #661: provenance is evidence about a record, below the authority that adopts it."
1983,Spatial Ground Must Preserve the Distinction Between Governance and Ontology,DUPLICATE / NEAR-DUPLICATE,MERGE INTO STRONGER FINDING OR CLUSTER,Institutional Authority and Adoption,"#1740, #1742, #132",HIGH,RESTATEMENT. Parent #1740.
1984,Spatial Ground Must Preserve the Distinction Between Security and Ontology,DUPLICATE / NEAR-DUPLICATE,MERGE INTO STRONGER FINDING OR CLUSTER,Operational Non-Authority,"#651, #82, #1287",HIGH,RESTATEMENT. Parent #19 via #651.
1985,Spatial Ground Must Preserve the Distinction Between Storage and Ontology,DUPLICATE / NEAR-DUPLICATE,MERGE INTO STRONGER FINDING OR CLUSTER,Operational Non-Authority,"#19, #18, #1981",HIGH,INSTANCE. Parent #19: storage.
1986,Spatial Ground Must Preserve the Distinction Between Computation and Ontology,DUPLICATE / NEAR-DUPLICATE,MERGE INTO STRONGER FINDING OR CLUSTER,Operational Non-Authority,"#449, #19, #1987",HIGH,RESTATEMENT. Parents #8 and #19 via #449.
1987,Spatial Ground Must Preserve the Distinction Between Query and Ontology,DUPLICATE / NEAR-DUPLICATE,MERGE INTO STRONGER FINDING OR CLUSTER,Operational Non-Authority,"#450, #449, #1986",HIGH,RESTATEMENT. Parents #8 and #19 via #450.
1988,Spatial Ground Must Preserve the Distinction Between Validation and Ontology,DUPLICATE / NEAR-DUPLICATE,MERGE INTO STRONGER FINDING OR CLUSTER,Conformance and Validation,"#64, #965, #1989",HIGH,INSTANCE. Parents #19 and #64: validation confers no existence.
1989,Spatial Ground Must Preserve the Distinction Between Certification and Ontology,DUPLICATE / NEAR-DUPLICATE,MERGE INTO STRONGER FINDING OR CLUSTER,Institutional Authority and Adoption,"#965, #967, #1990",HIGH,RESTATEMENT. Parent #965.
1990,Spatial Ground Must Preserve the Distinction Between Attestation and Ontology,DUPLICATE / NEAR-DUPLICATE,MERGE INTO STRONGER FINDING OR CLUSTER,Operational Non-Authority,"#221, #965, #1989",HIGH,INSTANCE. Parent #19 via #221: attestation.
1991,Spatial Ground Must Preserve the Distinction Between Record Survival and Spatial Survival,DUPLICATE / NEAR-DUPLICATE,MERGE INTO STRONGER FINDING OR CLUSTER,Preservation and Archival Survival,"#604, #206, #1992",HIGH,RESTATEMENT. Parent #84 via #604.
1992,Spatial Ground Must Preserve the Distinction Between Record Loss and Canonical Loss,DUPLICATE / NEAR-DUPLICATE,MERGE INTO STRONGER FINDING OR CLUSTER,Reconstruction and Recoverability,"#542, #1561, #1562",HIGH,RESTATEMENT. Parent #542 via #1561.
1993,Spatial Ground Must Preserve the Distinction Between Recoverability and Convenience,DUPLICATE / NEAR-DUPLICATE,MERGE INTO STRONGER FINDING OR CLUSTER,Reconstruction and Recoverability,"#1913, #656, #1994",HIGH,"INSTANCE. Parent #10 via #1913: recoverable means exactly reconstructable, not conveniently restorable."
1994,Spatial Ground Must Preserve the Distinction Between Convenience and Necessity,DUPLICATE / NEAR-DUPLICATE,MERGE INTO STRONGER FINDING OR CLUSTER,Minimality and Semantic Restraint,"#1411, #140, #1995",HIGH,RESTATEMENT. Parents #58 and #1411.
1995,Spatial Ground Must Preserve the Distinction Between Operational Dependency and Canonical Dependency,DUPLICATE / NEAR-DUPLICATE,MERGE INTO STRONGER FINDING OR CLUSTER,No Hidden State / Self-Containment,"#459, #1627, #1994",HIGH,RESTATEMENT. Parents #27 and #459. CONSOLIDATION SURVIVOR: an implementation may depend on many tools to operate; canonical Ground depends only on the minimal normative information that preserves meaning. States the line between the implementation-only class of #1627 and the other three.
1996,Spatial Ground Must Preserve the Distinction Between Technical Debt and Canonical Debt,DUPLICATE / NEAR-DUPLICATE,MERGE INTO STRONGER FINDING OR CLUSTER,Minimality and Semantic Restraint,"#1899, #893, #1997",HIGH,"RESTATEMENT. Parent #58 via #1899; coins ""canonical debt""."
1997,Spatial Ground Must Minimize Canonical Debt,DUPLICATE / NEAR-DUPLICATE,MERGE INTO STRONGER FINDING OR CLUSTER,Minimality and Semantic Restraint,"#1899, #1996, #1898",HIGH,RESTATEMENT. Parent #58 via #1899.
1998,Spatial Ground Must Preserve Architectural Freedom Through Canonical Restraint,DUPLICATE / NEAR-DUPLICATE,MERGE INTO STRONGER FINDING OR CLUSTER,Minimality and Semantic Restraint,"#143, #1415, #1897",HIGH,RESTATEMENT. Parent #143.
1999,Spatial Ground Must Preserve Permanent Certainty Only Where Necessary,DUPLICATE / NEAR-DUPLICATE,MERGE INTO STRONGER FINDING OR CLUSTER,Minimality and Semantic Restraint,"#1898, #738, #1410",HIGH,"RESTATEMENT. Parents #15 and #58 via #738 and #1898. CONSOLIDATION SURVIVOR: exact about the truths that must never be ambiguous, deliberately silent about what future architecture should stay free to answer."
2000,Spatial Ground Must Establish Place Without Capturing the Future,DUPLICATE / NEAR-DUPLICATE,MERGE INTO STRONGER FINDING OR CLUSTER,Core World-Space Membership,"#1600, #1248, #143",HIGH,RESTATEMENT. Parents #1 and #143 via #1248 and #1600.
2001,Spatial Ground Must Distinguish Foundational Silence From Missing Design,DUPLICATE / NEAR-DUPLICATE,MERGE INTO STRONGER FINDING OR CLUSTER,Minimality and Semantic Restraint,"#1380, #1999, #2003",HIGH,"RESTATEMENT. Parents #20 and #58 via #1380 and #1999: silence about terrain, use or ownership is a boundary, not an omission."
2002,Spatial Ground Must Preserve Deliberate Non-Commitment,DUPLICATE / NEAR-DUPLICATE,MERGE INTO STRONGER FINDING OR CLUSTER,Minimality and Semantic Restraint,"#1999, #738, #2005",HIGH,RESTATEMENT. Parent #58 via #738 and #1999.
2003,Spatial Ground Must Make Deliberate Deferral Explicit,DUPLICATE / NEAR-DUPLICATE,MERGE INTO STRONGER FINDING OR CLUSTER,Layer Boundaries,"#1380, #899, #2001",HIGH,RESTATEMENT. Parent #20 via #899 and #1380: exclusions are recorded so deferral is not mistaken for oversight.
2004,Spatial Ground Must Prevent Deferred Questions From Returning as Hidden Assumptions,DERIVED CONSEQUENCE,MERGE INTO STRONGER FINDING OR CLUSTER,No Hidden State / Self-Containment,"#1411, #27, #2012",HIGH,"Root parents #27 and #20 via #1411. New failure mode: a question excluded from Ground re-entering through implementation defaults, schemas or tooling."
2005,Spatial Ground Must Preserve Future Choice by Avoiding Premature Answers,DUPLICATE / NEAR-DUPLICATE,MERGE INTO STRONGER FINDING OR CLUSTER,Minimality and Semantic Restraint,"#143, #1998, #2002",HIGH,RESTATEMENT. Parent #143.
2006,Spatial Ground Must Treat Canonical Silence as a Design Asset,DUPLICATE / NEAR-DUPLICATE,MERGE INTO STRONGER FINDING OR CLUSTER,Minimality and Semantic Restraint,"#1998, #143, #2001",HIGH,RESTATEMENT. Parent #143 via #1998. METHODOLOGICAL.
2007,Spatial Ground Must Distinguish Unknown Higher Meaning From Unknown Ground Truth,DUPLICATE / NEAR-DUPLICATE,MERGE INTO STRONGER FINDING OR CLUSTER,Exact Membership and Boundary Resolution,"#1336, #178, #2008",HIGH,RESTATEMENT. Parents #15 and #4 via #178 and #1336.
2008,Spatial Ground Must Permit Higher Ambiguity Without Foundational Ambiguity,DUPLICATE / NEAR-DUPLICATE,MERGE INTO STRONGER FINDING OR CLUSTER,Upward Handoff,"#184, #1866, #2007",HIGH,RESTATEMENT. Parents #4 and #8 via #184.
2009,Spatial Ground Must Permit Higher Evolution Without Foundational Reclassification,DUPLICATE / NEAR-DUPLICATE,MERGE INTO STRONGER FINDING OR CLUSTER,Change Control and Permanence,"#600, #4, #2010",HIGH,RESTATEMENT. Parent #4 via #600.
2010,Spatial Ground Must Preserve World Membership as the Stable Baseline,DUPLICATE / NEAR-DUPLICATE,MERGE INTO STRONGER FINDING OR CLUSTER,Upward Handoff,"#89, #1409, #2011",HIGH,RESTATEMENT. Parent #89.
2011,Spatial Ground Must Distinguish Baseline Truth From Higher Defaults,DUPLICATE / NEAR-DUPLICATE,MERGE INTO STRONGER FINDING OR CLUSTER,Upward Handoff,"#23, #2010, #2012",HIGH,INSTANCE. Parent #23: Ground truth is never one more configurable default.
2012,Spatial Ground Must Prevent Default Configuration From Becoming Canon,DUPLICATE / NEAR-DUPLICATE,MERGE INTO STRONGER FINDING OR CLUSTER,Minimality and Semantic Restraint,"#1411, #254, #1965",HIGH,"RESTATEMENT. Parents #19 and #58 via #1411. AUTHORITY GAP: ""unless formally adopted as part of the Ground specification""."
2013,Spatial Ground Must Preserve Explicit Canon Over Implicit Convention,DUPLICATE / NEAR-DUPLICATE,MERGE INTO STRONGER FINDING OR CLUSTER,Minimality and Semantic Restraint,"#1966, #1965, #2014",HIGH,RESTATEMENT. Parent #1411 via #1966: explicit governed rules prevail over conventions inferred from practice.
2014,Spatial Ground Must Avoid “Obvious” Unwritten Spatial Rules,DUPLICATE / NEAR-DUPLICATE,MERGE INTO STRONGER FINDING OR CLUSTER,No Hidden State / Self-Containment,"#148, #526, #2015",HIGH,RESTATEMENT. Parent #27 via #148 and #526: nothing left unwritten because it seemed obvious.
2015,Spatial Ground Must Be Written for Unfamiliar Future Readers,DUPLICATE / NEAR-DUPLICATE,MERGE INTO STRONGER FINDING OR CLUSTER,Terminology Discipline,"#69, #1378, #2016",HIGH,RESTATEMENT. Parent #69.
2016,Spatial Ground Must Preserve Definitions Across Cultural and Technical Distance,DUPLICATE / NEAR-DUPLICATE,MERGE INTO STRONGER FINDING OR CLUSTER,Terminology Discipline,"#1377, #1525, #2015",HIGH,RESTATEMENT. Parents #70 and #469 via #1377 and #1525.
2017,Spatial Ground Must Minimize Reliance on Contemporary Spatial Intuition,DERIVED CONSEQUENCE,MERGE INTO STRONGER FINDING OR CLUSTER,Terminology Discipline,"#1053, #469, #2018",HIGH,"Parent #1053. New: intuitive terms such as inside, outside, edge, surface and boundary do not carry canonical behavior on intuition alone."
2018,Spatial Ground Must Formalize Intuitive Concepts Before Canonizing Them,DUPLICATE / NEAR-DUPLICATE,MERGE INTO STRONGER FINDING OR CLUSTER,Terminology Discipline,"#2017, #1053, #28",HIGH,RESTATEMENT. Parent #2017: an intuitive concept is formalized before it governs anything.
2019,Spatial Ground Must Distinguish Informal “Inside” From Canonical Membership,DUPLICATE / NEAR-DUPLICATE,MERGE INTO STRONGER FINDING OR CLUSTER,Operational Non-Authority,"#50, #2017, #2020",HIGH,INSTANCE. Parent #19 via #50: looking inside a rendered World is not membership.
2020,Spatial Ground Must Distinguish Informal “Outside” From Canonical Non-Membership,DUPLICATE / NEAR-DUPLICATE,MERGE INTO STRONGER FINDING OR CLUSTER,Operational Non-Authority,"#50, #2019, #98",HIGH,INSTANCE. Parent #19 via #50: looking outside is not non-membership.
2021,Spatial Ground Must Distinguish Visual Edge From Membership Transition,DUPLICATE / NEAR-DUPLICATE,MERGE INTO STRONGER FINDING OR CLUSTER,Operational Non-Authority,"#51, #50, #785",HIGH,"RESTATEMENT. Parent #19 via #50 and #51: the visually perceived edge ""may differ from"" the exact membership transition. The most direct statement in the corpus that recognizable form need not coincide with the limit. Bears on reserved #785."
2022,Spatial Ground Must Preserve Exact Membership Beneath Anti-Aliasing,DUPLICATE / NEAR-DUPLICATE,MERGE INTO STRONGER FINDING OR CLUSTER,Operational Non-Authority,"#50, #49, #2023",HIGH,INSTANCE. Parent #19 via #50: anti-aliasing.
2023,Spatial Ground Must Preserve Exact Membership Beneath Procedural Visual Noise,DUPLICATE / NEAR-DUPLICATE,MERGE INTO STRONGER FINDING OR CLUSTER,Operational Non-Authority,"#50, #1430, #2022",HIGH,"INSTANCE. Parent #19 via #50: procedural noise near an edge, ""unless that irregularity is itself explicitly part of the adopted defining geometry"". Leaves coincidence possible by adoption. Bears on reserved #785."
2024,Spatial Ground Must Preserve Exact Membership Beneath Artistic Interpretation,DUPLICATE / NEAR-DUPLICATE,MERGE INTO STRONGER FINDING OR CLUSTER,Higher-Layer Independence,"#1785, #42, #2025",HIGH,INSTANCE. Parent #4 via #42 and #1785: artistic treatment of the edge.
2025,Spatial Ground Must Permit Representational Abstraction,DUPLICATE / NEAR-DUPLICATE,MERGE INTO STRONGER FINDING OR CLUSTER,Upward Handoff,"#182, #50, #2026",HIGH,"INSTANCE. Parents #8 and #19 via #182: an experience may omit, simplify, exaggerate or symbolize and stay anchored. Bears on reserved #785."
2026,Spatial Ground Must Prevent Abstraction From Becoming Authority,DUPLICATE / NEAR-DUPLICATE,MERGE INTO STRONGER FINDING OR CLUSTER,Operational Non-Authority,"#1655, #19, #2025",HIGH,RESTATEMENT. Parent #19 via #1655: being widely recognized gives a representation no authority over membership. Bears on reserved #785.
2027,Spatial Ground Must Preserve Exactness Beneath Generalization,DUPLICATE / NEAR-DUPLICATE,MERGE INTO STRONGER FINDING OR CLUSTER,Operational Non-Authority,"#49, #1659, #2028",HIGH,INSTANCE. Parent #19 via #49: cartographic generalization.
2028,Spatial Ground Must Preserve Exactness Beneath Scale-Dependent Representation,DUPLICATE / NEAR-DUPLICATE,MERGE INTO STRONGER FINDING OR CLUSTER,Precision and Refinement,"#1167, #1129, #2027",HIGH,RESTATEMENT. Parent #244 via #1167.
2029,Spatial Ground Must Preserve Exactness Beneath Semantic Zoom,DUPLICATE / NEAR-DUPLICATE,MERGE INTO STRONGER FINDING OR CLUSTER,Minimality and Semantic Restraint,"#1163, #1850, #2030",HIGH,INSTANCE. Parents #20 and #1850 via #1163: semantic zoom.
2030,Spatial Ground Must Preserve Exactness Beneath Progressive Disclosure,DUPLICATE / NEAR-DUPLICATE,MERGE INTO STRONGER FINDING OR CLUSTER,Higher-Layer Independence,"#308, #1199, #2031",HIGH,INSTANCE. Parent #4 via #308: progressive disclosure.
2031,Spatial Ground Must Distinguish Discovery Interface From Spatial Discovery,DUPLICATE / NEAR-DUPLICATE,MERGE INTO STRONGER FINDING OR CLUSTER,Higher-Layer Independence,"#1791, #32, #2032",HIGH,RESTATEMENT. Parent #4 via #1791.
2032,Spatial Ground Must Distinguish User Exploration From Foundational Discovery,DUPLICATE / NEAR-DUPLICATE,MERGE INTO STRONGER FINDING OR CLUSTER,Higher-Layer Independence,"#1791, #32, #2031",HIGH,INSTANCE. Parent #4 via #32 and #1791: a visitor's personal discovery.
2033,Spatial Ground Must Distinguish Architectural Discovery From User Discovery,DUPLICATE / NEAR-DUPLICATE,MERGE INTO STRONGER FINDING OR CLUSTER,Historical Traceability,"#1791, #2034, #1455",HIGH,INSTANCE. Parent #1791: the Creator's discovery of a foundational truth is a different thing from a visitor's. METHODOLOGICAL.
2034,Spatial Ground Must Distinguish Foundational Discovery From Foundational Invention,DUPLICATE / NEAR-DUPLICATE,MERGE INTO STRONGER FINDING OR CLUSTER,Constitutional Subordination,"#93, #94, #2035",HIGH,"RESTATEMENT. Parent #91 via #93 and #94: recognizing an already-required constitutional truth is not creating it. AUTHORITY: constitutional. Supports the narrow reading of flagged #1652 and the verb ""expresses"" over ""establishes"" (#1 against #93). Settles neither."
2035,Spatial Ground Must Preserve Recognition Before Representation,DUPLICATE / NEAR-DUPLICATE,MERGE INTO STRONGER FINDING OR CLUSTER,Higher-Layer Independence,"#283, #1200, #2",HIGH,RESTATEMENT. Parents #2 and #4 via #283 and #1200.
2036,Spatial Ground Must Distinguish Recognition From Encoding,DUPLICATE / NEAR-DUPLICATE,MERGE INTO STRONGER FINDING OR CLUSTER,Representation Independence,"#29, #19, #2037",HIGH,RESTATEMENT. Parents #19 and #29.
2037,Spatial Ground Must Distinguish Encoding Choice From Canonical Commitment,DUPLICATE / NEAR-DUPLICATE,MERGE INTO STRONGER FINDING OR CLUSTER,Representation Independence,"#29, #2036, #189",HIGH,RESTATEMENT. Parent #29.
2038,Spatial Ground Must Preserve Semantic Continuity Across Encoding Families,DUPLICATE / NEAR-DUPLICATE,MERGE INTO STRONGER FINDING OR CLUSTER,Canonical Equivalence,"#1486, #211, #2039",HIGH,RESTATEMENT. Parent #1486.
2039,Spatial Ground Must Preserve Semantic Continuity Across Formalisms,DUPLICATE / NEAR-DUPLICATE,MERGE INTO STRONGER FINDING OR CLUSTER,Canonical Equivalence,"#1485, #1482, #2038",HIGH,RESTATEMENT. Parents #65 and #1482 via #1485: another formalism may carry the same Ground where equivalence is proven. A model-class change with continuity shown.
2040,Spatial Ground Must Not Require Formalism Loyalty,DUPLICATE / NEAR-DUPLICATE,MERGE INTO STRONGER FINDING OR CLUSTER,Technology and Infrastructure Independence,"#81, #2039, #1304",HIGH,INSTANCE. Parent #81: no loyalty to the first notation.
2041,Spatial Ground Must Distinguish Mathematical Meaning From Mathematical Notation,DUPLICATE / NEAR-DUPLICATE,MERGE INTO STRONGER FINDING OR CLUSTER,Representation Independence,"#29, #2042, #364",HIGH,INSTANCE. Parent #29: notation.
2042,Spatial Ground Must Preserve Mathematical Definitions Across Notational Change,DUPLICATE / NEAR-DUPLICATE,MERGE INTO STRONGER FINDING OR CLUSTER,Canonical Equivalence,"#2041, #1485, #1321",HIGH,"RESTATEMENT. Parents #65 and #2041. Speaks of ""Ground mathematics"" and names none; adds nothing to the Ground-native class of #1627."
2043,Spatial Ground Must Avoid Notation-Dependent Ambiguity,DUPLICATE / NEAR-DUPLICATE,MERGE INTO STRONGER FINDING OR CLUSTER,Finite Expressibility and Determinism,"#364, #713, #2041",HIGH,RESTATEMENT. Parent #27 via #364 and #713.
2044,Spatial Ground Must Preserve Unit Meaning Across Representation,DUPLICATE / NEAR-DUPLICATE,MERGE INTO STRONGER FINDING OR CLUSTER,Survey Dependency / Downward Contract,"#12, #106, #2045",HIGH,"RESTATEMENT. Parent #12: a measure ""inherited from Survey"" keeps its exact meaning however it is formatted. AUTHORITY: FSF."
2045,Spatial Ground Must Prevent Unit Conversion From Becoming Spatial Mutation,DUPLICATE / NEAR-DUPLICATE,MERGE INTO STRONGER FINDING OR CLUSTER,Operational Non-Authority,"#49, #2044, #29",HIGH,INSTANCE. Parents #19 and #29: unit conversion.
2046,Spatial Ground Must Preserve Dimensional Discipline,SPECIFICATION CANDIDATE,MOVE TO SPECIFICATION,Finite Expressibility and Determinism,"#2044, #1315, #1627",HIGH,"New: quantities keep explicit dimensional meaning, so coordinates, lengths, areas and ""dimensionless classifications"" are never confused. AUTHORITY: the measures are FSF's. The only Ground-native quantity in the list is the dimensionless one, membership."
2047,Spatial Ground Must Prevent Dimensional Category Errors,DUPLICATE / NEAR-DUPLICATE,MERGE INTO STRONGER FINDING OR CLUSTER,Conformance and Validation,"#2046, #66, #840",HIGH,INSTANCE. Parents #66 and #2046: operations that misuse quantities of different kinds are rejected or exposed.
2048,Spatial Ground Must Preserve Exact Scale Inheritance,DUPLICATE / NEAR-DUPLICATE,MERGE INTO STRONGER FINDING OR CLUSTER,Survey Dependency / Downward Contract,"#12, #566, #2049",HIGH,RESTATEMENT. Parents #12 and #46 via #566: Ground inherits Survey scale and adds no rescaling. AUTHORITY: FSF. Stands with #12 against the exception clause of flagged #1276.
2049,Spatial Ground Must Preserve Scale Through Future Representation Change,DUPLICATE / NEAR-DUPLICATE,MERGE INTO STRONGER FINDING OR CLUSTER,Survey Dependency / Downward Contract,"#2048, #1664, #12",HIGH,RESTATEMENT. Parent #12 via #2048.
2050,"Spatial Ground Must Remain the Exact Bridge, Not a Second World Model",DUPLICATE / NEAR-DUPLICATE,MERGE INTO STRONGER FINDING OR CLUSTER,Layer Boundaries,"#1247, #1278, #574",HIGH,RESTATEMENT. Parents #30 and #12 via #1247 and #1278. CONSOLIDATION SURVIVOR: Ground holds no simulated or representational universe of its own; it is the exact bridge by which canonical Survey space becomes the enduring ground of the one World.
2051,Spatial Ground Must Distinguish Canonical Ground From Spatial Services,DUPLICATE / NEAR-DUPLICATE,MERGE INTO STRONGER FINDING OR CLUSTER,Operational Non-Authority,"#19, #310, #2052",HIGH,"INSTANCE. Parent #19: routing, search, geocoding and other spatial services."
2052,Spatial Services Must Remain Replaceable,DUPLICATE / NEAR-DUPLICATE,MERGE INTO STRONGER FINDING OR CLUSTER,Technology and Infrastructure Independence,"#239, #2051, #1328",HIGH,RESTATEMENT. Parent #81 via #239.
2053,Spatial Ground Must Preserve Place Without Searchability,DUPLICATE / NEAR-DUPLICATE,MERGE INTO STRONGER FINDING OR CLUSTER,Higher-Layer Independence,"#1955, #1954, #2054",HIGH,RESTATEMENT. Parent #4 via #1955.
2054,Spatial Ground Must Preserve Place Without Navigability,DUPLICATE / NEAR-DUPLICATE,MERGE INTO STRONGER FINDING OR CLUSTER,Interpretation Independence,"#1940, #310, #2053",HIGH,RESTATEMENT. Parent #4 via #1940.
2055,Spatial Ground Must Preserve Place Without Human Legibility,DERIVED CONSEQUENCE,MERGE INTO STRONGER FINDING OR CLUSTER,Exact Membership and Boundary Resolution,"#15, #19, #2056",HIGH,"Root parents #15 and #19. New nuance: a canonical spatial relationship may be hard for a person to visualize and still be fully valid. To be read with #69, which concerns the comprehensibility of rules, not of shapes."
2056,Spatial Ground Must Preserve Human Legibility Where It Does Not Compromise Exactness,DUPLICATE / NEAR-DUPLICATE,MERGE INTO STRONGER FINDING OR CLUSTER,Inquiry Method and Framework Sequencing,"#1326, #1056, #1324",HIGH,RESTATEMENT. Parents #69 and #874 via #1326. METHODOLOGICAL.
2057,Spatial Ground Must Distinguish Understandability From Simplicity of Appearance,DUPLICATE / NEAR-DUPLICATE,MERGE INTO STRONGER FINDING OR CLUSTER,Inquiry Method and Framework Sequencing,"#689, #1906, #2056",HIGH,RESTATEMENT. Parent #874 via #689. METHODOLOGICAL.
2058,Spatial Ground Must Preserve Inspectable Causality,DUPLICATE / NEAR-DUPLICATE,MERGE INTO STRONGER FINDING OR CLUSTER,Reconstruction and Recoverability,"#1435, #1623, #2059",HIGH,RESTATEMENT. Parent #1435.
2059,Spatial Ground Must Avoid Opaque Membership Decisions,DUPLICATE / NEAR-DUPLICATE,MERGE INTO STRONGER FINDING OR CLUSTER,No Hidden State / Self-Containment,"#68, #1728, #2058",HIGH,RESTATEMENT. Parents #27 and #68.
2060,Spatial Ground Must Preserve Explainable Failure,DUPLICATE / NEAR-DUPLICATE,MERGE INTO STRONGER FINDING OR CLUSTER,Failure Semantics,"#1558, #306, #2061",HIGH,RESTATEMENT. Parent #299 via #1558.
2061,Spatial Ground Must Support Formal Reason Codes Where Useful,DUPLICATE / NEAR-DUPLICATE,MERGE INTO STRONGER FINDING OR CLUSTER,Failure Semantics,"#306, #810, #2060",HIGH,RESTATEMENT. Parent #299 via #306.
2062,Failure Classification Must Not Expand Ground Ontology,DUPLICATE / NEAR-DUPLICATE,MERGE INTO STRONGER FINDING OR CLUSTER,Failure Semantics,"#1083, #1559, #2063",HIGH,RESTATEMENT. Parents #15 and #299 via #1083.
2063,Spatial Ground Must Preserve a Closed Canonical Membership Vocabulary,DERIVED CONSEQUENCE,MERGE INTO STRONGER FINDING OR CLUSTER,Exact Membership and Boundary Resolution,"#152, #1169, #1614",HIGH,"Root parent #15 via #152. CONSOLIDATION SURVIVOR: the model exposes only the membership states foundational truth requires and resists new canonical categories; fuses #1083, #1169, #1614, #2062 and #2064."
2064,Spatial Ground Must Distinguish Foundational State From Workflow State,DUPLICATE / NEAR-DUPLICATE,MERGE INTO STRONGER FINDING OR CLUSTER,Exact Membership and Boundary Resolution,"#1614, #155, #2063",HIGH,RESTATEMENT. Parent #15 via #1614.
2065,Spatial Ground Must Distinguish Workflow Status From Canonical Status,DUPLICATE / NEAR-DUPLICATE,MERGE INTO STRONGER FINDING OR CLUSTER,Institutional Authority and Adoption,"#155, #154, #2066",HIGH,RESTATEMENT. Parent #154 via #155.
2066,Spatial Ground Must Preserve Canonical Stability During Workflow,DUPLICATE / NEAR-DUPLICATE,MERGE INTO STRONGER FINDING OR CLUSTER,Single Canonical Truth,"#1611, #1613, #2067",HIGH,"RESTATEMENT. Parent #1611. AUTHORITY GAP: ""until a governed normative act actually does so""."
2067,Spatial Ground Must Support Candidate Comparison Without Candidate Coexistence as Canon,DUPLICATE / NEAR-DUPLICATE,MERGE INTO STRONGER FINDING OR CLUSTER,Single Canonical Truth,"#1611, #1610, #2068",HIGH,RESTATEMENT. Parent #1611.
2068,Candidate Evaluation Must Be Non-Destructive,DERIVED CONSEQUENCE,MERGE INTO STRONGER FINDING OR CLUSTER,Institutional Authority and Adoption,"#154, #4, #2069",HIGH,Root parents #4 and #154. New: evaluating an alternative Ground model never requires mutating established World-space.
2069,Candidate Evaluation Must Be Isolated,DUPLICATE / NEAR-DUPLICATE,MERGE INTO STRONGER FINDING OR CLUSTER,Institutional Authority and Adoption,"#2068, #155, #2070",HIGH,RESTATEMENT. Parent #2068: candidates are kept separable from canon.
2070,Spatial Ground Must Make Experimental Status Machine-Detectable Where Practical,DUPLICATE / NEAR-DUPLICATE,MERGE INTO STRONGER FINDING OR CLUSTER,Institutional Authority and Adoption,"#155, #729, #2076",HIGH,INSTANCE. Parent #154 via #155: candidate status detectable by tooling.
2071,Spatial Ground Must Prevent Test Data From Becoming Canon,DUPLICATE / NEAR-DUPLICATE,MERGE INTO STRONGER FINDING OR CLUSTER,Testing and Adversarial Review,"#950, #1067, #2072",HIGH,RESTATEMENT. Parent #1067 via #950.
2072,Spatial Ground Must Prevent Demonstration Geometry From Becoming Canon,DUPLICATE / NEAR-DUPLICATE,MERGE INTO STRONGER FINDING OR CLUSTER,Terminology Discipline,"#1067, #1466, #2071",HIGH,RESTATEMENT. Parent #1067.
2073,Spatial Ground Must Preserve the Distinction Between Model Tests and World Tests,CONFORMANCE / VALIDATION CANDIDATE,MOVE TO CONFORMANCE / VALIDATION,Testing and Adversarial Review,"#553, #551, #2074",HIGH,New distinction: tests of generic Ground behavior and tests of the actual BitPangea World-space instance are different and kept apart. The conformance form of #551-#553.
2074,Spatial Ground Must Support Generic Conformance Without Creating Generic Worlds,DUPLICATE / NEAR-DUPLICATE,MERGE INTO STRONGER FINDING OR CLUSTER,Testing and Adversarial Review,"#2073, #553, #2075",HIGH,INSTANCE. Parents #553 and #2073: synthetic instances are never BitPangea Worlds.
2075,Spatial Ground Must Preserve One Production Instance,DUPLICATE / NEAR-DUPLICATE,MERGE INTO STRONGER FINDING OR CLUSTER,One World / Singular World-Space,"#553, #21, #2076",HIGH,RESTATEMENT. Parent #21 via #553. AUTHORITY: One World is The Declaration's.
2076,Production Status Must Be Explicit,DUPLICATE / NEAR-DUPLICATE,MERGE INTO STRONGER FINDING OR CLUSTER,Institutional Authority and Adoption,"#155, #2070, #2075",HIGH,RESTATEMENT. Parent #154 via #155.
2077,Spatial Ground Must Prevent Environment Drift,DERIVED CONSEQUENCE,MERGE INTO STRONGER FINDING OR CLUSTER,Single Canonical Truth,"#8, #125, #2080",HIGH,"Root parent #8. New failure mode: development, staging, archival and production environments holding different definitions while each claims to be canonical Ground."
2078,Non-Production Environments Must Reference Canon Where Appropriate,DUPLICATE / NEAR-DUPLICATE,MERGE INTO STRONGER FINDING OR CLUSTER,Single Canonical Truth,"#2077, #155, #2079",HIGH,RESTATEMENT. Parent #2077.
2079,Spatial Ground Must Preserve Environment-Independent Semantics,DUPLICATE / NEAR-DUPLICATE,MERGE INTO STRONGER FINDING OR CLUSTER,No Hidden State / Self-Containment,"#27, #1240, #2080",HIGH,RESTATEMENT. Parent #27 via #1240.
2080,Spatial Ground Must Prevent Configuration-Based Environment Forks,DUPLICATE / NEAR-DUPLICATE,MERGE INTO STRONGER FINDING OR CLUSTER,No Hidden State / Self-Containment,"#714, #2077, #2079",HIGH,INSTANCE. Parent #27 via #714: deployment configuration.
2081,Spatial Ground Must Preserve Deterministic Initialization,DUPLICATE / NEAR-DUPLICATE,MERGE INTO STRONGER FINDING OR CLUSTER,Independent Implementation,"#26, #224, #2084",HIGH,RESTATEMENT. Parent #26.
2082,Spatial Ground Must Prevent Bootstrap Ambiguity,DUPLICATE / NEAR-DUPLICATE,MERGE INTO STRONGER FINDING OR CLUSTER,Single Canonical Truth,"#1431, #1628, #526",HIGH,"RESTATEMENT. Parent #8 via #1431, with #1628: no guessing which definition or which Survey dependency is authoritative."
2083,Spatial Ground Must Define Bootstrap Dependencies,DUPLICATE / NEAR-DUPLICATE,MERGE INTO STRONGER FINDING OR CLUSTER,Reconstruction and Recoverability,"#1562, #1626, #2084",HIGH,RESTATEMENT. Parent #542 via #1562.
2084,Spatial Ground Must Support Clean Bootstrap,DUPLICATE / NEAR-DUPLICATE,MERGE INTO STRONGER FINDING OR CLUSTER,Reconstruction and Recoverability,"#1563, #196, #2083",HIGH,RESTATEMENT. Parent #542 via #1563.
2085,Bootstrap Must Not Require Historical Cache,DUPLICATE / NEAR-DUPLICATE,MERGE INTO STRONGER FINDING OR CLUSTER,Reconstruction and Recoverability,"#44, #592, #2084",HIGH,RESTATEMENT. Parent #44.
2086,Bootstrap Must Not Require Institutional Contact,DUPLICATE / NEAR-DUPLICATE,MERGE INTO STRONGER FINDING OR CLUSTER,No Hidden State / Self-Containment,"#148, #1731, #2084",HIGH,RESTATEMENT. Parents #27 and #147 via #148.
2087,Spatial Ground Must Preserve Bootstrap Verifiability,DUPLICATE / NEAR-DUPLICATE,MERGE INTO STRONGER FINDING OR CLUSTER,Conformance and Validation,"#1384, #962, #2091",HIGH,RESTATEMENT. Parent #191 via #1384.
2088,Spatial Ground Must Support Deterministic Reset,DUPLICATE / NEAR-DUPLICATE,MERGE INTO STRONGER FINDING OR CLUSTER,Operational Non-Authority,"#1570, #534, #2089",HIGH,RESTATEMENT. Parent #19 via #534 and #1570.
2089,Reset Must Not Mean Re-Adoption,DUPLICATE / NEAR-DUPLICATE,MERGE INTO STRONGER FINDING OR CLUSTER,Institutional Authority and Adoption,"#1361, #599, #503",HIGH,"INSTANCE. Parents #503 and #599 via #1361: reinitializing from canonical records is not a new adoption. AUTHORITY GAP: ""institutional adoption""."
2090,Spatial Ground Must Preserve Canon Through Operational Cycles,DUPLICATE / NEAR-DUPLICATE,MERGE INTO STRONGER FINDING OR CLUSTER,Runtime Independence,"#600, #205, #2098",HIGH,RESTATEMENT. Parent #4 via #205 and #600.
2091,Spatial Ground Must Support State Verification After Restart,DUPLICATE / NEAR-DUPLICATE,MERGE INTO STRONGER FINDING OR CLUSTER,Testing and Adversarial Review,"#960, #2087, #2092",HIGH,INSTANCE. Parent #960: comparison before and after a restart.
2092,Spatial Ground Must Detect Post-Restart Divergence,DUPLICATE / NEAR-DUPLICATE,MERGE INTO STRONGER FINDING OR CLUSTER,Failure Semantics,"#858, #524, #2091",HIGH,"RESTATEMENT. Parents #4 and #524 via #858: a different result after restart is a defect, never legitimate evolution."
2093,Spatial Ground Must Support Deterministic Disaster Bootstrap,DUPLICATE / NEAR-DUPLICATE,MERGE INTO STRONGER FINDING OR CLUSTER,Reconstruction and Recoverability,"#84, #1563, #2094",HIGH,RESTATEMENT. Parent #84.
2094,Disaster Bootstrap Must Preserve Absolute Placement,DUPLICATE / NEAR-DUPLICATE,MERGE INTO STRONGER FINDING OR CLUSTER,Canonical Placement,"#1488, #563, #2095",HIGH,"INSTANCE. Parents #46 and #1486 via #1488: recovery restores placement, not a lookalike shape."
2095,Disaster Bootstrap Must Preserve Limit Semantics,DUPLICATE / NEAR-DUPLICATE,MERGE INTO STRONGER FINDING OR CLUSTER,Exact Membership and Boundary Resolution,"#1487, #16, #2094",HIGH,INSTANCE. Parents #16 and #1486 via #1487: recovery restores limit semantics.
2096,Disaster Bootstrap Must Preserve One-World Identity,DUPLICATE / NEAR-DUPLICATE,MERGE INTO STRONGER FINDING OR CLUSTER,One World / Singular World-Space,"#1489, #21, #2097",HIGH,INSTANCE. Parents #21 and #1486 via #1489: recovery restores the same one World. AUTHORITY: The Declaration.
2097,Spatial Ground Must Distinguish Reconstruction From Re-Founding,DERIVED CONSEQUENCE,MERGE INTO STRONGER FINDING OR CLUSTER,Change Control and Permanence,"#1361, #1551, #2096",HIGH,Root parents #4 and #599 via #1361. New distinction: reconstruction after loss preserves the existing World; re-founding would be a new foundational act. CONSOLIDATION SURVIVOR beside #1551. FOUNDATIONAL AUTHORITY GAP: names the act and no one who may perform it.
2098,Spatial Ground Must Preserve Foundational Continuity Without Continuous Operation,DUPLICATE / NEAR-DUPLICATE,MERGE INTO STRONGER FINDING OR CLUSTER,Change Control and Permanence,"#1704, #600, #2099",HIGH,RESTATEMENT. Parent #4 via #600 and #1704.
2099,Spatial Ground Must Preserve Foundational Continuity Without Continuous Custody,DUPLICATE / NEAR-DUPLICATE,MERGE INTO STRONGER FINDING OR CLUSTER,Change Control and Permanence,"#1752, #600, #2098",HIGH,RESTATEMENT. Parent #4 via #600 and #1752.
2100,Spatial Ground Must Make Canonical Ground Recoverable From First Principles,DUPLICATE / NEAR-DUPLICATE,MERGE INTO STRONGER FINDING OR CLUSTER,Reconstruction and Recoverability,"#1585, #542, #1382",HIGH,"RESTATEMENT. Parents #10 and #542 via #1585: the preserved Survey specification, the Ground Requirements and Specification, and the authoritative World-space definition are jointly sufficient, with nothing else from 2026. AUTHORITY: the first is FSF's."
