finding_id,target_id,relation,half,note
#1,CORE-01,SOURCE-OF,,Item-level override.
#2,CORE-01,SOURCE-OF,,Item-level override.
#2,CORE-02,SOURCE-OF,,Item-level override.
#3,CORE-03,SOURCE-OF,,Item-level override.
#3,CORE-06,SOURCE-OF,,Item-level override.
#4,CORE-06,SPLIT-HALF,permanence,Item-level override.
#4,CORE-05a,SPLIT-HALF,independence,Item-level override.
#5,CORE-05a,MERGED-INTO,,Pass #4 cluster target: Interpretation Independence.
#5,BOUND-01,MERGED-INTO,,Pass #4 cluster target: Interpretation Independence.
#6,CORE-05a,SOURCE-OF,,Pass #4 cluster target: Parcel Independence.
#6,BOUND-01,SOURCE-OF,,Pass #4 cluster target: Parcel Independence.
#7,CORE-06,MERGED-INTO,,Pass #4 cluster target: Change Control and Permanence.
#7,Governance Register,MERGED-INTO,,Pass #4 cluster target: Change Control and Permanence.
#8,CORE-04,SOURCE-OF,,Item-level override.
#9,LIM-01,MERGED-INTO,,Item-level override.
#10,DEF-02,SOURCE-OF,,Item-level override.
#11,DEF-06,MERGED-INTO,,Pass #4 cluster target: Precision and Refinement.
#11,DOWN-03,MERGED-INTO,,Pass #4 cluster target: Precision and Refinement.
#12,DOWN-01,SOURCE-OF,,Item-level override.
#13,CORE-02,SOURCE-OF,,Item-level override.
#14,CORE-02,MERGED-INTO,,Pass #4 cluster target: Survey-to-World Relationship.
#15,CORE-03a,SOURCE-OF,total,Item-level override.
#15,CORE-03b,SOURCE-OF,two-valued,Item-level override.
#15,CORE-03c,SOURCE-OF,deterministic,Item-level override.
#16,CORE-03,MERGED-INTO,,Pass #4 cluster target: Exact Membership and Boundary Resolution.
#16,LIM-01,MERGED-INTO,,Pass #4 cluster target: Exact Membership and Boundary Resolution.
#17,CORE-03,MERGED-INTO,,Pass #4 cluster target: Exact Membership and Boundary Resolution.
#17,LIM-01,MERGED-INTO,,Pass #4 cluster target: Exact Membership and Boundary Resolution.
#18,CORE-07,SOURCE-OF,,Pass #4 cluster target: Representation Independence.
#19,CORE-05c,SOURCE-OF,,Item-level override.
#20,BOUND-01,SOURCE-OF,,Item-level override.
#21,CONST-02,SOURCE-OF,,Item-level override.
#22,CONST-04,SOURCE-OF,,Item-level override.
#23,CORE-05a,SOURCE-OF,,Item-level override.
#23,UP-03,SOURCE-OF,,Item-level override.
#24,DOWN-01,MERGED-INTO,,Pass #4 cluster target: Survey Dependency / Downward Contract.
#24,DOWN-02,MERGED-INTO,,Pass #4 cluster target: Survey Dependency / Downward Contract.
#24,DOWN-03,MERGED-INTO,,Pass #4 cluster target: Survey Dependency / Downward Contract.
#24,DOWN-04,MERGED-INTO,,Pass #4 cluster target: Survey Dependency / Downward Contract.
#25,BOUND-01,SOURCE-OF,,Pass #4 cluster target: Layer Boundaries.
#25,Shared Architecture,SOURCE-OF,,Pass #4 cluster target: Layer Boundaries.
#26,CORE-03c,SOURCE-OF,,Item-level override.
#26,CORE-05,SOURCE-OF,,Item-level override.
#27,CORE-05b,SPLIT-HALF,no hidden inputs,Item-level override.
#27,DEF-02,SPLIT-HALF,no hidden rules,Item-level override.
#28,DEF-03,SOURCE-OF,,Item-level override.
#29,CORE-06,SPLIT-HALF,place permanence,Item-level override.
#29,CORE-07,SPLIT-HALF,semantic identity,Item-level override.
#30,BOUND-01,SOURCE-OF,,Item-level override.
#31,CORE-04,MERGED-INTO,,Pass #4 cluster target: Single Canonical Truth.
#31,DEF-01,MERGED-INTO,,Pass #4 cluster target: Single Canonical Truth.
#32,CORE-05a,MERGED-INTO,,Pass #4 cluster target: Higher-Layer Independence.
#33,CORE-05a,MERGED-INTO,,Pass #4 cluster target: Higher-Layer Independence.
#34,CORE-05a,MERGED-INTO,,Pass #4 cluster target: Parcel Independence.
#34,BOUND-01,MERGED-INTO,,Pass #4 cluster target: Parcel Independence.
#35,CORE-05a,MERGED-INTO,,Pass #4 cluster target: Parcel Independence.
#35,BOUND-01,MERGED-INTO,,Pass #4 cluster target: Parcel Independence.
#36,CORE-05a,MERGED-INTO,,Pass #4 cluster target: Parcel Independence.
#36,BOUND-01,MERGED-INTO,,Pass #4 cluster target: Parcel Independence.
#37,CORE-05a,MERGED-INTO,,Pass #4 cluster target: Interpretation Independence.
#37,BOUND-01,MERGED-INTO,,Pass #4 cluster target: Interpretation Independence.
#38,CORE-05a,MERGED-INTO,,Pass #4 cluster target: Interpretation Independence.
#38,BOUND-01,MERGED-INTO,,Pass #4 cluster target: Interpretation Independence.
#39,CORE-05a,MERGED-INTO,,Pass #4 cluster target: Interpretation Independence.
#39,BOUND-01,MERGED-INTO,,Pass #4 cluster target: Interpretation Independence.
#40,CORE-05a,MERGED-INTO,,Pass #4 cluster target: Rights / Governance Independence.
#41,CORE-05a,MERGED-INTO,,Pass #4 cluster target: Runtime Independence.
#41,CORE-05b,MERGED-INTO,,Pass #4 cluster target: Runtime Independence.
#42,CORE-05b,MERGED-INTO,,Pass #4 cluster target: Technology and Infrastructure Independence.
#42,CORE-07,MERGED-INTO,,Pass #4 cluster target: Technology and Infrastructure Independence.
#43,CORE-05b,MERGED-INTO,,Pass #4 cluster target: Technology and Infrastructure Independence.
#43,CORE-07,MERGED-INTO,,Pass #4 cluster target: Technology and Infrastructure Independence.
#44,DEF-02,SOURCE-OF,,Pass #4 cluster target: Reconstruction and Recoverability.
#44,Preservation Register,SOURCE-OF,,Pass #4 cluster target: Reconstruction and Recoverability.
#45,CORE-05a,MERGED-INTO,,Pass #4 cluster target: Higher-Layer Independence.
#46,DOWN-02,SOURCE-OF,,Item-level override.
#47,DOWN-01,MERGED-INTO,,Pass #4 cluster target: Survey Dependency / Downward Contract.
#47,DOWN-02,MERGED-INTO,,Pass #4 cluster target: Survey Dependency / Downward Contract.
#47,DOWN-03,MERGED-INTO,,Pass #4 cluster target: Survey Dependency / Downward Contract.
#47,DOWN-04,MERGED-INTO,,Pass #4 cluster target: Survey Dependency / Downward Contract.
#48,CORE-07,SOURCE-OF,,Pass #4 cluster target: Representation Independence.
#49,CORE-05c,MERGED-INTO,,Pass #4 cluster target: Operational Non-Authority.
#49,CORE-05b,MERGED-INTO,,Pass #4 cluster target: Operational Non-Authority.
#50,CORE-05c,MERGED-INTO,,Pass #4 cluster target: Operational Non-Authority.
#50,CORE-05b,MERGED-INTO,,Pass #4 cluster target: Operational Non-Authority.
#51,BOUND-01,MERGED-INTO,,Pass #4 cluster target: Layer Boundaries.
#51,Shared Architecture,MERGED-INTO,,Pass #4 cluster target: Layer Boundaries.
#52,CORE-05a,MERGED-INTO,,Pass #4 cluster target: Higher-Layer Independence.
#53,CORE-05a,MERGED-INTO,,Pass #4 cluster target: Interpretation Independence.
#53,BOUND-01,MERGED-INTO,,Pass #4 cluster target: Interpretation Independence.
#54,CORE-03a,SOURCE-OF,,Item-level override.
#55,UP-02,SOURCE-OF,,Item-level override.
#56,UP-01,MERGED-INTO,,Pass #4 cluster target: Upward Handoff.
#56,UP-02,MERGED-INTO,,Pass #4 cluster target: Upward Handoff.
#56,UP-03,MERGED-INTO,,Pass #4 cluster target: Upward Handoff.
#57,BOUND-01,MERGED-INTO,,Pass #4 cluster target: Minimality and Semantic Restraint.
#58,BOUND-01,SOURCE-OF,,Item-level override.
#59,BOUND-01,MERGED-INTO,,Pass #4 cluster target: Minimality and Semantic Restraint.
#60,CORE-03b,SOURCE-OF,,Pass #4 cluster target: Failure Semantics.
#60,Conformance Register,SOURCE-OF,,Pass #4 cluster target: Failure Semantics.
#61,CORE-03b,SOURCE-OF,,Pass #4 cluster target: Failure Semantics.
#61,Conformance Register,SOURCE-OF,,Pass #4 cluster target: Failure Semantics.
#62,DEF-04,SOURCE-OF,,Pass #4 cluster target: Conformance and Validation.
#62,Conformance Register,SOURCE-OF,,Pass #4 cluster target: Conformance and Validation.
#63,CORE-05c,SOURCE-OF,,Pass #4 cluster target: Operational Non-Authority.
#63,CORE-05b,SOURCE-OF,,Pass #4 cluster target: Operational Non-Authority.
#64,DEF-04,SOURCE-OF,,Pass #4 cluster target: Conformance and Validation.
#64,Conformance Register,SOURCE-OF,,Pass #4 cluster target: Conformance and Validation.
#65,DEF-05,SOURCE-OF,,Pass #4 cluster target: Canonical Equivalence.
#65,CORE-07,SOURCE-OF,,Pass #4 cluster target: Canonical Equivalence.
#66,CORE-03b,SOURCE-OF,,Pass #4 cluster target: Failure Semantics.
#66,Conformance Register,SOURCE-OF,,Pass #4 cluster target: Failure Semantics.
#67,CORE-03c,MERGED-INTO,,Pass #4 cluster target: Independent Implementation.
#67,CORE-05,MERGED-INTO,,Pass #4 cluster target: Independent Implementation.
#68,CORE-05b,MERGED-INTO,,Pass #4 cluster target: No Hidden State / Self-Containment.
#68,DEF-02,MERGED-INTO,,Pass #4 cluster target: No Hidden State / Self-Containment.
#69,Preservation Register,SOURCE-OF,,Pass #4 cluster target: Preservation and Archival Survival.
#70,DEF-03,MERGED-INTO,,Pass #4 cluster target: Finite Expressibility and Determinism.
#71,CORE-06,MERGED-INTO,,Pass #4 cluster target: Change Control and Permanence.
#71,Governance Register,MERGED-INTO,,Pass #4 cluster target: Change Control and Permanence.
#72,CORE-06,MERGED-INTO,,Pass #4 cluster target: Change Control and Permanence.
#72,Governance Register,MERGED-INTO,,Pass #4 cluster target: Change Control and Permanence.
#73,CORE-06,MERGED-INTO,,Pass #4 cluster target: Change Control and Permanence.
#73,Governance Register,MERGED-INTO,,Pass #4 cluster target: Change Control and Permanence.
#74,CORE-05a,MERGED-INTO,,Pass #4 cluster target: Interpretation Independence.
#74,BOUND-01,MERGED-INTO,,Pass #4 cluster target: Interpretation Independence.
#75,CORE-05a,MERGED-INTO,,Pass #4 cluster target: Interpretation Independence.
#75,BOUND-01,MERGED-INTO,,Pass #4 cluster target: Interpretation Independence.
#76,CORE-05a,MERGED-INTO,,Pass #4 cluster target: Rights / Governance Independence.
#77,CORE-07,MERGED-INTO,,Pass #4 cluster target: Representation Independence.
#78,CORE-05c,MERGED-INTO,,Pass #4 cluster target: Operational Non-Authority.
#78,CORE-05b,MERGED-INTO,,Pass #4 cluster target: Operational Non-Authority.
#79,CORE-05c,MERGED-INTO,,Pass #4 cluster target: Operational Non-Authority.
#79,CORE-05b,MERGED-INTO,,Pass #4 cluster target: Operational Non-Authority.
#80,CORE-05b,MERGED-INTO,,Pass #4 cluster target: Technology and Infrastructure Independence.
#80,CORE-07,MERGED-INTO,,Pass #4 cluster target: Technology and Infrastructure Independence.
#81,CORE-05b,SOURCE-OF,,Item-level override.
#81,CORE-07,SOURCE-OF,,Item-level override.
#82,CORE-05c,MERGED-INTO,,Pass #4 cluster target: Operational Non-Authority.
#82,CORE-05b,MERGED-INTO,,Pass #4 cluster target: Operational Non-Authority.
#83,Preservation Register,SOURCE-OF,,Pass #4 cluster target: Preservation and Archival Survival.
#84,DEF-02,SOURCE-OF,,Pass #4 cluster target: Reconstruction and Recoverability.
#84,Preservation Register,SOURCE-OF,,Pass #4 cluster target: Reconstruction and Recoverability.
#85,Conformance Register,SOURCE-OF,,Pass #4 cluster target: Testing and Adversarial Review.
#86,DEF-04,SOURCE-OF,,Pass #4 cluster target: Conformance and Validation.
#86,Conformance Register,SOURCE-OF,,Pass #4 cluster target: Conformance and Validation.
#87,CORE-03c,MERGED-INTO,,Pass #4 cluster target: Independent Implementation.
#87,CORE-05,MERGED-INTO,,Pass #4 cluster target: Independent Implementation.
#88,DOWN-01,MERGED-INTO,,Pass #4 cluster target: Survey Dependency / Downward Contract.
#88,DOWN-02,MERGED-INTO,,Pass #4 cluster target: Survey Dependency / Downward Contract.
#88,DOWN-03,MERGED-INTO,,Pass #4 cluster target: Survey Dependency / Downward Contract.
#88,DOWN-04,MERGED-INTO,,Pass #4 cluster target: Survey Dependency / Downward Contract.
#89,UP-01,SOURCE-OF,,Item-level override.
#90,BOUND-01,MERGED-INTO,,Pass #4 cluster target: Minimality and Semantic Restraint.
#91,CONST-01,SOURCE-OF,,Item-level override.
#92,CONST-01,MERGED-INTO,,Pass #4 cluster target: Constitutional Subordination.
#92,CONST-05,MERGED-INTO,,Pass #4 cluster target: Constitutional Subordination.
#93,CONST-01,MERGED-INTO,,Pass #4 cluster target: Constitutional Subordination.
#93,CONST-05,MERGED-INTO,,Pass #4 cluster target: Constitutional Subordination.
#94,CONST-01,MERGED-INTO,,Pass #4 cluster target: Constitutional Subordination.
#94,CONST-05,MERGED-INTO,,Pass #4 cluster target: Constitutional Subordination.
#95,CONST-01,MERGED-INTO,,Pass #4 cluster target: Constitutional Subordination.
#95,CONST-05,MERGED-INTO,,Pass #4 cluster target: Constitutional Subordination.
#96,CONST-04,MERGED-INTO,,Pass #4 cluster target: Connectedness and Topology.
#97,CONST-04,SOURCE-OF,,Item-level override.
#98,BOUND-01,MERGED-INTO,,Pass #4 cluster target: Minimality and Semantic Restraint.
#99,BOUND-01,MERGED-INTO,,Pass #4 cluster target: Minimality and Semantic Restraint.
#100,CORE-03,MERGED-INTO,,Pass #4 cluster target: Exact Membership and Boundary Resolution.
#100,LIM-01,MERGED-INTO,,Pass #4 cluster target: Exact Membership and Boundary Resolution.
#101,DEF-06,MERGED-INTO,,Pass #4 cluster target: Precision and Refinement.
#101,DOWN-03,MERGED-INTO,,Pass #4 cluster target: Precision and Refinement.
#102,DOWN-01,MERGED-INTO,,Pass #4 cluster target: Survey Dependency / Downward Contract.
#102,DOWN-02,MERGED-INTO,,Pass #4 cluster target: Survey Dependency / Downward Contract.
#102,DOWN-03,MERGED-INTO,,Pass #4 cluster target: Survey Dependency / Downward Contract.
#102,DOWN-04,MERGED-INTO,,Pass #4 cluster target: Survey Dependency / Downward Contract.
#103,CORE-05a,MERGED-INTO,,Pass #4 cluster target: Interpretation Independence.
#103,BOUND-01,MERGED-INTO,,Pass #4 cluster target: Interpretation Independence.
#104,BOUND-01,MERGED-INTO,,Pass #4 cluster target: Minimality and Semantic Restraint.
#105,BOUND-01,MERGED-INTO,,Pass #4 cluster target: Minimality and Semantic Restraint.
#106,CORE-04,MERGED-INTO,,Pass #4 cluster target: Single Canonical Truth.
#106,DEF-01,MERGED-INTO,,Pass #4 cluster target: Single Canonical Truth.
#107,BOUND-01,MERGED-INTO,,Pass #4 cluster target: Minimality and Semantic Restraint.
#108,BOUND-01,MERGED-INTO,,Pass #4 cluster target: Minimality and Semantic Restraint.
#109,BOUND-01,MERGED-INTO,,Pass #4 cluster target: Minimality and Semantic Restraint.
#110,CORE-05a,MERGED-INTO,,Pass #4 cluster target: Higher-Layer Independence.
#111,CORE-05c,MERGED-INTO,,Pass #4 cluster target: Operational Non-Authority.
#111,CORE-05b,MERGED-INTO,,Pass #4 cluster target: Operational Non-Authority.
#112,CORE-05c,MERGED-INTO,,Pass #4 cluster target: Operational Non-Authority.
#112,CORE-05b,MERGED-INTO,,Pass #4 cluster target: Operational Non-Authority.
#113,CORE-05a,MERGED-INTO,,Pass #4 cluster target: Higher-Layer Independence.
#114,CORE-03,MERGED-INTO,,Pass #4 cluster target: Exact Membership and Boundary Resolution.
#114,LIM-01,MERGED-INTO,,Pass #4 cluster target: Exact Membership and Boundary Resolution.
#115,CORE-03,MERGED-INTO,,Pass #4 cluster target: Exact Membership and Boundary Resolution.
#115,LIM-01,MERGED-INTO,,Pass #4 cluster target: Exact Membership and Boundary Resolution.
#116,DEF-05,SOURCE-OF,,Pass #4 cluster target: Canonical Equivalence.
#116,CORE-07,SOURCE-OF,,Pass #4 cluster target: Canonical Equivalence.
#117,DEF-05,SOURCE-OF,,Pass #4 cluster target: Canonical Equivalence.
#117,CORE-07,SOURCE-OF,,Pass #4 cluster target: Canonical Equivalence.
#118,CORE-03b,SOURCE-OF,,Pass #4 cluster target: Failure Semantics.
#118,Conformance Register,SOURCE-OF,,Pass #4 cluster target: Failure Semantics.
#119,CORE-03b,SOURCE-OF,,Pass #4 cluster target: Failure Semantics.
#119,Conformance Register,SOURCE-OF,,Pass #4 cluster target: Failure Semantics.
#120,DEF-04,SOURCE-OF,,Pass #4 cluster target: Conformance and Validation.
#120,Conformance Register,SOURCE-OF,,Pass #4 cluster target: Conformance and Validation.
#121,CORE-04,MERGED-INTO,,Pass #4 cluster target: Single Canonical Truth.
#121,DEF-01,MERGED-INTO,,Pass #4 cluster target: Single Canonical Truth.
#122,CORE-05c,SOURCE-OF,,Pass #4 cluster target: Operational Non-Authority.
#122,CORE-05b,SOURCE-OF,,Pass #4 cluster target: Operational Non-Authority.
#123,CORE-05b,SOURCE-OF,,Pass #4 cluster target: Technology and Infrastructure Independence.
#123,CORE-07,SOURCE-OF,,Pass #4 cluster target: Technology and Infrastructure Independence.
#124,CORE-04,MERGED-INTO,,Pass #4 cluster target: Single Canonical Truth.
#124,DEF-01,MERGED-INTO,,Pass #4 cluster target: Single Canonical Truth.
#125,CORE-07,MERGED-INTO,,Pass #4 cluster target: Representation Independence.
#126,Preservation Register,SOURCE-OF,,Pass #4 cluster target: Preservation and Archival Survival.
#127,Preservation Register,MERGED-INTO,,Pass #4 cluster target: Preservation and Archival Survival.
#128,Preservation Register,SOURCE-OF,,Pass #4 cluster target: Preservation and Archival Survival.
#129,Preservation Register,MERGED-INTO,,Pass #4 cluster target: Preservation and Archival Survival.
#130,Governance Register,SOURCE-OF,,Pass #4 cluster target: Historical Traceability.
#130,Preservation Register,SOURCE-OF,,Pass #4 cluster target: Historical Traceability.
#131,CORE-05c,MERGED-INTO,,Pass #4 cluster target: Operational Non-Authority.
#131,CORE-05b,MERGED-INTO,,Pass #4 cluster target: Operational Non-Authority.
#132,CORE-06,SOURCE-OF,,Pass #4 cluster target: Change Control and Permanence.
#132,Governance Register,SOURCE-OF,,Pass #4 cluster target: Change Control and Permanence.
#133,CORE-06,SOURCE-OF,,Pass #4 cluster target: Change Control and Permanence.
#133,Governance Register,SOURCE-OF,,Pass #4 cluster target: Change Control and Permanence.
#134,Governance Register,SOURCE-OF,,Pass #4 cluster target: Historical Traceability.
#134,Preservation Register,SOURCE-OF,,Pass #4 cluster target: Historical Traceability.
#135,CORE-06,MERGED-INTO,,Pass #4 cluster target: Change Control and Permanence.
#135,Governance Register,MERGED-INTO,,Pass #4 cluster target: Change Control and Permanence.
#136,CORE-06,MERGED-INTO,,Pass #4 cluster target: Change Control and Permanence.
#136,Governance Register,MERGED-INTO,,Pass #4 cluster target: Change Control and Permanence.
#137,BOUND-01,MERGED-INTO,,Pass #4 cluster target: Minimality and Semantic Restraint.
#138,BOUND-01,MERGED-INTO,,Pass #4 cluster target: Minimality and Semantic Restraint.
#139,BOUND-01,MERGED-INTO,,Pass #4 cluster target: Minimality and Semantic Restraint.
#140,BOUND-01,SOURCE-OF,,Pass #4 cluster target: Minimality and Semantic Restraint.
#141,BOUND-01,MERGED-INTO,,Pass #4 cluster target: Minimality and Semantic Restraint.
#142,CORE-06,SOURCE-OF,,Pass #4 cluster target: Change Control and Permanence.
#142,Governance Register,SOURCE-OF,,Pass #4 cluster target: Change Control and Permanence.
#143,BOUND-01,MERGED-INTO,,Pass #4 cluster target: Minimality and Semantic Restraint.
#144,BOUND-01,MERGED-INTO,,Pass #4 cluster target: Minimality and Semantic Restraint.
#145,Preservation Register,MERGED-INTO,,Pass #4 cluster target: Preservation and Archival Survival.
#146,CORE-05b,MERGED-INTO,,Pass #4 cluster target: Technology and Infrastructure Independence.
#146,CORE-07,MERGED-INTO,,Pass #4 cluster target: Technology and Infrastructure Independence.
#147,Preservation Register,SOURCE-OF,,Pass #4 cluster target: Preservation and Archival Survival.
#148,Preservation Register,MERGED-INTO,,Pass #4 cluster target: Preservation and Archival Survival.
#149,Terminology Register,SOURCE-OF,,Pass #4 cluster target: Terminology Discipline.
#150,CORE-01,MERGED-INTO,,Pass #4 cluster target: Core World-Space Membership.
#151,CORE-01,SOURCE-OF,,Pass #4 cluster target: Core World-Space Membership.
#152,CORE-03,MERGED-INTO,,Pass #4 cluster target: Exact Membership and Boundary Resolution.
#152,LIM-01,MERGED-INTO,,Pass #4 cluster target: Exact Membership and Boundary Resolution.
#153,CORE-03,MERGED-INTO,,Pass #4 cluster target: Exact Membership and Boundary Resolution.
#153,LIM-01,MERGED-INTO,,Pass #4 cluster target: Exact Membership and Boundary Resolution.
#154,IF-01,SOURCE-OF,,Pass #4 cluster target: Institutional Authority and Adoption.
#154,Governance Register,SOURCE-OF,,Pass #4 cluster target: Institutional Authority and Adoption.
#155,IF-01,SOURCE-OF,,Pass #4 cluster target: Institutional Authority and Adoption.
#155,Governance Register,SOURCE-OF,,Pass #4 cluster target: Institutional Authority and Adoption.
#156,IF-01,MERGED-INTO,,Pass #4 cluster target: Institutional Authority and Adoption.
#156,Governance Register,MERGED-INTO,,Pass #4 cluster target: Institutional Authority and Adoption.
#157,CORE-03,SOURCE-OF,,Pass #4 cluster target: Exact Membership and Boundary Resolution.
#157,LIM-01,SOURCE-OF,,Pass #4 cluster target: Exact Membership and Boundary Resolution.
#158,CORE-03,MERGED-INTO,,Pass #4 cluster target: Exact Membership and Boundary Resolution.
#158,LIM-01,MERGED-INTO,,Pass #4 cluster target: Exact Membership and Boundary Resolution.
#159,DOWN-01,SOURCE-OF,,Item-level override.
#160,DOWN-01,MERGED-INTO,,Pass #4 cluster target: Survey Dependency / Downward Contract.
#160,DOWN-02,MERGED-INTO,,Pass #4 cluster target: Survey Dependency / Downward Contract.
#160,DOWN-03,MERGED-INTO,,Pass #4 cluster target: Survey Dependency / Downward Contract.
#160,DOWN-04,MERGED-INTO,,Pass #4 cluster target: Survey Dependency / Downward Contract.
#161,DOWN-01,MERGED-INTO,,Pass #4 cluster target: Survey Dependency / Downward Contract.
#161,DOWN-02,MERGED-INTO,,Pass #4 cluster target: Survey Dependency / Downward Contract.
#161,DOWN-03,MERGED-INTO,,Pass #4 cluster target: Survey Dependency / Downward Contract.
#161,DOWN-04,MERGED-INTO,,Pass #4 cluster target: Survey Dependency / Downward Contract.
#162,DOWN-01,MERGED-INTO,,Pass #4 cluster target: Survey Dependency / Downward Contract.
#162,DOWN-02,MERGED-INTO,,Pass #4 cluster target: Survey Dependency / Downward Contract.
#162,DOWN-03,MERGED-INTO,,Pass #4 cluster target: Survey Dependency / Downward Contract.
#162,DOWN-04,MERGED-INTO,,Pass #4 cluster target: Survey Dependency / Downward Contract.
#163,CORE-02,MERGED-INTO,,Pass #4 cluster target: Survey-to-World Relationship.
#164,CORE-02,MERGED-INTO,,Pass #4 cluster target: Survey-to-World Relationship.
#165,Shared Architecture: DA1,SOURCE-OF,,Item-level override.
#165,Shared Architecture: Failed Dependency Rule,SOURCE-OF,,Item-level override.
#166,DOWN-01,MERGED-INTO,,Pass #4 cluster target: Survey Dependency / Downward Contract.
#166,DOWN-02,MERGED-INTO,,Pass #4 cluster target: Survey Dependency / Downward Contract.
#166,DOWN-03,MERGED-INTO,,Pass #4 cluster target: Survey Dependency / Downward Contract.
#166,DOWN-04,MERGED-INTO,,Pass #4 cluster target: Survey Dependency / Downward Contract.
#167,DOWN-01,MERGED-INTO,,Pass #4 cluster target: Survey Dependency / Downward Contract.
#167,DOWN-02,MERGED-INTO,,Pass #4 cluster target: Survey Dependency / Downward Contract.
#167,DOWN-03,MERGED-INTO,,Pass #4 cluster target: Survey Dependency / Downward Contract.
#167,DOWN-04,MERGED-INTO,,Pass #4 cluster target: Survey Dependency / Downward Contract.
#168,DOWN-01,MERGED-INTO,,Pass #4 cluster target: Survey Dependency / Downward Contract.
#168,DOWN-02,MERGED-INTO,,Pass #4 cluster target: Survey Dependency / Downward Contract.
#168,DOWN-03,MERGED-INTO,,Pass #4 cluster target: Survey Dependency / Downward Contract.
#168,DOWN-04,MERGED-INTO,,Pass #4 cluster target: Survey Dependency / Downward Contract.
#169,DOWN-01,MERGED-INTO,,Pass #4 cluster target: Survey Dependency / Downward Contract.
#169,DOWN-02,MERGED-INTO,,Pass #4 cluster target: Survey Dependency / Downward Contract.
#169,DOWN-03,MERGED-INTO,,Pass #4 cluster target: Survey Dependency / Downward Contract.
#169,DOWN-04,MERGED-INTO,,Pass #4 cluster target: Survey Dependency / Downward Contract.
#170,CORE-02,MERGED-INTO,,Pass #4 cluster target: Canonical Placement.
#171,DOWN-01,MERGED-INTO,,Pass #4 cluster target: Survey Dependency / Downward Contract.
#171,DOWN-02,MERGED-INTO,,Pass #4 cluster target: Survey Dependency / Downward Contract.
#171,DOWN-03,MERGED-INTO,,Pass #4 cluster target: Survey Dependency / Downward Contract.
#171,DOWN-04,MERGED-INTO,,Pass #4 cluster target: Survey Dependency / Downward Contract.
#172,UP-01,MERGED-INTO,,Pass #4 cluster target: Upward Handoff.
#172,UP-02,MERGED-INTO,,Pass #4 cluster target: Upward Handoff.
#172,UP-03,MERGED-INTO,,Pass #4 cluster target: Upward Handoff.
#173,UP-03,SOURCE-OF,,Item-level override.
#174,UP-01,SOURCE-OF,,Item-level override.
#174,CONST-02,SOURCE-OF,,Item-level override.
#174,CONST-03,SOURCE-OF,,Item-level override.
#174,CONST-04,SOURCE-OF,,Item-level override.
#175,UP-01,MERGED-INTO,,Pass #4 cluster target: Upward Handoff.
#175,UP-02,MERGED-INTO,,Pass #4 cluster target: Upward Handoff.
#175,UP-03,MERGED-INTO,,Pass #4 cluster target: Upward Handoff.
#176,UP-01,MERGED-INTO,,Pass #4 cluster target: Upward Handoff.
#176,UP-02,MERGED-INTO,,Pass #4 cluster target: Upward Handoff.
#176,UP-03,MERGED-INTO,,Pass #4 cluster target: Upward Handoff.
#177,CORE-05a,MERGED-INTO,,Pass #4 cluster target: Interpretation Independence.
#177,BOUND-01,MERGED-INTO,,Pass #4 cluster target: Interpretation Independence.
#178,CORE-05a,MERGED-INTO,,Pass #4 cluster target: Interpretation Independence.
#178,BOUND-01,MERGED-INTO,,Pass #4 cluster target: Interpretation Independence.
#179,CORE-05a,MERGED-INTO,,Pass #4 cluster target: Parcel Independence.
#179,BOUND-01,MERGED-INTO,,Pass #4 cluster target: Parcel Independence.
#180,CORE-05a,MERGED-INTO,,Pass #4 cluster target: Parcel Independence.
#180,BOUND-01,MERGED-INTO,,Pass #4 cluster target: Parcel Independence.
#181,CORE-05a,MERGED-INTO,,Pass #4 cluster target: Parcel Independence.
#181,BOUND-01,MERGED-INTO,,Pass #4 cluster target: Parcel Independence.
#182,UP-01,MERGED-INTO,,Pass #4 cluster target: Upward Handoff.
#182,UP-02,MERGED-INTO,,Pass #4 cluster target: Upward Handoff.
#182,UP-03,MERGED-INTO,,Pass #4 cluster target: Upward Handoff.
#183,UP-01,MERGED-INTO,,Pass #4 cluster target: Upward Handoff.
#183,UP-02,MERGED-INTO,,Pass #4 cluster target: Upward Handoff.
#183,UP-03,MERGED-INTO,,Pass #4 cluster target: Upward Handoff.
#184,UP-01,MERGED-INTO,,Pass #4 cluster target: Upward Handoff.
#184,UP-02,MERGED-INTO,,Pass #4 cluster target: Upward Handoff.
#184,UP-03,MERGED-INTO,,Pass #4 cluster target: Upward Handoff.
#185,BOUND-01,MERGED-INTO,,Pass #4 cluster target: Minimality and Semantic Restraint.
#186,CORE-06,MERGED-INTO,,Pass #4 cluster target: Change Control and Permanence.
#186,Governance Register,MERGED-INTO,,Pass #4 cluster target: Change Control and Permanence.
#187,CORE-05a,MERGED-INTO,,Pass #4 cluster target: Runtime Independence.
#187,CORE-05b,MERGED-INTO,,Pass #4 cluster target: Runtime Independence.
#188,CORE-06,MERGED-INTO,,Pass #4 cluster target: Change Control and Permanence.
#188,Governance Register,MERGED-INTO,,Pass #4 cluster target: Change Control and Permanence.
#189,CORE-07,MERGED-INTO,,Pass #4 cluster target: Representation Independence.
#190,CORE-07,MERGED-INTO,,Pass #4 cluster target: Representation Independence.
#191,DEF-04,SOURCE-OF,,Pass #4 cluster target: Conformance and Validation.
#191,Conformance Register,SOURCE-OF,,Pass #4 cluster target: Conformance and Validation.
#192,Conformance Register,SOURCE-OF,,Pass #4 cluster target: Testing and Adversarial Review.
#193,Conformance Register,SOURCE-OF,,Pass #4 cluster target: Testing and Adversarial Review.
#194,DEF-05,SOURCE-OF,,Pass #4 cluster target: Canonical Equivalence.
#194,CORE-07,SOURCE-OF,,Pass #4 cluster target: Canonical Equivalence.
#195,CORE-03b,SOURCE-OF,,Pass #4 cluster target: Failure Semantics.
#195,Conformance Register,SOURCE-OF,,Pass #4 cluster target: Failure Semantics.
#196,DEF-02,SOURCE-OF,,Pass #4 cluster target: Reconstruction and Recoverability.
#196,Preservation Register,SOURCE-OF,,Pass #4 cluster target: Reconstruction and Recoverability.
#197,DEF-05,SOURCE-OF,,Pass #4 cluster target: Canonical Equivalence.
#197,CORE-07,SOURCE-OF,,Pass #4 cluster target: Canonical Equivalence.
#198,DEF-04,SOURCE-OF,,Pass #4 cluster target: Conformance and Validation.
#198,Conformance Register,SOURCE-OF,,Pass #4 cluster target: Conformance and Validation.
#199,Conformance Register,SOURCE-OF,,Pass #4 cluster target: Testing and Adversarial Review.
#200,Preservation Register,SOURCE-OF,,Pass #4 cluster target: Preservation and Archival Survival.
#201,CORE-05c,MERGED-INTO,,Pass #4 cluster target: Operational Non-Authority.
#201,CORE-05b,MERGED-INTO,,Pass #4 cluster target: Operational Non-Authority.
#202,CORE-05a,MERGED-INTO,,Pass #4 cluster target: Runtime Independence.
#202,CORE-05b,MERGED-INTO,,Pass #4 cluster target: Runtime Independence.
#203,Preservation Register,MERGED-INTO,,Pass #4 cluster target: Preservation and Archival Survival.
#204,DEF-02,MERGED-INTO,,Pass #4 cluster target: Reconstruction and Recoverability.
#204,Preservation Register,MERGED-INTO,,Pass #4 cluster target: Reconstruction and Recoverability.
#205,CORE-05c,MERGED-INTO,,Pass #4 cluster target: Operational Non-Authority.
#205,CORE-05b,MERGED-INTO,,Pass #4 cluster target: Operational Non-Authority.
#206,Preservation Register,SOURCE-OF,,Pass #4 cluster target: Preservation and Archival Survival.
#207,CORE-04,MERGED-INTO,,Pass #4 cluster target: Single Canonical Truth.
#207,DEF-01,MERGED-INTO,,Pass #4 cluster target: Single Canonical Truth.
#208,CORE-07,MERGED-INTO,,Pass #4 cluster target: Representation Independence.
#209,CORE-05c,MERGED-INTO,,Pass #4 cluster target: Operational Non-Authority.
#209,CORE-05b,MERGED-INTO,,Pass #4 cluster target: Operational Non-Authority.
#210,CORE-07,SOURCE-OF,,Pass #4 cluster target: Representation Independence.
#211,CORE-07,MERGED-INTO,,Pass #4 cluster target: Representation Independence.
#212,CORE-05b,MERGED-INTO,,Pass #4 cluster target: Technology and Infrastructure Independence.
#212,CORE-07,MERGED-INTO,,Pass #4 cluster target: Technology and Infrastructure Independence.
#213,CORE-07,MERGED-INTO,,Pass #4 cluster target: Representation Independence.
#214,CORE-07,MERGED-INTO,,Pass #4 cluster target: Representation Independence.
#215,DEF-05,SOURCE-OF,,Pass #4 cluster target: Canonical Equivalence.
#215,CORE-07,SOURCE-OF,,Pass #4 cluster target: Canonical Equivalence.
#216,DEF-05,SOURCE-OF,,Pass #4 cluster target: Canonical Equivalence.
#216,CORE-07,SOURCE-OF,,Pass #4 cluster target: Canonical Equivalence.
#217,DEF-05,SOURCE-OF,,Pass #4 cluster target: Canonical Equivalence.
#217,CORE-07,SOURCE-OF,,Pass #4 cluster target: Canonical Equivalence.
#218,DEF-05,MERGED-INTO,,Pass #4 cluster target: Canonical Equivalence.
#218,CORE-07,MERGED-INTO,,Pass #4 cluster target: Canonical Equivalence.
#219,IF-01,SOURCE-OF,,Pass #4 cluster target: Institutional Authority and Adoption.
#219,Governance Register,SOURCE-OF,,Pass #4 cluster target: Institutional Authority and Adoption.
#220,CORE-07,MERGED-INTO,,Pass #4 cluster target: Representation Independence.
#221,CORE-05c,MERGED-INTO,,Pass #4 cluster target: Operational Non-Authority.
#221,CORE-05b,MERGED-INTO,,Pass #4 cluster target: Operational Non-Authority.
#222,CORE-05c,MERGED-INTO,,Pass #4 cluster target: Operational Non-Authority.
#222,CORE-05b,MERGED-INTO,,Pass #4 cluster target: Operational Non-Authority.
#223,CORE-03c,MERGED-INTO,,Pass #4 cluster target: Independent Implementation.
#223,CORE-05,MERGED-INTO,,Pass #4 cluster target: Independent Implementation.
#224,CORE-03c,MERGED-INTO,,Pass #4 cluster target: Independent Implementation.
#224,CORE-05,MERGED-INTO,,Pass #4 cluster target: Independent Implementation.
#225,Terminology Register,SOURCE-OF,,Pass #4 cluster target: Terminology Discipline.
#226,CORE-05a,MERGED-INTO,,Pass #4 cluster target: Higher-Layer Independence.
#227,UP-01,MERGED-INTO,,Pass #4 cluster target: Upward Handoff.
#227,UP-02,MERGED-INTO,,Pass #4 cluster target: Upward Handoff.
#227,UP-03,MERGED-INTO,,Pass #4 cluster target: Upward Handoff.
#228,CORE-03,MERGED-INTO,,Pass #4 cluster target: Exact Membership and Boundary Resolution.
#228,LIM-01,MERGED-INTO,,Pass #4 cluster target: Exact Membership and Boundary Resolution.
#229,CORE-07,MERGED-INTO,,Pass #4 cluster target: Representation Independence.
#230,CORE-07,MERGED-INTO,,Pass #4 cluster target: Representation Independence.
#231,BOUND-01,MERGED-INTO,,Pass #4 cluster target: Minimality and Semantic Restraint.
#232,BOUND-01,SOURCE-OF,,Pass #4 cluster target: Minimality and Semantic Restraint.
#233,DEF-03,SOURCE-OF,,Pass #4 cluster target: Finite Expressibility and Determinism.
#234,BOUND-01,MERGED-INTO,,Pass #4 cluster target: Minimality and Semantic Restraint.
#235,CORE-05c,MERGED-INTO,,Pass #4 cluster target: Operational Non-Authority.
#235,CORE-05b,MERGED-INTO,,Pass #4 cluster target: Operational Non-Authority.
#236,CORE-05c,MERGED-INTO,,Pass #4 cluster target: Operational Non-Authority.
#236,CORE-05b,MERGED-INTO,,Pass #4 cluster target: Operational Non-Authority.
#237,CORE-05c,MERGED-INTO,,Pass #4 cluster target: Operational Non-Authority.
#237,CORE-05b,MERGED-INTO,,Pass #4 cluster target: Operational Non-Authority.
#238,CORE-05c,MERGED-INTO,,Pass #4 cluster target: Operational Non-Authority.
#238,CORE-05b,MERGED-INTO,,Pass #4 cluster target: Operational Non-Authority.
#239,CORE-05b,MERGED-INTO,,Pass #4 cluster target: Technology and Infrastructure Independence.
#239,CORE-07,MERGED-INTO,,Pass #4 cluster target: Technology and Infrastructure Independence.
#240,CORE-05b,MERGED-INTO,,Pass #4 cluster target: Technology and Infrastructure Independence.
#240,CORE-07,MERGED-INTO,,Pass #4 cluster target: Technology and Infrastructure Independence.
#241,BOUND-01,MERGED-INTO,,Pass #4 cluster target: Minimality and Semantic Restraint.
#242,CORE-05b,MERGED-INTO,,Pass #4 cluster target: Technology and Infrastructure Independence.
#242,CORE-07,MERGED-INTO,,Pass #4 cluster target: Technology and Infrastructure Independence.
#243,DOWN-01,MERGED-INTO,,Pass #4 cluster target: Survey Dependency / Downward Contract.
#243,DOWN-02,MERGED-INTO,,Pass #4 cluster target: Survey Dependency / Downward Contract.
#243,DOWN-03,MERGED-INTO,,Pass #4 cluster target: Survey Dependency / Downward Contract.
#243,DOWN-04,MERGED-INTO,,Pass #4 cluster target: Survey Dependency / Downward Contract.
#244,DEF-06,SOURCE-OF,,Item-level override.
#245,DEF-06,SOURCE-OF,,Item-level override.
#246,DEF-06,MERGED-INTO,,Pass #4 cluster target: Precision and Refinement.
#246,DOWN-03,MERGED-INTO,,Pass #4 cluster target: Precision and Refinement.
#247,DEF-06,MERGED-INTO,,Pass #4 cluster target: Precision and Refinement.
#247,DOWN-03,MERGED-INTO,,Pass #4 cluster target: Precision and Refinement.
#248,DEF-06,MERGED-INTO,,Pass #4 cluster target: Precision and Refinement.
#248,DOWN-03,MERGED-INTO,,Pass #4 cluster target: Precision and Refinement.
#249,CORE-03b,MERGED-INTO,,Pass #4 cluster target: Failure Semantics.
#249,Conformance Register,MERGED-INTO,,Pass #4 cluster target: Failure Semantics.
#250,CORE-03,MERGED-INTO,,Pass #4 cluster target: Exact Membership and Boundary Resolution.
#250,LIM-01,MERGED-INTO,,Pass #4 cluster target: Exact Membership and Boundary Resolution.
#251,CORE-03b,SOURCE-OF,,Pass #4 cluster target: Failure Semantics.
#251,Conformance Register,SOURCE-OF,,Pass #4 cluster target: Failure Semantics.
#252,CORE-03b,SOURCE-OF,,Pass #4 cluster target: Failure Semantics.
#252,Conformance Register,SOURCE-OF,,Pass #4 cluster target: Failure Semantics.
#253,CORE-03b,SOURCE-OF,,Pass #4 cluster target: Failure Semantics.
#253,Conformance Register,SOURCE-OF,,Pass #4 cluster target: Failure Semantics.
#254,CORE-03b,SOURCE-OF,,Pass #4 cluster target: Failure Semantics.
#254,Conformance Register,SOURCE-OF,,Pass #4 cluster target: Failure Semantics.
#255,CORE-03b,MERGED-INTO,,Pass #4 cluster target: Failure Semantics.
#255,Conformance Register,MERGED-INTO,,Pass #4 cluster target: Failure Semantics.
#256,CORE-03,MERGED-INTO,,Pass #4 cluster target: Exact Membership and Boundary Resolution.
#256,LIM-01,MERGED-INTO,,Pass #4 cluster target: Exact Membership and Boundary Resolution.
#257,Conformance Register,SOURCE-OF,,Pass #4 cluster target: Testing and Adversarial Review.
#258,CORE-03b,SOURCE-OF,,Pass #4 cluster target: Failure Semantics.
#258,Conformance Register,SOURCE-OF,,Pass #4 cluster target: Failure Semantics.
#259,CONST-03,SOURCE-OF,,Item-level override.
#260,CORE-02,SOURCE-OF,,Item-level override.
#261,CORE-02,MERGED-INTO,,Pass #4 cluster target: Survey-to-World Relationship.
#262,BOUND-01,MERGED-INTO,,Pass #4 cluster target: Layer Boundaries.
#262,Shared Architecture,MERGED-INTO,,Pass #4 cluster target: Layer Boundaries.
#263,BOUND-01,MERGED-INTO,,Pass #4 cluster target: Layer Boundaries.
#263,Shared Architecture,MERGED-INTO,,Pass #4 cluster target: Layer Boundaries.
#264,Shared Architecture: No Duplicated Responsibility,SOURCE-OF,,Item-level override.
#265,Shared Architecture: No Orphaned Responsibility,SOURCE-OF,,Item-level override.
#266,CORE-06,SOURCE-OF,,Pass #4 cluster target: Change Control and Permanence.
#266,Governance Register,SOURCE-OF,,Pass #4 cluster target: Change Control and Permanence.
#267,CORE-06,SOURCE-OF,,Pass #4 cluster target: Change Control and Permanence.
#267,Governance Register,SOURCE-OF,,Pass #4 cluster target: Change Control and Permanence.
#268,BOUND-01,MERGED-INTO,,Pass #4 cluster target: Minimality and Semantic Restraint.
#269,BOUND-01,MERGED-INTO,,Pass #4 cluster target: Minimality and Semantic Restraint.
#270,CORE-03c,MERGED-INTO,,Pass #4 cluster target: Independent Implementation.
#270,CORE-05,MERGED-INTO,,Pass #4 cluster target: Independent Implementation.
#271,CORE-05c,MERGED-INTO,,Pass #4 cluster target: Operational Non-Authority.
#271,CORE-05b,MERGED-INTO,,Pass #4 cluster target: Operational Non-Authority.
#272,CORE-05c,MERGED-INTO,,Pass #4 cluster target: Operational Non-Authority.
#272,CORE-05b,MERGED-INTO,,Pass #4 cluster target: Operational Non-Authority.
#273,BOUND-01,MERGED-INTO,,Pass #4 cluster target: Layer Boundaries.
#273,Shared Architecture,MERGED-INTO,,Pass #4 cluster target: Layer Boundaries.
#274,BOUND-01,MERGED-INTO,,Pass #4 cluster target: Layer Boundaries.
#274,Shared Architecture,MERGED-INTO,,Pass #4 cluster target: Layer Boundaries.
#275,BOUND-01,MERGED-INTO,,Pass #4 cluster target: Layer Boundaries.
#275,Shared Architecture,MERGED-INTO,,Pass #4 cluster target: Layer Boundaries.
#276,BOUND-01,MERGED-INTO,,Pass #4 cluster target: Layer Boundaries.
#276,Shared Architecture,MERGED-INTO,,Pass #4 cluster target: Layer Boundaries.
#277,BOUND-01,SOURCE-OF,,Pass #4 cluster target: Minimality and Semantic Restraint.
#278,BOUND-01,SOURCE-OF,,Pass #4 cluster target: Minimality and Semantic Restraint.
#279,BOUND-01,MERGED-INTO,,Pass #4 cluster target: Minimality and Semantic Restraint.
#280,BOUND-01,MERGED-INTO,,Pass #4 cluster target: Minimality and Semantic Restraint.
#281,CORE-05a,MERGED-INTO,,Pass #4 cluster target: Interpretation Independence.
#281,BOUND-01,MERGED-INTO,,Pass #4 cluster target: Interpretation Independence.
#282,UP-01,MERGED-INTO,,Pass #4 cluster target: Upward Handoff.
#282,UP-02,MERGED-INTO,,Pass #4 cluster target: Upward Handoff.
#282,UP-03,MERGED-INTO,,Pass #4 cluster target: Upward Handoff.
#283,CORE-05a,MERGED-INTO,,Pass #4 cluster target: Interpretation Independence.
#283,BOUND-01,MERGED-INTO,,Pass #4 cluster target: Interpretation Independence.
#284,CORE-05a,MERGED-INTO,,Pass #4 cluster target: Parcel Independence.
#284,BOUND-01,MERGED-INTO,,Pass #4 cluster target: Parcel Independence.
#285,CORE-05a,MERGED-INTO,,Pass #4 cluster target: Higher-Layer Independence.
#286,BOUND-01,MERGED-INTO,,Pass #4 cluster target: Minimality and Semantic Restraint.
#287,BOUND-01,MERGED-INTO,,Pass #4 cluster target: Minimality and Semantic Restraint.
#288,CONST-01,MERGED-INTO,,Pass #4 cluster target: Constitutional Subordination.
#288,CONST-05,MERGED-INTO,,Pass #4 cluster target: Constitutional Subordination.
#289,CONST-01,MERGED-INTO,,Pass #4 cluster target: Constitutional Subordination.
#289,CONST-05,MERGED-INTO,,Pass #4 cluster target: Constitutional Subordination.
#290,CONST-01,MERGED-INTO,,Pass #4 cluster target: Constitutional Subordination.
#290,CONST-05,MERGED-INTO,,Pass #4 cluster target: Constitutional Subordination.
#291,CONST-01,SOURCE-OF,,Pass #4 cluster target: Constitutional Subordination.
#291,CONST-05,SOURCE-OF,,Pass #4 cluster target: Constitutional Subordination.
#292,DOWN-01,SOURCE-OF,,Pass #4 cluster target: Survey Dependency / Downward Contract.
#292,DOWN-02,SOURCE-OF,,Pass #4 cluster target: Survey Dependency / Downward Contract.
#292,DOWN-03,SOURCE-OF,,Pass #4 cluster target: Survey Dependency / Downward Contract.
#292,DOWN-04,SOURCE-OF,,Pass #4 cluster target: Survey Dependency / Downward Contract.
#293,BOUND-01,SOURCE-OF,,Pass #4 cluster target: Layer Boundaries.
#293,Shared Architecture,SOURCE-OF,,Pass #4 cluster target: Layer Boundaries.
#294,Governance Method Annex,SOURCE-OF,,Pass #4 cluster target: Inquiry Method and Framework Sequencing.
#294,Historical,SOURCE-OF,,Pass #4 cluster target: Inquiry Method and Framework Sequencing.
#295,Governance Method Annex,SOURCE-OF,,Pass #4 cluster target: Inquiry Method and Framework Sequencing.
#295,Historical,SOURCE-OF,,Pass #4 cluster target: Inquiry Method and Framework Sequencing.
#296,Governance Method Annex,SOURCE-OF,,Pass #4 cluster target: Inquiry Method and Framework Sequencing.
#296,Historical,SOURCE-OF,,Pass #4 cluster target: Inquiry Method and Framework Sequencing.
#297,Governance Method Annex,SOURCE-OF,,Pass #4 cluster target: Inquiry Method and Framework Sequencing.
#297,Historical,SOURCE-OF,,Pass #4 cluster target: Inquiry Method and Framework Sequencing.
#298,Governance Method Annex,SOURCE-OF,,Pass #4 cluster target: Inquiry Method and Framework Sequencing.
#298,Historical,SOURCE-OF,,Pass #4 cluster target: Inquiry Method and Framework Sequencing.
#299,Governance Method Annex,SOURCE-OF,,Pass #4 cluster target: Inquiry Method and Framework Sequencing.
#299,Historical,SOURCE-OF,,Pass #4 cluster target: Inquiry Method and Framework Sequencing.
#300,Governance Method Annex,MERGED-INTO,,Pass #4 cluster target: Inquiry Method and Framework Sequencing.
#300,Historical,MERGED-INTO,,Pass #4 cluster target: Inquiry Method and Framework Sequencing.
#301,CORE-05a,MERGED-INTO,,Pass #4 cluster target: Higher-Layer Independence.
#302,CORE-05a,MERGED-INTO,,Pass #4 cluster target: Higher-Layer Independence.
#303,CORE-05a,MERGED-INTO,,Pass #4 cluster target: Runtime Independence.
#303,CORE-05b,MERGED-INTO,,Pass #4 cluster target: Runtime Independence.
#304,CORE-05a,MERGED-INTO,,Pass #4 cluster target: Runtime Independence.
#304,CORE-05b,MERGED-INTO,,Pass #4 cluster target: Runtime Independence.
#305,CORE-03b,MERGED-INTO,,Pass #4 cluster target: Failure Semantics.
#305,Conformance Register,MERGED-INTO,,Pass #4 cluster target: Failure Semantics.
#306,CORE-03b,SOURCE-OF,,Pass #4 cluster target: Failure Semantics.
#306,Conformance Register,SOURCE-OF,,Pass #4 cluster target: Failure Semantics.
#307,CORE-05a,MERGED-INTO,,Pass #4 cluster target: Higher-Layer Independence.
#308,CORE-05a,MERGED-INTO,,Pass #4 cluster target: Higher-Layer Independence.
#309,CORE-05a,MERGED-INTO,,Pass #4 cluster target: Rights / Governance Independence.
#310,CORE-05a,MERGED-INTO,,Pass #4 cluster target: Interpretation Independence.
#310,BOUND-01,MERGED-INTO,,Pass #4 cluster target: Interpretation Independence.
#311,CORE-05a,MERGED-INTO,,Pass #4 cluster target: Interpretation Independence.
#311,BOUND-01,MERGED-INTO,,Pass #4 cluster target: Interpretation Independence.
#312,CORE-05a,MERGED-INTO,,Pass #4 cluster target: Interpretation Independence.
#312,BOUND-01,MERGED-INTO,,Pass #4 cluster target: Interpretation Independence.
#313,CORE-05a,MERGED-INTO,,Pass #4 cluster target: Interpretation Independence.
#313,BOUND-01,MERGED-INTO,,Pass #4 cluster target: Interpretation Independence.
#314,CORE-05a,MERGED-INTO,,Pass #4 cluster target: Interpretation Independence.
#314,BOUND-01,MERGED-INTO,,Pass #4 cluster target: Interpretation Independence.
#315,CORE-05a,MERGED-INTO,,Pass #4 cluster target: Interpretation Independence.
#315,BOUND-01,MERGED-INTO,,Pass #4 cluster target: Interpretation Independence.
#316,CORE-05a,MERGED-INTO,,Pass #4 cluster target: Interpretation Independence.
#316,BOUND-01,MERGED-INTO,,Pass #4 cluster target: Interpretation Independence.
#317,CORE-05a,MERGED-INTO,,Pass #4 cluster target: Interpretation Independence.
#317,BOUND-01,MERGED-INTO,,Pass #4 cluster target: Interpretation Independence.
#318,CORE-05a,MERGED-INTO,,Pass #4 cluster target: Interpretation Independence.
#318,BOUND-01,MERGED-INTO,,Pass #4 cluster target: Interpretation Independence.
#319,CORE-05c,MERGED-INTO,,Pass #4 cluster target: Operational Non-Authority.
#319,CORE-05b,MERGED-INTO,,Pass #4 cluster target: Operational Non-Authority.
#320,CORE-05a,MERGED-INTO,,Pass #4 cluster target: Parcel Independence.
#320,BOUND-01,MERGED-INTO,,Pass #4 cluster target: Parcel Independence.
#321,CORE-05a,MERGED-INTO,,Pass #4 cluster target: Interpretation Independence.
#321,BOUND-01,MERGED-INTO,,Pass #4 cluster target: Interpretation Independence.
#322,CORE-05a,MERGED-INTO,,Pass #4 cluster target: Interpretation Independence.
#322,BOUND-01,MERGED-INTO,,Pass #4 cluster target: Interpretation Independence.
#323,CORE-05a,MERGED-INTO,,Pass #4 cluster target: Interpretation Independence.
#323,BOUND-01,MERGED-INTO,,Pass #4 cluster target: Interpretation Independence.
#324,CORE-06,MERGED-INTO,,Pass #4 cluster target: Change Control and Permanence.
#324,Governance Register,MERGED-INTO,,Pass #4 cluster target: Change Control and Permanence.
#325,CORE-06,MERGED-INTO,,Pass #4 cluster target: Change Control and Permanence.
#325,Governance Register,MERGED-INTO,,Pass #4 cluster target: Change Control and Permanence.
#326,CORE-06,MERGED-INTO,,Pass #4 cluster target: Change Control and Permanence.
#326,Governance Register,MERGED-INTO,,Pass #4 cluster target: Change Control and Permanence.
#327,CORE-06,MERGED-INTO,,Pass #4 cluster target: Change Control and Permanence.
#327,Governance Register,MERGED-INTO,,Pass #4 cluster target: Change Control and Permanence.
#328,CORE-06,MERGED-INTO,,Pass #4 cluster target: Change Control and Permanence.
#328,Governance Register,MERGED-INTO,,Pass #4 cluster target: Change Control and Permanence.
#329,CORE-06,MERGED-INTO,,Pass #4 cluster target: Change Control and Permanence.
#329,Governance Register,MERGED-INTO,,Pass #4 cluster target: Change Control and Permanence.
#330,CORE-06,MERGED-INTO,,Pass #4 cluster target: Change Control and Permanence.
#330,Governance Register,MERGED-INTO,,Pass #4 cluster target: Change Control and Permanence.
#331,CORE-05a,MERGED-INTO,,Pass #4 cluster target: Interpretation Independence.
#331,BOUND-01,MERGED-INTO,,Pass #4 cluster target: Interpretation Independence.
#332,CORE-06,MERGED-INTO,,Pass #4 cluster target: Change Control and Permanence.
#332,Governance Register,MERGED-INTO,,Pass #4 cluster target: Change Control and Permanence.
#333,UP-01,MERGED-INTO,,Pass #4 cluster target: Upward Handoff.
#333,UP-02,MERGED-INTO,,Pass #4 cluster target: Upward Handoff.
#333,UP-03,MERGED-INTO,,Pass #4 cluster target: Upward Handoff.
#334,BOUND-01,MERGED-INTO,,Pass #4 cluster target: Layer Boundaries.
#334,Shared Architecture,MERGED-INTO,,Pass #4 cluster target: Layer Boundaries.
#335,BOUND-01,MERGED-INTO,,Pass #4 cluster target: Layer Boundaries.
#335,Shared Architecture,MERGED-INTO,,Pass #4 cluster target: Layer Boundaries.
#336,BOUND-01,MERGED-INTO,,Pass #4 cluster target: Layer Boundaries.
#336,Shared Architecture,MERGED-INTO,,Pass #4 cluster target: Layer Boundaries.
#337,BOUND-01,MERGED-INTO,,Pass #4 cluster target: Layer Boundaries.
#337,Shared Architecture,MERGED-INTO,,Pass #4 cluster target: Layer Boundaries.
#338,BOUND-01,MERGED-INTO,,Pass #4 cluster target: Layer Boundaries.
#338,Shared Architecture,MERGED-INTO,,Pass #4 cluster target: Layer Boundaries.
#339,BOUND-01,MERGED-INTO,,Pass #4 cluster target: Layer Boundaries.
#339,Shared Architecture,MERGED-INTO,,Pass #4 cluster target: Layer Boundaries.
#340,BOUND-01,MERGED-INTO,,Pass #4 cluster target: Layer Boundaries.
#340,Shared Architecture,MERGED-INTO,,Pass #4 cluster target: Layer Boundaries.
#341,CORE-05a,MERGED-INTO,,Pass #4 cluster target: Rights / Governance Independence.
#342,CORE-05c,MERGED-INTO,,Pass #4 cluster target: Operational Non-Authority.
#342,CORE-05b,MERGED-INTO,,Pass #4 cluster target: Operational Non-Authority.
#343,DOWN-01,MERGED-INTO,,Pass #4 cluster target: Survey Dependency / Downward Contract.
#343,DOWN-02,MERGED-INTO,,Pass #4 cluster target: Survey Dependency / Downward Contract.
#343,DOWN-03,MERGED-INTO,,Pass #4 cluster target: Survey Dependency / Downward Contract.
#343,DOWN-04,MERGED-INTO,,Pass #4 cluster target: Survey Dependency / Downward Contract.
#344,CORE-07,MERGED-INTO,,Pass #4 cluster target: Representation Independence.
#345,DEF-06,MERGED-INTO,,Pass #4 cluster target: Precision and Refinement.
#345,DOWN-03,MERGED-INTO,,Pass #4 cluster target: Precision and Refinement.
#346,BOUND-01,SOURCE-OF,,Pass #4 cluster target: Layer Boundaries.
#346,Shared Architecture,SOURCE-OF,,Pass #4 cluster target: Layer Boundaries.
#347,CORE-07,MERGED-INTO,,Pass #4 cluster target: Representation Independence.
#348,CORE-05c,MERGED-INTO,,Pass #4 cluster target: Operational Non-Authority.
#348,CORE-05b,MERGED-INTO,,Pass #4 cluster target: Operational Non-Authority.
#349,IF-01,MERGED-INTO,,Pass #4 cluster target: Institutional Authority and Adoption.
#349,Governance Register,MERGED-INTO,,Pass #4 cluster target: Institutional Authority and Adoption.
#350,IF-01,MERGED-INTO,,Pass #4 cluster target: Institutional Authority and Adoption.
#350,Governance Register,MERGED-INTO,,Pass #4 cluster target: Institutional Authority and Adoption.
#351,IF-01,SOURCE-OF,,Pass #4 cluster target: Institutional Authority and Adoption.
#351,Governance Register,SOURCE-OF,,Pass #4 cluster target: Institutional Authority and Adoption.
#352,CORE-05c,MERGED-INTO,,Pass #4 cluster target: Operational Non-Authority.
#352,CORE-05b,MERGED-INTO,,Pass #4 cluster target: Operational Non-Authority.
#353,CORE-04,MERGED-INTO,,Pass #4 cluster target: Single Canonical Truth.
#353,DEF-01,MERGED-INTO,,Pass #4 cluster target: Single Canonical Truth.
#354,IF-01,SOURCE-OF,,Pass #4 cluster target: Institutional Authority and Adoption.
#354,Governance Register,SOURCE-OF,,Pass #4 cluster target: Institutional Authority and Adoption.
#355,IF-01,MERGED-INTO,,Pass #4 cluster target: Institutional Authority and Adoption.
#355,Governance Register,MERGED-INTO,,Pass #4 cluster target: Institutional Authority and Adoption.
#356,CORE-05b,MERGED-INTO,,Pass #4 cluster target: No Hidden State / Self-Containment.
#356,DEF-02,MERGED-INTO,,Pass #4 cluster target: No Hidden State / Self-Containment.
#357,CORE-05b,MERGED-INTO,,Pass #4 cluster target: No Hidden State / Self-Containment.
#357,DEF-02,MERGED-INTO,,Pass #4 cluster target: No Hidden State / Self-Containment.
#358,CORE-03,MERGED-INTO,,Pass #4 cluster target: Exact Membership and Boundary Resolution.
#358,LIM-01,MERGED-INTO,,Pass #4 cluster target: Exact Membership and Boundary Resolution.
#359,CORE-03,MERGED-INTO,,Pass #4 cluster target: Exact Membership and Boundary Resolution.
#359,LIM-01,MERGED-INTO,,Pass #4 cluster target: Exact Membership and Boundary Resolution.
#360,CORE-03c,MERGED-INTO,,Pass #4 cluster target: Independent Implementation.
#360,CORE-05,MERGED-INTO,,Pass #4 cluster target: Independent Implementation.
#361,CORE-03c,MERGED-INTO,,Pass #4 cluster target: Independent Implementation.
#361,CORE-05,MERGED-INTO,,Pass #4 cluster target: Independent Implementation.
#362,CORE-03c,MERGED-INTO,,Pass #4 cluster target: Independent Implementation.
#362,CORE-05,MERGED-INTO,,Pass #4 cluster target: Independent Implementation.
#363,DEF-03,MERGED-INTO,,Pass #4 cluster target: Finite Expressibility and Determinism.
#364,DEF-03,MERGED-INTO,,Pass #4 cluster target: Finite Expressibility and Determinism.
#365,CORE-05a,MERGED-INTO,,Pass #4 cluster target: Runtime Independence.
#365,CORE-05b,MERGED-INTO,,Pass #4 cluster target: Runtime Independence.
#366,CORE-03c,SOURCE-OF,,Pass #4 cluster target: Independent Implementation.
#366,CORE-05,SOURCE-OF,,Pass #4 cluster target: Independent Implementation.
#367,DEF-03,MERGED-INTO,,Pass #4 cluster target: Finite Expressibility and Determinism.
#368,DEF-05,SOURCE-OF,,Pass #4 cluster target: Canonical Equivalence.
#368,CORE-07,SOURCE-OF,,Pass #4 cluster target: Canonical Equivalence.
#369,DEF-02,MERGED-INTO,,Pass #4 cluster target: Reconstruction and Recoverability.
#369,Preservation Register,MERGED-INTO,,Pass #4 cluster target: Reconstruction and Recoverability.
#370,DEF-03,MERGED-INTO,,Pass #4 cluster target: Finite Expressibility and Determinism.
#371,CORE-05b,MERGED-INTO,,Pass #4 cluster target: Technology and Infrastructure Independence.
#371,CORE-07,MERGED-INTO,,Pass #4 cluster target: Technology and Infrastructure Independence.
#372,CORE-03,MERGED-INTO,,Pass #4 cluster target: Exact Membership and Boundary Resolution.
#372,LIM-01,MERGED-INTO,,Pass #4 cluster target: Exact Membership and Boundary Resolution.
#373,CORE-03,MERGED-INTO,,Pass #4 cluster target: Exact Membership and Boundary Resolution.
#373,LIM-01,MERGED-INTO,,Pass #4 cluster target: Exact Membership and Boundary Resolution.
#374,CORE-05b,MERGED-INTO,,Pass #4 cluster target: No Hidden State / Self-Containment.
#374,DEF-02,MERGED-INTO,,Pass #4 cluster target: No Hidden State / Self-Containment.
#375,CORE-05c,MERGED-INTO,,Pass #4 cluster target: Operational Non-Authority.
#375,CORE-05b,MERGED-INTO,,Pass #4 cluster target: Operational Non-Authority.
#376,DEF-03,MERGED-INTO,,Pass #4 cluster target: Finite Expressibility and Determinism.
#377,IF-01,MERGED-INTO,,Pass #4 cluster target: Institutional Authority and Adoption.
#377,Governance Register,MERGED-INTO,,Pass #4 cluster target: Institutional Authority and Adoption.
#378,BOUND-01,SOURCE-OF,,Pass #4 cluster target: Minimality and Semantic Restraint.
#379,CORE-05b,MERGED-INTO,,Pass #4 cluster target: No Hidden State / Self-Containment.
#379,DEF-02,MERGED-INTO,,Pass #4 cluster target: No Hidden State / Self-Containment.
#380,CORE-05b,MERGED-INTO,,Pass #4 cluster target: No Hidden State / Self-Containment.
#380,DEF-02,MERGED-INTO,,Pass #4 cluster target: No Hidden State / Self-Containment.
#381,BOUND-01,MERGED-INTO,,Pass #4 cluster target: Minimality and Semantic Restraint.
#382,CORE-07,SOURCE-OF,,Pass #4 cluster target: Representation Independence.
#383,CORE-03b,MERGED-INTO,,Pass #4 cluster target: Failure Semantics.
#383,Conformance Register,MERGED-INTO,,Pass #4 cluster target: Failure Semantics.
#384,CORE-03b,SOURCE-OF,,Pass #4 cluster target: Failure Semantics.
#384,Conformance Register,SOURCE-OF,,Pass #4 cluster target: Failure Semantics.
#385,DEF-03,SOURCE-OF,,Pass #4 cluster target: Finite Expressibility and Determinism.
#386,DEF-03,SOURCE-OF,,Pass #4 cluster target: Finite Expressibility and Determinism.
#387,DEF-03,SOURCE-OF,,Pass #4 cluster target: Finite Expressibility and Determinism.
#388,IF-01,SOURCE-OF,,Pass #4 cluster target: Institutional Authority and Adoption.
#388,Governance Register,SOURCE-OF,,Pass #4 cluster target: Institutional Authority and Adoption.
#389,IF-01,SOURCE-OF,,Pass #4 cluster target: Institutional Authority and Adoption.
#389,Governance Register,SOURCE-OF,,Pass #4 cluster target: Institutional Authority and Adoption.
#390,Preservation Register,SOURCE-OF,,Pass #4 cluster target: Preservation and Archival Survival.
#391,Governance Register,SOURCE-OF,,Pass #4 cluster target: Historical Traceability.
#391,Preservation Register,SOURCE-OF,,Pass #4 cluster target: Historical Traceability.
#392,CORE-06,SOURCE-OF,,Pass #4 cluster target: Change Control and Permanence.
#392,Governance Register,SOURCE-OF,,Pass #4 cluster target: Change Control and Permanence.
#393,CORE-06,MERGED-INTO,,Pass #4 cluster target: Change Control and Permanence.
#393,Governance Register,MERGED-INTO,,Pass #4 cluster target: Change Control and Permanence.
#394,CORE-06,MERGED-INTO,,Pass #4 cluster target: Change Control and Permanence.
#394,Governance Register,MERGED-INTO,,Pass #4 cluster target: Change Control and Permanence.
#395,CORE-06,SOURCE-OF,,Pass #4 cluster target: Change Control and Permanence.
#395,Governance Register,SOURCE-OF,,Pass #4 cluster target: Change Control and Permanence.
#396,CORE-06,MERGED-INTO,,Pass #4 cluster target: Change Control and Permanence.
#396,Governance Register,MERGED-INTO,,Pass #4 cluster target: Change Control and Permanence.
#397,CORE-06,MERGED-INTO,,Pass #4 cluster target: Change Control and Permanence.
#397,Governance Register,MERGED-INTO,,Pass #4 cluster target: Change Control and Permanence.
#398,CORE-06,SOURCE-OF,,Pass #4 cluster target: Change Control and Permanence.
#398,Governance Register,SOURCE-OF,,Pass #4 cluster target: Change Control and Permanence.
#399,Terminology Register,SOURCE-OF,,Pass #4 cluster target: Terminology Discipline.
#400,Governance Method Annex,MERGED-INTO,,Pass #4 cluster target: Inquiry Method and Framework Sequencing.
#400,Historical,MERGED-INTO,,Pass #4 cluster target: Inquiry Method and Framework Sequencing.
#401,Governance Method Annex,SOURCE-OF,,Pass #4 cluster target: Inquiry Method and Framework Sequencing.
#401,Historical,SOURCE-OF,,Pass #4 cluster target: Inquiry Method and Framework Sequencing.
#402,Governance Method Annex,SOURCE-OF,,Pass #4 cluster target: Inquiry Method and Framework Sequencing.
#402,Historical,SOURCE-OF,,Pass #4 cluster target: Inquiry Method and Framework Sequencing.
#403,Governance Method Annex,SOURCE-OF,,Pass #4 cluster target: Inquiry Method and Framework Sequencing.
#403,Historical,SOURCE-OF,,Pass #4 cluster target: Inquiry Method and Framework Sequencing.
#404,Governance Method Annex,MERGED-INTO,,Pass #4 cluster target: Inquiry Method and Framework Sequencing.
#404,Historical,MERGED-INTO,,Pass #4 cluster target: Inquiry Method and Framework Sequencing.
#405,Governance Method Annex,SOURCE-OF,,Pass #4 cluster target: Inquiry Method and Framework Sequencing.
#405,Historical,SOURCE-OF,,Pass #4 cluster target: Inquiry Method and Framework Sequencing.
#406,Governance Method Annex,MERGED-INTO,,Pass #4 cluster target: Inquiry Method and Framework Sequencing.
#406,Historical,MERGED-INTO,,Pass #4 cluster target: Inquiry Method and Framework Sequencing.
#407,Governance Method Annex,SOURCE-OF,,Pass #4 cluster target: Inquiry Method and Framework Sequencing.
#407,Historical,SOURCE-OF,,Pass #4 cluster target: Inquiry Method and Framework Sequencing.
#408,Governance Register,SOURCE-OF,,Pass #4 cluster target: Historical Traceability.
#408,Preservation Register,SOURCE-OF,,Pass #4 cluster target: Historical Traceability.
#409,Governance Register,MERGED-INTO,,Pass #4 cluster target: Historical Traceability.
#409,Preservation Register,MERGED-INTO,,Pass #4 cluster target: Historical Traceability.
#410,Preservation Register,MERGED-INTO,,Pass #4 cluster target: Preservation and Archival Survival.
#411,CORE-01,SOURCE-OF,,Pass #4 cluster target: Core World-Space Membership.
#412,CORE-01,MERGED-INTO,,Pass #4 cluster target: Core World-Space Membership.
#413,CORE-01,MERGED-INTO,,Pass #4 cluster target: Core World-Space Membership.
#414,Governance Method Annex,SOURCE-OF,,Pass #4 cluster target: Inquiry Method and Framework Sequencing.
#414,Historical,SOURCE-OF,,Pass #4 cluster target: Inquiry Method and Framework Sequencing.
#415,Governance Method Annex,MERGED-INTO,,Pass #4 cluster target: Inquiry Method and Framework Sequencing.
#415,Historical,MERGED-INTO,,Pass #4 cluster target: Inquiry Method and Framework Sequencing.
#416,BOUND-01,MERGED-INTO,,Pass #4 cluster target: Minimality and Semantic Restraint.
#417,BOUND-01,MERGED-INTO,,Pass #4 cluster target: Minimality and Semantic Restraint.
#418,BOUND-01,MERGED-INTO,,Pass #4 cluster target: Minimality and Semantic Restraint.
#419,CORE-06,SOURCE-OF,,Pass #4 cluster target: Change Control and Permanence.
#419,Governance Register,SOURCE-OF,,Pass #4 cluster target: Change Control and Permanence.
#420,CORE-06,MERGED-INTO,,Pass #4 cluster target: Change Control and Permanence.
#420,Governance Register,MERGED-INTO,,Pass #4 cluster target: Change Control and Permanence.
#421,CORE-06,SOURCE-OF,,Pass #4 cluster target: Change Control and Permanence.
#421,Governance Register,SOURCE-OF,,Pass #4 cluster target: Change Control and Permanence.
#422,BOUND-01,MERGED-INTO,,Pass #4 cluster target: Minimality and Semantic Restraint.
#423,BOUND-01,MERGED-INTO,,Pass #4 cluster target: Minimality and Semantic Restraint.
#424,CORE-06,MERGED-INTO,,Pass #4 cluster target: Change Control and Permanence.
#424,Governance Register,MERGED-INTO,,Pass #4 cluster target: Change Control and Permanence.
#425,CORE-06,MERGED-INTO,,Pass #4 cluster target: Change Control and Permanence.
#425,Governance Register,MERGED-INTO,,Pass #4 cluster target: Change Control and Permanence.
#426,Governance Method Annex,SOURCE-OF,,Pass #4 cluster target: Inquiry Method and Framework Sequencing.
#426,Historical,SOURCE-OF,,Pass #4 cluster target: Inquiry Method and Framework Sequencing.
#427,UP-01,MERGED-INTO,,Pass #4 cluster target: Upward Handoff.
#427,UP-02,MERGED-INTO,,Pass #4 cluster target: Upward Handoff.
#427,UP-03,MERGED-INTO,,Pass #4 cluster target: Upward Handoff.
#428,UP-01,MERGED-INTO,,Pass #4 cluster target: Upward Handoff.
#428,UP-02,MERGED-INTO,,Pass #4 cluster target: Upward Handoff.
#428,UP-03,MERGED-INTO,,Pass #4 cluster target: Upward Handoff.
#429,Governance Method Annex,SOURCE-OF,,Pass #4 cluster target: Inquiry Method and Framework Sequencing.
#429,Historical,SOURCE-OF,,Pass #4 cluster target: Inquiry Method and Framework Sequencing.
#430,CORE-06,SOURCE-OF,,Pass #4 cluster target: Change Control and Permanence.
#430,Governance Register,SOURCE-OF,,Pass #4 cluster target: Change Control and Permanence.
#431,CORE-06,SOURCE-OF,,Pass #4 cluster target: Change Control and Permanence.
#431,Governance Register,SOURCE-OF,,Pass #4 cluster target: Change Control and Permanence.
#432,CORE-06,MERGED-INTO,,Pass #4 cluster target: Change Control and Permanence.
#432,Governance Register,MERGED-INTO,,Pass #4 cluster target: Change Control and Permanence.
#433,CORE-05b,MERGED-INTO,,Pass #4 cluster target: Technology and Infrastructure Independence.
#433,CORE-07,MERGED-INTO,,Pass #4 cluster target: Technology and Infrastructure Independence.
#434,CORE-05a,MERGED-INTO,,Pass #4 cluster target: Interpretation Independence.
#434,BOUND-01,MERGED-INTO,,Pass #4 cluster target: Interpretation Independence.
#435,CORE-05a,MERGED-INTO,,Pass #4 cluster target: Rights / Governance Independence.
#436,CORE-05a,MERGED-INTO,,Pass #4 cluster target: Higher-Layer Independence.
#437,CORE-05a,MERGED-INTO,,Pass #4 cluster target: Higher-Layer Independence.
#438,IF-03,MERGED-INTO,,Item-level override.
#439,CORE-05a,MERGED-INTO,,Pass #4 cluster target: Interpretation Independence.
#439,BOUND-01,MERGED-INTO,,Pass #4 cluster target: Interpretation Independence.
#440,CORE-05a,MERGED-INTO,,Pass #4 cluster target: Higher-Layer Independence.
#441,CORE-05a,MERGED-INTO,,Pass #4 cluster target: Higher-Layer Independence.
#442,CORE-05a,MERGED-INTO,,Pass #4 cluster target: Rights / Governance Independence.
#443,CORE-05a,MERGED-INTO,,Pass #4 cluster target: Higher-Layer Independence.
#444,CORE-05a,MERGED-INTO,,Pass #4 cluster target: Higher-Layer Independence.
#445,CORE-05a,MERGED-INTO,,Pass #4 cluster target: Higher-Layer Independence.
#446,CORE-05a,MERGED-INTO,,Pass #4 cluster target: Runtime Independence.
#446,CORE-05b,MERGED-INTO,,Pass #4 cluster target: Runtime Independence.
#447,CORE-07,MERGED-INTO,,Pass #4 cluster target: Representation Independence.
#448,DEF-04,SOURCE-OF,,Pass #4 cluster target: Conformance and Validation.
#448,Conformance Register,SOURCE-OF,,Pass #4 cluster target: Conformance and Validation.
#449,CORE-04,MERGED-INTO,,Pass #4 cluster target: Single Canonical Truth.
#449,DEF-01,MERGED-INTO,,Pass #4 cluster target: Single Canonical Truth.
#450,IF-01,MERGED-INTO,,Pass #4 cluster target: Institutional Authority and Adoption.
#450,Governance Register,MERGED-INTO,,Pass #4 cluster target: Institutional Authority and Adoption.
#451,IF-01,SOURCE-OF,,Pass #4 cluster target: Institutional Authority and Adoption.
#451,Governance Register,SOURCE-OF,,Pass #4 cluster target: Institutional Authority and Adoption.
#452,IF-01,MERGED-INTO,,Pass #4 cluster target: Institutional Authority and Adoption.
#452,Governance Register,MERGED-INTO,,Pass #4 cluster target: Institutional Authority and Adoption.
#453,IF-01,MERGED-INTO,,Pass #4 cluster target: Institutional Authority and Adoption.
#453,Governance Register,MERGED-INTO,,Pass #4 cluster target: Institutional Authority and Adoption.
#454,CORE-07,MERGED-INTO,,Pass #4 cluster target: Representation Independence.
#455,CORE-07,MERGED-INTO,,Pass #4 cluster target: Representation Independence.
#456,Preservation Register,MERGED-INTO,,Pass #4 cluster target: Preservation and Archival Survival.
#457,Preservation Register,MERGED-INTO,,Pass #4 cluster target: Preservation and Archival Survival.
#458,Preservation Register,SOURCE-OF,,Pass #4 cluster target: Preservation and Archival Survival.
#459,BOUND-01,MERGED-INTO,,Pass #4 cluster target: Minimality and Semantic Restraint.
#460,CORE-05b,MERGED-INTO,,Pass #4 cluster target: No Hidden State / Self-Containment.
#460,DEF-02,MERGED-INTO,,Pass #4 cluster target: No Hidden State / Self-Containment.
#461,BOUND-01,MERGED-INTO,,Pass #4 cluster target: Layer Boundaries.
#461,Shared Architecture,MERGED-INTO,,Pass #4 cluster target: Layer Boundaries.
#462,CORE-05a,MERGED-INTO,,Pass #4 cluster target: Parcel Independence.
#462,BOUND-01,MERGED-INTO,,Pass #4 cluster target: Parcel Independence.
#463,CORE-05a,MERGED-INTO,,Pass #4 cluster target: Interpretation Independence.
#463,BOUND-01,MERGED-INTO,,Pass #4 cluster target: Interpretation Independence.
#464,CORE-05a,MERGED-INTO,,Pass #4 cluster target: Runtime Independence.
#464,CORE-05b,MERGED-INTO,,Pass #4 cluster target: Runtime Independence.
#465,BOUND-01,MERGED-INTO,,Pass #4 cluster target: Layer Boundaries.
#465,Shared Architecture,MERGED-INTO,,Pass #4 cluster target: Layer Boundaries.
#466,DEF-02,SOURCE-OF,,Pass #4 cluster target: Reconstruction and Recoverability.
#466,Preservation Register,SOURCE-OF,,Pass #4 cluster target: Reconstruction and Recoverability.
#467,DOWN-01,MERGED-INTO,,Pass #4 cluster target: Survey Dependency / Downward Contract.
#467,DOWN-02,MERGED-INTO,,Pass #4 cluster target: Survey Dependency / Downward Contract.
#467,DOWN-03,MERGED-INTO,,Pass #4 cluster target: Survey Dependency / Downward Contract.
#467,DOWN-04,MERGED-INTO,,Pass #4 cluster target: Survey Dependency / Downward Contract.
#468,UP-01,MERGED-INTO,,Pass #4 cluster target: Upward Handoff.
#468,UP-02,MERGED-INTO,,Pass #4 cluster target: Upward Handoff.
#468,UP-03,MERGED-INTO,,Pass #4 cluster target: Upward Handoff.
#469,Terminology Register,SOURCE-OF,,Pass #4 cluster target: Terminology Discipline.
#470,Terminology Register,SOURCE-OF,,Pass #4 cluster target: Terminology Discipline.
#471,Terminology Register,SOURCE-OF,,Pass #4 cluster target: Terminology Discipline.
#472,Terminology Register,SOURCE-OF,,Pass #4 cluster target: Terminology Discipline.
#473,Terminology Register,SOURCE-OF,,Pass #4 cluster target: Terminology Discipline.
#474,Terminology Register,SOURCE-OF,,Pass #4 cluster target: Terminology Discipline.
#475,CONST-01,SOURCE-OF,,Pass #4 cluster target: Constitutional Subordination.
#475,CONST-05,SOURCE-OF,,Pass #4 cluster target: Constitutional Subordination.
#476,Terminology Register,SOURCE-OF,,Pass #4 cluster target: Terminology Discipline.
#477,Terminology Register,MERGED-INTO,,Pass #4 cluster target: Terminology Discipline.
#478,Terminology Register,SOURCE-OF,,Pass #4 cluster target: Terminology Discipline.
#479,Terminology Register,SOURCE-OF,,Pass #4 cluster target: Terminology Discipline.
#480,Terminology Register,SOURCE-OF,,Pass #4 cluster target: Terminology Discipline.
#481,BOUND-01,MERGED-INTO,,Pass #4 cluster target: Minimality and Semantic Restraint.
#482,CORE-05a,MERGED-INTO,,Pass #4 cluster target: Interpretation Independence.
#482,BOUND-01,MERGED-INTO,,Pass #4 cluster target: Interpretation Independence.
#483,CORE-05a,MERGED-INTO,,Pass #4 cluster target: Parcel Independence.
#483,BOUND-01,MERGED-INTO,,Pass #4 cluster target: Parcel Independence.
#484,CORE-05a,MERGED-INTO,,Pass #4 cluster target: Interpretation Independence.
#484,BOUND-01,MERGED-INTO,,Pass #4 cluster target: Interpretation Independence.
#485,CORE-05a,MERGED-INTO,,Pass #4 cluster target: Interpretation Independence.
#485,BOUND-01,MERGED-INTO,,Pass #4 cluster target: Interpretation Independence.
#486,CORE-05b,MERGED-INTO,,Pass #4 cluster target: Technology and Infrastructure Independence.
#486,CORE-07,MERGED-INTO,,Pass #4 cluster target: Technology and Infrastructure Independence.
#487,CORE-05b,MERGED-INTO,,Pass #4 cluster target: Technology and Infrastructure Independence.
#487,CORE-07,MERGED-INTO,,Pass #4 cluster target: Technology and Infrastructure Independence.
#488,CORE-05b,MERGED-INTO,,Pass #4 cluster target: Technology and Infrastructure Independence.
#488,CORE-07,MERGED-INTO,,Pass #4 cluster target: Technology and Infrastructure Independence.
#489,DEF-03,MERGED-INTO,,Pass #4 cluster target: Finite Expressibility and Determinism.
#490,CORE-05b,MERGED-INTO,,Pass #4 cluster target: No Hidden State / Self-Containment.
#490,DEF-02,MERGED-INTO,,Pass #4 cluster target: No Hidden State / Self-Containment.
#491,CORE-06,MERGED-INTO,,Pass #4 cluster target: Change Control and Permanence.
#491,Governance Register,MERGED-INTO,,Pass #4 cluster target: Change Control and Permanence.
#492,CORE-05c,MERGED-INTO,,Pass #4 cluster target: Operational Non-Authority.
#492,CORE-05b,MERGED-INTO,,Pass #4 cluster target: Operational Non-Authority.
#493,CORE-05a,MERGED-INTO,,Pass #4 cluster target: Higher-Layer Independence.
#494,UP-01,MERGED-INTO,,Pass #4 cluster target: Upward Handoff.
#494,UP-02,MERGED-INTO,,Pass #4 cluster target: Upward Handoff.
#494,UP-03,MERGED-INTO,,Pass #4 cluster target: Upward Handoff.
#495,CORE-05a,MERGED-INTO,,Pass #4 cluster target: Runtime Independence.
#495,CORE-05b,MERGED-INTO,,Pass #4 cluster target: Runtime Independence.
#496,CORE-03c,MERGED-INTO,,Pass #4 cluster target: Independent Implementation.
#496,CORE-05,MERGED-INTO,,Pass #4 cluster target: Independent Implementation.
#497,CORE-03c,MERGED-INTO,,Pass #4 cluster target: Independent Implementation.
#497,CORE-05,MERGED-INTO,,Pass #4 cluster target: Independent Implementation.
#498,CORE-03c,MERGED-INTO,,Pass #4 cluster target: Independent Implementation.
#498,CORE-05,MERGED-INTO,,Pass #4 cluster target: Independent Implementation.
#499,CORE-05c,MERGED-INTO,,Pass #4 cluster target: Operational Non-Authority.
#499,CORE-05b,MERGED-INTO,,Pass #4 cluster target: Operational Non-Authority.
#500,CORE-04,MERGED-INTO,,Pass #4 cluster target: Single Canonical Truth.
#500,DEF-01,MERGED-INTO,,Pass #4 cluster target: Single Canonical Truth.
#501,CORE-05c,MERGED-INTO,,Pass #4 cluster target: Operational Non-Authority.
#501,CORE-05b,MERGED-INTO,,Pass #4 cluster target: Operational Non-Authority.
#502,CORE-05c,MERGED-INTO,,Pass #4 cluster target: Operational Non-Authority.
#502,CORE-05b,MERGED-INTO,,Pass #4 cluster target: Operational Non-Authority.
#503,IF-01,WORDING-FOR,,Pass #4 cluster target: Institutional Authority and Adoption.
#503,Governance Register,WORDING-FOR,,Pass #4 cluster target: Institutional Authority and Adoption.
#504,IF-01,SOURCE-OF,,Pass #4 cluster target: Institutional Authority and Adoption.
#504,Governance Register,SOURCE-OF,,Pass #4 cluster target: Institutional Authority and Adoption.
#505,IF-01,MERGED-INTO,,Pass #4 cluster target: Institutional Authority and Adoption.
#505,Governance Register,MERGED-INTO,,Pass #4 cluster target: Institutional Authority and Adoption.
#506,IF-01,MERGED-INTO,,Pass #4 cluster target: Institutional Authority and Adoption.
#506,Governance Register,MERGED-INTO,,Pass #4 cluster target: Institutional Authority and Adoption.
#507,IF-01,MERGED-INTO,,Pass #4 cluster target: Institutional Authority and Adoption.
#507,Governance Register,MERGED-INTO,,Pass #4 cluster target: Institutional Authority and Adoption.
#508,IF-01,MERGED-INTO,,Pass #4 cluster target: Institutional Authority and Adoption.
#508,Governance Register,MERGED-INTO,,Pass #4 cluster target: Institutional Authority and Adoption.
#509,IF-01,MERGED-INTO,,Pass #4 cluster target: Institutional Authority and Adoption.
#509,Governance Register,MERGED-INTO,,Pass #4 cluster target: Institutional Authority and Adoption.
#510,IF-01,MERGED-INTO,,Pass #4 cluster target: Institutional Authority and Adoption.
#510,Governance Register,MERGED-INTO,,Pass #4 cluster target: Institutional Authority and Adoption.
#511,CORE-05c,MERGED-INTO,,Pass #4 cluster target: Operational Non-Authority.
#511,CORE-05b,MERGED-INTO,,Pass #4 cluster target: Operational Non-Authority.
#512,CORE-05b,MERGED-INTO,,Pass #4 cluster target: Technology and Infrastructure Independence.
#512,CORE-07,MERGED-INTO,,Pass #4 cluster target: Technology and Infrastructure Independence.
#513,CORE-07,SOURCE-OF,,Pass #4 cluster target: Representation Independence.
#514,Conformance Register,MERGED-INTO,,Pass #4 cluster target: Testing and Adversarial Review.
#515,Conformance Register,SOURCE-OF,,Pass #4 cluster target: Testing and Adversarial Review.
#516,Conformance Register,SOURCE-OF,,Pass #4 cluster target: Testing and Adversarial Review.
#517,Conformance Register,SOURCE-OF,,Pass #4 cluster target: Testing and Adversarial Review.
#518,Conformance Register,SOURCE-OF,,Pass #4 cluster target: Testing and Adversarial Review.
#519,Conformance Register,SOURCE-OF,,Pass #4 cluster target: Testing and Adversarial Review.
#520,Conformance Register,SOURCE-OF,,Pass #4 cluster target: Testing and Adversarial Review.
#521,Conformance Register,SOURCE-OF,,Pass #4 cluster target: Testing and Adversarial Review.
#522,DEF-02,MERGED-INTO,,Pass #4 cluster target: Reconstruction and Recoverability.
#522,Preservation Register,MERGED-INTO,,Pass #4 cluster target: Reconstruction and Recoverability.
#523,CORE-03c,MERGED-INTO,,Pass #4 cluster target: Independent Implementation.
#523,CORE-05,MERGED-INTO,,Pass #4 cluster target: Independent Implementation.
#524,CORE-03c,SOURCE-OF,,Pass #4 cluster target: Independent Implementation.
#524,CORE-05,SOURCE-OF,,Pass #4 cluster target: Independent Implementation.
#525,CORE-03b,MERGED-INTO,,Pass #4 cluster target: Failure Semantics.
#525,Conformance Register,MERGED-INTO,,Pass #4 cluster target: Failure Semantics.
#526,DEF-03,WORDING-FOR,,Pass #4 cluster target: Finite Expressibility and Determinism.
#527,CORE-07,MERGED-INTO,,Pass #4 cluster target: Representation Independence.
#528,CORE-03,MERGED-INTO,,Pass #4 cluster target: Exact Membership and Boundary Resolution.
#528,LIM-01,MERGED-INTO,,Pass #4 cluster target: Exact Membership and Boundary Resolution.
#529,CORE-03,MERGED-INTO,,Pass #4 cluster target: Exact Membership and Boundary Resolution.
#529,LIM-01,MERGED-INTO,,Pass #4 cluster target: Exact Membership and Boundary Resolution.
#530,CORE-05c,MERGED-INTO,,Pass #4 cluster target: Operational Non-Authority.
#530,CORE-05b,MERGED-INTO,,Pass #4 cluster target: Operational Non-Authority.
#531,CORE-05c,MERGED-INTO,,Pass #4 cluster target: Operational Non-Authority.
#531,CORE-05b,MERGED-INTO,,Pass #4 cluster target: Operational Non-Authority.
#532,CORE-05c,SOURCE-OF,,Pass #4 cluster target: Operational Non-Authority.
#532,CORE-05b,SOURCE-OF,,Pass #4 cluster target: Operational Non-Authority.
#533,CORE-05c,MERGED-INTO,,Pass #4 cluster target: Operational Non-Authority.
#533,CORE-05b,MERGED-INTO,,Pass #4 cluster target: Operational Non-Authority.
#534,CORE-05c,SOURCE-OF,,Pass #4 cluster target: Operational Non-Authority.
#534,CORE-05b,SOURCE-OF,,Pass #4 cluster target: Operational Non-Authority.
#535,CORE-05c,MERGED-INTO,,Pass #4 cluster target: Operational Non-Authority.
#535,CORE-05b,MERGED-INTO,,Pass #4 cluster target: Operational Non-Authority.
#536,CORE-05c,MERGED-INTO,,Pass #4 cluster target: Operational Non-Authority.
#536,CORE-05b,MERGED-INTO,,Pass #4 cluster target: Operational Non-Authority.
#537,BOUND-01,MERGED-INTO,,Pass #4 cluster target: Minimality and Semantic Restraint.
#538,Preservation Register,SOURCE-OF,,Pass #4 cluster target: Preservation and Archival Survival.
#539,BOUND-01,MERGED-INTO,,Pass #4 cluster target: Minimality and Semantic Restraint.
#540,BOUND-01,MERGED-INTO,,Pass #4 cluster target: Minimality and Semantic Restraint.
#541,CORE-04,WORDING-FOR,,Pass #4 cluster target: Single Canonical Truth.
#541,DEF-01,WORDING-FOR,,Pass #4 cluster target: Single Canonical Truth.
#542,DEF-02,WORDING-FOR,,Pass #4 cluster target: Reconstruction and Recoverability.
#542,Preservation Register,WORDING-FOR,,Pass #4 cluster target: Reconstruction and Recoverability.
#543,DEF-04,MERGED-INTO,,Pass #4 cluster target: Conformance and Validation.
#543,Conformance Register,MERGED-INTO,,Pass #4 cluster target: Conformance and Validation.
#544,DEF-05,MERGED-INTO,,Pass #4 cluster target: Canonical Equivalence.
#544,CORE-07,MERGED-INTO,,Pass #4 cluster target: Canonical Equivalence.
#545,CORE-03,MERGED-INTO,,Pass #4 cluster target: Exact Membership and Boundary Resolution.
#545,LIM-01,MERGED-INTO,,Pass #4 cluster target: Exact Membership and Boundary Resolution.
#546,CORE-03,MERGED-INTO,,Pass #4 cluster target: Exact Membership and Boundary Resolution.
#546,LIM-01,MERGED-INTO,,Pass #4 cluster target: Exact Membership and Boundary Resolution.
#547,UP-01,MERGED-INTO,,Pass #4 cluster target: Upward Handoff.
#547,UP-02,MERGED-INTO,,Pass #4 cluster target: Upward Handoff.
#547,UP-03,MERGED-INTO,,Pass #4 cluster target: Upward Handoff.
#548,BOUND-01,MERGED-INTO,,Pass #4 cluster target: Layer Boundaries.
#548,Shared Architecture,MERGED-INTO,,Pass #4 cluster target: Layer Boundaries.
#549,Governance Method Annex,MERGED-INTO,,Pass #4 cluster target: Inquiry Method and Framework Sequencing.
#549,Historical,MERGED-INTO,,Pass #4 cluster target: Inquiry Method and Framework Sequencing.
#550,Governance Method Annex,SOURCE-OF,,Pass #4 cluster target: Inquiry Method and Framework Sequencing.
#550,Historical,SOURCE-OF,,Pass #4 cluster target: Inquiry Method and Framework Sequencing.
#551,Terminology Register,SOURCE-OF,,Pass #4 cluster target: Terminology Discipline.
#552,CONST-02,MERGED-INTO,,Pass #4 cluster target: One World / Singular World-Space.
#553,CONST-02,MERGED-INTO,,Pass #4 cluster target: One World / Singular World-Space.
#554,IF-01,SOURCE-OF,,Pass #4 cluster target: Institutional Authority and Adoption.
#554,Governance Register,SOURCE-OF,,Pass #4 cluster target: Institutional Authority and Adoption.
#555,CORE-07,MERGED-INTO,,Pass #4 cluster target: Representation Independence.
#556,CORE-07,MERGED-INTO,,Pass #4 cluster target: Representation Independence.
#557,CORE-07,WORDING-FOR,,Pass #4 cluster target: Representation Independence.
#558,DEF-05,MERGED-INTO,,Pass #4 cluster target: Canonical Equivalence.
#558,CORE-07,MERGED-INTO,,Pass #4 cluster target: Canonical Equivalence.
#559,DEF-05,MERGED-INTO,,Pass #4 cluster target: Canonical Equivalence.
#559,CORE-07,MERGED-INTO,,Pass #4 cluster target: Canonical Equivalence.
#560,DEF-05,MERGED-INTO,,Pass #4 cluster target: Canonical Equivalence.
#560,CORE-07,MERGED-INTO,,Pass #4 cluster target: Canonical Equivalence.
#561,Terminology Register,SOURCE-OF,,Pass #4 cluster target: Terminology Discipline.
#562,CORE-02,MERGED-INTO,,Pass #4 cluster target: Canonical Placement.
#563,CORE-02,MERGED-INTO,,Pass #4 cluster target: Canonical Placement.
#564,CORE-02,MERGED-INTO,,Pass #4 cluster target: Canonical Placement.
#565,CORE-02,MERGED-INTO,,Pass #4 cluster target: Canonical Placement.
#566,CORE-02,MERGED-INTO,,Pass #4 cluster target: Canonical Placement.
#567,CORE-02,MERGED-INTO,,Pass #4 cluster target: Canonical Placement.
#568,CORE-02,MERGED-INTO,,Pass #4 cluster target: Canonical Placement.
#569,CORE-07,MERGED-INTO,,Pass #4 cluster target: Representation Independence.
#570,CORE-05c,MERGED-INTO,,Pass #4 cluster target: Operational Non-Authority.
#570,CORE-05b,MERGED-INTO,,Pass #4 cluster target: Operational Non-Authority.
#571,CORE-02,MERGED-INTO,,Pass #4 cluster target: Canonical Placement.
#572,CORE-02,MERGED-INTO,,Pass #4 cluster target: Canonical Placement.
#573,CORE-01,MERGED-INTO,,Pass #4 cluster target: Core World-Space Membership.
#574,CORE-01,WORDING-FOR,,Pass #4 cluster target: Core World-Space Membership.
#575,BOUND-01,MERGED-INTO,,Pass #4 cluster target: Layer Boundaries.
#575,Shared Architecture,MERGED-INTO,,Pass #4 cluster target: Layer Boundaries.
#576,DOWN-01,MERGED-INTO,,Pass #4 cluster target: Survey Dependency / Downward Contract.
#576,DOWN-02,MERGED-INTO,,Pass #4 cluster target: Survey Dependency / Downward Contract.
#576,DOWN-03,MERGED-INTO,,Pass #4 cluster target: Survey Dependency / Downward Contract.
#576,DOWN-04,MERGED-INTO,,Pass #4 cluster target: Survey Dependency / Downward Contract.
#577,Preservation Register,SOURCE-OF,,Pass #4 cluster target: Preservation and Archival Survival.
#578,Preservation Register,SOURCE-OF,,Pass #4 cluster target: Preservation and Archival Survival.
#579,Preservation Register,MERGED-INTO,,Pass #4 cluster target: Preservation and Archival Survival.
#580,CORE-05c,MERGED-INTO,,Pass #4 cluster target: Operational Non-Authority.
#580,CORE-05b,MERGED-INTO,,Pass #4 cluster target: Operational Non-Authority.
#581,DOWN-01,SOURCE-OF,,Pass #4 cluster target: Survey Dependency / Downward Contract.
#581,DOWN-02,SOURCE-OF,,Pass #4 cluster target: Survey Dependency / Downward Contract.
#581,DOWN-03,SOURCE-OF,,Pass #4 cluster target: Survey Dependency / Downward Contract.
#581,DOWN-04,SOURCE-OF,,Pass #4 cluster target: Survey Dependency / Downward Contract.
#582,UP-01,SOURCE-OF,,Pass #4 cluster target: Upward Handoff.
#582,UP-02,SOURCE-OF,,Pass #4 cluster target: Upward Handoff.
#582,UP-03,SOURCE-OF,,Pass #4 cluster target: Upward Handoff.
#583,DOWN-01,MERGED-INTO,,Pass #4 cluster target: Survey Dependency / Downward Contract.
#583,DOWN-02,MERGED-INTO,,Pass #4 cluster target: Survey Dependency / Downward Contract.
#583,DOWN-03,MERGED-INTO,,Pass #4 cluster target: Survey Dependency / Downward Contract.
#583,DOWN-04,MERGED-INTO,,Pass #4 cluster target: Survey Dependency / Downward Contract.
#584,CORE-05a,MERGED-INTO,,Pass #4 cluster target: Higher-Layer Independence.
#585,CORE-03b,MERGED-INTO,,Pass #4 cluster target: Failure Semantics.
#585,Conformance Register,MERGED-INTO,,Pass #4 cluster target: Failure Semantics.
#586,CORE-03,SOURCE-OF,,Pass #4 cluster target: Exact Membership and Boundary Resolution.
#586,LIM-01,SOURCE-OF,,Pass #4 cluster target: Exact Membership and Boundary Resolution.
#587,CORE-05b,MERGED-INTO,,Pass #4 cluster target: No Hidden State / Self-Containment.
#587,DEF-02,MERGED-INTO,,Pass #4 cluster target: No Hidden State / Self-Containment.
#588,CORE-05b,MERGED-INTO,,Pass #4 cluster target: No Hidden State / Self-Containment.
#588,DEF-02,MERGED-INTO,,Pass #4 cluster target: No Hidden State / Self-Containment.
#589,DEF-03,MERGED-INTO,,Pass #4 cluster target: Finite Expressibility and Determinism.
#590,CORE-05b,MERGED-INTO,,Pass #4 cluster target: No Hidden State / Self-Containment.
#590,DEF-02,MERGED-INTO,,Pass #4 cluster target: No Hidden State / Self-Containment.
#591,CORE-05b,MERGED-INTO,,Pass #4 cluster target: No Hidden State / Self-Containment.
#591,DEF-02,MERGED-INTO,,Pass #4 cluster target: No Hidden State / Self-Containment.
#592,CORE-05c,MERGED-INTO,,Pass #4 cluster target: Operational Non-Authority.
#592,CORE-05b,MERGED-INTO,,Pass #4 cluster target: Operational Non-Authority.
#593,CORE-05c,SOURCE-OF,,Pass #4 cluster target: Operational Non-Authority.
#593,CORE-05b,SOURCE-OF,,Pass #4 cluster target: Operational Non-Authority.
#594,CORE-05c,MERGED-INTO,,Pass #4 cluster target: Operational Non-Authority.
#594,CORE-05b,MERGED-INTO,,Pass #4 cluster target: Operational Non-Authority.
#595,DEF-02,MERGED-INTO,,Pass #4 cluster target: Reconstruction and Recoverability.
#595,Preservation Register,MERGED-INTO,,Pass #4 cluster target: Reconstruction and Recoverability.
#596,CORE-06,MERGED-INTO,,Pass #4 cluster target: Change Control and Permanence.
#596,Governance Register,MERGED-INTO,,Pass #4 cluster target: Change Control and Permanence.
#597,CORE-05c,MERGED-INTO,,Pass #4 cluster target: Operational Non-Authority.
#597,CORE-05b,MERGED-INTO,,Pass #4 cluster target: Operational Non-Authority.
#598,DEF-04,SOURCE-OF,,Pass #4 cluster target: Conformance and Validation.
#598,Conformance Register,SOURCE-OF,,Pass #4 cluster target: Conformance and Validation.
#599,CORE-06,MERGED-INTO,,Pass #4 cluster target: Change Control and Permanence.
#599,Governance Register,MERGED-INTO,,Pass #4 cluster target: Change Control and Permanence.
#600,CORE-06,WORDING-FOR,,Pass #4 cluster target: Change Control and Permanence.
#600,Governance Register,WORDING-FOR,,Pass #4 cluster target: Change Control and Permanence.
#601,CORE-06,MERGED-INTO,,Pass #4 cluster target: Change Control and Permanence.
#601,Governance Register,MERGED-INTO,,Pass #4 cluster target: Change Control and Permanence.
#602,CORE-05b,MERGED-INTO,,Pass #4 cluster target: Technology and Infrastructure Independence.
#602,CORE-07,MERGED-INTO,,Pass #4 cluster target: Technology and Infrastructure Independence.
#603,CORE-05b,MERGED-INTO,,Pass #4 cluster target: Technology and Infrastructure Independence.
#603,CORE-07,MERGED-INTO,,Pass #4 cluster target: Technology and Infrastructure Independence.
#604,Preservation Register,MERGED-INTO,,Pass #4 cluster target: Preservation and Archival Survival.
#605,Preservation Register,MERGED-INTO,,Pass #4 cluster target: Preservation and Archival Survival.
#606,CORE-04,MERGED-INTO,,Pass #4 cluster target: Single Canonical Truth.
#606,DEF-01,MERGED-INTO,,Pass #4 cluster target: Single Canonical Truth.
#607,CORE-07,MERGED-INTO,,Pass #4 cluster target: Representation Independence.
#608,CORE-05b,MERGED-INTO,,Pass #4 cluster target: Technology and Infrastructure Independence.
#608,CORE-07,MERGED-INTO,,Pass #4 cluster target: Technology and Infrastructure Independence.
#609,Preservation Register,MERGED-INTO,,Pass #4 cluster target: Preservation and Archival Survival.
#610,CORE-07,SOURCE-OF,,Pass #4 cluster target: Representation Independence.
#611,Preservation Register,MERGED-INTO,,Pass #4 cluster target: Preservation and Archival Survival.
#612,DEF-03,SOURCE-OF,,Pass #4 cluster target: Finite Expressibility and Determinism.
#613,DEF-03,SOURCE-OF,,Pass #4 cluster target: Finite Expressibility and Determinism.
#614,DEF-03,SOURCE-OF,,Pass #4 cluster target: Finite Expressibility and Determinism.
#615,DEF-03,SOURCE-OF,,Pass #4 cluster target: Finite Expressibility and Determinism.
#616,CORE-07,MERGED-INTO,,Pass #4 cluster target: Representation Independence.
#617,CORE-07,MERGED-INTO,,Pass #4 cluster target: Representation Independence.
#618,DEF-04,MERGED-INTO,,Pass #4 cluster target: Conformance and Validation.
#618,Conformance Register,MERGED-INTO,,Pass #4 cluster target: Conformance and Validation.
#619,DEF-04,SOURCE-OF,,Pass #4 cluster target: Conformance and Validation.
#619,Conformance Register,SOURCE-OF,,Pass #4 cluster target: Conformance and Validation.
#620,DEF-04,SOURCE-OF,,Pass #4 cluster target: Conformance and Validation.
#620,Conformance Register,SOURCE-OF,,Pass #4 cluster target: Conformance and Validation.
#621,DEF-04,MERGED-INTO,,Pass #4 cluster target: Conformance and Validation.
#621,Conformance Register,MERGED-INTO,,Pass #4 cluster target: Conformance and Validation.
#622,DEF-03,MERGED-INTO,,Pass #4 cluster target: Finite Expressibility and Determinism.
#623,CORE-03b,MERGED-INTO,,Pass #4 cluster target: Failure Semantics.
#623,Conformance Register,MERGED-INTO,,Pass #4 cluster target: Failure Semantics.
#624,CORE-03b,MERGED-INTO,,Pass #4 cluster target: Failure Semantics.
#624,Conformance Register,MERGED-INTO,,Pass #4 cluster target: Failure Semantics.
#625,CORE-03b,MERGED-INTO,,Pass #4 cluster target: Failure Semantics.
#625,Conformance Register,MERGED-INTO,,Pass #4 cluster target: Failure Semantics.
#626,CORE-03b,SOURCE-OF,,Pass #4 cluster target: Failure Semantics.
#626,Conformance Register,SOURCE-OF,,Pass #4 cluster target: Failure Semantics.
#627,CORE-05a,MERGED-INTO,,Pass #4 cluster target: Higher-Layer Independence.
#628,DEF-04,MERGED-INTO,,Pass #4 cluster target: Conformance and Validation.
#628,Conformance Register,MERGED-INTO,,Pass #4 cluster target: Conformance and Validation.
#629,DEF-04,MERGED-INTO,,Pass #4 cluster target: Conformance and Validation.
#629,Conformance Register,MERGED-INTO,,Pass #4 cluster target: Conformance and Validation.
#630,DEF-04,MERGED-INTO,,Pass #4 cluster target: Conformance and Validation.
#630,Conformance Register,MERGED-INTO,,Pass #4 cluster target: Conformance and Validation.
#631,CORE-03c,MERGED-INTO,,Pass #4 cluster target: Independent Implementation.
#631,CORE-05,MERGED-INTO,,Pass #4 cluster target: Independent Implementation.
#632,CORE-03c,MERGED-INTO,,Pass #4 cluster target: Independent Implementation.
#632,CORE-05,MERGED-INTO,,Pass #4 cluster target: Independent Implementation.
#633,Conformance Register,SOURCE-OF,,Pass #4 cluster target: Testing and Adversarial Review.
#634,Conformance Register,MERGED-INTO,,Pass #4 cluster target: Testing and Adversarial Review.
#635,Conformance Register,MERGED-INTO,,Pass #4 cluster target: Testing and Adversarial Review.
#636,Conformance Register,MERGED-INTO,,Pass #4 cluster target: Testing and Adversarial Review.
#637,Conformance Register,SOURCE-OF,,Pass #4 cluster target: Testing and Adversarial Review.
#638,Conformance Register,SOURCE-OF,,Pass #4 cluster target: Testing and Adversarial Review.
#639,Conformance Register,MERGED-INTO,,Pass #4 cluster target: Testing and Adversarial Review.
#640,Conformance Register,SOURCE-OF,,Pass #4 cluster target: Testing and Adversarial Review.
#641,Conformance Register,SOURCE-OF,,Pass #4 cluster target: Testing and Adversarial Review.
#642,Conformance Register,SOURCE-OF,,Pass #4 cluster target: Testing and Adversarial Review.
#643,Conformance Register,SOURCE-OF,,Pass #4 cluster target: Testing and Adversarial Review.
#644,Conformance Register,SOURCE-OF,,Pass #4 cluster target: Testing and Adversarial Review.
#645,CORE-03c,SOURCE-OF,,Pass #4 cluster target: Independent Implementation.
#645,CORE-05,SOURCE-OF,,Pass #4 cluster target: Independent Implementation.
#646,CORE-03c,MERGED-INTO,,Pass #4 cluster target: Independent Implementation.
#646,CORE-05,MERGED-INTO,,Pass #4 cluster target: Independent Implementation.
#647,DEF-04,WORDING-FOR,,Pass #4 cluster target: Conformance and Validation.
#647,Conformance Register,WORDING-FOR,,Pass #4 cluster target: Conformance and Validation.
#648,CORE-05b,MERGED-INTO,,Pass #4 cluster target: No Hidden State / Self-Containment.
#648,DEF-02,MERGED-INTO,,Pass #4 cluster target: No Hidden State / Self-Containment.
#649,Conformance Register,MERGED-INTO,,Pass #4 cluster target: Testing and Adversarial Review.
#650,Governance Method Annex,MERGED-INTO,,Pass #4 cluster target: Inquiry Method and Framework Sequencing.
#650,Historical,MERGED-INTO,,Pass #4 cluster target: Inquiry Method and Framework Sequencing.
#651,CORE-05c,MERGED-INTO,,Pass #4 cluster target: Operational Non-Authority.
#651,CORE-05b,MERGED-INTO,,Pass #4 cluster target: Operational Non-Authority.
#652,CORE-05c,MERGED-INTO,,Pass #4 cluster target: Operational Non-Authority.
#652,CORE-05b,MERGED-INTO,,Pass #4 cluster target: Operational Non-Authority.
#653,Preservation Register,MERGED-INTO,,Pass #4 cluster target: Preservation and Archival Survival.
#654,Preservation Register,SOURCE-OF,,Pass #4 cluster target: Preservation and Archival Survival.
#655,DEF-02,MERGED-INTO,,Pass #4 cluster target: Reconstruction and Recoverability.
#655,Preservation Register,MERGED-INTO,,Pass #4 cluster target: Reconstruction and Recoverability.
#656,DEF-02,WORDING-FOR,,Pass #4 cluster target: Reconstruction and Recoverability.
#656,Preservation Register,WORDING-FOR,,Pass #4 cluster target: Reconstruction and Recoverability.
#657,Preservation Register,SOURCE-OF,,Pass #4 cluster target: Preservation and Archival Survival.
#658,CORE-03b,MERGED-INTO,,Pass #4 cluster target: Failure Semantics.
#658,Conformance Register,MERGED-INTO,,Pass #4 cluster target: Failure Semantics.
#659,CORE-05c,MERGED-INTO,,Pass #4 cluster target: Operational Non-Authority.
#659,CORE-05b,MERGED-INTO,,Pass #4 cluster target: Operational Non-Authority.
#660,CORE-04,MERGED-INTO,,Pass #4 cluster target: Single Canonical Truth.
#660,DEF-01,MERGED-INTO,,Pass #4 cluster target: Single Canonical Truth.
#661,Preservation Register,SOURCE-OF,,Pass #4 cluster target: Preservation and Archival Survival.
#662,CORE-04,MERGED-INTO,,Pass #4 cluster target: Single Canonical Truth.
#662,DEF-01,MERGED-INTO,,Pass #4 cluster target: Single Canonical Truth.
#663,Preservation Register,SOURCE-OF,,Pass #4 cluster target: Preservation and Archival Survival.
#664,CORE-05b,MERGED-INTO,,Pass #4 cluster target: Technology and Infrastructure Independence.
#664,CORE-07,MERGED-INTO,,Pass #4 cluster target: Technology and Infrastructure Independence.
#665,CORE-05c,MERGED-INTO,,Pass #4 cluster target: Operational Non-Authority.
#665,CORE-05b,MERGED-INTO,,Pass #4 cluster target: Operational Non-Authority.
#666,CORE-05b,MERGED-INTO,,Pass #4 cluster target: Technology and Infrastructure Independence.
#666,CORE-07,MERGED-INTO,,Pass #4 cluster target: Technology and Infrastructure Independence.
#667,CORE-07,MERGED-INTO,,Pass #4 cluster target: Representation Independence.
#668,CORE-06,MERGED-INTO,,Pass #4 cluster target: Change Control and Permanence.
#668,Governance Register,MERGED-INTO,,Pass #4 cluster target: Change Control and Permanence.
#669,CORE-06,MERGED-INTO,,Pass #4 cluster target: Change Control and Permanence.
#669,Governance Register,MERGED-INTO,,Pass #4 cluster target: Change Control and Permanence.
#670,CORE-06,MERGED-INTO,,Pass #4 cluster target: Change Control and Permanence.
#670,Governance Register,MERGED-INTO,,Pass #4 cluster target: Change Control and Permanence.
#671,Governance Register,SOURCE-OF,,Pass #4 cluster target: Historical Traceability.
#671,Preservation Register,SOURCE-OF,,Pass #4 cluster target: Historical Traceability.
#672,Governance Register,SOURCE-OF,,Pass #4 cluster target: Historical Traceability.
#672,Preservation Register,SOURCE-OF,,Pass #4 cluster target: Historical Traceability.
#673,Governance Register,MERGED-INTO,,Pass #4 cluster target: Historical Traceability.
#673,Preservation Register,MERGED-INTO,,Pass #4 cluster target: Historical Traceability.
#674,Governance Register,MERGED-INTO,,Pass #4 cluster target: Historical Traceability.
#674,Preservation Register,MERGED-INTO,,Pass #4 cluster target: Historical Traceability.
#675,Governance Register,SOURCE-OF,,Pass #4 cluster target: Historical Traceability.
#675,Preservation Register,SOURCE-OF,,Pass #4 cluster target: Historical Traceability.
#676,CONST-02,MERGED-INTO,,Pass #4 cluster target: One World / Singular World-Space.
#677,IF-01,SOURCE-OF,,Pass #4 cluster target: Institutional Authority and Adoption.
#677,Governance Register,SOURCE-OF,,Pass #4 cluster target: Institutional Authority and Adoption.
#678,CORE-07,MERGED-INTO,,Pass #4 cluster target: Representation Independence.
#679,CORE-07,MERGED-INTO,,Pass #4 cluster target: Representation Independence.
#680,Governance Register,MERGED-INTO,,Pass #4 cluster target: Historical Traceability.
#680,Preservation Register,MERGED-INTO,,Pass #4 cluster target: Historical Traceability.
#681,Governance Register,MERGED-INTO,,Pass #4 cluster target: Historical Traceability.
#681,Preservation Register,MERGED-INTO,,Pass #4 cluster target: Historical Traceability.
#682,CORE-06,SOURCE-OF,,Pass #4 cluster target: Change Control and Permanence.
#682,Governance Register,SOURCE-OF,,Pass #4 cluster target: Change Control and Permanence.
#683,CORE-06,MERGED-INTO,,Pass #4 cluster target: Change Control and Permanence.
#683,Governance Register,MERGED-INTO,,Pass #4 cluster target: Change Control and Permanence.
#684,CORE-06,MERGED-INTO,,Pass #4 cluster target: Change Control and Permanence.
#684,Governance Register,MERGED-INTO,,Pass #4 cluster target: Change Control and Permanence.
#685,CORE-06,MERGED-INTO,,Pass #4 cluster target: Change Control and Permanence.
#685,Governance Register,MERGED-INTO,,Pass #4 cluster target: Change Control and Permanence.
#686,CORE-06,SOURCE-OF,,Pass #4 cluster target: Change Control and Permanence.
#686,Governance Register,SOURCE-OF,,Pass #4 cluster target: Change Control and Permanence.
#687,CORE-06,MERGED-INTO,,Pass #4 cluster target: Change Control and Permanence.
#687,Governance Register,MERGED-INTO,,Pass #4 cluster target: Change Control and Permanence.
#688,CORE-06,MERGED-INTO,,Pass #4 cluster target: Change Control and Permanence.
#688,Governance Register,MERGED-INTO,,Pass #4 cluster target: Change Control and Permanence.
#689,Governance Method Annex,SOURCE-OF,,Pass #4 cluster target: Inquiry Method and Framework Sequencing.
#689,Historical,SOURCE-OF,,Pass #4 cluster target: Inquiry Method and Framework Sequencing.
#690,BOUND-01,MERGED-INTO,,Pass #4 cluster target: Minimality and Semantic Restraint.
#691,BOUND-01,MERGED-INTO,,Pass #4 cluster target: Minimality and Semantic Restraint.
#692,Governance Method Annex,MERGED-INTO,,Pass #4 cluster target: Inquiry Method and Framework Sequencing.
#692,Historical,MERGED-INTO,,Pass #4 cluster target: Inquiry Method and Framework Sequencing.
#693,Governance Method Annex,MERGED-INTO,,Pass #4 cluster target: Inquiry Method and Framework Sequencing.
#693,Historical,MERGED-INTO,,Pass #4 cluster target: Inquiry Method and Framework Sequencing.
#694,Governance Method Annex,MERGED-INTO,,Pass #4 cluster target: Inquiry Method and Framework Sequencing.
#694,Historical,MERGED-INTO,,Pass #4 cluster target: Inquiry Method and Framework Sequencing.
#695,Governance Method Annex,SOURCE-OF,,Pass #4 cluster target: Inquiry Method and Framework Sequencing.
#695,Historical,SOURCE-OF,,Pass #4 cluster target: Inquiry Method and Framework Sequencing.
#696,Governance Method Annex,MERGED-INTO,,Pass #4 cluster target: Inquiry Method and Framework Sequencing.
#696,Historical,MERGED-INTO,,Pass #4 cluster target: Inquiry Method and Framework Sequencing.
#697,Governance Method Annex,MERGED-INTO,,Pass #4 cluster target: Inquiry Method and Framework Sequencing.
#697,Historical,MERGED-INTO,,Pass #4 cluster target: Inquiry Method and Framework Sequencing.
#698,Governance Register,SOURCE-OF,,Pass #4 cluster target: Historical Traceability.
#698,Preservation Register,SOURCE-OF,,Pass #4 cluster target: Historical Traceability.
#699,Governance Register,MERGED-INTO,,Pass #4 cluster target: Historical Traceability.
#699,Preservation Register,MERGED-INTO,,Pass #4 cluster target: Historical Traceability.
#700,Governance Method Annex,MERGED-INTO,,Pass #4 cluster target: Inquiry Method and Framework Sequencing.
#700,Historical,MERGED-INTO,,Pass #4 cluster target: Inquiry Method and Framework Sequencing.
#701,CORE-05c,MERGED-INTO,,Pass #4 cluster target: Operational Non-Authority.
#701,CORE-05b,MERGED-INTO,,Pass #4 cluster target: Operational Non-Authority.
#702,CORE-05c,MERGED-INTO,,Pass #4 cluster target: Operational Non-Authority.
#702,CORE-05b,MERGED-INTO,,Pass #4 cluster target: Operational Non-Authority.
#703,Terminology Register,SOURCE-OF,,Pass #4 cluster target: Terminology Discipline.
#704,CORE-05c,MERGED-INTO,,Pass #4 cluster target: Operational Non-Authority.
#704,CORE-05b,MERGED-INTO,,Pass #4 cluster target: Operational Non-Authority.
#705,DEF-03,SOURCE-OF,,Pass #4 cluster target: Finite Expressibility and Determinism.
#706,IF-01,SOURCE-OF,,Pass #4 cluster target: Institutional Authority and Adoption.
#706,Governance Register,SOURCE-OF,,Pass #4 cluster target: Institutional Authority and Adoption.
#707,CORE-04,MERGED-INTO,,Pass #4 cluster target: Single Canonical Truth.
#707,DEF-01,MERGED-INTO,,Pass #4 cluster target: Single Canonical Truth.
#708,Governance Method Annex,MERGED-INTO,,Pass #4 cluster target: Inquiry Method and Framework Sequencing.
#708,Historical,MERGED-INTO,,Pass #4 cluster target: Inquiry Method and Framework Sequencing.
#709,CORE-05b,MERGED-INTO,,Pass #4 cluster target: No Hidden State / Self-Containment.
#709,DEF-02,MERGED-INTO,,Pass #4 cluster target: No Hidden State / Self-Containment.
#710,Governance Method Annex,MERGED-INTO,,Pass #4 cluster target: Inquiry Method and Framework Sequencing.
#710,Historical,MERGED-INTO,,Pass #4 cluster target: Inquiry Method and Framework Sequencing.
#711,DEF-02,MERGED-INTO,,Pass #4 cluster target: Reconstruction and Recoverability.
#711,Preservation Register,MERGED-INTO,,Pass #4 cluster target: Reconstruction and Recoverability.
#712,DEF-02,MERGED-INTO,,Pass #4 cluster target: Reconstruction and Recoverability.
#712,Preservation Register,MERGED-INTO,,Pass #4 cluster target: Reconstruction and Recoverability.
#713,CORE-05b,MERGED-INTO,,Pass #4 cluster target: No Hidden State / Self-Containment.
#713,DEF-02,MERGED-INTO,,Pass #4 cluster target: No Hidden State / Self-Containment.
#714,CORE-05b,MERGED-INTO,,Pass #4 cluster target: No Hidden State / Self-Containment.
#714,DEF-02,MERGED-INTO,,Pass #4 cluster target: No Hidden State / Self-Containment.
#715,CORE-05b,MERGED-INTO,,Pass #4 cluster target: No Hidden State / Self-Containment.
#715,DEF-02,MERGED-INTO,,Pass #4 cluster target: No Hidden State / Self-Containment.
#716,CORE-05b,MERGED-INTO,,Pass #4 cluster target: No Hidden State / Self-Containment.
#716,DEF-02,MERGED-INTO,,Pass #4 cluster target: No Hidden State / Self-Containment.
#717,CORE-05b,SOURCE-OF,,Pass #4 cluster target: No Hidden State / Self-Containment.
#717,DEF-02,SOURCE-OF,,Pass #4 cluster target: No Hidden State / Self-Containment.
#718,CORE-06,MERGED-INTO,,Pass #4 cluster target: Change Control and Permanence.
#718,Governance Register,MERGED-INTO,,Pass #4 cluster target: Change Control and Permanence.
#719,CORE-05a,MERGED-INTO,,Pass #4 cluster target: Higher-Layer Independence.
#720,CORE-05b,MERGED-INTO,,Pass #4 cluster target: No Hidden State / Self-Containment.
#720,DEF-02,MERGED-INTO,,Pass #4 cluster target: No Hidden State / Self-Containment.
#721,CORE-04,MERGED-INTO,,Pass #4 cluster target: Single Canonical Truth.
#721,DEF-01,MERGED-INTO,,Pass #4 cluster target: Single Canonical Truth.
#722,CORE-04,MERGED-INTO,,Pass #4 cluster target: Single Canonical Truth.
#722,DEF-01,MERGED-INTO,,Pass #4 cluster target: Single Canonical Truth.
#723,CORE-04,MERGED-INTO,,Pass #4 cluster target: Single Canonical Truth.
#723,DEF-01,MERGED-INTO,,Pass #4 cluster target: Single Canonical Truth.
#724,Governance Register,MERGED-INTO,,Pass #4 cluster target: Historical Traceability.
#724,Preservation Register,MERGED-INTO,,Pass #4 cluster target: Historical Traceability.
#725,CORE-07,MERGED-INTO,,Pass #4 cluster target: Representation Independence.
#726,Governance Register,SOURCE-OF,,Pass #4 cluster target: Historical Traceability.
#726,Preservation Register,SOURCE-OF,,Pass #4 cluster target: Historical Traceability.
#727,Governance Register,MERGED-INTO,,Pass #4 cluster target: Historical Traceability.
#727,Preservation Register,MERGED-INTO,,Pass #4 cluster target: Historical Traceability.
#728,Governance Register,MERGED-INTO,,Pass #4 cluster target: Historical Traceability.
#728,Preservation Register,MERGED-INTO,,Pass #4 cluster target: Historical Traceability.
#729,IF-01,SOURCE-OF,,Pass #4 cluster target: Institutional Authority and Adoption.
#729,Governance Register,SOURCE-OF,,Pass #4 cluster target: Institutional Authority and Adoption.
#730,Preservation Register,SOURCE-OF,,Pass #4 cluster target: Preservation and Archival Survival.
#731,BOUND-01,SOURCE-OF,,Pass #4 cluster target: Layer Boundaries.
#731,Shared Architecture,SOURCE-OF,,Pass #4 cluster target: Layer Boundaries.
#732,BOUND-01,MERGED-INTO,,Pass #4 cluster target: Layer Boundaries.
#732,Shared Architecture,MERGED-INTO,,Pass #4 cluster target: Layer Boundaries.
#733,DOWN-01,MERGED-INTO,,Pass #4 cluster target: Survey Dependency / Downward Contract.
#733,DOWN-02,MERGED-INTO,,Pass #4 cluster target: Survey Dependency / Downward Contract.
#733,DOWN-03,MERGED-INTO,,Pass #4 cluster target: Survey Dependency / Downward Contract.
#733,DOWN-04,MERGED-INTO,,Pass #4 cluster target: Survey Dependency / Downward Contract.
#734,BOUND-01,WORDING-FOR,,Pass #4 cluster target: Layer Boundaries.
#734,Shared Architecture,WORDING-FOR,,Pass #4 cluster target: Layer Boundaries.
#735,CORE-05a,MERGED-INTO,,Pass #4 cluster target: Higher-Layer Independence.
#736,DOWN-01,MERGED-INTO,,Pass #4 cluster target: Survey Dependency / Downward Contract.
#736,DOWN-02,MERGED-INTO,,Pass #4 cluster target: Survey Dependency / Downward Contract.
#736,DOWN-03,MERGED-INTO,,Pass #4 cluster target: Survey Dependency / Downward Contract.
#736,DOWN-04,MERGED-INTO,,Pass #4 cluster target: Survey Dependency / Downward Contract.
#737,UP-01,WORDING-FOR,,Pass #4 cluster target: Upward Handoff.
#737,UP-02,WORDING-FOR,,Pass #4 cluster target: Upward Handoff.
#737,UP-03,WORDING-FOR,,Pass #4 cluster target: Upward Handoff.
#738,UP-01,MERGED-INTO,,Pass #4 cluster target: Upward Handoff.
#738,UP-02,MERGED-INTO,,Pass #4 cluster target: Upward Handoff.
#738,UP-03,MERGED-INTO,,Pass #4 cluster target: Upward Handoff.
#739,UP-01,MERGED-INTO,,Pass #4 cluster target: Upward Handoff.
#739,UP-02,MERGED-INTO,,Pass #4 cluster target: Upward Handoff.
#739,UP-03,MERGED-INTO,,Pass #4 cluster target: Upward Handoff.
#740,CORE-05a,MERGED-INTO,,Pass #4 cluster target: Parcel Independence.
#740,BOUND-01,MERGED-INTO,,Pass #4 cluster target: Parcel Independence.
#741,CORE-05a,MERGED-INTO,,Pass #4 cluster target: Parcel Independence.
#741,BOUND-01,MERGED-INTO,,Pass #4 cluster target: Parcel Independence.
#742,CORE-05a,MERGED-INTO,,Pass #4 cluster target: Higher-Layer Independence.
#743,CORE-05a,MERGED-INTO,,Pass #4 cluster target: Higher-Layer Independence.
#744,CORE-05a,MERGED-INTO,,Pass #4 cluster target: Interpretation Independence.
#744,BOUND-01,MERGED-INTO,,Pass #4 cluster target: Interpretation Independence.
#745,CORE-05a,MERGED-INTO,,Pass #4 cluster target: Interpretation Independence.
#745,BOUND-01,MERGED-INTO,,Pass #4 cluster target: Interpretation Independence.
#746,CORE-05a,MERGED-INTO,,Pass #4 cluster target: Parcel Independence.
#746,BOUND-01,MERGED-INTO,,Pass #4 cluster target: Parcel Independence.
#747,CORE-05a,MERGED-INTO,,Pass #4 cluster target: Higher-Layer Independence.
#748,CORE-05a,MERGED-INTO,,Pass #4 cluster target: Runtime Independence.
#748,CORE-05b,MERGED-INTO,,Pass #4 cluster target: Runtime Independence.
#749,BOUND-01,MERGED-INTO,,Pass #4 cluster target: Minimality and Semantic Restraint.
#750,BOUND-01,MERGED-INTO,,Pass #4 cluster target: Layer Boundaries.
#750,Shared Architecture,MERGED-INTO,,Pass #4 cluster target: Layer Boundaries.
#751,CORE-05a,MERGED-INTO,,Pass #4 cluster target: Interpretation Independence.
#751,BOUND-01,MERGED-INTO,,Pass #4 cluster target: Interpretation Independence.
#752,CORE-05a,MERGED-INTO,,Pass #4 cluster target: Parcel Independence.
#752,BOUND-01,MERGED-INTO,,Pass #4 cluster target: Parcel Independence.
#753,CORE-05a,MERGED-INTO,,Pass #4 cluster target: Rights / Governance Independence.
#754,CORE-05a,MERGED-INTO,,Pass #4 cluster target: Rights / Governance Independence.
#755,CORE-06,MERGED-INTO,,Pass #4 cluster target: Change Control and Permanence.
#755,Governance Register,MERGED-INTO,,Pass #4 cluster target: Change Control and Permanence.
#756,CORE-05a,MERGED-INTO,,Pass #4 cluster target: Higher-Layer Independence.
#757,CORE-05a,MERGED-INTO,,Pass #4 cluster target: Higher-Layer Independence.
#758,CORE-05a,MERGED-INTO,,Pass #4 cluster target: Interpretation Independence.
#758,BOUND-01,MERGED-INTO,,Pass #4 cluster target: Interpretation Independence.
#759,CORE-05a,MERGED-INTO,,Pass #4 cluster target: Interpretation Independence.
#759,BOUND-01,MERGED-INTO,,Pass #4 cluster target: Interpretation Independence.
#760,CORE-05a,MERGED-INTO,,Pass #4 cluster target: Higher-Layer Independence.
#761,BOUND-01,MERGED-INTO,,Pass #4 cluster target: Minimality and Semantic Restraint.
#762,CORE-05a,MERGED-INTO,,Pass #4 cluster target: Higher-Layer Independence.
#763,CORE-05a,MERGED-INTO,,Pass #4 cluster target: Higher-Layer Independence.
#764,CORE-05a,MERGED-INTO,,Pass #4 cluster target: Higher-Layer Independence.
#765,CORE-05a,MERGED-INTO,,Pass #4 cluster target: Higher-Layer Independence.
#766,CORE-07,MERGED-INTO,,Pass #4 cluster target: Representation Independence.
#767,CORE-07,MERGED-INTO,,Pass #4 cluster target: Representation Independence.
#768,DEF-02,MERGED-INTO,,Pass #4 cluster target: Reconstruction and Recoverability.
#768,Preservation Register,MERGED-INTO,,Pass #4 cluster target: Reconstruction and Recoverability.
#769,CORE-05c,MERGED-INTO,,Pass #4 cluster target: Operational Non-Authority.
#769,CORE-05b,MERGED-INTO,,Pass #4 cluster target: Operational Non-Authority.
#770,DEF-05,MERGED-INTO,,Pass #4 cluster target: Canonical Equivalence.
#770,CORE-07,MERGED-INTO,,Pass #4 cluster target: Canonical Equivalence.
#771,CORE-05c,MERGED-INTO,,Pass #4 cluster target: Operational Non-Authority.
#771,CORE-05b,MERGED-INTO,,Pass #4 cluster target: Operational Non-Authority.
#772,CORE-05c,MERGED-INTO,,Pass #4 cluster target: Operational Non-Authority.
#772,CORE-05b,MERGED-INTO,,Pass #4 cluster target: Operational Non-Authority.
#773,CORE-07,MERGED-INTO,,Pass #4 cluster target: Representation Independence.
#774,CORE-05c,MERGED-INTO,,Pass #4 cluster target: Operational Non-Authority.
#774,CORE-05b,MERGED-INTO,,Pass #4 cluster target: Operational Non-Authority.
#775,DEF-02,MERGED-INTO,,Pass #4 cluster target: Reconstruction and Recoverability.
#775,Preservation Register,MERGED-INTO,,Pass #4 cluster target: Reconstruction and Recoverability.
#776,BOUND-01,MERGED-INTO,,Pass #4 cluster target: Minimality and Semantic Restraint.
#777,BOUND-01,MERGED-INTO,,Pass #4 cluster target: Minimality and Semantic Restraint.
#778,BOUND-01,MERGED-INTO,,Pass #4 cluster target: Minimality and Semantic Restraint.
#779,CORE-06,MERGED-INTO,,Pass #4 cluster target: Change Control and Permanence.
#779,Governance Register,MERGED-INTO,,Pass #4 cluster target: Change Control and Permanence.
#780,CORE-05b,MERGED-INTO,,Pass #4 cluster target: No Hidden State / Self-Containment.
#780,DEF-02,MERGED-INTO,,Pass #4 cluster target: No Hidden State / Self-Containment.
#781,BOUND-01,MERGED-INTO,,Pass #4 cluster target: Minimality and Semantic Restraint.
#782,BOUND-01,MERGED-INTO,,Pass #4 cluster target: Layer Boundaries.
#782,Shared Architecture,MERGED-INTO,,Pass #4 cluster target: Layer Boundaries.
#783,BOUND-01,MERGED-INTO,,Pass #4 cluster target: Layer Boundaries.
#783,Shared Architecture,MERGED-INTO,,Pass #4 cluster target: Layer Boundaries.
#784,BOUND-01,MERGED-INTO,,Pass #4 cluster target: Minimality and Semantic Restraint.
#785,CORE-05a,MERGED-INTO,,Pass #4 cluster target: Interpretation Independence.
#785,BOUND-01,MERGED-INTO,,Pass #4 cluster target: Interpretation Independence.
#786,CORE-05a,MERGED-INTO,,Pass #4 cluster target: Higher-Layer Independence.
#787,CORE-05c,MERGED-INTO,,Pass #4 cluster target: Operational Non-Authority.
#787,CORE-05b,MERGED-INTO,,Pass #4 cluster target: Operational Non-Authority.
#788,CORE-05c,MERGED-INTO,,Pass #4 cluster target: Operational Non-Authority.
#788,CORE-05b,MERGED-INTO,,Pass #4 cluster target: Operational Non-Authority.
#789,CORE-05c,MERGED-INTO,,Pass #4 cluster target: Operational Non-Authority.
#789,CORE-05b,MERGED-INTO,,Pass #4 cluster target: Operational Non-Authority.
#790,CORE-05c,MERGED-INTO,,Pass #4 cluster target: Operational Non-Authority.
#790,CORE-05b,MERGED-INTO,,Pass #4 cluster target: Operational Non-Authority.
#791,CORE-05c,MERGED-INTO,,Pass #4 cluster target: Operational Non-Authority.
#791,CORE-05b,MERGED-INTO,,Pass #4 cluster target: Operational Non-Authority.
#792,CORE-05a,MERGED-INTO,,Pass #4 cluster target: Higher-Layer Independence.
#793,CORE-05a,MERGED-INTO,,Pass #4 cluster target: Higher-Layer Independence.
#794,CORE-03c,MERGED-INTO,,Pass #4 cluster target: Independent Implementation.
#794,CORE-05,MERGED-INTO,,Pass #4 cluster target: Independent Implementation.
#795,CORE-05c,MERGED-INTO,,Pass #4 cluster target: Operational Non-Authority.
#795,CORE-05b,MERGED-INTO,,Pass #4 cluster target: Operational Non-Authority.
#796,CORE-05c,SOURCE-OF,,Pass #4 cluster target: Operational Non-Authority.
#796,CORE-05b,SOURCE-OF,,Pass #4 cluster target: Operational Non-Authority.
#797,CORE-04,MERGED-INTO,,Pass #4 cluster target: Single Canonical Truth.
#797,DEF-01,MERGED-INTO,,Pass #4 cluster target: Single Canonical Truth.
#798,CORE-05c,MERGED-INTO,,Pass #4 cluster target: Operational Non-Authority.
#798,CORE-05b,MERGED-INTO,,Pass #4 cluster target: Operational Non-Authority.
#799,CORE-03,MERGED-INTO,,Pass #4 cluster target: Exact Membership and Boundary Resolution.
#799,LIM-01,MERGED-INTO,,Pass #4 cluster target: Exact Membership and Boundary Resolution.
#800,CORE-05c,WORDING-FOR,,Pass #4 cluster target: Operational Non-Authority.
#800,CORE-05b,WORDING-FOR,,Pass #4 cluster target: Operational Non-Authority.
#801,CORE-05a,MERGED-INTO,,Pass #4 cluster target: Runtime Independence.
#801,CORE-05b,MERGED-INTO,,Pass #4 cluster target: Runtime Independence.
#802,BOUND-01,MERGED-INTO,,Pass #4 cluster target: Minimality and Semantic Restraint.
#803,CORE-07,MERGED-INTO,,Pass #4 cluster target: Representation Independence.
#804,CORE-03b,MERGED-INTO,,Pass #4 cluster target: Failure Semantics.
#804,Conformance Register,MERGED-INTO,,Pass #4 cluster target: Failure Semantics.
#805,CORE-05a,MERGED-INTO,,Pass #4 cluster target: Runtime Independence.
#805,CORE-05b,MERGED-INTO,,Pass #4 cluster target: Runtime Independence.
#806,CORE-04,MERGED-INTO,,Pass #4 cluster target: Single Canonical Truth.
#806,DEF-01,MERGED-INTO,,Pass #4 cluster target: Single Canonical Truth.
#807,DEF-04,MERGED-INTO,,Pass #4 cluster target: Conformance and Validation.
#807,Conformance Register,MERGED-INTO,,Pass #4 cluster target: Conformance and Validation.
#808,CORE-03b,MERGED-INTO,,Pass #4 cluster target: Failure Semantics.
#808,Conformance Register,MERGED-INTO,,Pass #4 cluster target: Failure Semantics.
#809,CORE-05c,MERGED-INTO,,Pass #4 cluster target: Operational Non-Authority.
#809,CORE-05b,MERGED-INTO,,Pass #4 cluster target: Operational Non-Authority.
#810,CORE-03b,SOURCE-OF,,Pass #4 cluster target: Failure Semantics.
#810,Conformance Register,SOURCE-OF,,Pass #4 cluster target: Failure Semantics.
#811,CORE-07,MERGED-INTO,,Pass #4 cluster target: Representation Independence.
#812,CORE-05b,MERGED-INTO,,Pass #4 cluster target: Technology and Infrastructure Independence.
#812,CORE-07,MERGED-INTO,,Pass #4 cluster target: Technology and Infrastructure Independence.
#813,CORE-07,MERGED-INTO,,Pass #4 cluster target: Representation Independence.
#814,DEF-03,MERGED-INTO,,Pass #4 cluster target: Finite Expressibility and Determinism.
#815,DEF-03,MERGED-INTO,,Pass #4 cluster target: Finite Expressibility and Determinism.
#816,CORE-05c,MERGED-INTO,,Pass #4 cluster target: Operational Non-Authority.
#816,CORE-05b,MERGED-INTO,,Pass #4 cluster target: Operational Non-Authority.
#817,CORE-05c,MERGED-INTO,,Pass #4 cluster target: Operational Non-Authority.
#817,CORE-05b,MERGED-INTO,,Pass #4 cluster target: Operational Non-Authority.
#818,CORE-03c,MERGED-INTO,,Pass #4 cluster target: Independent Implementation.
#818,CORE-05,MERGED-INTO,,Pass #4 cluster target: Independent Implementation.
#819,DEF-04,SOURCE-OF,,Pass #4 cluster target: Conformance and Validation.
#819,Conformance Register,SOURCE-OF,,Pass #4 cluster target: Conformance and Validation.
#820,DEF-04,MERGED-INTO,,Pass #4 cluster target: Conformance and Validation.
#820,Conformance Register,MERGED-INTO,,Pass #4 cluster target: Conformance and Validation.
#821,CONST-04,SOURCE-OF,,Pass #4 cluster target: Connectedness and Topology.
#822,CORE-04,MERGED-INTO,,Pass #4 cluster target: Single Canonical Truth.
#822,DEF-01,MERGED-INTO,,Pass #4 cluster target: Single Canonical Truth.
#823,CONST-04,MERGED-INTO,,Pass #4 cluster target: Connectedness and Topology.
#824,CONST-02,MERGED-INTO,,Pass #4 cluster target: One World / Singular World-Space.
#825,CONST-04,MERGED-INTO,,Pass #4 cluster target: Connectedness and Topology.
#826,CONST-04,MERGED-INTO,,Pass #4 cluster target: Connectedness and Topology.
#827,CONST-04,MERGED-INTO,,Pass #4 cluster target: Connectedness and Topology.
#828,CONST-04,WORDING-FOR,,Pass #4 cluster target: Connectedness and Topology.
#829,CONST-04,MERGED-INTO,,Pass #4 cluster target: Connectedness and Topology.
#830,CONST-04,MERGED-INTO,,Pass #4 cluster target: Connectedness and Topology.
#831,CORE-05a,MERGED-INTO,,Pass #4 cluster target: Interpretation Independence.
#831,BOUND-01,MERGED-INTO,,Pass #4 cluster target: Interpretation Independence.
#832,Terminology Register,SOURCE-OF,,Pass #4 cluster target: Terminology Discipline.
#833,CORE-05c,MERGED-INTO,,Pass #4 cluster target: Operational Non-Authority.
#833,CORE-05b,MERGED-INTO,,Pass #4 cluster target: Operational Non-Authority.
#834,CORE-05a,MERGED-INTO,,Pass #4 cluster target: Runtime Independence.
#834,CORE-05b,MERGED-INTO,,Pass #4 cluster target: Runtime Independence.
#835,CORE-05c,MERGED-INTO,,Pass #4 cluster target: Operational Non-Authority.
#835,CORE-05b,MERGED-INTO,,Pass #4 cluster target: Operational Non-Authority.
#836,CORE-05c,MERGED-INTO,,Pass #4 cluster target: Operational Non-Authority.
#836,CORE-05b,MERGED-INTO,,Pass #4 cluster target: Operational Non-Authority.
#837,Conformance Register,SOURCE-OF,,Pass #4 cluster target: Testing and Adversarial Review.
#838,Conformance Register,MERGED-INTO,,Pass #4 cluster target: Testing and Adversarial Review.
#839,CORE-03,SOURCE-OF,,Pass #4 cluster target: Exact Membership and Boundary Resolution.
#839,LIM-01,SOURCE-OF,,Pass #4 cluster target: Exact Membership and Boundary Resolution.
#840,CORE-05b,MERGED-INTO,,Pass #4 cluster target: No Hidden State / Self-Containment.
#840,DEF-02,MERGED-INTO,,Pass #4 cluster target: No Hidden State / Self-Containment.
#841,CORE-03,SOURCE-OF,,Pass #4 cluster target: Exact Membership and Boundary Resolution.
#841,LIM-01,SOURCE-OF,,Pass #4 cluster target: Exact Membership and Boundary Resolution.
#842,CORE-03,SOURCE-OF,,Pass #4 cluster target: Exact Membership and Boundary Resolution.
#842,LIM-01,SOURCE-OF,,Pass #4 cluster target: Exact Membership and Boundary Resolution.
#843,DEF-05,MERGED-INTO,,Pass #4 cluster target: Canonical Equivalence.
#843,CORE-07,MERGED-INTO,,Pass #4 cluster target: Canonical Equivalence.
#844,BOUND-01,SOURCE-OF,,Pass #4 cluster target: Minimality and Semantic Restraint.
#845,DEF-02,SOURCE-OF,,Pass #4 cluster target: Reconstruction and Recoverability.
#845,Preservation Register,SOURCE-OF,,Pass #4 cluster target: Reconstruction and Recoverability.
#846,DEF-02,MERGED-INTO,,Pass #4 cluster target: Reconstruction and Recoverability.
#846,Preservation Register,MERGED-INTO,,Pass #4 cluster target: Reconstruction and Recoverability.
#847,DEF-02,MERGED-INTO,,Pass #4 cluster target: Reconstruction and Recoverability.
#847,Preservation Register,MERGED-INTO,,Pass #4 cluster target: Reconstruction and Recoverability.
#848,DEF-02,MERGED-INTO,,Pass #4 cluster target: Reconstruction and Recoverability.
#848,Preservation Register,MERGED-INTO,,Pass #4 cluster target: Reconstruction and Recoverability.
#849,Governance Register,MERGED-INTO,,Pass #4 cluster target: Historical Traceability.
#849,Preservation Register,MERGED-INTO,,Pass #4 cluster target: Historical Traceability.
#850,DEF-02,MERGED-INTO,,Pass #4 cluster target: Reconstruction and Recoverability.
#850,Preservation Register,MERGED-INTO,,Pass #4 cluster target: Reconstruction and Recoverability.
#851,CORE-05c,MERGED-INTO,,Pass #4 cluster target: Operational Non-Authority.
#851,CORE-05b,MERGED-INTO,,Pass #4 cluster target: Operational Non-Authority.
#852,CORE-05c,MERGED-INTO,,Pass #4 cluster target: Operational Non-Authority.
#852,CORE-05b,MERGED-INTO,,Pass #4 cluster target: Operational Non-Authority.
#853,CORE-06,MERGED-INTO,,Pass #4 cluster target: Change Control and Permanence.
#853,Governance Register,MERGED-INTO,,Pass #4 cluster target: Change Control and Permanence.
#854,CORE-06,MERGED-INTO,,Pass #4 cluster target: Change Control and Permanence.
#854,Governance Register,MERGED-INTO,,Pass #4 cluster target: Change Control and Permanence.
#855,CORE-06,MERGED-INTO,,Pass #4 cluster target: Change Control and Permanence.
#855,Governance Register,MERGED-INTO,,Pass #4 cluster target: Change Control and Permanence.
#856,CORE-06,MERGED-INTO,,Pass #4 cluster target: Change Control and Permanence.
#856,Governance Register,MERGED-INTO,,Pass #4 cluster target: Change Control and Permanence.
#857,CORE-06,MERGED-INTO,,Pass #4 cluster target: Change Control and Permanence.
#857,Governance Register,MERGED-INTO,,Pass #4 cluster target: Change Control and Permanence.
#858,CORE-05c,MERGED-INTO,,Pass #4 cluster target: Operational Non-Authority.
#858,CORE-05b,MERGED-INTO,,Pass #4 cluster target: Operational Non-Authority.
#859,CORE-07,MERGED-INTO,,Pass #4 cluster target: Representation Independence.
#860,CORE-03c,MERGED-INTO,,Pass #4 cluster target: Independent Implementation.
#860,CORE-05,MERGED-INTO,,Pass #4 cluster target: Independent Implementation.
#861,CORE-03c,MERGED-INTO,,Pass #4 cluster target: Independent Implementation.
#861,CORE-05,MERGED-INTO,,Pass #4 cluster target: Independent Implementation.
#862,CORE-04,SOURCE-OF,,Pass #4 cluster target: Single Canonical Truth.
#862,DEF-01,SOURCE-OF,,Pass #4 cluster target: Single Canonical Truth.
#863,CORE-06,SOURCE-OF,,Pass #4 cluster target: Change Control and Permanence.
#863,Governance Register,SOURCE-OF,,Pass #4 cluster target: Change Control and Permanence.
#864,CORE-07,MERGED-INTO,,Pass #4 cluster target: Representation Independence.
#865,CORE-07,MERGED-INTO,,Pass #4 cluster target: Representation Independence.
#866,DEF-06,MERGED-INTO,,Pass #4 cluster target: Precision and Refinement.
#866,DOWN-03,MERGED-INTO,,Pass #4 cluster target: Precision and Refinement.
#867,CORE-05c,MERGED-INTO,,Pass #4 cluster target: Operational Non-Authority.
#867,CORE-05b,MERGED-INTO,,Pass #4 cluster target: Operational Non-Authority.
#868,CORE-07,MERGED-INTO,,Pass #4 cluster target: Representation Independence.
#869,CORE-07,MERGED-INTO,,Pass #4 cluster target: Representation Independence.
#870,BOUND-01,MERGED-INTO,,Pass #4 cluster target: Minimality and Semantic Restraint.
#871,BOUND-01,MERGED-INTO,,Pass #4 cluster target: Minimality and Semantic Restraint.
#872,BOUND-01,MERGED-INTO,,Pass #4 cluster target: Minimality and Semantic Restraint.
#873,BOUND-01,MERGED-INTO,,Pass #4 cluster target: Minimality and Semantic Restraint.
#874,BOUND-01,WORDING-FOR,,Pass #4 cluster target: Minimality and Semantic Restraint.
#875,DEF-04,WORDING-FOR,,Pass #4 cluster target: Conformance and Validation.
#875,Conformance Register,WORDING-FOR,,Pass #4 cluster target: Conformance and Validation.
#876,CORE-06,MERGED-INTO,,Pass #4 cluster target: Change Control and Permanence.
#876,Governance Register,MERGED-INTO,,Pass #4 cluster target: Change Control and Permanence.
#877,CORE-02,MERGED-INTO,,Pass #4 cluster target: Canonical Placement.
#878,CONST-02,MERGED-INTO,,Pass #4 cluster target: One World / Singular World-Space.
#879,CORE-03,MERGED-INTO,,Pass #4 cluster target: Exact Membership and Boundary Resolution.
#879,LIM-01,MERGED-INTO,,Pass #4 cluster target: Exact Membership and Boundary Resolution.
#880,CORE-05a,MERGED-INTO,,Pass #4 cluster target: Higher-Layer Independence.
#881,DEF-02,MERGED-INTO,,Pass #4 cluster target: Reconstruction and Recoverability.
#881,Preservation Register,MERGED-INTO,,Pass #4 cluster target: Reconstruction and Recoverability.
#882,CORE-07,MERGED-INTO,,Pass #4 cluster target: Representation Independence.
#883,BOUND-01,MERGED-INTO,,Pass #4 cluster target: Minimality and Semantic Restraint.
#884,DEF-04,MERGED-INTO,,Pass #4 cluster target: Conformance and Validation.
#884,Conformance Register,MERGED-INTO,,Pass #4 cluster target: Conformance and Validation.
#885,BOUND-01,MERGED-INTO,,Pass #4 cluster target: Minimality and Semantic Restraint.
#886,BOUND-01,MERGED-INTO,,Pass #4 cluster target: Minimality and Semantic Restraint.
#887,BOUND-01,MERGED-INTO,,Pass #4 cluster target: Minimality and Semantic Restraint.
#888,BOUND-01,MERGED-INTO,,Pass #4 cluster target: Minimality and Semantic Restraint.
#889,BOUND-01,MERGED-INTO,,Pass #4 cluster target: Minimality and Semantic Restraint.
#890,CORE-07,MERGED-INTO,,Pass #4 cluster target: Representation Independence.
#891,BOUND-01,MERGED-INTO,,Pass #4 cluster target: Minimality and Semantic Restraint.
#892,BOUND-01,MERGED-INTO,,Pass #4 cluster target: Minimality and Semantic Restraint.
#893,CORE-06,MERGED-INTO,,Pass #4 cluster target: Change Control and Permanence.
#893,Governance Register,MERGED-INTO,,Pass #4 cluster target: Change Control and Permanence.
#894,CORE-06,SOURCE-OF,,Pass #4 cluster target: Change Control and Permanence.
#894,Governance Register,SOURCE-OF,,Pass #4 cluster target: Change Control and Permanence.
#895,CORE-05b,MERGED-INTO,,Pass #4 cluster target: Technology and Infrastructure Independence.
#895,CORE-07,MERGED-INTO,,Pass #4 cluster target: Technology and Infrastructure Independence.
#896,BOUND-01,MERGED-INTO,,Pass #4 cluster target: Minimality and Semantic Restraint.
#897,BOUND-01,MERGED-INTO,,Pass #4 cluster target: Minimality and Semantic Restraint.
#898,Governance Method Annex,MERGED-INTO,,Pass #4 cluster target: Inquiry Method and Framework Sequencing.
#898,Historical,MERGED-INTO,,Pass #4 cluster target: Inquiry Method and Framework Sequencing.
#899,BOUND-01,MERGED-INTO,,Pass #4 cluster target: Layer Boundaries.
#899,Shared Architecture,MERGED-INTO,,Pass #4 cluster target: Layer Boundaries.
#900,CORE-01,MERGED-INTO,,Pass #4 cluster target: Core World-Space Membership.
#901,DEF-04,SOURCE-OF,,Pass #4 cluster target: Conformance and Validation.
#901,Conformance Register,SOURCE-OF,,Pass #4 cluster target: Conformance and Validation.
#902,DEF-04,SOURCE-OF,,Pass #4 cluster target: Conformance and Validation.
#902,Conformance Register,SOURCE-OF,,Pass #4 cluster target: Conformance and Validation.
#903,CORE-03c,MERGED-INTO,,Pass #4 cluster target: Independent Implementation.
#903,CORE-05,MERGED-INTO,,Pass #4 cluster target: Independent Implementation.
#904,CORE-05b,MERGED-INTO,,Pass #4 cluster target: Technology and Infrastructure Independence.
#904,CORE-07,MERGED-INTO,,Pass #4 cluster target: Technology and Infrastructure Independence.
#905,BOUND-01,MERGED-INTO,,Pass #4 cluster target: Minimality and Semantic Restraint.
#906,DEF-04,SOURCE-OF,,Pass #4 cluster target: Conformance and Validation.
#906,Conformance Register,SOURCE-OF,,Pass #4 cluster target: Conformance and Validation.
#907,DEF-04,MERGED-INTO,,Pass #4 cluster target: Conformance and Validation.
#907,Conformance Register,MERGED-INTO,,Pass #4 cluster target: Conformance and Validation.
#908,CORE-03c,MERGED-INTO,,Pass #4 cluster target: Independent Implementation.
#908,CORE-05,MERGED-INTO,,Pass #4 cluster target: Independent Implementation.
#909,DEF-04,MERGED-INTO,,Pass #4 cluster target: Conformance and Validation.
#909,Conformance Register,MERGED-INTO,,Pass #4 cluster target: Conformance and Validation.
#910,CORE-03c,MERGED-INTO,,Pass #4 cluster target: Independent Implementation.
#910,CORE-05,MERGED-INTO,,Pass #4 cluster target: Independent Implementation.
#911,CORE-05c,MERGED-INTO,,Pass #4 cluster target: Operational Non-Authority.
#911,CORE-05b,MERGED-INTO,,Pass #4 cluster target: Operational Non-Authority.
#912,CORE-03c,MERGED-INTO,,Pass #4 cluster target: Independent Implementation.
#912,CORE-05,MERGED-INTO,,Pass #4 cluster target: Independent Implementation.
#913,CORE-03c,MERGED-INTO,,Pass #4 cluster target: Independent Implementation.
#913,CORE-05,MERGED-INTO,,Pass #4 cluster target: Independent Implementation.
#914,CORE-03c,MERGED-INTO,,Pass #4 cluster target: Independent Implementation.
#914,CORE-05,MERGED-INTO,,Pass #4 cluster target: Independent Implementation.
#915,IF-01,MERGED-INTO,,Pass #4 cluster target: Institutional Authority and Adoption.
#915,Governance Register,MERGED-INTO,,Pass #4 cluster target: Institutional Authority and Adoption.
#916,CORE-03c,MERGED-INTO,,Pass #4 cluster target: Independent Implementation.
#916,CORE-05,MERGED-INTO,,Pass #4 cluster target: Independent Implementation.
#917,CORE-05b,MERGED-INTO,,Pass #4 cluster target: No Hidden State / Self-Containment.
#917,DEF-02,MERGED-INTO,,Pass #4 cluster target: No Hidden State / Self-Containment.
#918,CORE-03c,MERGED-INTO,,Pass #4 cluster target: Independent Implementation.
#918,CORE-05,MERGED-INTO,,Pass #4 cluster target: Independent Implementation.
#919,CORE-03c,MERGED-INTO,,Pass #4 cluster target: Independent Implementation.
#919,CORE-05,MERGED-INTO,,Pass #4 cluster target: Independent Implementation.
#920,CORE-03c,MERGED-INTO,,Pass #4 cluster target: Independent Implementation.
#920,CORE-05,MERGED-INTO,,Pass #4 cluster target: Independent Implementation.
#921,CORE-05c,MERGED-INTO,,Pass #4 cluster target: Operational Non-Authority.
#921,CORE-05b,MERGED-INTO,,Pass #4 cluster target: Operational Non-Authority.
#922,DEF-04,SOURCE-OF,,Pass #4 cluster target: Conformance and Validation.
#922,Conformance Register,SOURCE-OF,,Pass #4 cluster target: Conformance and Validation.
#923,DEF-04,MERGED-INTO,,Pass #4 cluster target: Conformance and Validation.
#923,Conformance Register,MERGED-INTO,,Pass #4 cluster target: Conformance and Validation.
#924,DEF-04,SOURCE-OF,,Pass #4 cluster target: Conformance and Validation.
#924,Conformance Register,SOURCE-OF,,Pass #4 cluster target: Conformance and Validation.
#925,DEF-04,MERGED-INTO,,Pass #4 cluster target: Conformance and Validation.
#925,Conformance Register,MERGED-INTO,,Pass #4 cluster target: Conformance and Validation.
#926,DEF-04,MERGED-INTO,,Pass #4 cluster target: Conformance and Validation.
#926,Conformance Register,MERGED-INTO,,Pass #4 cluster target: Conformance and Validation.
#927,DEF-04,MERGED-INTO,,Pass #4 cluster target: Conformance and Validation.
#927,Conformance Register,MERGED-INTO,,Pass #4 cluster target: Conformance and Validation.
#928,CONST-01,WORDING-FOR,,Pass #4 cluster target: Constitutional Subordination.
#928,CONST-05,WORDING-FOR,,Pass #4 cluster target: Constitutional Subordination.
#929,Governance Method Annex,SOURCE-OF,,Pass #4 cluster target: Inquiry Method and Framework Sequencing.
#929,Historical,SOURCE-OF,,Pass #4 cluster target: Inquiry Method and Framework Sequencing.
#930,Governance Method Annex,MERGED-INTO,,Pass #4 cluster target: Inquiry Method and Framework Sequencing.
#930,Historical,MERGED-INTO,,Pass #4 cluster target: Inquiry Method and Framework Sequencing.
#931,Governance Method Annex,MERGED-INTO,,Pass #4 cluster target: Inquiry Method and Framework Sequencing.
#931,Historical,MERGED-INTO,,Pass #4 cluster target: Inquiry Method and Framework Sequencing.
#932,Governance Method Annex,MERGED-INTO,,Pass #4 cluster target: Inquiry Method and Framework Sequencing.
#932,Historical,MERGED-INTO,,Pass #4 cluster target: Inquiry Method and Framework Sequencing.
#933,DEF-04,SOURCE-OF,,Pass #4 cluster target: Conformance and Validation.
#933,Conformance Register,SOURCE-OF,,Pass #4 cluster target: Conformance and Validation.
#934,DEF-04,SOURCE-OF,,Pass #4 cluster target: Conformance and Validation.
#934,Conformance Register,SOURCE-OF,,Pass #4 cluster target: Conformance and Validation.
#935,Governance Method Annex,SOURCE-OF,,Pass #4 cluster target: Inquiry Method and Framework Sequencing.
#935,Historical,SOURCE-OF,,Pass #4 cluster target: Inquiry Method and Framework Sequencing.
#936,Governance Method Annex,MERGED-INTO,,Pass #4 cluster target: Inquiry Method and Framework Sequencing.
#936,Historical,MERGED-INTO,,Pass #4 cluster target: Inquiry Method and Framework Sequencing.
#937,Governance Method Annex,MERGED-INTO,,Pass #4 cluster target: Inquiry Method and Framework Sequencing.
#937,Historical,MERGED-INTO,,Pass #4 cluster target: Inquiry Method and Framework Sequencing.
#938,Governance Method Annex,MERGED-INTO,,Pass #4 cluster target: Inquiry Method and Framework Sequencing.
#938,Historical,MERGED-INTO,,Pass #4 cluster target: Inquiry Method and Framework Sequencing.
#939,Governance Method Annex,MERGED-INTO,,Pass #4 cluster target: Inquiry Method and Framework Sequencing.
#939,Historical,MERGED-INTO,,Pass #4 cluster target: Inquiry Method and Framework Sequencing.
#940,Governance Method Annex,MERGED-INTO,,Pass #4 cluster target: Inquiry Method and Framework Sequencing.
#940,Historical,MERGED-INTO,,Pass #4 cluster target: Inquiry Method and Framework Sequencing.
#941,Governance Method Annex,MERGED-INTO,,Pass #4 cluster target: Inquiry Method and Framework Sequencing.
#941,Historical,MERGED-INTO,,Pass #4 cluster target: Inquiry Method and Framework Sequencing.
#942,Governance Method Annex,MERGED-INTO,,Pass #4 cluster target: Inquiry Method and Framework Sequencing.
#942,Historical,MERGED-INTO,,Pass #4 cluster target: Inquiry Method and Framework Sequencing.
#943,Governance Register,MERGED-INTO,,Pass #4 cluster target: Historical Traceability.
#943,Preservation Register,MERGED-INTO,,Pass #4 cluster target: Historical Traceability.
#944,Governance Register,MERGED-INTO,,Pass #4 cluster target: Historical Traceability.
#944,Preservation Register,MERGED-INTO,,Pass #4 cluster target: Historical Traceability.
#945,Governance Method Annex,SOURCE-OF,,Pass #4 cluster target: Inquiry Method and Framework Sequencing.
#945,Historical,SOURCE-OF,,Pass #4 cluster target: Inquiry Method and Framework Sequencing.
#946,DEF-03,MERGED-INTO,,Pass #4 cluster target: Finite Expressibility and Determinism.
#947,DEF-04,SOURCE-OF,,Pass #4 cluster target: Conformance and Validation.
#947,Conformance Register,SOURCE-OF,,Pass #4 cluster target: Conformance and Validation.
#948,Conformance Register,SOURCE-OF,,Pass #4 cluster target: Testing and Adversarial Review.
#949,DEF-04,WORDING-FOR,,Pass #4 cluster target: Conformance and Validation.
#949,Conformance Register,WORDING-FOR,,Pass #4 cluster target: Conformance and Validation.
#950,DEF-04,MERGED-INTO,,Pass #4 cluster target: Conformance and Validation.
#950,Conformance Register,MERGED-INTO,,Pass #4 cluster target: Conformance and Validation.
#951,Conformance Register,SOURCE-OF,,Pass #4 cluster target: Testing and Adversarial Review.
#952,Conformance Register,SOURCE-OF,,Pass #4 cluster target: Testing and Adversarial Review.
#953,Conformance Register,MERGED-INTO,,Pass #4 cluster target: Testing and Adversarial Review.
#954,Conformance Register,MERGED-INTO,,Pass #4 cluster target: Testing and Adversarial Review.
#955,Conformance Register,MERGED-INTO,,Pass #4 cluster target: Testing and Adversarial Review.
#956,Conformance Register,MERGED-INTO,,Pass #4 cluster target: Testing and Adversarial Review.
#957,Conformance Register,MERGED-INTO,,Pass #4 cluster target: Testing and Adversarial Review.
#958,Conformance Register,MERGED-INTO,,Pass #4 cluster target: Testing and Adversarial Review.
#959,CORE-03c,MERGED-INTO,,Pass #4 cluster target: Independent Implementation.
#959,CORE-05,MERGED-INTO,,Pass #4 cluster target: Independent Implementation.
#960,Conformance Register,SOURCE-OF,,Pass #4 cluster target: Testing and Adversarial Review.
#961,Preservation Register,SOURCE-OF,,Pass #4 cluster target: Preservation and Archival Survival.
#962,CORE-06,MERGED-INTO,,Pass #4 cluster target: Change Control and Permanence.
#962,Governance Register,MERGED-INTO,,Pass #4 cluster target: Change Control and Permanence.
#963,Conformance Register,SOURCE-OF,,Pass #4 cluster target: Testing and Adversarial Review.
#964,Governance Register,MERGED-INTO,,Pass #4 cluster target: Historical Traceability.
#964,Preservation Register,MERGED-INTO,,Pass #4 cluster target: Historical Traceability.
#965,IF-01,SOURCE-OF,,Pass #4 cluster target: Institutional Authority and Adoption.
#965,Governance Register,SOURCE-OF,,Pass #4 cluster target: Institutional Authority and Adoption.
#966,CORE-06,MERGED-INTO,,Pass #4 cluster target: Change Control and Permanence.
#966,Governance Register,MERGED-INTO,,Pass #4 cluster target: Change Control and Permanence.
#967,CORE-05c,MERGED-INTO,,Pass #4 cluster target: Operational Non-Authority.
#967,CORE-05b,MERGED-INTO,,Pass #4 cluster target: Operational Non-Authority.
#968,DEF-04,SOURCE-OF,,Pass #4 cluster target: Conformance and Validation.
#968,Conformance Register,SOURCE-OF,,Pass #4 cluster target: Conformance and Validation.
#969,DEF-04,MERGED-INTO,,Pass #4 cluster target: Conformance and Validation.
#969,Conformance Register,MERGED-INTO,,Pass #4 cluster target: Conformance and Validation.
#970,CORE-03c,SOURCE-OF,,Pass #4 cluster target: Independent Implementation.
#970,CORE-05,SOURCE-OF,,Pass #4 cluster target: Independent Implementation.
#971,CORE-03c,MERGED-INTO,,Pass #4 cluster target: Independent Implementation.
#971,CORE-05,MERGED-INTO,,Pass #4 cluster target: Independent Implementation.
#972,CORE-03c,MERGED-INTO,,Pass #4 cluster target: Independent Implementation.
#972,CORE-05,MERGED-INTO,,Pass #4 cluster target: Independent Implementation.
#973,CORE-03c,SOURCE-OF,,Pass #4 cluster target: Independent Implementation.
#973,CORE-05,SOURCE-OF,,Pass #4 cluster target: Independent Implementation.
#974,CORE-03c,MERGED-INTO,,Pass #4 cluster target: Independent Implementation.
#974,CORE-05,MERGED-INTO,,Pass #4 cluster target: Independent Implementation.
#975,CORE-05b,MERGED-INTO,,Pass #4 cluster target: Technology and Infrastructure Independence.
#975,CORE-07,MERGED-INTO,,Pass #4 cluster target: Technology and Infrastructure Independence.
#976,DEF-02,MERGED-INTO,,Pass #4 cluster target: Reconstruction and Recoverability.
#976,Preservation Register,MERGED-INTO,,Pass #4 cluster target: Reconstruction and Recoverability.
#977,DEF-02,MERGED-INTO,,Pass #4 cluster target: Reconstruction and Recoverability.
#977,Preservation Register,MERGED-INTO,,Pass #4 cluster target: Reconstruction and Recoverability.
#978,Preservation Register,MERGED-INTO,,Pass #4 cluster target: Preservation and Archival Survival.
#979,IF-01,MERGED-INTO,,Pass #4 cluster target: Institutional Authority and Adoption.
#979,Governance Register,MERGED-INTO,,Pass #4 cluster target: Institutional Authority and Adoption.
#980,CORE-05a,MERGED-INTO,,Pass #4 cluster target: Rights / Governance Independence.
#981,Preservation Register,MERGED-INTO,,Pass #4 cluster target: Preservation and Archival Survival.
#982,Preservation Register,MERGED-INTO,,Pass #4 cluster target: Preservation and Archival Survival.
#983,CORE-05c,MERGED-INTO,,Pass #4 cluster target: Operational Non-Authority.
#983,CORE-05b,MERGED-INTO,,Pass #4 cluster target: Operational Non-Authority.
#984,Preservation Register,MERGED-INTO,,Pass #4 cluster target: Preservation and Archival Survival.
#985,CORE-05b,MERGED-INTO,,Pass #4 cluster target: Technology and Infrastructure Independence.
#985,CORE-07,MERGED-INTO,,Pass #4 cluster target: Technology and Infrastructure Independence.
#986,CORE-04,MERGED-INTO,,Pass #4 cluster target: Single Canonical Truth.
#986,DEF-01,MERGED-INTO,,Pass #4 cluster target: Single Canonical Truth.
#987,CORE-04,MERGED-INTO,,Pass #4 cluster target: Single Canonical Truth.
#987,DEF-01,MERGED-INTO,,Pass #4 cluster target: Single Canonical Truth.
#988,Governance Register,MERGED-INTO,,Pass #4 cluster target: Historical Traceability.
#988,Preservation Register,MERGED-INTO,,Pass #4 cluster target: Historical Traceability.
#989,DEF-02,MERGED-INTO,,Pass #4 cluster target: Reconstruction and Recoverability.
#989,Preservation Register,MERGED-INTO,,Pass #4 cluster target: Reconstruction and Recoverability.
#990,DEF-02,MERGED-INTO,,Pass #4 cluster target: Reconstruction and Recoverability.
#990,Preservation Register,MERGED-INTO,,Pass #4 cluster target: Reconstruction and Recoverability.
#991,CORE-05b,MERGED-INTO,,Pass #4 cluster target: Technology and Infrastructure Independence.
#991,CORE-07,MERGED-INTO,,Pass #4 cluster target: Technology and Infrastructure Independence.
#992,Preservation Register,MERGED-INTO,,Pass #4 cluster target: Preservation and Archival Survival.
#993,DEF-02,MERGED-INTO,,Pass #4 cluster target: Reconstruction and Recoverability.
#993,Preservation Register,MERGED-INTO,,Pass #4 cluster target: Reconstruction and Recoverability.
#994,Preservation Register,MERGED-INTO,,Pass #4 cluster target: Preservation and Archival Survival.
#995,CORE-07,MERGED-INTO,,Pass #4 cluster target: Representation Independence.
#996,CORE-07,MERGED-INTO,,Pass #4 cluster target: Representation Independence.
#997,CORE-05b,MERGED-INTO,,Pass #4 cluster target: Technology and Infrastructure Independence.
#997,CORE-07,MERGED-INTO,,Pass #4 cluster target: Technology and Infrastructure Independence.
#998,Preservation Register,MERGED-INTO,,Pass #4 cluster target: Preservation and Archival Survival.
#999,CORE-05b,WORDING-FOR,,Pass #4 cluster target: No Hidden State / Self-Containment.
#999,DEF-02,WORDING-FOR,,Pass #4 cluster target: No Hidden State / Self-Containment.
#1000,CORE-06,MERGED-INTO,,Pass #4 cluster target: Change Control and Permanence.
#1000,Governance Register,MERGED-INTO,,Pass #4 cluster target: Change Control and Permanence.
#1001,BOUND-01,MERGED-INTO,,Pass #4 cluster target: Layer Boundaries.
#1001,Shared Architecture,MERGED-INTO,,Pass #4 cluster target: Layer Boundaries.
#1002,CORE-05c,MERGED-INTO,,Pass #4 cluster target: Operational Non-Authority.
#1002,CORE-05b,MERGED-INTO,,Pass #4 cluster target: Operational Non-Authority.
#1003,CORE-06,MERGED-INTO,,Pass #4 cluster target: Change Control and Permanence.
#1003,Governance Register,MERGED-INTO,,Pass #4 cluster target: Change Control and Permanence.
#1004,CORE-06,MERGED-INTO,,Pass #4 cluster target: Change Control and Permanence.
#1004,Governance Register,MERGED-INTO,,Pass #4 cluster target: Change Control and Permanence.
#1005,BOUND-01,MERGED-INTO,,Pass #4 cluster target: Minimality and Semantic Restraint.
#1006,Governance Method Annex,MERGED-INTO,,Pass #4 cluster target: Inquiry Method and Framework Sequencing.
#1006,Historical,MERGED-INTO,,Pass #4 cluster target: Inquiry Method and Framework Sequencing.
#1007,Governance Method Annex,MERGED-INTO,,Pass #4 cluster target: Inquiry Method and Framework Sequencing.
#1007,Historical,MERGED-INTO,,Pass #4 cluster target: Inquiry Method and Framework Sequencing.
#1008,Governance Method Annex,WORDING-FOR,,Pass #4 cluster target: Inquiry Method and Framework Sequencing.
#1008,Historical,WORDING-FOR,,Pass #4 cluster target: Inquiry Method and Framework Sequencing.
#1009,Governance Method Annex,SOURCE-OF,,Pass #4 cluster target: Inquiry Method and Framework Sequencing.
#1009,Historical,SOURCE-OF,,Pass #4 cluster target: Inquiry Method and Framework Sequencing.
#1010,Governance Method Annex,MERGED-INTO,,Pass #4 cluster target: Inquiry Method and Framework Sequencing.
#1010,Historical,MERGED-INTO,,Pass #4 cluster target: Inquiry Method and Framework Sequencing.
#1011,Governance Method Annex,MERGED-INTO,,Pass #4 cluster target: Inquiry Method and Framework Sequencing.
#1011,Historical,MERGED-INTO,,Pass #4 cluster target: Inquiry Method and Framework Sequencing.
#1012,Preservation Register,MERGED-INTO,,Pass #4 cluster target: Preservation and Archival Survival.
#1013,Preservation Register,SOURCE-OF,,Pass #4 cluster target: Preservation and Archival Survival.
#1014,CORE-05b,MERGED-INTO,,Pass #4 cluster target: Technology and Infrastructure Independence.
#1014,CORE-07,MERGED-INTO,,Pass #4 cluster target: Technology and Infrastructure Independence.
#1015,CORE-05b,MERGED-INTO,,Pass #4 cluster target: Technology and Infrastructure Independence.
#1015,CORE-07,MERGED-INTO,,Pass #4 cluster target: Technology and Infrastructure Independence.
#1016,CORE-05b,MERGED-INTO,,Pass #4 cluster target: Technology and Infrastructure Independence.
#1016,CORE-07,MERGED-INTO,,Pass #4 cluster target: Technology and Infrastructure Independence.
#1017,CORE-05b,MERGED-INTO,,Pass #4 cluster target: Technology and Infrastructure Independence.
#1017,CORE-07,MERGED-INTO,,Pass #4 cluster target: Technology and Infrastructure Independence.
#1018,CORE-05b,MERGED-INTO,,Pass #4 cluster target: Technology and Infrastructure Independence.
#1018,CORE-07,MERGED-INTO,,Pass #4 cluster target: Technology and Infrastructure Independence.
#1019,CORE-03c,MERGED-INTO,,Pass #4 cluster target: Independent Implementation.
#1019,CORE-05,MERGED-INTO,,Pass #4 cluster target: Independent Implementation.
#1020,CORE-05b,MERGED-INTO,,Pass #4 cluster target: Technology and Infrastructure Independence.
#1020,CORE-07,MERGED-INTO,,Pass #4 cluster target: Technology and Infrastructure Independence.
#1021,CORE-05c,MERGED-INTO,,Pass #4 cluster target: Operational Non-Authority.
#1021,CORE-05b,MERGED-INTO,,Pass #4 cluster target: Operational Non-Authority.
#1022,CORE-05c,MERGED-INTO,,Pass #4 cluster target: Operational Non-Authority.
#1022,CORE-05b,MERGED-INTO,,Pass #4 cluster target: Operational Non-Authority.
#1023,CORE-05a,MERGED-INTO,,Pass #4 cluster target: Runtime Independence.
#1023,CORE-05b,MERGED-INTO,,Pass #4 cluster target: Runtime Independence.
#1024,CORE-05a,MERGED-INTO,,Pass #4 cluster target: Runtime Independence.
#1024,CORE-05b,MERGED-INTO,,Pass #4 cluster target: Runtime Independence.
#1025,CORE-05a,MERGED-INTO,,Pass #4 cluster target: Higher-Layer Independence.
#1026,CORE-05a,MERGED-INTO,,Pass #4 cluster target: Higher-Layer Independence.
#1027,CORE-05a,MERGED-INTO,,Pass #4 cluster target: Rights / Governance Independence.
#1028,IF-01,MERGED-INTO,,Pass #4 cluster target: Institutional Authority and Adoption.
#1028,Governance Register,MERGED-INTO,,Pass #4 cluster target: Institutional Authority and Adoption.
#1029,CORE-05a,MERGED-INTO,,Pass #4 cluster target: Interpretation Independence.
#1029,BOUND-01,MERGED-INTO,,Pass #4 cluster target: Interpretation Independence.
#1030,Preservation Register,MERGED-INTO,,Pass #4 cluster target: Preservation and Archival Survival.
#1031,Preservation Register,MERGED-INTO,,Pass #4 cluster target: Preservation and Archival Survival.
#1032,CORE-05b,MERGED-INTO,,Pass #4 cluster target: Technology and Infrastructure Independence.
#1032,CORE-07,MERGED-INTO,,Pass #4 cluster target: Technology and Infrastructure Independence.
#1033,CORE-05b,MERGED-INTO,,Pass #4 cluster target: Technology and Infrastructure Independence.
#1033,CORE-07,MERGED-INTO,,Pass #4 cluster target: Technology and Infrastructure Independence.
#1034,CORE-05b,MERGED-INTO,,Pass #4 cluster target: Technology and Infrastructure Independence.
#1034,CORE-07,MERGED-INTO,,Pass #4 cluster target: Technology and Infrastructure Independence.
#1035,CORE-07,MERGED-INTO,,Pass #4 cluster target: Representation Independence.
#1036,Preservation Register,MERGED-INTO,,Pass #4 cluster target: Preservation and Archival Survival.
#1037,CORE-05a,MERGED-INTO,,Pass #4 cluster target: Interpretation Independence.
#1037,BOUND-01,MERGED-INTO,,Pass #4 cluster target: Interpretation Independence.
#1038,CORE-05a,MERGED-INTO,,Pass #4 cluster target: Interpretation Independence.
#1038,BOUND-01,MERGED-INTO,,Pass #4 cluster target: Interpretation Independence.
#1039,CORE-05a,MERGED-INTO,,Pass #4 cluster target: Interpretation Independence.
#1039,BOUND-01,MERGED-INTO,,Pass #4 cluster target: Interpretation Independence.
#1040,CORE-05b,MERGED-INTO,,Pass #4 cluster target: Technology and Infrastructure Independence.
#1040,CORE-07,MERGED-INTO,,Pass #4 cluster target: Technology and Infrastructure Independence.
#1041,CORE-05b,MERGED-INTO,,Pass #4 cluster target: Technology and Infrastructure Independence.
#1041,CORE-07,MERGED-INTO,,Pass #4 cluster target: Technology and Infrastructure Independence.
#1042,CORE-06,MERGED-INTO,,Pass #4 cluster target: Change Control and Permanence.
#1042,Governance Register,MERGED-INTO,,Pass #4 cluster target: Change Control and Permanence.
#1043,CORE-06,MERGED-INTO,,Pass #4 cluster target: Change Control and Permanence.
#1043,Governance Register,MERGED-INTO,,Pass #4 cluster target: Change Control and Permanence.
#1044,BOUND-01,MERGED-INTO,,Pass #4 cluster target: Layer Boundaries.
#1044,Shared Architecture,MERGED-INTO,,Pass #4 cluster target: Layer Boundaries.
#1045,BOUND-01,MERGED-INTO,,Pass #4 cluster target: Layer Boundaries.
#1045,Shared Architecture,MERGED-INTO,,Pass #4 cluster target: Layer Boundaries.
#1046,CONST-01,MERGED-INTO,,Pass #4 cluster target: Constitutional Subordination.
#1046,CONST-05,MERGED-INTO,,Pass #4 cluster target: Constitutional Subordination.
#1047,IF-01,MERGED-INTO,,Pass #4 cluster target: Institutional Authority and Adoption.
#1047,Governance Register,MERGED-INTO,,Pass #4 cluster target: Institutional Authority and Adoption.
#1048,BOUND-01,MERGED-INTO,,Pass #4 cluster target: Minimality and Semantic Restraint.
#1049,Terminology Register,MERGED-INTO,,Pass #4 cluster target: Terminology Discipline.
#1050,CORE-01,MERGED-INTO,,Pass #4 cluster target: Core World-Space Membership.
#1051,CORE-05a,MERGED-INTO,,Pass #4 cluster target: Interpretation Independence.
#1051,BOUND-01,MERGED-INTO,,Pass #4 cluster target: Interpretation Independence.
#1052,Terminology Register,MERGED-INTO,,Pass #4 cluster target: Terminology Discipline.
#1053,Terminology Register,SOURCE-OF,,Pass #4 cluster target: Terminology Discipline.
#1054,Terminology Register,MERGED-INTO,,Pass #4 cluster target: Terminology Discipline.
#1055,CORE-05c,MERGED-INTO,,Pass #4 cluster target: Operational Non-Authority.
#1055,CORE-05b,MERGED-INTO,,Pass #4 cluster target: Operational Non-Authority.
#1056,Preservation Register,MERGED-INTO,,Pass #4 cluster target: Preservation and Archival Survival.
#1057,Preservation Register,MERGED-INTO,,Pass #4 cluster target: Preservation and Archival Survival.
#1058,Preservation Register,MERGED-INTO,,Pass #4 cluster target: Preservation and Archival Survival.
#1059,BOUND-01,MERGED-INTO,,Pass #4 cluster target: Minimality and Semantic Restraint.
#1060,Terminology Register,SOURCE-OF,,Pass #4 cluster target: Terminology Discipline.
#1061,Terminology Register,MERGED-INTO,,Pass #4 cluster target: Terminology Discipline.
#1062,Terminology Register,MERGED-INTO,,Pass #4 cluster target: Terminology Discipline.
#1063,Terminology Register,SOURCE-OF,,Pass #4 cluster target: Terminology Discipline.
#1064,Terminology Register,MERGED-INTO,,Pass #4 cluster target: Terminology Discipline.
#1065,Terminology Register,MERGED-INTO,,Pass #4 cluster target: Terminology Discipline.
#1066,Terminology Register,SOURCE-OF,,Pass #4 cluster target: Terminology Discipline.
#1067,Terminology Register,SOURCE-OF,,Pass #4 cluster target: Terminology Discipline.
#1068,Terminology Register,SOURCE-OF,,Pass #4 cluster target: Terminology Discipline.
#1069,Terminology Register,SOURCE-OF,,Pass #4 cluster target: Terminology Discipline.
#1070,CORE-01,MERGED-INTO,,Pass #4 cluster target: Core World-Space Membership.
#1071,CORE-02,WORDING-FOR,,Pass #4 cluster target: Survey-to-World Relationship.
#1072,BOUND-01,MERGED-INTO,,Pass #4 cluster target: Minimality and Semantic Restraint.
#1073,BOUND-01,MERGED-INTO,,Pass #4 cluster target: Minimality and Semantic Restraint.
#1074,CORE-02,MERGED-INTO,,Pass #4 cluster target: Survey-to-World Relationship.
#1075,CORE-03b,MERGED-INTO,,Pass #4 cluster target: Failure Semantics.
#1075,Conformance Register,MERGED-INTO,,Pass #4 cluster target: Failure Semantics.
#1076,CORE-03b,MERGED-INTO,,Pass #4 cluster target: Failure Semantics.
#1076,Conformance Register,MERGED-INTO,,Pass #4 cluster target: Failure Semantics.
#1077,CORE-03,MERGED-INTO,,Pass #4 cluster target: Exact Membership and Boundary Resolution.
#1077,LIM-01,MERGED-INTO,,Pass #4 cluster target: Exact Membership and Boundary Resolution.
#1078,CORE-04,MERGED-INTO,,Pass #4 cluster target: Single Canonical Truth.
#1078,DEF-01,MERGED-INTO,,Pass #4 cluster target: Single Canonical Truth.
#1079,CORE-03b,MERGED-INTO,,Pass #4 cluster target: Failure Semantics.
#1079,Conformance Register,MERGED-INTO,,Pass #4 cluster target: Failure Semantics.
#1080,CORE-03b,MERGED-INTO,,Pass #4 cluster target: Failure Semantics.
#1080,Conformance Register,MERGED-INTO,,Pass #4 cluster target: Failure Semantics.
#1081,CORE-03,SOURCE-OF,,Pass #4 cluster target: Exact Membership and Boundary Resolution.
#1081,LIM-01,SOURCE-OF,,Pass #4 cluster target: Exact Membership and Boundary Resolution.
#1082,CORE-03,SOURCE-OF,,Pass #4 cluster target: Exact Membership and Boundary Resolution.
#1082,LIM-01,SOURCE-OF,,Pass #4 cluster target: Exact Membership and Boundary Resolution.
#1083,CORE-03b,WORDING-FOR,,Pass #4 cluster target: Failure Semantics.
#1083,Conformance Register,WORDING-FOR,,Pass #4 cluster target: Failure Semantics.
#1084,CORE-07,MERGED-INTO,,Pass #4 cluster target: Representation Independence.
#1085,CORE-03b,MERGED-INTO,,Pass #4 cluster target: Failure Semantics.
#1085,Conformance Register,MERGED-INTO,,Pass #4 cluster target: Failure Semantics.
#1086,DEF-05,MERGED-INTO,,Pass #4 cluster target: Canonical Equivalence.
#1086,CORE-07,MERGED-INTO,,Pass #4 cluster target: Canonical Equivalence.
#1087,CORE-07,MERGED-INTO,,Pass #4 cluster target: Representation Independence.
#1088,CORE-07,MERGED-INTO,,Pass #4 cluster target: Representation Independence.
#1089,CORE-04,MERGED-INTO,,Pass #4 cluster target: Single Canonical Truth.
#1089,DEF-01,MERGED-INTO,,Pass #4 cluster target: Single Canonical Truth.
#1090,CORE-03c,MERGED-INTO,,Pass #4 cluster target: Independent Implementation.
#1090,CORE-05,MERGED-INTO,,Pass #4 cluster target: Independent Implementation.
#1091,CORE-05b,MERGED-INTO,,Pass #4 cluster target: Technology and Infrastructure Independence.
#1091,CORE-07,MERGED-INTO,,Pass #4 cluster target: Technology and Infrastructure Independence.
#1092,CORE-03c,MERGED-INTO,,Pass #4 cluster target: Independent Implementation.
#1092,CORE-05,MERGED-INTO,,Pass #4 cluster target: Independent Implementation.
#1093,CORE-05c,MERGED-INTO,,Pass #4 cluster target: Operational Non-Authority.
#1093,CORE-05b,MERGED-INTO,,Pass #4 cluster target: Operational Non-Authority.
#1094,CORE-05c,MERGED-INTO,,Pass #4 cluster target: Operational Non-Authority.
#1094,CORE-05b,MERGED-INTO,,Pass #4 cluster target: Operational Non-Authority.
#1095,CORE-05c,MERGED-INTO,,Pass #4 cluster target: Operational Non-Authority.
#1095,CORE-05b,MERGED-INTO,,Pass #4 cluster target: Operational Non-Authority.
#1096,CORE-05c,MERGED-INTO,,Pass #4 cluster target: Operational Non-Authority.
#1096,CORE-05b,MERGED-INTO,,Pass #4 cluster target: Operational Non-Authority.
#1097,DEF-02,MERGED-INTO,,Pass #4 cluster target: Reconstruction and Recoverability.
#1097,Preservation Register,MERGED-INTO,,Pass #4 cluster target: Reconstruction and Recoverability.
#1098,DEF-02,MERGED-INTO,,Pass #4 cluster target: Reconstruction and Recoverability.
#1098,Preservation Register,MERGED-INTO,,Pass #4 cluster target: Reconstruction and Recoverability.
#1099,IF-01,MERGED-INTO,,Pass #4 cluster target: Institutional Authority and Adoption.
#1099,Governance Register,MERGED-INTO,,Pass #4 cluster target: Institutional Authority and Adoption.
#1100,CORE-01,MERGED-INTO,,Pass #4 cluster target: Core World-Space Membership.
#1101,CORE-02,MERGED-INTO,,Pass #4 cluster target: Survey-to-World Relationship.
#1102,CORE-02,MERGED-INTO,,Pass #4 cluster target: Survey-to-World Relationship.
#1103,DOWN-01,MERGED-INTO,,Pass #4 cluster target: Survey Dependency / Downward Contract.
#1103,DOWN-02,MERGED-INTO,,Pass #4 cluster target: Survey Dependency / Downward Contract.
#1103,DOWN-03,MERGED-INTO,,Pass #4 cluster target: Survey Dependency / Downward Contract.
#1103,DOWN-04,MERGED-INTO,,Pass #4 cluster target: Survey Dependency / Downward Contract.
#1104,CORE-06,MERGED-INTO,,Pass #4 cluster target: Change Control and Permanence.
#1104,Governance Register,MERGED-INTO,,Pass #4 cluster target: Change Control and Permanence.
#1105,DEF-05,SOURCE-OF,,Pass #4 cluster target: Canonical Equivalence.
#1105,CORE-07,SOURCE-OF,,Pass #4 cluster target: Canonical Equivalence.
#1106,DEF-05,MERGED-INTO,,Pass #4 cluster target: Canonical Equivalence.
#1106,CORE-07,MERGED-INTO,,Pass #4 cluster target: Canonical Equivalence.
#1107,DEF-05,MERGED-INTO,,Pass #4 cluster target: Canonical Equivalence.
#1107,CORE-07,MERGED-INTO,,Pass #4 cluster target: Canonical Equivalence.
#1108,DEF-05,MERGED-INTO,,Pass #4 cluster target: Canonical Equivalence.
#1108,CORE-07,MERGED-INTO,,Pass #4 cluster target: Canonical Equivalence.
#1109,DEF-05,MERGED-INTO,,Pass #4 cluster target: Canonical Equivalence.
#1109,CORE-07,MERGED-INTO,,Pass #4 cluster target: Canonical Equivalence.
#1110,DEF-05,SOURCE-OF,,Pass #4 cluster target: Canonical Equivalence.
#1110,CORE-07,SOURCE-OF,,Pass #4 cluster target: Canonical Equivalence.
#1111,CORE-03,SOURCE-OF,,Pass #4 cluster target: Exact Membership and Boundary Resolution.
#1111,LIM-01,SOURCE-OF,,Pass #4 cluster target: Exact Membership and Boundary Resolution.
#1112,CORE-03,MERGED-INTO,,Pass #4 cluster target: Exact Membership and Boundary Resolution.
#1112,LIM-01,MERGED-INTO,,Pass #4 cluster target: Exact Membership and Boundary Resolution.
#1113,CORE-03,SOURCE-OF,,Pass #4 cluster target: Exact Membership and Boundary Resolution.
#1113,LIM-01,SOURCE-OF,,Pass #4 cluster target: Exact Membership and Boundary Resolution.
#1114,CORE-04,MERGED-INTO,,Pass #4 cluster target: Single Canonical Truth.
#1114,DEF-01,MERGED-INTO,,Pass #4 cluster target: Single Canonical Truth.
#1115,CORE-03,SOURCE-OF,,Pass #4 cluster target: Exact Membership and Boundary Resolution.
#1115,LIM-01,SOURCE-OF,,Pass #4 cluster target: Exact Membership and Boundary Resolution.
#1116,CORE-05c,MERGED-INTO,,Pass #4 cluster target: Operational Non-Authority.
#1116,CORE-05b,MERGED-INTO,,Pass #4 cluster target: Operational Non-Authority.
#1117,CORE-05c,MERGED-INTO,,Pass #4 cluster target: Operational Non-Authority.
#1117,CORE-05b,MERGED-INTO,,Pass #4 cluster target: Operational Non-Authority.
#1118,CORE-05c,MERGED-INTO,,Pass #4 cluster target: Operational Non-Authority.
#1118,CORE-05b,MERGED-INTO,,Pass #4 cluster target: Operational Non-Authority.
#1119,CORE-05c,MERGED-INTO,,Pass #4 cluster target: Operational Non-Authority.
#1119,CORE-05b,MERGED-INTO,,Pass #4 cluster target: Operational Non-Authority.
#1120,CORE-05c,MERGED-INTO,,Pass #4 cluster target: Operational Non-Authority.
#1120,CORE-05b,MERGED-INTO,,Pass #4 cluster target: Operational Non-Authority.
#1121,CORE-05c,MERGED-INTO,,Pass #4 cluster target: Operational Non-Authority.
#1121,CORE-05b,MERGED-INTO,,Pass #4 cluster target: Operational Non-Authority.
#1122,CORE-05c,MERGED-INTO,,Pass #4 cluster target: Operational Non-Authority.
#1122,CORE-05b,MERGED-INTO,,Pass #4 cluster target: Operational Non-Authority.
#1123,CORE-05c,SOURCE-OF,,Pass #4 cluster target: Operational Non-Authority.
#1123,CORE-05b,SOURCE-OF,,Pass #4 cluster target: Operational Non-Authority.
#1124,CORE-03,MERGED-INTO,,Pass #4 cluster target: Exact Membership and Boundary Resolution.
#1124,LIM-01,MERGED-INTO,,Pass #4 cluster target: Exact Membership and Boundary Resolution.
#1125,CORE-05c,MERGED-INTO,,Pass #4 cluster target: Operational Non-Authority.
#1125,CORE-05b,MERGED-INTO,,Pass #4 cluster target: Operational Non-Authority.
#1126,CORE-05c,MERGED-INTO,,Pass #4 cluster target: Operational Non-Authority.
#1126,CORE-05b,MERGED-INTO,,Pass #4 cluster target: Operational Non-Authority.
#1127,CORE-03,MERGED-INTO,,Pass #4 cluster target: Exact Membership and Boundary Resolution.
#1127,LIM-01,MERGED-INTO,,Pass #4 cluster target: Exact Membership and Boundary Resolution.
#1128,CORE-05a,MERGED-INTO,,Pass #4 cluster target: Higher-Layer Independence.
#1129,DEF-06,MERGED-INTO,,Pass #4 cluster target: Precision and Refinement.
#1129,DOWN-03,MERGED-INTO,,Pass #4 cluster target: Precision and Refinement.
#1130,DEF-06,MERGED-INTO,,Pass #4 cluster target: Precision and Refinement.
#1130,DOWN-03,MERGED-INTO,,Pass #4 cluster target: Precision and Refinement.
#1131,DEF-06,MERGED-INTO,,Pass #4 cluster target: Precision and Refinement.
#1131,DOWN-03,MERGED-INTO,,Pass #4 cluster target: Precision and Refinement.
#1132,CORE-05a,MERGED-INTO,,Pass #4 cluster target: Parcel Independence.
#1132,BOUND-01,MERGED-INTO,,Pass #4 cluster target: Parcel Independence.
#1133,CORE-05a,MERGED-INTO,,Pass #4 cluster target: Parcel Independence.
#1133,BOUND-01,MERGED-INTO,,Pass #4 cluster target: Parcel Independence.
#1134,CORE-05c,MERGED-INTO,,Pass #4 cluster target: Operational Non-Authority.
#1134,CORE-05b,MERGED-INTO,,Pass #4 cluster target: Operational Non-Authority.
#1135,CORE-05a,MERGED-INTO,,Pass #4 cluster target: Parcel Independence.
#1135,BOUND-01,MERGED-INTO,,Pass #4 cluster target: Parcel Independence.
#1136,CORE-05a,MERGED-INTO,,Pass #4 cluster target: Parcel Independence.
#1136,BOUND-01,MERGED-INTO,,Pass #4 cluster target: Parcel Independence.
#1137,UP-01,MERGED-INTO,,Pass #4 cluster target: Upward Handoff.
#1137,UP-02,MERGED-INTO,,Pass #4 cluster target: Upward Handoff.
#1137,UP-03,MERGED-INTO,,Pass #4 cluster target: Upward Handoff.
#1138,CORE-05c,MERGED-INTO,,Pass #4 cluster target: Operational Non-Authority.
#1138,CORE-05b,MERGED-INTO,,Pass #4 cluster target: Operational Non-Authority.
#1139,CORE-05c,MERGED-INTO,,Pass #4 cluster target: Operational Non-Authority.
#1139,CORE-05b,MERGED-INTO,,Pass #4 cluster target: Operational Non-Authority.
#1140,CORE-05b,MERGED-INTO,,Pass #4 cluster target: Technology and Infrastructure Independence.
#1140,CORE-07,MERGED-INTO,,Pass #4 cluster target: Technology and Infrastructure Independence.
#1141,CORE-05c,MERGED-INTO,,Pass #4 cluster target: Operational Non-Authority.
#1141,CORE-05b,MERGED-INTO,,Pass #4 cluster target: Operational Non-Authority.
#1142,CORE-05c,MERGED-INTO,,Pass #4 cluster target: Operational Non-Authority.
#1142,CORE-05b,MERGED-INTO,,Pass #4 cluster target: Operational Non-Authority.
#1143,CORE-05c,MERGED-INTO,,Pass #4 cluster target: Operational Non-Authority.
#1143,CORE-05b,MERGED-INTO,,Pass #4 cluster target: Operational Non-Authority.
#1144,CORE-03,SOURCE-OF,,Pass #4 cluster target: Exact Membership and Boundary Resolution.
#1144,LIM-01,SOURCE-OF,,Pass #4 cluster target: Exact Membership and Boundary Resolution.
#1145,CORE-03,SOURCE-OF,,Pass #4 cluster target: Exact Membership and Boundary Resolution.
#1145,LIM-01,SOURCE-OF,,Pass #4 cluster target: Exact Membership and Boundary Resolution.
#1146,CORE-03,SOURCE-OF,,Pass #4 cluster target: Exact Membership and Boundary Resolution.
#1146,LIM-01,SOURCE-OF,,Pass #4 cluster target: Exact Membership and Boundary Resolution.
#1147,CORE-02,MERGED-INTO,,Pass #4 cluster target: Survey-to-World Relationship.
#1148,CORE-02,MERGED-INTO,,Pass #4 cluster target: Survey-to-World Relationship.
#1149,CORE-02,MERGED-INTO,,Pass #4 cluster target: Survey-to-World Relationship.
#1150,CORE-02,MERGED-INTO,,Pass #4 cluster target: Survey-to-World Relationship.
#1151,CORE-02,MERGED-INTO,,Pass #4 cluster target: Survey-to-World Relationship.
#1152,DOWN-01,MERGED-INTO,,Pass #4 cluster target: Survey Dependency / Downward Contract.
#1152,DOWN-02,MERGED-INTO,,Pass #4 cluster target: Survey Dependency / Downward Contract.
#1152,DOWN-03,MERGED-INTO,,Pass #4 cluster target: Survey Dependency / Downward Contract.
#1152,DOWN-04,MERGED-INTO,,Pass #4 cluster target: Survey Dependency / Downward Contract.
#1153,CORE-02,MERGED-INTO,,Pass #4 cluster target: Survey-to-World Relationship.
#1154,BOUND-01,MERGED-INTO,,Pass #4 cluster target: Minimality and Semantic Restraint.
#1155,BOUND-01,MERGED-INTO,,Pass #4 cluster target: Minimality and Semantic Restraint.
#1156,BOUND-01,MERGED-INTO,,Pass #4 cluster target: Minimality and Semantic Restraint.
#1157,CORE-05a,MERGED-INTO,,Pass #4 cluster target: Interpretation Independence.
#1157,BOUND-01,MERGED-INTO,,Pass #4 cluster target: Interpretation Independence.
#1158,CORE-05a,MERGED-INTO,,Pass #4 cluster target: Interpretation Independence.
#1158,BOUND-01,MERGED-INTO,,Pass #4 cluster target: Interpretation Independence.
#1159,CORE-05a,MERGED-INTO,,Pass #4 cluster target: Parcel Independence.
#1159,BOUND-01,MERGED-INTO,,Pass #4 cluster target: Parcel Independence.
#1160,CORE-05a,MERGED-INTO,,Pass #4 cluster target: Interpretation Independence.
#1160,BOUND-01,MERGED-INTO,,Pass #4 cluster target: Interpretation Independence.
#1161,BOUND-01,MERGED-INTO,,Pass #4 cluster target: Minimality and Semantic Restraint.
#1162,BOUND-01,MERGED-INTO,,Pass #4 cluster target: Minimality and Semantic Restraint.
#1163,BOUND-01,MERGED-INTO,,Pass #4 cluster target: Minimality and Semantic Restraint.
#1164,CORE-05a,MERGED-INTO,,Pass #4 cluster target: Rights / Governance Independence.
#1165,CORE-05a,MERGED-INTO,,Pass #4 cluster target: Interpretation Independence.
#1165,BOUND-01,MERGED-INTO,,Pass #4 cluster target: Interpretation Independence.
#1166,CORE-05a,MERGED-INTO,,Pass #4 cluster target: Runtime Independence.
#1166,CORE-05b,MERGED-INTO,,Pass #4 cluster target: Runtime Independence.
#1167,DEF-06,MERGED-INTO,,Pass #4 cluster target: Precision and Refinement.
#1167,DOWN-03,MERGED-INTO,,Pass #4 cluster target: Precision and Refinement.
#1168,DEF-06,MERGED-INTO,,Pass #4 cluster target: Precision and Refinement.
#1168,DOWN-03,MERGED-INTO,,Pass #4 cluster target: Precision and Refinement.
#1169,CORE-03,WORDING-FOR,,Pass #4 cluster target: Exact Membership and Boundary Resolution.
#1169,LIM-01,WORDING-FOR,,Pass #4 cluster target: Exact Membership and Boundary Resolution.
#1170,BOUND-01,MERGED-INTO,,Pass #4 cluster target: Minimality and Semantic Restraint.
#1171,BOUND-01,MERGED-INTO,,Pass #4 cluster target: Minimality and Semantic Restraint.
#1172,BOUND-01,MERGED-INTO,,Pass #4 cluster target: Minimality and Semantic Restraint.
#1173,CORE-03,MERGED-INTO,,Pass #4 cluster target: Exact Membership and Boundary Resolution.
#1173,LIM-01,MERGED-INTO,,Pass #4 cluster target: Exact Membership and Boundary Resolution.
#1174,CORE-03,MERGED-INTO,,Pass #4 cluster target: Exact Membership and Boundary Resolution.
#1174,LIM-01,MERGED-INTO,,Pass #4 cluster target: Exact Membership and Boundary Resolution.
#1175,CORE-03,MERGED-INTO,,Pass #4 cluster target: Exact Membership and Boundary Resolution.
#1175,LIM-01,MERGED-INTO,,Pass #4 cluster target: Exact Membership and Boundary Resolution.
#1176,CORE-03,MERGED-INTO,,Pass #4 cluster target: Exact Membership and Boundary Resolution.
#1176,LIM-01,MERGED-INTO,,Pass #4 cluster target: Exact Membership and Boundary Resolution.
#1177,CORE-03,SOURCE-OF,,Pass #4 cluster target: Exact Membership and Boundary Resolution.
#1177,LIM-01,SOURCE-OF,,Pass #4 cluster target: Exact Membership and Boundary Resolution.
#1178,CORE-03,MERGED-INTO,,Pass #4 cluster target: Exact Membership and Boundary Resolution.
#1178,LIM-01,MERGED-INTO,,Pass #4 cluster target: Exact Membership and Boundary Resolution.
#1179,CORE-03,MERGED-INTO,,Pass #4 cluster target: Exact Membership and Boundary Resolution.
#1179,LIM-01,MERGED-INTO,,Pass #4 cluster target: Exact Membership and Boundary Resolution.
#1180,CORE-03,MERGED-INTO,,Pass #4 cluster target: Exact Membership and Boundary Resolution.
#1180,LIM-01,MERGED-INTO,,Pass #4 cluster target: Exact Membership and Boundary Resolution.
#1181,CORE-03,MERGED-INTO,,Pass #4 cluster target: Exact Membership and Boundary Resolution.
#1181,LIM-01,MERGED-INTO,,Pass #4 cluster target: Exact Membership and Boundary Resolution.
#1182,CORE-05b,MERGED-INTO,,Pass #4 cluster target: No Hidden State / Self-Containment.
#1182,DEF-02,MERGED-INTO,,Pass #4 cluster target: No Hidden State / Self-Containment.
#1183,CORE-03,SOURCE-OF,,Pass #4 cluster target: Exact Membership and Boundary Resolution.
#1183,LIM-01,SOURCE-OF,,Pass #4 cluster target: Exact Membership and Boundary Resolution.
#1184,Conformance Register,MERGED-INTO,,Pass #4 cluster target: Testing and Adversarial Review.
#1185,CORE-05c,MERGED-INTO,,Pass #4 cluster target: Operational Non-Authority.
#1185,CORE-05b,MERGED-INTO,,Pass #4 cluster target: Operational Non-Authority.
#1186,DEF-06,MERGED-INTO,,Pass #4 cluster target: Precision and Refinement.
#1186,DOWN-03,MERGED-INTO,,Pass #4 cluster target: Precision and Refinement.
#1187,DEF-06,MERGED-INTO,,Pass #4 cluster target: Precision and Refinement.
#1187,DOWN-03,MERGED-INTO,,Pass #4 cluster target: Precision and Refinement.
#1188,DEF-06,MERGED-INTO,,Pass #4 cluster target: Precision and Refinement.
#1188,DOWN-03,MERGED-INTO,,Pass #4 cluster target: Precision and Refinement.
#1189,DEF-06,MERGED-INTO,,Pass #4 cluster target: Precision and Refinement.
#1189,DOWN-03,MERGED-INTO,,Pass #4 cluster target: Precision and Refinement.
#1190,DEF-06,WORDING-FOR,,Pass #4 cluster target: Precision and Refinement.
#1190,DOWN-03,WORDING-FOR,,Pass #4 cluster target: Precision and Refinement.
#1191,DEF-06,MERGED-INTO,,Pass #4 cluster target: Precision and Refinement.
#1191,DOWN-03,MERGED-INTO,,Pass #4 cluster target: Precision and Refinement.
#1192,DEF-06,MERGED-INTO,,Pass #4 cluster target: Precision and Refinement.
#1192,DOWN-03,MERGED-INTO,,Pass #4 cluster target: Precision and Refinement.
#1193,DEF-06,MERGED-INTO,,Pass #4 cluster target: Precision and Refinement.
#1193,DOWN-03,MERGED-INTO,,Pass #4 cluster target: Precision and Refinement.
#1194,DEF-06,MERGED-INTO,,Pass #4 cluster target: Precision and Refinement.
#1194,DOWN-03,MERGED-INTO,,Pass #4 cluster target: Precision and Refinement.
#1195,DEF-06,MERGED-INTO,,Pass #4 cluster target: Precision and Refinement.
#1195,DOWN-03,MERGED-INTO,,Pass #4 cluster target: Precision and Refinement.
#1196,UP-01,MERGED-INTO,,Pass #4 cluster target: Upward Handoff.
#1196,UP-02,MERGED-INTO,,Pass #4 cluster target: Upward Handoff.
#1196,UP-03,MERGED-INTO,,Pass #4 cluster target: Upward Handoff.
#1197,CORE-05c,MERGED-INTO,,Pass #4 cluster target: Operational Non-Authority.
#1197,CORE-05b,MERGED-INTO,,Pass #4 cluster target: Operational Non-Authority.
#1198,CORE-05c,MERGED-INTO,,Pass #4 cluster target: Operational Non-Authority.
#1198,CORE-05b,MERGED-INTO,,Pass #4 cluster target: Operational Non-Authority.
#1199,CORE-07,MERGED-INTO,,Pass #4 cluster target: Representation Independence.
#1200,CORE-05a,MERGED-INTO,,Pass #4 cluster target: Higher-Layer Independence.
#1201,BOUND-01,MERGED-INTO,,Pass #4 cluster target: Minimality and Semantic Restraint.
#1202,CORE-04,MERGED-INTO,,Pass #4 cluster target: Single Canonical Truth.
#1202,DEF-01,MERGED-INTO,,Pass #4 cluster target: Single Canonical Truth.
#1203,CORE-03c,MERGED-INTO,,Pass #4 cluster target: Independent Implementation.
#1203,CORE-05,MERGED-INTO,,Pass #4 cluster target: Independent Implementation.
#1204,CORE-05c,MERGED-INTO,,Pass #4 cluster target: Operational Non-Authority.
#1204,CORE-05b,MERGED-INTO,,Pass #4 cluster target: Operational Non-Authority.
#1205,BOUND-01,MERGED-INTO,,Pass #4 cluster target: Minimality and Semantic Restraint.
#1206,CONST-04,MERGED-INTO,,Pass #4 cluster target: Connectedness and Topology.
#1207,CONST-04,MERGED-INTO,,Pass #4 cluster target: Connectedness and Topology.
#1208,CONST-04,MERGED-INTO,,Pass #4 cluster target: Connectedness and Topology.
#1209,CONST-04,MERGED-INTO,,Pass #4 cluster target: Connectedness and Topology.
#1210,Governance Method Annex,MERGED-INTO,,Pass #4 cluster target: Inquiry Method and Framework Sequencing.
#1210,Historical,MERGED-INTO,,Pass #4 cluster target: Inquiry Method and Framework Sequencing.
#1211,Governance Method Annex,MERGED-INTO,,Pass #4 cluster target: Inquiry Method and Framework Sequencing.
#1211,Historical,MERGED-INTO,,Pass #4 cluster target: Inquiry Method and Framework Sequencing.
#1212,Governance Method Annex,MERGED-INTO,,Pass #4 cluster target: Inquiry Method and Framework Sequencing.
#1212,Historical,MERGED-INTO,,Pass #4 cluster target: Inquiry Method and Framework Sequencing.
#1213,Governance Method Annex,MERGED-INTO,,Pass #4 cluster target: Inquiry Method and Framework Sequencing.
#1213,Historical,MERGED-INTO,,Pass #4 cluster target: Inquiry Method and Framework Sequencing.
#1214,Governance Method Annex,MERGED-INTO,,Pass #4 cluster target: Inquiry Method and Framework Sequencing.
#1214,Historical,MERGED-INTO,,Pass #4 cluster target: Inquiry Method and Framework Sequencing.
#1215,Governance Method Annex,MERGED-INTO,,Pass #4 cluster target: Inquiry Method and Framework Sequencing.
#1215,Historical,MERGED-INTO,,Pass #4 cluster target: Inquiry Method and Framework Sequencing.
#1216,Governance Method Annex,MERGED-INTO,,Pass #4 cluster target: Inquiry Method and Framework Sequencing.
#1216,Historical,MERGED-INTO,,Pass #4 cluster target: Inquiry Method and Framework Sequencing.
#1217,Governance Method Annex,MERGED-INTO,,Pass #4 cluster target: Inquiry Method and Framework Sequencing.
#1217,Historical,MERGED-INTO,,Pass #4 cluster target: Inquiry Method and Framework Sequencing.
#1218,Governance Method Annex,MERGED-INTO,,Pass #4 cluster target: Inquiry Method and Framework Sequencing.
#1218,Historical,MERGED-INTO,,Pass #4 cluster target: Inquiry Method and Framework Sequencing.
#1219,Governance Method Annex,MERGED-INTO,,Pass #4 cluster target: Inquiry Method and Framework Sequencing.
#1219,Historical,MERGED-INTO,,Pass #4 cluster target: Inquiry Method and Framework Sequencing.
#1220,Governance Method Annex,MERGED-INTO,,Pass #4 cluster target: Inquiry Method and Framework Sequencing.
#1220,Historical,MERGED-INTO,,Pass #4 cluster target: Inquiry Method and Framework Sequencing.
#1221,Governance Method Annex,MERGED-INTO,,Pass #4 cluster target: Inquiry Method and Framework Sequencing.
#1221,Historical,MERGED-INTO,,Pass #4 cluster target: Inquiry Method and Framework Sequencing.
#1222,Governance Method Annex,MERGED-INTO,,Pass #4 cluster target: Inquiry Method and Framework Sequencing.
#1222,Historical,MERGED-INTO,,Pass #4 cluster target: Inquiry Method and Framework Sequencing.
#1223,Governance Method Annex,MERGED-INTO,,Pass #4 cluster target: Inquiry Method and Framework Sequencing.
#1223,Historical,MERGED-INTO,,Pass #4 cluster target: Inquiry Method and Framework Sequencing.
#1224,Governance Method Annex,MERGED-INTO,,Pass #4 cluster target: Inquiry Method and Framework Sequencing.
#1224,Historical,MERGED-INTO,,Pass #4 cluster target: Inquiry Method and Framework Sequencing.
#1225,Governance Method Annex,MERGED-INTO,,Pass #4 cluster target: Inquiry Method and Framework Sequencing.
#1225,Historical,MERGED-INTO,,Pass #4 cluster target: Inquiry Method and Framework Sequencing.
#1226,Governance Method Annex,MERGED-INTO,,Pass #4 cluster target: Inquiry Method and Framework Sequencing.
#1226,Historical,MERGED-INTO,,Pass #4 cluster target: Inquiry Method and Framework Sequencing.
#1227,Governance Method Annex,MERGED-INTO,,Pass #4 cluster target: Inquiry Method and Framework Sequencing.
#1227,Historical,MERGED-INTO,,Pass #4 cluster target: Inquiry Method and Framework Sequencing.
#1228,Governance Method Annex,MERGED-INTO,,Pass #4 cluster target: Inquiry Method and Framework Sequencing.
#1228,Historical,MERGED-INTO,,Pass #4 cluster target: Inquiry Method and Framework Sequencing.
#1229,Governance Method Annex,MERGED-INTO,,Pass #4 cluster target: Inquiry Method and Framework Sequencing.
#1229,Historical,MERGED-INTO,,Pass #4 cluster target: Inquiry Method and Framework Sequencing.
#1230,Governance Method Annex,MERGED-INTO,,Pass #4 cluster target: Inquiry Method and Framework Sequencing.
#1230,Historical,MERGED-INTO,,Pass #4 cluster target: Inquiry Method and Framework Sequencing.
#1231,Governance Method Annex,MERGED-INTO,,Pass #4 cluster target: Inquiry Method and Framework Sequencing.
#1231,Historical,MERGED-INTO,,Pass #4 cluster target: Inquiry Method and Framework Sequencing.
#1232,Governance Method Annex,MERGED-INTO,,Pass #4 cluster target: Inquiry Method and Framework Sequencing.
#1232,Historical,MERGED-INTO,,Pass #4 cluster target: Inquiry Method and Framework Sequencing.
#1233,Governance Method Annex,MERGED-INTO,,Pass #4 cluster target: Inquiry Method and Framework Sequencing.
#1233,Historical,MERGED-INTO,,Pass #4 cluster target: Inquiry Method and Framework Sequencing.
#1234,Governance Method Annex,MERGED-INTO,,Pass #4 cluster target: Inquiry Method and Framework Sequencing.
#1234,Historical,MERGED-INTO,,Pass #4 cluster target: Inquiry Method and Framework Sequencing.
#1235,Governance Method Annex,MERGED-INTO,,Pass #4 cluster target: Inquiry Method and Framework Sequencing.
#1235,Historical,MERGED-INTO,,Pass #4 cluster target: Inquiry Method and Framework Sequencing.
#1236,Governance Method Annex,MERGED-INTO,,Pass #4 cluster target: Inquiry Method and Framework Sequencing.
#1236,Historical,MERGED-INTO,,Pass #4 cluster target: Inquiry Method and Framework Sequencing.
#1237,Governance Method Annex,MERGED-INTO,,Pass #4 cluster target: Inquiry Method and Framework Sequencing.
#1237,Historical,MERGED-INTO,,Pass #4 cluster target: Inquiry Method and Framework Sequencing.
#1238,Governance Method Annex,MERGED-INTO,,Pass #4 cluster target: Inquiry Method and Framework Sequencing.
#1238,Historical,MERGED-INTO,,Pass #4 cluster target: Inquiry Method and Framework Sequencing.
#1239,Governance Method Annex,MERGED-INTO,,Pass #4 cluster target: Inquiry Method and Framework Sequencing.
#1239,Historical,MERGED-INTO,,Pass #4 cluster target: Inquiry Method and Framework Sequencing.
#1240,Governance Method Annex,MERGED-INTO,,Pass #4 cluster target: Inquiry Method and Framework Sequencing.
#1240,Historical,MERGED-INTO,,Pass #4 cluster target: Inquiry Method and Framework Sequencing.
#1241,Governance Method Annex,MERGED-INTO,,Pass #4 cluster target: Inquiry Method and Framework Sequencing.
#1241,Historical,MERGED-INTO,,Pass #4 cluster target: Inquiry Method and Framework Sequencing.
#1242,Governance Method Annex,MERGED-INTO,,Pass #4 cluster target: Inquiry Method and Framework Sequencing.
#1242,Historical,MERGED-INTO,,Pass #4 cluster target: Inquiry Method and Framework Sequencing.
#1243,Governance Method Annex,MERGED-INTO,,Pass #4 cluster target: Inquiry Method and Framework Sequencing.
#1243,Historical,MERGED-INTO,,Pass #4 cluster target: Inquiry Method and Framework Sequencing.
#1244,Governance Method Annex,MERGED-INTO,,Pass #4 cluster target: Inquiry Method and Framework Sequencing.
#1244,Historical,MERGED-INTO,,Pass #4 cluster target: Inquiry Method and Framework Sequencing.
#1245,Governance Method Annex,MERGED-INTO,,Pass #4 cluster target: Inquiry Method and Framework Sequencing.
#1245,Historical,MERGED-INTO,,Pass #4 cluster target: Inquiry Method and Framework Sequencing.
#1246,Governance Method Annex,MERGED-INTO,,Pass #4 cluster target: Inquiry Method and Framework Sequencing.
#1246,Historical,MERGED-INTO,,Pass #4 cluster target: Inquiry Method and Framework Sequencing.
#1247,BOUND-01,WORDING-FOR,,Pass #4 cluster target: Layer Boundaries.
#1247,Shared Architecture,WORDING-FOR,,Pass #4 cluster target: Layer Boundaries.
#1248,CORE-01,MERGED-INTO,,Pass #4 cluster target: Core World-Space Membership.
#1249,Governance Method Annex,MERGED-INTO,,Pass #4 cluster target: Inquiry Method and Framework Sequencing.
#1249,Historical,MERGED-INTO,,Pass #4 cluster target: Inquiry Method and Framework Sequencing.
#1250,Governance Method Annex,MERGED-INTO,,Pass #4 cluster target: Inquiry Method and Framework Sequencing.
#1250,Historical,MERGED-INTO,,Pass #4 cluster target: Inquiry Method and Framework Sequencing.
#1251,Governance Method Annex,MERGED-INTO,,Pass #4 cluster target: Inquiry Method and Framework Sequencing.
#1251,Historical,MERGED-INTO,,Pass #4 cluster target: Inquiry Method and Framework Sequencing.
#1252,Governance Method Annex,MERGED-INTO,,Pass #4 cluster target: Inquiry Method and Framework Sequencing.
#1252,Historical,MERGED-INTO,,Pass #4 cluster target: Inquiry Method and Framework Sequencing.
#1253,Governance Method Annex,MERGED-INTO,,Pass #4 cluster target: Inquiry Method and Framework Sequencing.
#1253,Historical,MERGED-INTO,,Pass #4 cluster target: Inquiry Method and Framework Sequencing.
#1254,Governance Method Annex,SOURCE-OF,,Pass #4 cluster target: Inquiry Method and Framework Sequencing.
#1254,Historical,SOURCE-OF,,Pass #4 cluster target: Inquiry Method and Framework Sequencing.
#1255,Governance Method Annex,SOURCE-OF,,Pass #4 cluster target: Inquiry Method and Framework Sequencing.
#1255,Historical,SOURCE-OF,,Pass #4 cluster target: Inquiry Method and Framework Sequencing.
#1256,Governance Method Annex,MERGED-INTO,,Pass #4 cluster target: Inquiry Method and Framework Sequencing.
#1256,Historical,MERGED-INTO,,Pass #4 cluster target: Inquiry Method and Framework Sequencing.
#1257,Governance Method Annex,MERGED-INTO,,Pass #4 cluster target: Inquiry Method and Framework Sequencing.
#1257,Historical,MERGED-INTO,,Pass #4 cluster target: Inquiry Method and Framework Sequencing.
#1258,Governance Method Annex,MERGED-INTO,,Pass #4 cluster target: Inquiry Method and Framework Sequencing.
#1258,Historical,MERGED-INTO,,Pass #4 cluster target: Inquiry Method and Framework Sequencing.
#1259,Governance Method Annex,MERGED-INTO,,Pass #4 cluster target: Inquiry Method and Framework Sequencing.
#1259,Historical,MERGED-INTO,,Pass #4 cluster target: Inquiry Method and Framework Sequencing.
#1260,Governance Method Annex,MERGED-INTO,,Pass #4 cluster target: Inquiry Method and Framework Sequencing.
#1260,Historical,MERGED-INTO,,Pass #4 cluster target: Inquiry Method and Framework Sequencing.
#1261,Governance Method Annex,MERGED-INTO,,Pass #4 cluster target: Inquiry Method and Framework Sequencing.
#1261,Historical,MERGED-INTO,,Pass #4 cluster target: Inquiry Method and Framework Sequencing.
#1262,Governance Method Annex,MERGED-INTO,,Pass #4 cluster target: Inquiry Method and Framework Sequencing.
#1262,Historical,MERGED-INTO,,Pass #4 cluster target: Inquiry Method and Framework Sequencing.
#1263,Governance Method Annex,MERGED-INTO,,Pass #4 cluster target: Inquiry Method and Framework Sequencing.
#1263,Historical,MERGED-INTO,,Pass #4 cluster target: Inquiry Method and Framework Sequencing.
#1264,Governance Method Annex,MERGED-INTO,,Pass #4 cluster target: Inquiry Method and Framework Sequencing.
#1264,Historical,MERGED-INTO,,Pass #4 cluster target: Inquiry Method and Framework Sequencing.
#1265,Governance Method Annex,MERGED-INTO,,Pass #4 cluster target: Inquiry Method and Framework Sequencing.
#1265,Historical,MERGED-INTO,,Pass #4 cluster target: Inquiry Method and Framework Sequencing.
#1266,Governance Method Annex,MERGED-INTO,,Pass #4 cluster target: Inquiry Method and Framework Sequencing.
#1266,Historical,MERGED-INTO,,Pass #4 cluster target: Inquiry Method and Framework Sequencing.
#1267,Governance Method Annex,MERGED-INTO,,Pass #4 cluster target: Inquiry Method and Framework Sequencing.
#1267,Historical,MERGED-INTO,,Pass #4 cluster target: Inquiry Method and Framework Sequencing.
#1268,Governance Method Annex,MERGED-INTO,,Pass #4 cluster target: Inquiry Method and Framework Sequencing.
#1268,Historical,MERGED-INTO,,Pass #4 cluster target: Inquiry Method and Framework Sequencing.
#1269,Governance Method Annex,MERGED-INTO,,Pass #4 cluster target: Inquiry Method and Framework Sequencing.
#1269,Historical,MERGED-INTO,,Pass #4 cluster target: Inquiry Method and Framework Sequencing.
#1270,CONST-02,MERGED-INTO,,Pass #4 cluster target: One World / Singular World-Space.
#1271,Governance Method Annex,MERGED-INTO,,Pass #4 cluster target: Inquiry Method and Framework Sequencing.
#1271,Historical,MERGED-INTO,,Pass #4 cluster target: Inquiry Method and Framework Sequencing.
#1272,Governance Method Annex,MERGED-INTO,,Pass #4 cluster target: Inquiry Method and Framework Sequencing.
#1272,Historical,MERGED-INTO,,Pass #4 cluster target: Inquiry Method and Framework Sequencing.
#1273,Governance Method Annex,MERGED-INTO,,Pass #4 cluster target: Inquiry Method and Framework Sequencing.
#1273,Historical,MERGED-INTO,,Pass #4 cluster target: Inquiry Method and Framework Sequencing.
#1274,Governance Method Annex,MERGED-INTO,,Pass #4 cluster target: Inquiry Method and Framework Sequencing.
#1274,Historical,MERGED-INTO,,Pass #4 cluster target: Inquiry Method and Framework Sequencing.
#1275,Governance Method Annex,MERGED-INTO,,Pass #4 cluster target: Inquiry Method and Framework Sequencing.
#1275,Historical,MERGED-INTO,,Pass #4 cluster target: Inquiry Method and Framework Sequencing.
#1276,DOWN-01,MERGED-INTO,,Item-level override.
#1276,Shared Architecture: Failed Dependency Rule,MERGED-INTO,,Item-level override.
#1277,Governance Method Annex,MERGED-INTO,,Pass #4 cluster target: Inquiry Method and Framework Sequencing.
#1277,Historical,MERGED-INTO,,Pass #4 cluster target: Inquiry Method and Framework Sequencing.
#1278,DOWN-01,WORDING-FOR,,Pass #4 cluster target: Survey Dependency / Downward Contract.
#1278,DOWN-02,WORDING-FOR,,Pass #4 cluster target: Survey Dependency / Downward Contract.
#1278,DOWN-03,WORDING-FOR,,Pass #4 cluster target: Survey Dependency / Downward Contract.
#1278,DOWN-04,WORDING-FOR,,Pass #4 cluster target: Survey Dependency / Downward Contract.
#1279,CORE-05a,MERGED-INTO,,Pass #4 cluster target: Interpretation Independence.
#1279,BOUND-01,MERGED-INTO,,Pass #4 cluster target: Interpretation Independence.
#1280,CORE-05a,MERGED-INTO,,Pass #4 cluster target: Parcel Independence.
#1280,BOUND-01,MERGED-INTO,,Pass #4 cluster target: Parcel Independence.
#1281,CORE-05a,MERGED-INTO,,Pass #4 cluster target: Rights / Governance Independence.
#1282,CORE-05a,MERGED-INTO,,Pass #4 cluster target: Runtime Independence.
#1282,CORE-05b,MERGED-INTO,,Pass #4 cluster target: Runtime Independence.
#1283,CORE-05a,MERGED-INTO,,Pass #4 cluster target: Higher-Layer Independence.
#1284,CORE-05a,MERGED-INTO,,Pass #4 cluster target: Interpretation Independence.
#1284,BOUND-01,MERGED-INTO,,Pass #4 cluster target: Interpretation Independence.
#1285,CORE-06,MERGED-INTO,,Pass #4 cluster target: Change Control and Permanence.
#1285,Governance Register,MERGED-INTO,,Pass #4 cluster target: Change Control and Permanence.
#1286,Governance Register,MERGED-INTO,,Pass #4 cluster target: Historical Traceability.
#1286,Preservation Register,MERGED-INTO,,Pass #4 cluster target: Historical Traceability.
#1287,CORE-05c,MERGED-INTO,,Pass #4 cluster target: Operational Non-Authority.
#1287,CORE-05b,MERGED-INTO,,Pass #4 cluster target: Operational Non-Authority.
#1288,CORE-05c,MERGED-INTO,,Pass #4 cluster target: Operational Non-Authority.
#1288,CORE-05b,MERGED-INTO,,Pass #4 cluster target: Operational Non-Authority.
#1289,CORE-07,MERGED-INTO,,Pass #4 cluster target: Representation Independence.
#1290,Governance Register,MERGED-INTO,,Pass #4 cluster target: Historical Traceability.
#1290,Preservation Register,MERGED-INTO,,Pass #4 cluster target: Historical Traceability.
#1291,BOUND-01,MERGED-INTO,,Pass #4 cluster target: Minimality and Semantic Restraint.
#1292,CORE-05c,MERGED-INTO,,Pass #4 cluster target: Operational Non-Authority.
#1292,CORE-05b,MERGED-INTO,,Pass #4 cluster target: Operational Non-Authority.
#1293,CORE-07,MERGED-INTO,,Pass #4 cluster target: Representation Independence.
#1294,CORE-07,MERGED-INTO,,Pass #4 cluster target: Representation Independence.
#1295,DEF-05,MERGED-INTO,,Pass #4 cluster target: Canonical Equivalence.
#1295,CORE-07,MERGED-INTO,,Pass #4 cluster target: Canonical Equivalence.
#1296,DEF-05,MERGED-INTO,,Pass #4 cluster target: Canonical Equivalence.
#1296,CORE-07,MERGED-INTO,,Pass #4 cluster target: Canonical Equivalence.
#1297,DEF-05,SOURCE-OF,,Pass #4 cluster target: Canonical Equivalence.
#1297,CORE-07,SOURCE-OF,,Pass #4 cluster target: Canonical Equivalence.
#1298,DEF-05,MERGED-INTO,,Pass #4 cluster target: Canonical Equivalence.
#1298,CORE-07,MERGED-INTO,,Pass #4 cluster target: Canonical Equivalence.
#1299,Conformance Register,MERGED-INTO,,Pass #4 cluster target: Testing and Adversarial Review.
#1300,Governance Method Annex,MERGED-INTO,,Pass #4 cluster target: Inquiry Method and Framework Sequencing.
#1300,Historical,MERGED-INTO,,Pass #4 cluster target: Inquiry Method and Framework Sequencing.
#1301,Governance Method Annex,MERGED-INTO,,Pass #4 cluster target: Inquiry Method and Framework Sequencing.
#1301,Historical,MERGED-INTO,,Pass #4 cluster target: Inquiry Method and Framework Sequencing.
#1302,Governance Method Annex,MERGED-INTO,,Pass #4 cluster target: Inquiry Method and Framework Sequencing.
#1302,Historical,MERGED-INTO,,Pass #4 cluster target: Inquiry Method and Framework Sequencing.
#1303,Governance Method Annex,MERGED-INTO,,Pass #4 cluster target: Inquiry Method and Framework Sequencing.
#1303,Historical,MERGED-INTO,,Pass #4 cluster target: Inquiry Method and Framework Sequencing.
#1304,Governance Method Annex,MERGED-INTO,,Pass #4 cluster target: Inquiry Method and Framework Sequencing.
#1304,Historical,MERGED-INTO,,Pass #4 cluster target: Inquiry Method and Framework Sequencing.
#1305,Governance Method Annex,SOURCE-OF,,Pass #4 cluster target: Inquiry Method and Framework Sequencing.
#1305,Historical,SOURCE-OF,,Pass #4 cluster target: Inquiry Method and Framework Sequencing.
#1306,CORE-04,MERGED-INTO,,Pass #4 cluster target: Single Canonical Truth.
#1306,DEF-01,MERGED-INTO,,Pass #4 cluster target: Single Canonical Truth.
#1307,CORE-04,MERGED-INTO,,Pass #4 cluster target: Single Canonical Truth.
#1307,DEF-01,MERGED-INTO,,Pass #4 cluster target: Single Canonical Truth.
#1308,CORE-04,SOURCE-OF,,Pass #4 cluster target: Single Canonical Truth.
#1308,DEF-01,SOURCE-OF,,Pass #4 cluster target: Single Canonical Truth.
#1309,Governance Method Annex,MERGED-INTO,,Pass #4 cluster target: Inquiry Method and Framework Sequencing.
#1309,Historical,MERGED-INTO,,Pass #4 cluster target: Inquiry Method and Framework Sequencing.
#1310,Governance Method Annex,MERGED-INTO,,Pass #4 cluster target: Inquiry Method and Framework Sequencing.
#1310,Historical,MERGED-INTO,,Pass #4 cluster target: Inquiry Method and Framework Sequencing.
#1311,BOUND-01,MERGED-INTO,,Pass #4 cluster target: Minimality and Semantic Restraint.
#1312,CONST-02,MERGED-INTO,,Pass #4 cluster target: One World / Singular World-Space.
#1313,CONST-01,SOURCE-OF,,Pass #4 cluster target: Constitutional Subordination.
#1313,CONST-05,SOURCE-OF,,Pass #4 cluster target: Constitutional Subordination.
#1314,BOUND-01,MERGED-INTO,,Pass #4 cluster target: Minimality and Semantic Restraint.
#1315,DEF-03,SOURCE-OF,,Pass #4 cluster target: Finite Expressibility and Determinism.
#1316,CORE-05b,MERGED-INTO,,Pass #4 cluster target: Technology and Infrastructure Independence.
#1316,CORE-07,MERGED-INTO,,Pass #4 cluster target: Technology and Infrastructure Independence.
#1317,CORE-05b,MERGED-INTO,,Pass #4 cluster target: No Hidden State / Self-Containment.
#1317,DEF-02,MERGED-INTO,,Pass #4 cluster target: No Hidden State / Self-Containment.
#1318,CORE-05b,MERGED-INTO,,Pass #4 cluster target: No Hidden State / Self-Containment.
#1318,DEF-02,MERGED-INTO,,Pass #4 cluster target: No Hidden State / Self-Containment.
#1319,CORE-05b,WORDING-FOR,,Pass #4 cluster target: No Hidden State / Self-Containment.
#1319,DEF-02,WORDING-FOR,,Pass #4 cluster target: No Hidden State / Self-Containment.
#1320,DOWN-01,MERGED-INTO,,Pass #4 cluster target: Survey Dependency / Downward Contract.
#1320,DOWN-02,MERGED-INTO,,Pass #4 cluster target: Survey Dependency / Downward Contract.
#1320,DOWN-03,MERGED-INTO,,Pass #4 cluster target: Survey Dependency / Downward Contract.
#1320,DOWN-04,MERGED-INTO,,Pass #4 cluster target: Survey Dependency / Downward Contract.
#1321,DOWN-01,MERGED-INTO,,Pass #4 cluster target: Survey Dependency / Downward Contract.
#1321,DOWN-02,MERGED-INTO,,Pass #4 cluster target: Survey Dependency / Downward Contract.
#1321,DOWN-03,MERGED-INTO,,Pass #4 cluster target: Survey Dependency / Downward Contract.
#1321,DOWN-04,MERGED-INTO,,Pass #4 cluster target: Survey Dependency / Downward Contract.
#1322,Governance Method Annex,MERGED-INTO,,Pass #4 cluster target: Inquiry Method and Framework Sequencing.
#1322,Historical,MERGED-INTO,,Pass #4 cluster target: Inquiry Method and Framework Sequencing.
#1323,Governance Method Annex,MERGED-INTO,,Pass #4 cluster target: Inquiry Method and Framework Sequencing.
#1323,Historical,MERGED-INTO,,Pass #4 cluster target: Inquiry Method and Framework Sequencing.
#1324,Governance Method Annex,MERGED-INTO,,Pass #4 cluster target: Inquiry Method and Framework Sequencing.
#1324,Historical,MERGED-INTO,,Pass #4 cluster target: Inquiry Method and Framework Sequencing.
#1325,Governance Method Annex,MERGED-INTO,,Pass #4 cluster target: Inquiry Method and Framework Sequencing.
#1325,Historical,MERGED-INTO,,Pass #4 cluster target: Inquiry Method and Framework Sequencing.
#1326,Governance Method Annex,MERGED-INTO,,Pass #4 cluster target: Inquiry Method and Framework Sequencing.
#1326,Historical,MERGED-INTO,,Pass #4 cluster target: Inquiry Method and Framework Sequencing.
#1327,CORE-05c,MERGED-INTO,,Pass #4 cluster target: Operational Non-Authority.
#1327,CORE-05b,MERGED-INTO,,Pass #4 cluster target: Operational Non-Authority.
#1328,CORE-05b,MERGED-INTO,,Pass #4 cluster target: Technology and Infrastructure Independence.
#1328,CORE-07,MERGED-INTO,,Pass #4 cluster target: Technology and Infrastructure Independence.
#1329,CORE-03c,MERGED-INTO,,Pass #4 cluster target: Independent Implementation.
#1329,CORE-05,MERGED-INTO,,Pass #4 cluster target: Independent Implementation.
#1330,CORE-03c,MERGED-INTO,,Pass #4 cluster target: Independent Implementation.
#1330,CORE-05,MERGED-INTO,,Pass #4 cluster target: Independent Implementation.
#1331,CORE-03c,MERGED-INTO,,Pass #4 cluster target: Independent Implementation.
#1331,CORE-05,MERGED-INTO,,Pass #4 cluster target: Independent Implementation.
#1332,CORE-03,MERGED-INTO,,Pass #4 cluster target: Exact Membership and Boundary Resolution.
#1332,LIM-01,MERGED-INTO,,Pass #4 cluster target: Exact Membership and Boundary Resolution.
#1333,CORE-05c,MERGED-INTO,,Pass #4 cluster target: Operational Non-Authority.
#1333,CORE-05b,MERGED-INTO,,Pass #4 cluster target: Operational Non-Authority.
#1334,CORE-03b,MERGED-INTO,,Pass #4 cluster target: Failure Semantics.
#1334,Conformance Register,MERGED-INTO,,Pass #4 cluster target: Failure Semantics.
#1335,CORE-03b,MERGED-INTO,,Pass #4 cluster target: Failure Semantics.
#1335,Conformance Register,MERGED-INTO,,Pass #4 cluster target: Failure Semantics.
#1336,CORE-03,WORDING-FOR,,Pass #4 cluster target: Exact Membership and Boundary Resolution.
#1336,LIM-01,WORDING-FOR,,Pass #4 cluster target: Exact Membership and Boundary Resolution.
#1337,CORE-03,MERGED-INTO,,Pass #4 cluster target: Exact Membership and Boundary Resolution.
#1337,LIM-01,MERGED-INTO,,Pass #4 cluster target: Exact Membership and Boundary Resolution.
#1338,DEF-03,MERGED-INTO,,Pass #4 cluster target: Finite Expressibility and Determinism.
#1339,DEF-03,MERGED-INTO,,Pass #4 cluster target: Finite Expressibility and Determinism.
#1340,DEF-04,MERGED-INTO,,Pass #4 cluster target: Conformance and Validation.
#1340,Conformance Register,MERGED-INTO,,Pass #4 cluster target: Conformance and Validation.
#1341,DEF-05,MERGED-INTO,,Pass #4 cluster target: Canonical Equivalence.
#1341,CORE-07,MERGED-INTO,,Pass #4 cluster target: Canonical Equivalence.
#1342,CORE-03,MERGED-INTO,,Pass #4 cluster target: Exact Membership and Boundary Resolution.
#1342,LIM-01,MERGED-INTO,,Pass #4 cluster target: Exact Membership and Boundary Resolution.
#1343,Governance Method Annex,MERGED-INTO,,Pass #4 cluster target: Inquiry Method and Framework Sequencing.
#1343,Historical,MERGED-INTO,,Pass #4 cluster target: Inquiry Method and Framework Sequencing.
#1344,DEF-02,MERGED-INTO,,Pass #4 cluster target: Reconstruction and Recoverability.
#1344,Preservation Register,MERGED-INTO,,Pass #4 cluster target: Reconstruction and Recoverability.
#1345,CORE-05b,MERGED-INTO,,Pass #4 cluster target: No Hidden State / Self-Containment.
#1345,DEF-02,MERGED-INTO,,Pass #4 cluster target: No Hidden State / Self-Containment.
#1346,Preservation Register,SOURCE-OF,,Pass #4 cluster target: Preservation and Archival Survival.
#1347,Preservation Register,MERGED-INTO,,Pass #4 cluster target: Preservation and Archival Survival.
#1348,Preservation Register,MERGED-INTO,,Pass #4 cluster target: Preservation and Archival Survival.
#1349,Preservation Register,MERGED-INTO,,Pass #4 cluster target: Preservation and Archival Survival.
#1350,DEF-02,MERGED-INTO,,Pass #4 cluster target: Reconstruction and Recoverability.
#1350,Preservation Register,MERGED-INTO,,Pass #4 cluster target: Reconstruction and Recoverability.
#1351,Preservation Register,SOURCE-OF,,Pass #4 cluster target: Preservation and Archival Survival.
#1352,Preservation Register,SOURCE-OF,,Pass #4 cluster target: Preservation and Archival Survival.
#1353,Preservation Register,MERGED-INTO,,Pass #4 cluster target: Preservation and Archival Survival.
#1354,Preservation Register,MERGED-INTO,,Pass #4 cluster target: Preservation and Archival Survival.
#1355,Preservation Register,SOURCE-OF,,Pass #4 cluster target: Preservation and Archival Survival.
#1356,Preservation Register,MERGED-INTO,,Pass #4 cluster target: Preservation and Archival Survival.
#1357,Governance Register,MERGED-INTO,,Pass #4 cluster target: Historical Traceability.
#1357,Preservation Register,MERGED-INTO,,Pass #4 cluster target: Historical Traceability.
#1358,CORE-07,MERGED-INTO,,Pass #4 cluster target: Representation Independence.
#1359,DEF-02,MERGED-INTO,,Pass #4 cluster target: Reconstruction and Recoverability.
#1359,Preservation Register,MERGED-INTO,,Pass #4 cluster target: Reconstruction and Recoverability.
#1360,CORE-07,MERGED-INTO,,Pass #4 cluster target: Representation Independence.
#1361,CORE-06,MERGED-INTO,,Pass #4 cluster target: Change Control and Permanence.
#1361,Governance Register,MERGED-INTO,,Pass #4 cluster target: Change Control and Permanence.
#1362,CORE-07,MERGED-INTO,,Pass #4 cluster target: Representation Independence.
#1363,Governance Register,MERGED-INTO,,Pass #4 cluster target: Historical Traceability.
#1363,Preservation Register,MERGED-INTO,,Pass #4 cluster target: Historical Traceability.
#1364,CORE-05b,MERGED-INTO,,Pass #4 cluster target: Technology and Infrastructure Independence.
#1364,CORE-07,MERGED-INTO,,Pass #4 cluster target: Technology and Infrastructure Independence.
#1365,CORE-05c,MERGED-INTO,,Pass #4 cluster target: Operational Non-Authority.
#1365,CORE-05b,MERGED-INTO,,Pass #4 cluster target: Operational Non-Authority.
#1366,CORE-07,MERGED-INTO,,Pass #4 cluster target: Representation Independence.
#1367,Preservation Register,MERGED-INTO,,Pass #4 cluster target: Preservation and Archival Survival.
#1368,CORE-04,MERGED-INTO,,Pass #4 cluster target: Single Canonical Truth.
#1368,DEF-01,MERGED-INTO,,Pass #4 cluster target: Single Canonical Truth.
#1369,Preservation Register,SOURCE-OF,,Pass #4 cluster target: Preservation and Archival Survival.
#1370,DEF-03,MERGED-INTO,,Pass #4 cluster target: Finite Expressibility and Determinism.
#1371,Preservation Register,MERGED-INTO,,Pass #4 cluster target: Preservation and Archival Survival.
#1372,Preservation Register,SOURCE-OF,,Pass #4 cluster target: Preservation and Archival Survival.
#1373,CORE-04,MERGED-INTO,,Pass #4 cluster target: Single Canonical Truth.
#1373,DEF-01,MERGED-INTO,,Pass #4 cluster target: Single Canonical Truth.
#1374,CORE-07,MERGED-INTO,,Pass #4 cluster target: Representation Independence.
#1375,Preservation Register,MERGED-INTO,,Pass #4 cluster target: Preservation and Archival Survival.
#1376,CORE-05b,MERGED-INTO,,Pass #4 cluster target: Technology and Infrastructure Independence.
#1376,CORE-07,MERGED-INTO,,Pass #4 cluster target: Technology and Infrastructure Independence.
#1377,Terminology Register,MERGED-INTO,,Pass #4 cluster target: Terminology Discipline.
#1378,Terminology Register,SOURCE-OF,,Pass #4 cluster target: Terminology Discipline.
#1379,Preservation Register,WORDING-FOR,,Pass #4 cluster target: Preservation and Archival Survival.
#1380,Preservation Register,SOURCE-OF,,Pass #4 cluster target: Preservation and Archival Survival.
#1381,CONST-01,SOURCE-OF,,Pass #4 cluster target: Constitutional Subordination.
#1381,CONST-05,SOURCE-OF,,Pass #4 cluster target: Constitutional Subordination.
#1382,DOWN-01,SOURCE-OF,,Pass #4 cluster target: Survey Dependency / Downward Contract.
#1382,DOWN-02,SOURCE-OF,,Pass #4 cluster target: Survey Dependency / Downward Contract.
#1382,DOWN-03,SOURCE-OF,,Pass #4 cluster target: Survey Dependency / Downward Contract.
#1382,DOWN-04,SOURCE-OF,,Pass #4 cluster target: Survey Dependency / Downward Contract.
#1383,UP-01,SOURCE-OF,,Pass #4 cluster target: Upward Handoff.
#1383,UP-02,SOURCE-OF,,Pass #4 cluster target: Upward Handoff.
#1383,UP-03,SOURCE-OF,,Pass #4 cluster target: Upward Handoff.
#1384,DEF-04,SOURCE-OF,,Pass #4 cluster target: Conformance and Validation.
#1384,Conformance Register,SOURCE-OF,,Pass #4 cluster target: Conformance and Validation.
#1385,Preservation Register,MERGED-INTO,,Pass #4 cluster target: Preservation and Archival Survival.
#1386,DEF-02,MERGED-INTO,,Pass #4 cluster target: Reconstruction and Recoverability.
#1386,Preservation Register,MERGED-INTO,,Pass #4 cluster target: Reconstruction and Recoverability.
#1387,DEF-02,MERGED-INTO,,Pass #4 cluster target: Reconstruction and Recoverability.
#1387,Preservation Register,MERGED-INTO,,Pass #4 cluster target: Reconstruction and Recoverability.
#1388,DEF-04,MERGED-INTO,,Pass #4 cluster target: Conformance and Validation.
#1388,Conformance Register,MERGED-INTO,,Pass #4 cluster target: Conformance and Validation.
#1389,Conformance Register,MERGED-INTO,,Pass #4 cluster target: Testing and Adversarial Review.
#1390,CORE-06,MERGED-INTO,,Pass #4 cluster target: Change Control and Permanence.
#1390,Governance Register,MERGED-INTO,,Pass #4 cluster target: Change Control and Permanence.
#1391,CORE-05c,MERGED-INTO,,Pass #4 cluster target: Operational Non-Authority.
#1391,CORE-05b,MERGED-INTO,,Pass #4 cluster target: Operational Non-Authority.
#1392,CORE-05c,MERGED-INTO,,Pass #4 cluster target: Operational Non-Authority.
#1392,CORE-05b,MERGED-INTO,,Pass #4 cluster target: Operational Non-Authority.
#1393,CORE-05c,MERGED-INTO,,Pass #4 cluster target: Operational Non-Authority.
#1393,CORE-05b,MERGED-INTO,,Pass #4 cluster target: Operational Non-Authority.
#1394,CORE-05a,MERGED-INTO,,Pass #4 cluster target: Parcel Independence.
#1394,BOUND-01,MERGED-INTO,,Pass #4 cluster target: Parcel Independence.
#1395,CORE-05c,MERGED-INTO,,Pass #4 cluster target: Operational Non-Authority.
#1395,CORE-05b,MERGED-INTO,,Pass #4 cluster target: Operational Non-Authority.
#1396,DEF-05,SOURCE-OF,,Pass #4 cluster target: Canonical Equivalence.
#1396,CORE-07,SOURCE-OF,,Pass #4 cluster target: Canonical Equivalence.
#1397,DEF-05,MERGED-INTO,,Pass #4 cluster target: Canonical Equivalence.
#1397,CORE-07,MERGED-INTO,,Pass #4 cluster target: Canonical Equivalence.
#1398,CORE-06,MERGED-INTO,,Pass #4 cluster target: Change Control and Permanence.
#1398,Governance Register,MERGED-INTO,,Pass #4 cluster target: Change Control and Permanence.
#1399,CORE-06,MERGED-INTO,,Pass #4 cluster target: Change Control and Permanence.
#1399,Governance Register,MERGED-INTO,,Pass #4 cluster target: Change Control and Permanence.
#1400,CORE-06,MERGED-INTO,,Pass #4 cluster target: Change Control and Permanence.
#1400,Governance Register,MERGED-INTO,,Pass #4 cluster target: Change Control and Permanence.
#1401,CORE-06,SOURCE-OF,,Pass #4 cluster target: Change Control and Permanence.
#1401,Governance Register,SOURCE-OF,,Pass #4 cluster target: Change Control and Permanence.
#1402,BOUND-01,MERGED-INTO,,Pass #4 cluster target: Minimality and Semantic Restraint.
#1403,UP-01,MERGED-INTO,,Pass #4 cluster target: Upward Handoff.
#1403,UP-02,MERGED-INTO,,Pass #4 cluster target: Upward Handoff.
#1403,UP-03,MERGED-INTO,,Pass #4 cluster target: Upward Handoff.
#1404,BOUND-01,MERGED-INTO,,Pass #4 cluster target: Minimality and Semantic Restraint.
#1405,UP-01,MERGED-INTO,,Pass #4 cluster target: Upward Handoff.
#1405,UP-02,MERGED-INTO,,Pass #4 cluster target: Upward Handoff.
#1405,UP-03,MERGED-INTO,,Pass #4 cluster target: Upward Handoff.
#1406,UP-01,MERGED-INTO,,Pass #4 cluster target: Upward Handoff.
#1406,UP-02,MERGED-INTO,,Pass #4 cluster target: Upward Handoff.
#1406,UP-03,MERGED-INTO,,Pass #4 cluster target: Upward Handoff.
#1407,UP-01,MERGED-INTO,,Pass #4 cluster target: Upward Handoff.
#1407,UP-02,MERGED-INTO,,Pass #4 cluster target: Upward Handoff.
#1407,UP-03,MERGED-INTO,,Pass #4 cluster target: Upward Handoff.
#1408,UP-01,MERGED-INTO,,Pass #4 cluster target: Upward Handoff.
#1408,UP-02,MERGED-INTO,,Pass #4 cluster target: Upward Handoff.
#1408,UP-03,MERGED-INTO,,Pass #4 cluster target: Upward Handoff.
#1409,UP-01,MERGED-INTO,,Pass #4 cluster target: Upward Handoff.
#1409,UP-02,MERGED-INTO,,Pass #4 cluster target: Upward Handoff.
#1409,UP-03,MERGED-INTO,,Pass #4 cluster target: Upward Handoff.
#1410,UP-01,MERGED-INTO,,Pass #4 cluster target: Upward Handoff.
#1410,UP-02,MERGED-INTO,,Pass #4 cluster target: Upward Handoff.
#1410,UP-03,MERGED-INTO,,Pass #4 cluster target: Upward Handoff.
#1411,BOUND-01,MERGED-INTO,,Pass #4 cluster target: Minimality and Semantic Restraint.
#1412,BOUND-01,MERGED-INTO,,Pass #4 cluster target: Minimality and Semantic Restraint.
#1413,UP-01,WORDING-FOR,,Pass #4 cluster target: Upward Handoff.
#1413,UP-02,WORDING-FOR,,Pass #4 cluster target: Upward Handoff.
#1413,UP-03,WORDING-FOR,,Pass #4 cluster target: Upward Handoff.
#1414,UP-01,MERGED-INTO,,Pass #4 cluster target: Upward Handoff.
#1414,UP-02,MERGED-INTO,,Pass #4 cluster target: Upward Handoff.
#1414,UP-03,MERGED-INTO,,Pass #4 cluster target: Upward Handoff.
#1415,BOUND-01,MERGED-INTO,,Pass #4 cluster target: Minimality and Semantic Restraint.
#1416,UP-01,MERGED-INTO,,Pass #4 cluster target: Upward Handoff.
#1416,UP-02,MERGED-INTO,,Pass #4 cluster target: Upward Handoff.
#1416,UP-03,MERGED-INTO,,Pass #4 cluster target: Upward Handoff.
#1417,UP-01,MERGED-INTO,,Pass #4 cluster target: Upward Handoff.
#1417,UP-02,MERGED-INTO,,Pass #4 cluster target: Upward Handoff.
#1417,UP-03,MERGED-INTO,,Pass #4 cluster target: Upward Handoff.
#1418,UP-01,MERGED-INTO,,Pass #4 cluster target: Upward Handoff.
#1418,UP-02,MERGED-INTO,,Pass #4 cluster target: Upward Handoff.
#1418,UP-03,MERGED-INTO,,Pass #4 cluster target: Upward Handoff.
#1419,BOUND-01,MERGED-INTO,,Pass #4 cluster target: Minimality and Semantic Restraint.
#1420,BOUND-01,MERGED-INTO,,Pass #4 cluster target: Layer Boundaries.
#1420,Shared Architecture,MERGED-INTO,,Pass #4 cluster target: Layer Boundaries.
#1421,UP-01,MERGED-INTO,,Pass #4 cluster target: Upward Handoff.
#1421,UP-02,MERGED-INTO,,Pass #4 cluster target: Upward Handoff.
#1421,UP-03,MERGED-INTO,,Pass #4 cluster target: Upward Handoff.
#1422,UP-01,MERGED-INTO,,Pass #4 cluster target: Upward Handoff.
#1422,UP-02,MERGED-INTO,,Pass #4 cluster target: Upward Handoff.
#1422,UP-03,MERGED-INTO,,Pass #4 cluster target: Upward Handoff.
#1423,UP-01,MERGED-INTO,,Pass #4 cluster target: Upward Handoff.
#1423,UP-02,MERGED-INTO,,Pass #4 cluster target: Upward Handoff.
#1423,UP-03,MERGED-INTO,,Pass #4 cluster target: Upward Handoff.
#1424,CORE-05a,MERGED-INTO,,Pass #4 cluster target: Interpretation Independence.
#1424,BOUND-01,MERGED-INTO,,Pass #4 cluster target: Interpretation Independence.
#1425,CORE-05c,MERGED-INTO,,Pass #4 cluster target: Operational Non-Authority.
#1425,CORE-05b,MERGED-INTO,,Pass #4 cluster target: Operational Non-Authority.
#1426,CORE-05a,MERGED-INTO,,Pass #4 cluster target: Interpretation Independence.
#1426,BOUND-01,MERGED-INTO,,Pass #4 cluster target: Interpretation Independence.
#1427,CORE-03,MERGED-INTO,,Pass #4 cluster target: Exact Membership and Boundary Resolution.
#1427,LIM-01,MERGED-INTO,,Pass #4 cluster target: Exact Membership and Boundary Resolution.
#1428,CORE-03,MERGED-INTO,,Pass #4 cluster target: Exact Membership and Boundary Resolution.
#1428,LIM-01,MERGED-INTO,,Pass #4 cluster target: Exact Membership and Boundary Resolution.
#1429,CORE-04,MERGED-INTO,,Pass #4 cluster target: Single Canonical Truth.
#1429,DEF-01,MERGED-INTO,,Pass #4 cluster target: Single Canonical Truth.
#1430,CORE-04,SOURCE-OF,,Pass #4 cluster target: Single Canonical Truth.
#1430,DEF-01,SOURCE-OF,,Pass #4 cluster target: Single Canonical Truth.
#1431,CORE-04,WORDING-FOR,,Pass #4 cluster target: Single Canonical Truth.
#1431,DEF-01,WORDING-FOR,,Pass #4 cluster target: Single Canonical Truth.
#1432,CORE-04,MERGED-INTO,,Pass #4 cluster target: Single Canonical Truth.
#1432,DEF-01,MERGED-INTO,,Pass #4 cluster target: Single Canonical Truth.
#1433,DEF-04,MERGED-INTO,,Pass #4 cluster target: Conformance and Validation.
#1433,Conformance Register,MERGED-INTO,,Pass #4 cluster target: Conformance and Validation.
#1434,IF-01,MERGED-INTO,,Pass #4 cluster target: Institutional Authority and Adoption.
#1434,Governance Register,MERGED-INTO,,Pass #4 cluster target: Institutional Authority and Adoption.
#1435,DEF-02,MERGED-INTO,,Pass #4 cluster target: Reconstruction and Recoverability.
#1435,Preservation Register,MERGED-INTO,,Pass #4 cluster target: Reconstruction and Recoverability.
#1436,CORE-05b,MERGED-INTO,,Pass #4 cluster target: No Hidden State / Self-Containment.
#1436,DEF-02,MERGED-INTO,,Pass #4 cluster target: No Hidden State / Self-Containment.
#1437,CORE-03c,MERGED-INTO,,Pass #4 cluster target: Independent Implementation.
#1437,CORE-05,MERGED-INTO,,Pass #4 cluster target: Independent Implementation.
#1438,DEF-05,MERGED-INTO,,Pass #4 cluster target: Canonical Equivalence.
#1438,CORE-07,MERGED-INTO,,Pass #4 cluster target: Canonical Equivalence.
#1439,CORE-03c,MERGED-INTO,,Pass #4 cluster target: Independent Implementation.
#1439,CORE-05,MERGED-INTO,,Pass #4 cluster target: Independent Implementation.
#1440,CORE-03c,MERGED-INTO,,Pass #4 cluster target: Independent Implementation.
#1440,CORE-05,MERGED-INTO,,Pass #4 cluster target: Independent Implementation.
#1441,CORE-05b,MERGED-INTO,,Pass #4 cluster target: Technology and Infrastructure Independence.
#1441,CORE-07,MERGED-INTO,,Pass #4 cluster target: Technology and Infrastructure Independence.
#1442,DEF-04,SOURCE-OF,,Pass #4 cluster target: Conformance and Validation.
#1442,Conformance Register,SOURCE-OF,,Pass #4 cluster target: Conformance and Validation.
#1443,DEF-03,SOURCE-OF,,Pass #4 cluster target: Finite Expressibility and Determinism.
#1444,CORE-03c,MERGED-INTO,,Pass #4 cluster target: Independent Implementation.
#1444,CORE-05,MERGED-INTO,,Pass #4 cluster target: Independent Implementation.
#1445,CORE-03c,MERGED-INTO,,Pass #4 cluster target: Independent Implementation.
#1445,CORE-05,MERGED-INTO,,Pass #4 cluster target: Independent Implementation.
#1446,Conformance Register,SOURCE-OF,,Pass #4 cluster target: Testing and Adversarial Review.
#1447,Conformance Register,MERGED-INTO,,Pass #4 cluster target: Testing and Adversarial Review.
#1448,Conformance Register,MERGED-INTO,,Pass #4 cluster target: Testing and Adversarial Review.
#1449,BOUND-01,MERGED-INTO,,Pass #4 cluster target: Layer Boundaries.
#1449,Shared Architecture,MERGED-INTO,,Pass #4 cluster target: Layer Boundaries.
#1450,Governance Method Annex,SOURCE-OF,,Pass #4 cluster target: Inquiry Method and Framework Sequencing.
#1450,Historical,SOURCE-OF,,Pass #4 cluster target: Inquiry Method and Framework Sequencing.
#1451,CORE-07,MERGED-INTO,,Pass #4 cluster target: Representation Independence.
#1452,CORE-07,MERGED-INTO,,Pass #4 cluster target: Representation Independence.
#1453,CORE-07,MERGED-INTO,,Pass #4 cluster target: Representation Independence.
#1454,Governance Method Annex,MERGED-INTO,,Pass #4 cluster target: Inquiry Method and Framework Sequencing.
#1454,Historical,MERGED-INTO,,Pass #4 cluster target: Inquiry Method and Framework Sequencing.
#1455,Governance Method Annex,MERGED-INTO,,Pass #4 cluster target: Inquiry Method and Framework Sequencing.
#1455,Historical,MERGED-INTO,,Pass #4 cluster target: Inquiry Method and Framework Sequencing.
#1456,Governance Method Annex,MERGED-INTO,,Pass #4 cluster target: Inquiry Method and Framework Sequencing.
#1456,Historical,MERGED-INTO,,Pass #4 cluster target: Inquiry Method and Framework Sequencing.
#1457,Governance Register,MERGED-INTO,,Pass #4 cluster target: Historical Traceability.
#1457,Preservation Register,MERGED-INTO,,Pass #4 cluster target: Historical Traceability.
#1458,Governance Register,MERGED-INTO,,Pass #4 cluster target: Historical Traceability.
#1458,Preservation Register,MERGED-INTO,,Pass #4 cluster target: Historical Traceability.
#1459,Terminology Register,SOURCE-OF,,Pass #4 cluster target: Terminology Discipline.
#1460,Governance Register,MERGED-INTO,,Pass #4 cluster target: Historical Traceability.
#1460,Preservation Register,MERGED-INTO,,Pass #4 cluster target: Historical Traceability.
#1461,CORE-05a,MERGED-INTO,,Pass #4 cluster target: Rights / Governance Independence.
#1462,CORE-07,MERGED-INTO,,Pass #4 cluster target: Representation Independence.
#1463,CORE-07,MERGED-INTO,,Pass #4 cluster target: Representation Independence.
#1464,Terminology Register,MERGED-INTO,,Pass #4 cluster target: Terminology Discipline.
#1465,Terminology Register,SOURCE-OF,,Pass #4 cluster target: Terminology Discipline.
#1466,Terminology Register,MERGED-INTO,,Pass #4 cluster target: Terminology Discipline.
#1467,Terminology Register,MERGED-INTO,,Pass #4 cluster target: Terminology Discipline.
#1468,CORE-05b,MERGED-INTO,,Pass #4 cluster target: No Hidden State / Self-Containment.
#1468,DEF-02,MERGED-INTO,,Pass #4 cluster target: No Hidden State / Self-Containment.
#1469,CORE-05b,MERGED-INTO,,Pass #4 cluster target: No Hidden State / Self-Containment.
#1469,DEF-02,MERGED-INTO,,Pass #4 cluster target: No Hidden State / Self-Containment.
#1470,CORE-07,MERGED-INTO,,Pass #4 cluster target: Representation Independence.
#1471,Preservation Register,MERGED-INTO,,Pass #4 cluster target: Preservation and Archival Survival.
#1472,Preservation Register,MERGED-INTO,,Pass #4 cluster target: Preservation and Archival Survival.
#1473,Preservation Register,MERGED-INTO,,Pass #4 cluster target: Preservation and Archival Survival.
#1474,Preservation Register,MERGED-INTO,,Pass #4 cluster target: Preservation and Archival Survival.
#1475,Preservation Register,SOURCE-OF,,Pass #4 cluster target: Preservation and Archival Survival.
#1476,Terminology Register,SOURCE-OF,,Pass #4 cluster target: Terminology Discipline.
#1477,Terminology Register,SOURCE-OF,,Pass #4 cluster target: Terminology Discipline.
#1478,Terminology Register,MERGED-INTO,,Pass #4 cluster target: Terminology Discipline.
#1479,Governance Register,MERGED-INTO,,Pass #4 cluster target: Historical Traceability.
#1479,Preservation Register,MERGED-INTO,,Pass #4 cluster target: Historical Traceability.
#1480,Terminology Register,MERGED-INTO,,Pass #4 cluster target: Terminology Discipline.
#1481,CORE-07,MERGED-INTO,,Pass #4 cluster target: Representation Independence.
#1482,CORE-06,MERGED-INTO,,Pass #4 cluster target: Change Control and Permanence.
#1482,Governance Register,MERGED-INTO,,Pass #4 cluster target: Change Control and Permanence.
#1483,CORE-06,SOURCE-OF,,Pass #4 cluster target: Change Control and Permanence.
#1483,Governance Register,SOURCE-OF,,Pass #4 cluster target: Change Control and Permanence.
#1484,CORE-06,SOURCE-OF,,Pass #4 cluster target: Change Control and Permanence.
#1484,Governance Register,SOURCE-OF,,Pass #4 cluster target: Change Control and Permanence.
#1485,DEF-05,MERGED-INTO,,Pass #4 cluster target: Canonical Equivalence.
#1485,CORE-07,MERGED-INTO,,Pass #4 cluster target: Canonical Equivalence.
#1486,DEF-05,WORDING-FOR,,Pass #4 cluster target: Canonical Equivalence.
#1486,CORE-07,WORDING-FOR,,Pass #4 cluster target: Canonical Equivalence.
#1487,DEF-05,MERGED-INTO,,Pass #4 cluster target: Canonical Equivalence.
#1487,CORE-07,MERGED-INTO,,Pass #4 cluster target: Canonical Equivalence.
#1488,DEF-05,MERGED-INTO,,Pass #4 cluster target: Canonical Equivalence.
#1488,CORE-07,MERGED-INTO,,Pass #4 cluster target: Canonical Equivalence.
#1489,DEF-05,MERGED-INTO,,Pass #4 cluster target: Canonical Equivalence.
#1489,CORE-07,MERGED-INTO,,Pass #4 cluster target: Canonical Equivalence.
#1490,DEF-05,MERGED-INTO,,Pass #4 cluster target: Canonical Equivalence.
#1490,CORE-07,MERGED-INTO,,Pass #4 cluster target: Canonical Equivalence.
#1491,CORE-06,MERGED-INTO,,Pass #4 cluster target: Change Control and Permanence.
#1491,Governance Register,MERGED-INTO,,Pass #4 cluster target: Change Control and Permanence.
#1492,CORE-06,MERGED-INTO,,Pass #4 cluster target: Change Control and Permanence.
#1492,Governance Register,MERGED-INTO,,Pass #4 cluster target: Change Control and Permanence.
#1493,Preservation Register,MERGED-INTO,,Pass #4 cluster target: Preservation and Archival Survival.
#1494,CORE-05b,MERGED-INTO,,Pass #4 cluster target: Technology and Infrastructure Independence.
#1494,CORE-07,MERGED-INTO,,Pass #4 cluster target: Technology and Infrastructure Independence.
#1495,CORE-06,SOURCE-OF,,Pass #4 cluster target: Change Control and Permanence.
#1495,Governance Register,SOURCE-OF,,Pass #4 cluster target: Change Control and Permanence.
#1496,CORE-05c,MERGED-INTO,,Pass #4 cluster target: Operational Non-Authority.
#1496,CORE-05b,MERGED-INTO,,Pass #4 cluster target: Operational Non-Authority.
#1497,DEF-05,MERGED-INTO,,Pass #4 cluster target: Canonical Equivalence.
#1497,CORE-07,MERGED-INTO,,Pass #4 cluster target: Canonical Equivalence.
#1498,CORE-06,MERGED-INTO,,Pass #4 cluster target: Change Control and Permanence.
#1498,Governance Register,MERGED-INTO,,Pass #4 cluster target: Change Control and Permanence.
#1499,CORE-06,MERGED-INTO,,Pass #4 cluster target: Change Control and Permanence.
#1499,Governance Register,MERGED-INTO,,Pass #4 cluster target: Change Control and Permanence.
#1500,CORE-05b,MERGED-INTO,,Pass #4 cluster target: No Hidden State / Self-Containment.
#1500,DEF-02,MERGED-INTO,,Pass #4 cluster target: No Hidden State / Self-Containment.
#1501,CORE-05a,MERGED-INTO,,Pass #4 cluster target: Higher-Layer Independence.
#1502,BOUND-01,MERGED-INTO,,Pass #4 cluster target: Layer Boundaries.
#1502,Shared Architecture,MERGED-INTO,,Pass #4 cluster target: Layer Boundaries.
#1503,CORE-05a,MERGED-INTO,,Pass #4 cluster target: Higher-Layer Independence.
#1504,CORE-06,MERGED-INTO,,Pass #4 cluster target: Change Control and Permanence.
#1504,Governance Register,MERGED-INTO,,Pass #4 cluster target: Change Control and Permanence.
#1505,UP-01,MERGED-INTO,,Pass #4 cluster target: Upward Handoff.
#1505,UP-02,MERGED-INTO,,Pass #4 cluster target: Upward Handoff.
#1505,UP-03,MERGED-INTO,,Pass #4 cluster target: Upward Handoff.
#1506,CORE-06,MERGED-INTO,,Pass #4 cluster target: Change Control and Permanence.
#1506,Governance Register,MERGED-INTO,,Pass #4 cluster target: Change Control and Permanence.
#1507,CORE-05a,MERGED-INTO,,Pass #4 cluster target: Interpretation Independence.
#1507,BOUND-01,MERGED-INTO,,Pass #4 cluster target: Interpretation Independence.
#1508,UP-01,MERGED-INTO,,Pass #4 cluster target: Upward Handoff.
#1508,UP-02,MERGED-INTO,,Pass #4 cluster target: Upward Handoff.
#1508,UP-03,MERGED-INTO,,Pass #4 cluster target: Upward Handoff.
#1509,BOUND-01,MERGED-INTO,,Pass #4 cluster target: Layer Boundaries.
#1509,Shared Architecture,MERGED-INTO,,Pass #4 cluster target: Layer Boundaries.
#1510,BOUND-01,MERGED-INTO,,Pass #4 cluster target: Layer Boundaries.
#1510,Shared Architecture,MERGED-INTO,,Pass #4 cluster target: Layer Boundaries.
#1511,CORE-05a,MERGED-INTO,,Pass #4 cluster target: Interpretation Independence.
#1511,BOUND-01,MERGED-INTO,,Pass #4 cluster target: Interpretation Independence.
#1512,CORE-05a,MERGED-INTO,,Pass #4 cluster target: Interpretation Independence.
#1512,BOUND-01,MERGED-INTO,,Pass #4 cluster target: Interpretation Independence.
#1513,CORE-05a,MERGED-INTO,,Pass #4 cluster target: Rights / Governance Independence.
#1514,BOUND-01,MERGED-INTO,,Pass #4 cluster target: Layer Boundaries.
#1514,Shared Architecture,MERGED-INTO,,Pass #4 cluster target: Layer Boundaries.
#1515,UP-01,MERGED-INTO,,Pass #4 cluster target: Upward Handoff.
#1515,UP-02,MERGED-INTO,,Pass #4 cluster target: Upward Handoff.
#1515,UP-03,MERGED-INTO,,Pass #4 cluster target: Upward Handoff.
#1516,DOWN-01,MERGED-INTO,,Pass #4 cluster target: Survey Dependency / Downward Contract.
#1516,DOWN-02,MERGED-INTO,,Pass #4 cluster target: Survey Dependency / Downward Contract.
#1516,DOWN-03,MERGED-INTO,,Pass #4 cluster target: Survey Dependency / Downward Contract.
#1516,DOWN-04,MERGED-INTO,,Pass #4 cluster target: Survey Dependency / Downward Contract.
#1517,IF-01,MERGED-INTO,,Pass #4 cluster target: Institutional Authority and Adoption.
#1517,Governance Register,MERGED-INTO,,Pass #4 cluster target: Institutional Authority and Adoption.
#1518,CORE-07,MERGED-INTO,,Pass #4 cluster target: Representation Independence.
#1519,CORE-04,MERGED-INTO,,Pass #4 cluster target: Single Canonical Truth.
#1519,DEF-01,MERGED-INTO,,Pass #4 cluster target: Single Canonical Truth.
#1520,Terminology Register,MERGED-INTO,,Pass #4 cluster target: Terminology Discipline.
#1521,Terminology Register,SOURCE-OF,,Pass #4 cluster target: Terminology Discipline.
#1522,Terminology Register,MERGED-INTO,,Pass #4 cluster target: Terminology Discipline.
#1523,Terminology Register,SOURCE-OF,,Pass #4 cluster target: Terminology Discipline.
#1524,DEF-03,MERGED-INTO,,Pass #4 cluster target: Finite Expressibility and Determinism.
#1525,DEF-03,MERGED-INTO,,Pass #4 cluster target: Finite Expressibility and Determinism.
#1526,Terminology Register,MERGED-INTO,,Pass #4 cluster target: Terminology Discipline.
#1527,CORE-05a,MERGED-INTO,,Pass #4 cluster target: Interpretation Independence.
#1527,BOUND-01,MERGED-INTO,,Pass #4 cluster target: Interpretation Independence.
#1528,CORE-05a,MERGED-INTO,,Pass #4 cluster target: Interpretation Independence.
#1528,BOUND-01,MERGED-INTO,,Pass #4 cluster target: Interpretation Independence.
#1529,CORE-05c,MERGED-INTO,,Pass #4 cluster target: Operational Non-Authority.
#1529,CORE-05b,MERGED-INTO,,Pass #4 cluster target: Operational Non-Authority.
#1530,CORE-05c,SOURCE-OF,,Pass #4 cluster target: Operational Non-Authority.
#1530,CORE-05b,SOURCE-OF,,Pass #4 cluster target: Operational Non-Authority.
#1531,CORE-07,MERGED-INTO,,Pass #4 cluster target: Representation Independence.
#1532,Preservation Register,MERGED-INTO,,Pass #4 cluster target: Preservation and Archival Survival.
#1533,CORE-05b,MERGED-INTO,,Pass #4 cluster target: No Hidden State / Self-Containment.
#1533,DEF-02,MERGED-INTO,,Pass #4 cluster target: No Hidden State / Self-Containment.
#1534,Governance Method Annex,MERGED-INTO,,Pass #4 cluster target: Inquiry Method and Framework Sequencing.
#1534,Historical,MERGED-INTO,,Pass #4 cluster target: Inquiry Method and Framework Sequencing.
#1535,BOUND-01,MERGED-INTO,,Pass #4 cluster target: Minimality and Semantic Restraint.
#1536,CORE-05c,MERGED-INTO,,Pass #4 cluster target: Operational Non-Authority.
#1536,CORE-05b,MERGED-INTO,,Pass #4 cluster target: Operational Non-Authority.
#1537,CORE-05b,MERGED-INTO,,Pass #4 cluster target: Technology and Infrastructure Independence.
#1537,CORE-07,MERGED-INTO,,Pass #4 cluster target: Technology and Infrastructure Independence.
#1538,CORE-07,MERGED-INTO,,Pass #4 cluster target: Representation Independence.
#1539,CORE-07,MERGED-INTO,,Pass #4 cluster target: Representation Independence.
#1540,DEF-05,MERGED-INTO,,Pass #4 cluster target: Canonical Equivalence.
#1540,CORE-07,MERGED-INTO,,Pass #4 cluster target: Canonical Equivalence.
#1541,DEF-05,MERGED-INTO,,Pass #4 cluster target: Canonical Equivalence.
#1541,CORE-07,MERGED-INTO,,Pass #4 cluster target: Canonical Equivalence.
#1542,DEF-05,MERGED-INTO,,Pass #4 cluster target: Canonical Equivalence.
#1542,CORE-07,MERGED-INTO,,Pass #4 cluster target: Canonical Equivalence.
#1543,DEF-05,MERGED-INTO,,Pass #4 cluster target: Canonical Equivalence.
#1543,CORE-07,MERGED-INTO,,Pass #4 cluster target: Canonical Equivalence.
#1544,DEF-05,MERGED-INTO,,Pass #4 cluster target: Canonical Equivalence.
#1544,CORE-07,MERGED-INTO,,Pass #4 cluster target: Canonical Equivalence.
#1545,DEF-05,MERGED-INTO,,Pass #4 cluster target: Canonical Equivalence.
#1545,CORE-07,MERGED-INTO,,Pass #4 cluster target: Canonical Equivalence.
#1546,Governance Register,MERGED-INTO,,Pass #4 cluster target: Historical Traceability.
#1546,Preservation Register,MERGED-INTO,,Pass #4 cluster target: Historical Traceability.
#1547,DEF-05,MERGED-INTO,,Pass #4 cluster target: Canonical Equivalence.
#1547,CORE-07,MERGED-INTO,,Pass #4 cluster target: Canonical Equivalence.
#1548,DEF-05,MERGED-INTO,,Pass #4 cluster target: Canonical Equivalence.
#1548,CORE-07,MERGED-INTO,,Pass #4 cluster target: Canonical Equivalence.
#1549,DEF-05,MERGED-INTO,,Pass #4 cluster target: Canonical Equivalence.
#1549,CORE-07,MERGED-INTO,,Pass #4 cluster target: Canonical Equivalence.
#1550,DEF-05,MERGED-INTO,,Pass #4 cluster target: Canonical Equivalence.
#1550,CORE-07,MERGED-INTO,,Pass #4 cluster target: Canonical Equivalence.
#1551,CORE-06,WORDING-FOR,,Pass #4 cluster target: Change Control and Permanence.
#1551,Governance Register,WORDING-FOR,,Pass #4 cluster target: Change Control and Permanence.
#1552,CORE-06,SOURCE-OF,,Pass #4 cluster target: Change Control and Permanence.
#1552,Governance Register,SOURCE-OF,,Pass #4 cluster target: Change Control and Permanence.
#1553,CORE-06,MERGED-INTO,,Pass #4 cluster target: Change Control and Permanence.
#1553,Governance Register,MERGED-INTO,,Pass #4 cluster target: Change Control and Permanence.
#1554,Governance Register,MERGED-INTO,,Pass #4 cluster target: Historical Traceability.
#1554,Preservation Register,MERGED-INTO,,Pass #4 cluster target: Historical Traceability.
#1555,Governance Register,SOURCE-OF,,Pass #4 cluster target: Historical Traceability.
#1555,Preservation Register,SOURCE-OF,,Pass #4 cluster target: Historical Traceability.
#1556,Governance Register,MERGED-INTO,,Pass #4 cluster target: Historical Traceability.
#1556,Preservation Register,MERGED-INTO,,Pass #4 cluster target: Historical Traceability.
#1557,Governance Register,MERGED-INTO,,Pass #4 cluster target: Historical Traceability.
#1557,Preservation Register,MERGED-INTO,,Pass #4 cluster target: Historical Traceability.
#1558,CORE-03b,SOURCE-OF,,Pass #4 cluster target: Failure Semantics.
#1558,Conformance Register,SOURCE-OF,,Pass #4 cluster target: Failure Semantics.
#1559,CORE-03b,MERGED-INTO,,Pass #4 cluster target: Failure Semantics.
#1559,Conformance Register,MERGED-INTO,,Pass #4 cluster target: Failure Semantics.
#1560,CORE-06,MERGED-INTO,,Pass #4 cluster target: Change Control and Permanence.
#1560,Governance Register,MERGED-INTO,,Pass #4 cluster target: Change Control and Permanence.
#1561,DEF-02,MERGED-INTO,,Pass #4 cluster target: Reconstruction and Recoverability.
#1561,Preservation Register,MERGED-INTO,,Pass #4 cluster target: Reconstruction and Recoverability.
#1562,DEF-02,MERGED-INTO,,Pass #4 cluster target: Reconstruction and Recoverability.
#1562,Preservation Register,MERGED-INTO,,Pass #4 cluster target: Reconstruction and Recoverability.
#1563,Conformance Register,SOURCE-OF,,Pass #4 cluster target: Testing and Adversarial Review.
#1564,Conformance Register,SOURCE-OF,,Pass #4 cluster target: Testing and Adversarial Review.
#1565,Preservation Register,MERGED-INTO,,Pass #4 cluster target: Preservation and Archival Survival.
#1566,CORE-04,MERGED-INTO,,Pass #4 cluster target: Single Canonical Truth.
#1566,DEF-01,MERGED-INTO,,Pass #4 cluster target: Single Canonical Truth.
#1567,Conformance Register,MERGED-INTO,,Pass #4 cluster target: Testing and Adversarial Review.
#1568,Conformance Register,MERGED-INTO,,Pass #4 cluster target: Testing and Adversarial Review.
#1569,DEF-02,MERGED-INTO,,Pass #4 cluster target: Reconstruction and Recoverability.
#1569,Preservation Register,MERGED-INTO,,Pass #4 cluster target: Reconstruction and Recoverability.
#1570,Conformance Register,SOURCE-OF,,Pass #4 cluster target: Testing and Adversarial Review.
#1571,Conformance Register,SOURCE-OF,,Pass #4 cluster target: Testing and Adversarial Review.
#1572,DEF-02,MERGED-INTO,,Pass #4 cluster target: Reconstruction and Recoverability.
#1572,Preservation Register,MERGED-INTO,,Pass #4 cluster target: Reconstruction and Recoverability.
#1573,Conformance Register,SOURCE-OF,,Pass #4 cluster target: Testing and Adversarial Review.
#1574,Preservation Register,MERGED-INTO,,Pass #4 cluster target: Preservation and Archival Survival.
#1575,Conformance Register,SOURCE-OF,,Pass #4 cluster target: Testing and Adversarial Review.
#1576,Preservation Register,MERGED-INTO,,Pass #4 cluster target: Preservation and Archival Survival.
#1577,Conformance Register,SOURCE-OF,,Pass #4 cluster target: Testing and Adversarial Review.
#1578,Conformance Register,MERGED-INTO,,Pass #4 cluster target: Testing and Adversarial Review.
#1579,Conformance Register,SOURCE-OF,,Pass #4 cluster target: Testing and Adversarial Review.
#1580,Preservation Register,MERGED-INTO,,Pass #4 cluster target: Preservation and Archival Survival.
#1581,Conformance Register,SOURCE-OF,,Pass #4 cluster target: Testing and Adversarial Review.
#1582,DEF-02,MERGED-INTO,,Pass #4 cluster target: Reconstruction and Recoverability.
#1582,Preservation Register,MERGED-INTO,,Pass #4 cluster target: Reconstruction and Recoverability.
#1583,BOUND-01,MERGED-INTO,,Pass #4 cluster target: Minimality and Semantic Restraint.
#1584,CORE-05b,MERGED-INTO,,Pass #4 cluster target: No Hidden State / Self-Containment.
#1584,DEF-02,MERGED-INTO,,Pass #4 cluster target: No Hidden State / Self-Containment.
#1585,DEF-02,WORDING-FOR,,Pass #4 cluster target: Reconstruction and Recoverability.
#1585,Preservation Register,WORDING-FOR,,Pass #4 cluster target: Reconstruction and Recoverability.
#1586,DEF-03,MERGED-INTO,,Pass #4 cluster target: Finite Expressibility and Determinism.
#1587,Preservation Register,MERGED-INTO,,Pass #4 cluster target: Preservation and Archival Survival.
#1588,DOWN-01,WORDING-FOR,,Pass #4 cluster target: Survey Dependency / Downward Contract.
#1588,DOWN-02,WORDING-FOR,,Pass #4 cluster target: Survey Dependency / Downward Contract.
#1588,DOWN-03,WORDING-FOR,,Pass #4 cluster target: Survey Dependency / Downward Contract.
#1588,DOWN-04,WORDING-FOR,,Pass #4 cluster target: Survey Dependency / Downward Contract.
#1589,BOUND-01,MERGED-INTO,,Pass #4 cluster target: Minimality and Semantic Restraint.
#1590,BOUND-01,MERGED-INTO,,Pass #4 cluster target: Minimality and Semantic Restraint.
#1591,CORE-07,MERGED-INTO,,Pass #4 cluster target: Representation Independence.
#1592,CORE-05b,MERGED-INTO,,Pass #4 cluster target: No Hidden State / Self-Containment.
#1592,DEF-02,MERGED-INTO,,Pass #4 cluster target: No Hidden State / Self-Containment.
#1593,BOUND-01,MERGED-INTO,,Pass #4 cluster target: Minimality and Semantic Restraint.
#1594,BOUND-01,MERGED-INTO,,Pass #4 cluster target: Minimality and Semantic Restraint.
#1595,CORE-05a,MERGED-INTO,,Pass #4 cluster target: Higher-Layer Independence.
#1596,CORE-05a,MERGED-INTO,,Pass #4 cluster target: Higher-Layer Independence.
#1597,UP-01,MERGED-INTO,,Pass #4 cluster target: Upward Handoff.
#1597,UP-02,MERGED-INTO,,Pass #4 cluster target: Upward Handoff.
#1597,UP-03,MERGED-INTO,,Pass #4 cluster target: Upward Handoff.
#1598,CORE-06,MERGED-INTO,,Pass #4 cluster target: Change Control and Permanence.
#1598,Governance Register,MERGED-INTO,,Pass #4 cluster target: Change Control and Permanence.
#1599,CORE-06,MERGED-INTO,,Pass #4 cluster target: Change Control and Permanence.
#1599,Governance Register,MERGED-INTO,,Pass #4 cluster target: Change Control and Permanence.
#1600,CORE-05a,MERGED-INTO,,Pass #4 cluster target: Higher-Layer Independence.
#1601,IF-01,MERGED-INTO,,Pass #4 cluster target: Institutional Authority and Adoption.
#1601,Governance Register,MERGED-INTO,,Pass #4 cluster target: Institutional Authority and Adoption.
#1602,IF-01,MERGED-INTO,,Pass #4 cluster target: Institutional Authority and Adoption.
#1602,Governance Register,MERGED-INTO,,Pass #4 cluster target: Institutional Authority and Adoption.
#1603,IF-01,MERGED-INTO,,Pass #4 cluster target: Institutional Authority and Adoption.
#1603,Governance Register,MERGED-INTO,,Pass #4 cluster target: Institutional Authority and Adoption.
#1604,CORE-05c,MERGED-INTO,,Pass #4 cluster target: Operational Non-Authority.
#1604,CORE-05b,MERGED-INTO,,Pass #4 cluster target: Operational Non-Authority.
#1605,IF-01,SOURCE-OF,,Pass #4 cluster target: Institutional Authority and Adoption.
#1605,Governance Register,SOURCE-OF,,Pass #4 cluster target: Institutional Authority and Adoption.
#1606,CORE-06,SOURCE-OF,,Pass #4 cluster target: Change Control and Permanence.
#1606,Governance Register,SOURCE-OF,,Pass #4 cluster target: Change Control and Permanence.
#1607,CORE-06,MERGED-INTO,,Pass #4 cluster target: Change Control and Permanence.
#1607,Governance Register,MERGED-INTO,,Pass #4 cluster target: Change Control and Permanence.
#1608,CORE-06,SOURCE-OF,,Pass #4 cluster target: Change Control and Permanence.
#1608,Governance Register,SOURCE-OF,,Pass #4 cluster target: Change Control and Permanence.
#1609,CORE-06,MERGED-INTO,,Pass #4 cluster target: Change Control and Permanence.
#1609,Governance Register,MERGED-INTO,,Pass #4 cluster target: Change Control and Permanence.
#1610,CORE-04,MERGED-INTO,,Pass #4 cluster target: Single Canonical Truth.
#1610,DEF-01,MERGED-INTO,,Pass #4 cluster target: Single Canonical Truth.
#1611,CORE-04,WORDING-FOR,,Pass #4 cluster target: Single Canonical Truth.
#1611,DEF-01,WORDING-FOR,,Pass #4 cluster target: Single Canonical Truth.
#1612,IF-01,MERGED-INTO,,Pass #4 cluster target: Institutional Authority and Adoption.
#1612,Governance Register,MERGED-INTO,,Pass #4 cluster target: Institutional Authority and Adoption.
#1613,CORE-03,MERGED-INTO,,Pass #4 cluster target: Exact Membership and Boundary Resolution.
#1613,LIM-01,MERGED-INTO,,Pass #4 cluster target: Exact Membership and Boundary Resolution.
#1614,CORE-03,MERGED-INTO,,Pass #4 cluster target: Exact Membership and Boundary Resolution.
#1614,LIM-01,MERGED-INTO,,Pass #4 cluster target: Exact Membership and Boundary Resolution.
#1615,CORE-03b,SOURCE-OF,,Pass #4 cluster target: Failure Semantics.
#1615,Conformance Register,SOURCE-OF,,Pass #4 cluster target: Failure Semantics.
#1616,CORE-03b,MERGED-INTO,,Pass #4 cluster target: Failure Semantics.
#1616,Conformance Register,MERGED-INTO,,Pass #4 cluster target: Failure Semantics.
#1617,CORE-03b,SOURCE-OF,,Pass #4 cluster target: Failure Semantics.
#1617,Conformance Register,SOURCE-OF,,Pass #4 cluster target: Failure Semantics.
#1618,CORE-06,SOURCE-OF,,Pass #4 cluster target: Change Control and Permanence.
#1618,Governance Register,SOURCE-OF,,Pass #4 cluster target: Change Control and Permanence.
#1619,CORE-06,WORDING-FOR,,Pass #4 cluster target: Change Control and Permanence.
#1619,Governance Register,WORDING-FOR,,Pass #4 cluster target: Change Control and Permanence.
#1620,CORE-06,MERGED-INTO,,Pass #4 cluster target: Change Control and Permanence.
#1620,Governance Register,MERGED-INTO,,Pass #4 cluster target: Change Control and Permanence.
#1621,CORE-06,SOURCE-OF,,Pass #4 cluster target: Change Control and Permanence.
#1621,Governance Register,SOURCE-OF,,Pass #4 cluster target: Change Control and Permanence.
#1622,DEF-02,MERGED-INTO,,Pass #4 cluster target: Reconstruction and Recoverability.
#1622,Preservation Register,MERGED-INTO,,Pass #4 cluster target: Reconstruction and Recoverability.
#1623,DEF-02,MERGED-INTO,,Pass #4 cluster target: Reconstruction and Recoverability.
#1623,Preservation Register,MERGED-INTO,,Pass #4 cluster target: Reconstruction and Recoverability.
#1624,CORE-05b,MERGED-INTO,,Pass #4 cluster target: No Hidden State / Self-Containment.
#1624,DEF-02,MERGED-INTO,,Pass #4 cluster target: No Hidden State / Self-Containment.
#1625,CORE-05b,SOURCE-OF,,Pass #4 cluster target: No Hidden State / Self-Containment.
#1625,DEF-02,SOURCE-OF,,Pass #4 cluster target: No Hidden State / Self-Containment.
#1626,CORE-05b,MERGED-INTO,,Pass #4 cluster target: No Hidden State / Self-Containment.
#1626,DEF-02,MERGED-INTO,,Pass #4 cluster target: No Hidden State / Self-Containment.
#1627,DOWN-01,WORDING-FOR,,Pass #4 cluster target: Survey Dependency / Downward Contract.
#1627,DOWN-02,WORDING-FOR,,Pass #4 cluster target: Survey Dependency / Downward Contract.
#1627,DOWN-03,WORDING-FOR,,Pass #4 cluster target: Survey Dependency / Downward Contract.
#1627,DOWN-04,WORDING-FOR,,Pass #4 cluster target: Survey Dependency / Downward Contract.
#1628,DOWN-01,MERGED-INTO,,Pass #4 cluster target: Survey Dependency / Downward Contract.
#1628,DOWN-02,MERGED-INTO,,Pass #4 cluster target: Survey Dependency / Downward Contract.
#1628,DOWN-03,MERGED-INTO,,Pass #4 cluster target: Survey Dependency / Downward Contract.
#1628,DOWN-04,MERGED-INTO,,Pass #4 cluster target: Survey Dependency / Downward Contract.
#1629,DOWN-01,MERGED-INTO,,Pass #4 cluster target: Survey Dependency / Downward Contract.
#1629,DOWN-02,MERGED-INTO,,Pass #4 cluster target: Survey Dependency / Downward Contract.
#1629,DOWN-03,MERGED-INTO,,Pass #4 cluster target: Survey Dependency / Downward Contract.
#1629,DOWN-04,MERGED-INTO,,Pass #4 cluster target: Survey Dependency / Downward Contract.
#1630,DOWN-01,MERGED-INTO,,Pass #4 cluster target: Survey Dependency / Downward Contract.
#1630,DOWN-02,MERGED-INTO,,Pass #4 cluster target: Survey Dependency / Downward Contract.
#1630,DOWN-03,MERGED-INTO,,Pass #4 cluster target: Survey Dependency / Downward Contract.
#1630,DOWN-04,MERGED-INTO,,Pass #4 cluster target: Survey Dependency / Downward Contract.
#1631,CORE-05b,MERGED-INTO,,Pass #4 cluster target: Technology and Infrastructure Independence.
#1631,CORE-07,MERGED-INTO,,Pass #4 cluster target: Technology and Infrastructure Independence.
#1632,DOWN-01,SOURCE-OF,,Pass #4 cluster target: Survey Dependency / Downward Contract.
#1632,DOWN-02,SOURCE-OF,,Pass #4 cluster target: Survey Dependency / Downward Contract.
#1632,DOWN-03,SOURCE-OF,,Pass #4 cluster target: Survey Dependency / Downward Contract.
#1632,DOWN-04,SOURCE-OF,,Pass #4 cluster target: Survey Dependency / Downward Contract.
#1633,DOWN-01,MERGED-INTO,,Pass #4 cluster target: Survey Dependency / Downward Contract.
#1633,DOWN-02,MERGED-INTO,,Pass #4 cluster target: Survey Dependency / Downward Contract.
#1633,DOWN-03,MERGED-INTO,,Pass #4 cluster target: Survey Dependency / Downward Contract.
#1633,DOWN-04,MERGED-INTO,,Pass #4 cluster target: Survey Dependency / Downward Contract.
#1634,DOWN-01,MERGED-INTO,,Pass #4 cluster target: Survey Dependency / Downward Contract.
#1634,DOWN-02,MERGED-INTO,,Pass #4 cluster target: Survey Dependency / Downward Contract.
#1634,DOWN-03,MERGED-INTO,,Pass #4 cluster target: Survey Dependency / Downward Contract.
#1634,DOWN-04,MERGED-INTO,,Pass #4 cluster target: Survey Dependency / Downward Contract.
#1635,BOUND-01,MERGED-INTO,,Pass #4 cluster target: Minimality and Semantic Restraint.
#1636,DOWN-01,MERGED-INTO,,Pass #4 cluster target: Survey Dependency / Downward Contract.
#1636,DOWN-02,MERGED-INTO,,Pass #4 cluster target: Survey Dependency / Downward Contract.
#1636,DOWN-03,MERGED-INTO,,Pass #4 cluster target: Survey Dependency / Downward Contract.
#1636,DOWN-04,MERGED-INTO,,Pass #4 cluster target: Survey Dependency / Downward Contract.
#1637,DOWN-01,MERGED-INTO,,Pass #4 cluster target: Survey Dependency / Downward Contract.
#1637,DOWN-02,MERGED-INTO,,Pass #4 cluster target: Survey Dependency / Downward Contract.
#1637,DOWN-03,MERGED-INTO,,Pass #4 cluster target: Survey Dependency / Downward Contract.
#1637,DOWN-04,MERGED-INTO,,Pass #4 cluster target: Survey Dependency / Downward Contract.
#1638,UP-01,MERGED-INTO,,Pass #4 cluster target: Upward Handoff.
#1638,UP-02,MERGED-INTO,,Pass #4 cluster target: Upward Handoff.
#1638,UP-03,MERGED-INTO,,Pass #4 cluster target: Upward Handoff.
#1639,BOUND-01,MERGED-INTO,,Pass #4 cluster target: Layer Boundaries.
#1639,Shared Architecture,MERGED-INTO,,Pass #4 cluster target: Layer Boundaries.
#1640,CORE-01,MERGED-INTO,,Pass #4 cluster target: Core World-Space Membership.
#1641,BOUND-01,MERGED-INTO,,Pass #4 cluster target: Minimality and Semantic Restraint.
#1642,CORE-06,MERGED-INTO,,Pass #4 cluster target: Change Control and Permanence.
#1642,Governance Register,MERGED-INTO,,Pass #4 cluster target: Change Control and Permanence.
#1643,CORE-07,MERGED-INTO,,Pass #4 cluster target: Representation Independence.
#1644,CORE-05b,MERGED-INTO,,Pass #4 cluster target: Technology and Infrastructure Independence.
#1644,CORE-07,MERGED-INTO,,Pass #4 cluster target: Technology and Infrastructure Independence.
#1645,CORE-05b,MERGED-INTO,,Pass #4 cluster target: Technology and Infrastructure Independence.
#1645,CORE-07,MERGED-INTO,,Pass #4 cluster target: Technology and Infrastructure Independence.
#1646,CORE-05b,MERGED-INTO,,Pass #4 cluster target: Technology and Infrastructure Independence.
#1646,CORE-07,MERGED-INTO,,Pass #4 cluster target: Technology and Infrastructure Independence.
#1647,CORE-05b,MERGED-INTO,,Pass #4 cluster target: Technology and Infrastructure Independence.
#1647,CORE-07,MERGED-INTO,,Pass #4 cluster target: Technology and Infrastructure Independence.
#1648,BOUND-01,MERGED-INTO,,Pass #4 cluster target: Layer Boundaries.
#1648,Shared Architecture,MERGED-INTO,,Pass #4 cluster target: Layer Boundaries.
#1649,Preservation Register,MERGED-INTO,,Pass #4 cluster target: Preservation and Archival Survival.
#1650,CORE-01,MERGED-INTO,,Pass #4 cluster target: Core World-Space Membership.
#1651,CORE-04,MERGED-INTO,,Pass #4 cluster target: Single Canonical Truth.
#1651,DEF-01,MERGED-INTO,,Pass #4 cluster target: Single Canonical Truth.
#1652,CORE-04,MERGED-INTO,,Pass #4 cluster target: Single Canonical Truth.
#1652,DEF-01,MERGED-INTO,,Pass #4 cluster target: Single Canonical Truth.
#1653,BOUND-01,MERGED-INTO,,Pass #4 cluster target: Layer Boundaries.
#1653,Shared Architecture,MERGED-INTO,,Pass #4 cluster target: Layer Boundaries.
#1654,BOUND-01,MERGED-INTO,,Pass #4 cluster target: Layer Boundaries.
#1654,Shared Architecture,MERGED-INTO,,Pass #4 cluster target: Layer Boundaries.
#1655,CORE-05c,MERGED-INTO,,Pass #4 cluster target: Operational Non-Authority.
#1655,CORE-05b,MERGED-INTO,,Pass #4 cluster target: Operational Non-Authority.
#1656,UP-01,MERGED-INTO,,Pass #4 cluster target: Upward Handoff.
#1656,UP-02,MERGED-INTO,,Pass #4 cluster target: Upward Handoff.
#1656,UP-03,MERGED-INTO,,Pass #4 cluster target: Upward Handoff.
#1657,CORE-05c,MERGED-INTO,,Pass #4 cluster target: Operational Non-Authority.
#1657,CORE-05b,MERGED-INTO,,Pass #4 cluster target: Operational Non-Authority.
#1658,CORE-05c,MERGED-INTO,,Pass #4 cluster target: Operational Non-Authority.
#1658,CORE-05b,MERGED-INTO,,Pass #4 cluster target: Operational Non-Authority.
#1659,CORE-07,MERGED-INTO,,Pass #4 cluster target: Representation Independence.
#1660,CORE-05c,MERGED-INTO,,Pass #4 cluster target: Operational Non-Authority.
#1660,CORE-05b,MERGED-INTO,,Pass #4 cluster target: Operational Non-Authority.
#1661,CORE-05c,MERGED-INTO,,Pass #4 cluster target: Operational Non-Authority.
#1661,CORE-05b,MERGED-INTO,,Pass #4 cluster target: Operational Non-Authority.
#1662,DOWN-01,MERGED-INTO,,Pass #4 cluster target: Survey Dependency / Downward Contract.
#1662,DOWN-02,MERGED-INTO,,Pass #4 cluster target: Survey Dependency / Downward Contract.
#1662,DOWN-03,MERGED-INTO,,Pass #4 cluster target: Survey Dependency / Downward Contract.
#1662,DOWN-04,MERGED-INTO,,Pass #4 cluster target: Survey Dependency / Downward Contract.
#1663,CORE-05c,MERGED-INTO,,Pass #4 cluster target: Operational Non-Authority.
#1663,CORE-05b,MERGED-INTO,,Pass #4 cluster target: Operational Non-Authority.
#1664,CORE-07,MERGED-INTO,,Pass #4 cluster target: Representation Independence.
#1665,CORE-05a,MERGED-INTO,,Pass #4 cluster target: Higher-Layer Independence.
#1666,CORE-07,MERGED-INTO,,Pass #4 cluster target: Representation Independence.
#1667,DOWN-01,MERGED-INTO,,Pass #4 cluster target: Survey Dependency / Downward Contract.
#1667,DOWN-02,MERGED-INTO,,Pass #4 cluster target: Survey Dependency / Downward Contract.
#1667,DOWN-03,MERGED-INTO,,Pass #4 cluster target: Survey Dependency / Downward Contract.
#1667,DOWN-04,MERGED-INTO,,Pass #4 cluster target: Survey Dependency / Downward Contract.
#1668,DOWN-01,MERGED-INTO,,Pass #4 cluster target: Survey Dependency / Downward Contract.
#1668,DOWN-02,MERGED-INTO,,Pass #4 cluster target: Survey Dependency / Downward Contract.
#1668,DOWN-03,MERGED-INTO,,Pass #4 cluster target: Survey Dependency / Downward Contract.
#1668,DOWN-04,MERGED-INTO,,Pass #4 cluster target: Survey Dependency / Downward Contract.
#1669,UP-01,MERGED-INTO,,Pass #4 cluster target: Upward Handoff.
#1669,UP-02,MERGED-INTO,,Pass #4 cluster target: Upward Handoff.
#1669,UP-03,MERGED-INTO,,Pass #4 cluster target: Upward Handoff.
#1670,CORE-07,MERGED-INTO,,Pass #4 cluster target: Representation Independence.
#1671,CORE-05a,MERGED-INTO,,Pass #4 cluster target: Higher-Layer Independence.
#1672,CORE-05a,MERGED-INTO,,Pass #4 cluster target: Higher-Layer Independence.
#1673,CORE-05a,MERGED-INTO,,Pass #4 cluster target: Higher-Layer Independence.
#1674,CORE-05a,MERGED-INTO,,Pass #4 cluster target: Higher-Layer Independence.
#1675,CORE-05a,MERGED-INTO,,Pass #4 cluster target: Interpretation Independence.
#1675,BOUND-01,MERGED-INTO,,Pass #4 cluster target: Interpretation Independence.
#1676,CORE-05a,MERGED-INTO,,Pass #4 cluster target: Interpretation Independence.
#1676,BOUND-01,MERGED-INTO,,Pass #4 cluster target: Interpretation Independence.
#1677,CORE-05a,MERGED-INTO,,Pass #4 cluster target: Parcel Independence.
#1677,BOUND-01,MERGED-INTO,,Pass #4 cluster target: Parcel Independence.
#1678,CORE-05a,MERGED-INTO,,Pass #4 cluster target: Rights / Governance Independence.
#1679,CORE-05a,MERGED-INTO,,Pass #4 cluster target: Rights / Governance Independence.
#1680,CORE-05a,MERGED-INTO,,Pass #4 cluster target: Runtime Independence.
#1680,CORE-05b,MERGED-INTO,,Pass #4 cluster target: Runtime Independence.
#1681,CORE-05a,MERGED-INTO,,Pass #4 cluster target: Higher-Layer Independence.
#1682,CORE-05c,MERGED-INTO,,Pass #4 cluster target: Operational Non-Authority.
#1682,CORE-05b,MERGED-INTO,,Pass #4 cluster target: Operational Non-Authority.
#1683,CORE-07,MERGED-INTO,,Pass #4 cluster target: Representation Independence.
#1684,CORE-07,MERGED-INTO,,Pass #4 cluster target: Representation Independence.
#1685,Preservation Register,MERGED-INTO,,Pass #4 cluster target: Preservation and Archival Survival.
#1686,Preservation Register,MERGED-INTO,,Pass #4 cluster target: Preservation and Archival Survival.
#1687,CORE-05c,MERGED-INTO,,Pass #4 cluster target: Operational Non-Authority.
#1687,CORE-05b,MERGED-INTO,,Pass #4 cluster target: Operational Non-Authority.
#1688,Preservation Register,MERGED-INTO,,Pass #4 cluster target: Preservation and Archival Survival.
#1689,IF-01,MERGED-INTO,,Pass #4 cluster target: Institutional Authority and Adoption.
#1689,Governance Register,MERGED-INTO,,Pass #4 cluster target: Institutional Authority and Adoption.
#1690,IF-01,MERGED-INTO,,Pass #4 cluster target: Institutional Authority and Adoption.
#1690,Governance Register,MERGED-INTO,,Pass #4 cluster target: Institutional Authority and Adoption.
#1691,Preservation Register,MERGED-INTO,,Pass #4 cluster target: Preservation and Archival Survival.
#1692,CORE-04,MERGED-INTO,,Pass #4 cluster target: Single Canonical Truth.
#1692,DEF-01,MERGED-INTO,,Pass #4 cluster target: Single Canonical Truth.
#1693,DEF-05,MERGED-INTO,,Pass #4 cluster target: Canonical Equivalence.
#1693,CORE-07,MERGED-INTO,,Pass #4 cluster target: Canonical Equivalence.
#1694,DEF-05,MERGED-INTO,,Pass #4 cluster target: Canonical Equivalence.
#1694,CORE-07,MERGED-INTO,,Pass #4 cluster target: Canonical Equivalence.
#1695,DEF-05,MERGED-INTO,,Pass #4 cluster target: Canonical Equivalence.
#1695,CORE-07,MERGED-INTO,,Pass #4 cluster target: Canonical Equivalence.
#1696,CORE-04,MERGED-INTO,,Pass #4 cluster target: Single Canonical Truth.
#1696,DEF-01,MERGED-INTO,,Pass #4 cluster target: Single Canonical Truth.
#1697,Preservation Register,MERGED-INTO,,Pass #4 cluster target: Preservation and Archival Survival.
#1698,Preservation Register,MERGED-INTO,,Pass #4 cluster target: Preservation and Archival Survival.
#1699,Preservation Register,MERGED-INTO,,Pass #4 cluster target: Preservation and Archival Survival.
#1700,Preservation Register,MERGED-INTO,,Pass #4 cluster target: Preservation and Archival Survival.
#1701,Preservation Register,MERGED-INTO,,Pass #4 cluster target: Preservation and Archival Survival.
#1702,Preservation Register,MERGED-INTO,,Pass #4 cluster target: Preservation and Archival Survival.
#1703,CORE-05c,MERGED-INTO,,Pass #4 cluster target: Operational Non-Authority.
#1703,CORE-05b,MERGED-INTO,,Pass #4 cluster target: Operational Non-Authority.
#1704,CORE-06,MERGED-INTO,,Pass #4 cluster target: Change Control and Permanence.
#1704,Governance Register,MERGED-INTO,,Pass #4 cluster target: Change Control and Permanence.
#1705,Preservation Register,MERGED-INTO,,Pass #4 cluster target: Preservation and Archival Survival.
#1706,DEF-02,MERGED-INTO,,Pass #4 cluster target: Reconstruction and Recoverability.
#1706,Preservation Register,MERGED-INTO,,Pass #4 cluster target: Reconstruction and Recoverability.
#1707,CORE-05c,MERGED-INTO,,Pass #4 cluster target: Operational Non-Authority.
#1707,CORE-05b,MERGED-INTO,,Pass #4 cluster target: Operational Non-Authority.
#1708,CORE-05a,MERGED-INTO,,Pass #4 cluster target: Parcel Independence.
#1708,BOUND-01,MERGED-INTO,,Pass #4 cluster target: Parcel Independence.
#1709,CORE-05a,MERGED-INTO,,Pass #4 cluster target: Runtime Independence.
#1709,CORE-05b,MERGED-INTO,,Pass #4 cluster target: Runtime Independence.
#1710,DEF-02,MERGED-INTO,,Pass #4 cluster target: Reconstruction and Recoverability.
#1710,Preservation Register,MERGED-INTO,,Pass #4 cluster target: Reconstruction and Recoverability.
#1711,DEF-02,WORDING-FOR,,Pass #4 cluster target: Reconstruction and Recoverability.
#1711,Preservation Register,WORDING-FOR,,Pass #4 cluster target: Reconstruction and Recoverability.
#1712,DEF-02,MERGED-INTO,,Pass #4 cluster target: Reconstruction and Recoverability.
#1712,Preservation Register,MERGED-INTO,,Pass #4 cluster target: Reconstruction and Recoverability.
#1713,CORE-05a,MERGED-INTO,,Pass #4 cluster target: Higher-Layer Independence.
#1714,CORE-06,MERGED-INTO,,Pass #4 cluster target: Change Control and Permanence.
#1714,Governance Register,MERGED-INTO,,Pass #4 cluster target: Change Control and Permanence.
#1715,CORE-06,MERGED-INTO,,Pass #4 cluster target: Change Control and Permanence.
#1715,Governance Register,MERGED-INTO,,Pass #4 cluster target: Change Control and Permanence.
#1716,CORE-05c,MERGED-INTO,,Pass #4 cluster target: Operational Non-Authority.
#1716,CORE-05b,MERGED-INTO,,Pass #4 cluster target: Operational Non-Authority.
#1717,CORE-05b,MERGED-INTO,,Pass #4 cluster target: No Hidden State / Self-Containment.
#1717,DEF-02,MERGED-INTO,,Pass #4 cluster target: No Hidden State / Self-Containment.
#1718,CORE-05b,MERGED-INTO,,Pass #4 cluster target: No Hidden State / Self-Containment.
#1718,DEF-02,MERGED-INTO,,Pass #4 cluster target: No Hidden State / Self-Containment.
#1719,Governance Register,MERGED-INTO,,Pass #4 cluster target: Historical Traceability.
#1719,Preservation Register,MERGED-INTO,,Pass #4 cluster target: Historical Traceability.
#1720,CORE-05b,MERGED-INTO,,Pass #4 cluster target: Technology and Infrastructure Independence.
#1720,CORE-07,MERGED-INTO,,Pass #4 cluster target: Technology and Infrastructure Independence.
#1721,CORE-05b,MERGED-INTO,,Pass #4 cluster target: Technology and Infrastructure Independence.
#1721,CORE-07,MERGED-INTO,,Pass #4 cluster target: Technology and Infrastructure Independence.
#1722,CORE-05b,MERGED-INTO,,Pass #4 cluster target: Technology and Infrastructure Independence.
#1722,CORE-07,MERGED-INTO,,Pass #4 cluster target: Technology and Infrastructure Independence.
#1723,Preservation Register,MERGED-INTO,,Pass #4 cluster target: Preservation and Archival Survival.
#1724,CORE-05b,MERGED-INTO,,Pass #4 cluster target: Technology and Infrastructure Independence.
#1724,CORE-07,MERGED-INTO,,Pass #4 cluster target: Technology and Infrastructure Independence.
#1725,CORE-05b,MERGED-INTO,,Pass #4 cluster target: Technology and Infrastructure Independence.
#1725,CORE-07,MERGED-INTO,,Pass #4 cluster target: Technology and Infrastructure Independence.
#1726,Preservation Register,MERGED-INTO,,Pass #4 cluster target: Preservation and Archival Survival.
#1727,CORE-05b,MERGED-INTO,,Pass #4 cluster target: No Hidden State / Self-Containment.
#1727,DEF-02,MERGED-INTO,,Pass #4 cluster target: No Hidden State / Self-Containment.
#1728,CORE-05b,MERGED-INTO,,Pass #4 cluster target: No Hidden State / Self-Containment.
#1728,DEF-02,MERGED-INTO,,Pass #4 cluster target: No Hidden State / Self-Containment.
#1729,CORE-05b,MERGED-INTO,,Pass #4 cluster target: No Hidden State / Self-Containment.
#1729,DEF-02,MERGED-INTO,,Pass #4 cluster target: No Hidden State / Self-Containment.
#1730,CORE-05c,MERGED-INTO,,Pass #4 cluster target: Operational Non-Authority.
#1730,CORE-05b,MERGED-INTO,,Pass #4 cluster target: Operational Non-Authority.
#1731,Preservation Register,MERGED-INTO,,Pass #4 cluster target: Preservation and Archival Survival.
#1732,CORE-05b,MERGED-INTO,,Pass #4 cluster target: No Hidden State / Self-Containment.
#1732,DEF-02,MERGED-INTO,,Pass #4 cluster target: No Hidden State / Self-Containment.
#1733,CORE-05b,MERGED-INTO,,Pass #4 cluster target: No Hidden State / Self-Containment.
#1733,DEF-02,MERGED-INTO,,Pass #4 cluster target: No Hidden State / Self-Containment.
#1734,IF-01,MERGED-INTO,,Pass #4 cluster target: Institutional Authority and Adoption.
#1734,Governance Register,MERGED-INTO,,Pass #4 cluster target: Institutional Authority and Adoption.
#1735,IF-01,MERGED-INTO,,Pass #4 cluster target: Institutional Authority and Adoption.
#1735,Governance Register,MERGED-INTO,,Pass #4 cluster target: Institutional Authority and Adoption.
#1736,Conformance Register,MERGED-INTO,,Pass #4 cluster target: Testing and Adversarial Review.
#1737,IF-01,SOURCE-OF,,Pass #4 cluster target: Institutional Authority and Adoption.
#1737,Governance Register,SOURCE-OF,,Pass #4 cluster target: Institutional Authority and Adoption.
#1738,CORE-05b,MERGED-INTO,,Pass #4 cluster target: No Hidden State / Self-Containment.
#1738,DEF-02,MERGED-INTO,,Pass #4 cluster target: No Hidden State / Self-Containment.
#1739,CORE-05b,MERGED-INTO,,Pass #4 cluster target: No Hidden State / Self-Containment.
#1739,DEF-02,MERGED-INTO,,Pass #4 cluster target: No Hidden State / Self-Containment.
#1740,IF-01,WORDING-FOR,,Item-level override.
#1740,IF-02,WORDING-FOR,,Item-level override.
#1741,IF-01,MERGED-INTO,,Pass #4 cluster target: Institutional Authority and Adoption.
#1741,Governance Register,MERGED-INTO,,Pass #4 cluster target: Institutional Authority and Adoption.
#1742,CORE-05b,MERGED-INTO,,Pass #4 cluster target: No Hidden State / Self-Containment.
#1742,DEF-02,MERGED-INTO,,Pass #4 cluster target: No Hidden State / Self-Containment.
#1743,CORE-06,MERGED-INTO,,Pass #4 cluster target: Change Control and Permanence.
#1743,Governance Register,MERGED-INTO,,Pass #4 cluster target: Change Control and Permanence.
#1744,IF-01,MERGED-INTO,,Pass #4 cluster target: Institutional Authority and Adoption.
#1744,Governance Register,MERGED-INTO,,Pass #4 cluster target: Institutional Authority and Adoption.
#1745,CORE-05a,MERGED-INTO,,Pass #4 cluster target: Rights / Governance Independence.
#1746,Preservation Register,MERGED-INTO,,Pass #4 cluster target: Preservation and Archival Survival.
#1747,CORE-04,MERGED-INTO,,Pass #4 cluster target: Single Canonical Truth.
#1747,DEF-01,MERGED-INTO,,Pass #4 cluster target: Single Canonical Truth.
#1748,CORE-04,MERGED-INTO,,Pass #4 cluster target: Single Canonical Truth.
#1748,DEF-01,MERGED-INTO,,Pass #4 cluster target: Single Canonical Truth.
#1749,Preservation Register,MERGED-INTO,,Pass #4 cluster target: Preservation and Archival Survival.
#1750,Preservation Register,MERGED-INTO,,Pass #4 cluster target: Preservation and Archival Survival.
#1751,CORE-05c,MERGED-INTO,,Pass #4 cluster target: Operational Non-Authority.
#1751,CORE-05b,MERGED-INTO,,Pass #4 cluster target: Operational Non-Authority.
#1752,CORE-06,MERGED-INTO,,Pass #4 cluster target: Change Control and Permanence.
#1752,Governance Register,MERGED-INTO,,Pass #4 cluster target: Change Control and Permanence.
#1753,CORE-04,MERGED-INTO,,Pass #4 cluster target: Single Canonical Truth.
#1753,DEF-01,MERGED-INTO,,Pass #4 cluster target: Single Canonical Truth.
#1754,IF-01,MERGED-INTO,,Pass #4 cluster target: Institutional Authority and Adoption.
#1754,Governance Register,MERGED-INTO,,Pass #4 cluster target: Institutional Authority and Adoption.
#1755,IF-01,MERGED-INTO,,Pass #4 cluster target: Institutional Authority and Adoption.
#1755,Governance Register,MERGED-INTO,,Pass #4 cluster target: Institutional Authority and Adoption.
#1756,Preservation Register,MERGED-INTO,,Pass #4 cluster target: Preservation and Archival Survival.
#1757,IF-01,MERGED-INTO,,Pass #4 cluster target: Institutional Authority and Adoption.
#1757,Governance Register,MERGED-INTO,,Pass #4 cluster target: Institutional Authority and Adoption.
#1758,CORE-04,MERGED-INTO,,Pass #4 cluster target: Single Canonical Truth.
#1758,DEF-01,MERGED-INTO,,Pass #4 cluster target: Single Canonical Truth.
#1759,CORE-04,MERGED-INTO,,Pass #4 cluster target: Single Canonical Truth.
#1759,DEF-01,MERGED-INTO,,Pass #4 cluster target: Single Canonical Truth.
#1760,DEF-05,MERGED-INTO,,Pass #4 cluster target: Canonical Equivalence.
#1760,CORE-07,MERGED-INTO,,Pass #4 cluster target: Canonical Equivalence.
#1761,DEF-05,MERGED-INTO,,Pass #4 cluster target: Canonical Equivalence.
#1761,CORE-07,MERGED-INTO,,Pass #4 cluster target: Canonical Equivalence.
#1762,IF-01,MERGED-INTO,,Pass #4 cluster target: Institutional Authority and Adoption.
#1762,Governance Register,MERGED-INTO,,Pass #4 cluster target: Institutional Authority and Adoption.
#1763,CORE-05a,MERGED-INTO,,Pass #4 cluster target: Rights / Governance Independence.
#1764,CORE-05a,MERGED-INTO,,Pass #4 cluster target: Rights / Governance Independence.
#1765,CORE-05a,MERGED-INTO,,Pass #4 cluster target: Rights / Governance Independence.
#1766,CORE-05a,MERGED-INTO,,Pass #4 cluster target: Rights / Governance Independence.
#1767,CORE-05a,MERGED-INTO,,Pass #4 cluster target: Rights / Governance Independence.
#1768,CORE-05a,MERGED-INTO,,Pass #4 cluster target: Interpretation Independence.
#1768,BOUND-01,MERGED-INTO,,Pass #4 cluster target: Interpretation Independence.
#1769,CORE-05c,MERGED-INTO,,Pass #4 cluster target: Operational Non-Authority.
#1769,CORE-05b,MERGED-INTO,,Pass #4 cluster target: Operational Non-Authority.
#1770,CORE-05b,MERGED-INTO,,Pass #4 cluster target: No Hidden State / Self-Containment.
#1770,DEF-02,MERGED-INTO,,Pass #4 cluster target: No Hidden State / Self-Containment.
#1771,CORE-05b,MERGED-INTO,,Pass #4 cluster target: No Hidden State / Self-Containment.
#1771,DEF-02,MERGED-INTO,,Pass #4 cluster target: No Hidden State / Self-Containment.
#1772,CORE-05b,MERGED-INTO,,Pass #4 cluster target: No Hidden State / Self-Containment.
#1772,DEF-02,MERGED-INTO,,Pass #4 cluster target: No Hidden State / Self-Containment.
#1773,CORE-05a,MERGED-INTO,,Pass #4 cluster target: Interpretation Independence.
#1773,BOUND-01,MERGED-INTO,,Pass #4 cluster target: Interpretation Independence.
#1774,CORE-05a,MERGED-INTO,,Pass #4 cluster target: Interpretation Independence.
#1774,BOUND-01,MERGED-INTO,,Pass #4 cluster target: Interpretation Independence.
#1775,BOUND-01,MERGED-INTO,,Pass #4 cluster target: Layer Boundaries.
#1775,Shared Architecture,MERGED-INTO,,Pass #4 cluster target: Layer Boundaries.
#1776,BOUND-01,MERGED-INTO,,Pass #4 cluster target: Layer Boundaries.
#1776,Shared Architecture,MERGED-INTO,,Pass #4 cluster target: Layer Boundaries.
#1777,BOUND-01,MERGED-INTO,,Pass #4 cluster target: Layer Boundaries.
#1777,Shared Architecture,MERGED-INTO,,Pass #4 cluster target: Layer Boundaries.
#1778,CORE-05a,MERGED-INTO,,Pass #4 cluster target: Rights / Governance Independence.
#1779,CORE-05a,MERGED-INTO,,Pass #4 cluster target: Rights / Governance Independence.
#1780,CORE-05a,MERGED-INTO,,Pass #4 cluster target: Interpretation Independence.
#1780,BOUND-01,MERGED-INTO,,Pass #4 cluster target: Interpretation Independence.
#1781,CORE-05a,MERGED-INTO,,Pass #4 cluster target: Higher-Layer Independence.
#1782,CORE-05a,MERGED-INTO,,Pass #4 cluster target: Interpretation Independence.
#1782,BOUND-01,MERGED-INTO,,Pass #4 cluster target: Interpretation Independence.
#1783,CORE-05a,MERGED-INTO,,Pass #4 cluster target: Interpretation Independence.
#1783,BOUND-01,MERGED-INTO,,Pass #4 cluster target: Interpretation Independence.
#1784,CORE-05a,MERGED-INTO,,Pass #4 cluster target: Interpretation Independence.
#1784,BOUND-01,MERGED-INTO,,Pass #4 cluster target: Interpretation Independence.
#1785,CORE-05a,MERGED-INTO,,Pass #4 cluster target: Higher-Layer Independence.
#1786,CORE-05a,MERGED-INTO,,Pass #4 cluster target: Interpretation Independence.
#1786,BOUND-01,MERGED-INTO,,Pass #4 cluster target: Interpretation Independence.
#1787,CORE-05b,MERGED-INTO,,Pass #4 cluster target: Technology and Infrastructure Independence.
#1787,CORE-07,MERGED-INTO,,Pass #4 cluster target: Technology and Infrastructure Independence.
#1788,CORE-05a,MERGED-INTO,,Pass #4 cluster target: Higher-Layer Independence.
#1789,CORE-07,MERGED-INTO,,Pass #4 cluster target: Representation Independence.
#1790,DOWN-01,MERGED-INTO,,Pass #4 cluster target: Survey Dependency / Downward Contract.
#1790,DOWN-02,MERGED-INTO,,Pass #4 cluster target: Survey Dependency / Downward Contract.
#1790,DOWN-03,MERGED-INTO,,Pass #4 cluster target: Survey Dependency / Downward Contract.
#1790,DOWN-04,MERGED-INTO,,Pass #4 cluster target: Survey Dependency / Downward Contract.
#1791,CORE-05a,MERGED-INTO,,Pass #4 cluster target: Higher-Layer Independence.
#1792,CORE-05a,MERGED-INTO,,Pass #4 cluster target: Higher-Layer Independence.
#1793,CORE-05a,MERGED-INTO,,Pass #4 cluster target: Higher-Layer Independence.
#1794,CORE-05a,MERGED-INTO,,Pass #4 cluster target: Interpretation Independence.
#1794,BOUND-01,MERGED-INTO,,Pass #4 cluster target: Interpretation Independence.
#1795,CORE-05a,MERGED-INTO,,Pass #4 cluster target: Higher-Layer Independence.
#1796,CORE-05c,MERGED-INTO,,Pass #4 cluster target: Operational Non-Authority.
#1796,CORE-05b,MERGED-INTO,,Pass #4 cluster target: Operational Non-Authority.
#1797,CORE-04,MERGED-INTO,,Pass #4 cluster target: Single Canonical Truth.
#1797,DEF-01,MERGED-INTO,,Pass #4 cluster target: Single Canonical Truth.
#1798,UP-01,MERGED-INTO,,Pass #4 cluster target: Upward Handoff.
#1798,UP-02,MERGED-INTO,,Pass #4 cluster target: Upward Handoff.
#1798,UP-03,MERGED-INTO,,Pass #4 cluster target: Upward Handoff.
#1799,CORE-01,WORDING-FOR,,Item-level override.
#1800,CORE-06,MERGED-INTO,,Pass #4 cluster target: Change Control and Permanence.
#1800,Governance Register,MERGED-INTO,,Pass #4 cluster target: Change Control and Permanence.
#1801,UP-01,MERGED-INTO,,Pass #4 cluster target: Upward Handoff.
#1801,UP-02,MERGED-INTO,,Pass #4 cluster target: Upward Handoff.
#1801,UP-03,MERGED-INTO,,Pass #4 cluster target: Upward Handoff.
#1802,UP-01,MERGED-INTO,,Pass #4 cluster target: Upward Handoff.
#1802,UP-02,MERGED-INTO,,Pass #4 cluster target: Upward Handoff.
#1802,UP-03,MERGED-INTO,,Pass #4 cluster target: Upward Handoff.
#1803,DEF-05,MERGED-INTO,,Pass #4 cluster target: Canonical Equivalence.
#1803,CORE-07,MERGED-INTO,,Pass #4 cluster target: Canonical Equivalence.
#1804,DEF-05,MERGED-INTO,,Pass #4 cluster target: Canonical Equivalence.
#1804,CORE-07,MERGED-INTO,,Pass #4 cluster target: Canonical Equivalence.
#1805,DEF-05,MERGED-INTO,,Pass #4 cluster target: Canonical Equivalence.
#1805,CORE-07,MERGED-INTO,,Pass #4 cluster target: Canonical Equivalence.
#1806,CORE-07,MERGED-INTO,,Pass #4 cluster target: Representation Independence.
#1807,DEF-05,MERGED-INTO,,Pass #4 cluster target: Canonical Equivalence.
#1807,CORE-07,MERGED-INTO,,Pass #4 cluster target: Canonical Equivalence.
#1808,DEF-05,MERGED-INTO,,Pass #4 cluster target: Canonical Equivalence.
#1808,CORE-07,MERGED-INTO,,Pass #4 cluster target: Canonical Equivalence.
#1809,DEF-05,MERGED-INTO,,Pass #4 cluster target: Canonical Equivalence.
#1809,CORE-07,MERGED-INTO,,Pass #4 cluster target: Canonical Equivalence.
#1810,DEF-05,MERGED-INTO,,Pass #4 cluster target: Canonical Equivalence.
#1810,CORE-07,MERGED-INTO,,Pass #4 cluster target: Canonical Equivalence.
#1811,DEF-05,MERGED-INTO,,Pass #4 cluster target: Canonical Equivalence.
#1811,CORE-07,MERGED-INTO,,Pass #4 cluster target: Canonical Equivalence.
#1812,DEF-05,MERGED-INTO,,Pass #4 cluster target: Canonical Equivalence.
#1812,CORE-07,MERGED-INTO,,Pass #4 cluster target: Canonical Equivalence.
#1813,DEF-05,MERGED-INTO,,Pass #4 cluster target: Canonical Equivalence.
#1813,CORE-07,MERGED-INTO,,Pass #4 cluster target: Canonical Equivalence.
#1814,DEF-05,MERGED-INTO,,Pass #4 cluster target: Canonical Equivalence.
#1814,CORE-07,MERGED-INTO,,Pass #4 cluster target: Canonical Equivalence.
#1815,DEF-05,MERGED-INTO,,Pass #4 cluster target: Canonical Equivalence.
#1815,CORE-07,MERGED-INTO,,Pass #4 cluster target: Canonical Equivalence.
#1816,CORE-05a,MERGED-INTO,,Pass #4 cluster target: Rights / Governance Independence.
#1817,CORE-05a,MERGED-INTO,,Pass #4 cluster target: Interpretation Independence.
#1817,BOUND-01,MERGED-INTO,,Pass #4 cluster target: Interpretation Independence.
#1818,CORE-05a,MERGED-INTO,,Pass #4 cluster target: Interpretation Independence.
#1818,BOUND-01,MERGED-INTO,,Pass #4 cluster target: Interpretation Independence.
#1819,CORE-05a,MERGED-INTO,,Pass #4 cluster target: Higher-Layer Independence.
#1820,CORE-05a,MERGED-INTO,,Pass #4 cluster target: Higher-Layer Independence.
#1821,CORE-05a,MERGED-INTO,,Pass #4 cluster target: Higher-Layer Independence.
#1822,CORE-05a,MERGED-INTO,,Pass #4 cluster target: Higher-Layer Independence.
#1823,CORE-05a,MERGED-INTO,,Pass #4 cluster target: Higher-Layer Independence.
#1824,CORE-05a,MERGED-INTO,,Pass #4 cluster target: Higher-Layer Independence.
#1825,CORE-05a,MERGED-INTO,,Pass #4 cluster target: Higher-Layer Independence.
#1826,CORE-05a,MERGED-INTO,,Pass #4 cluster target: Higher-Layer Independence.
#1827,CORE-05a,MERGED-INTO,,Pass #4 cluster target: Higher-Layer Independence.
#1828,CORE-05a,MERGED-INTO,,Pass #4 cluster target: Higher-Layer Independence.
#1829,UP-01,MERGED-INTO,,Pass #4 cluster target: Upward Handoff.
#1829,UP-02,MERGED-INTO,,Pass #4 cluster target: Upward Handoff.
#1829,UP-03,MERGED-INTO,,Pass #4 cluster target: Upward Handoff.
#1830,UP-01,MERGED-INTO,,Pass #4 cluster target: Upward Handoff.
#1830,UP-02,MERGED-INTO,,Pass #4 cluster target: Upward Handoff.
#1830,UP-03,MERGED-INTO,,Pass #4 cluster target: Upward Handoff.
#1831,UP-01,MERGED-INTO,,Pass #4 cluster target: Upward Handoff.
#1831,UP-02,MERGED-INTO,,Pass #4 cluster target: Upward Handoff.
#1831,UP-03,MERGED-INTO,,Pass #4 cluster target: Upward Handoff.
#1832,UP-01,MERGED-INTO,,Pass #4 cluster target: Upward Handoff.
#1832,UP-02,MERGED-INTO,,Pass #4 cluster target: Upward Handoff.
#1832,UP-03,MERGED-INTO,,Pass #4 cluster target: Upward Handoff.
#1833,CORE-05a,MERGED-INTO,,Pass #4 cluster target: Interpretation Independence.
#1833,BOUND-01,MERGED-INTO,,Pass #4 cluster target: Interpretation Independence.
#1834,CORE-05a,MERGED-INTO,,Pass #4 cluster target: Rights / Governance Independence.
#1835,CORE-05a,MERGED-INTO,,Pass #4 cluster target: Runtime Independence.
#1835,CORE-05b,MERGED-INTO,,Pass #4 cluster target: Runtime Independence.
#1836,CORE-05a,MERGED-INTO,,Pass #4 cluster target: Interpretation Independence.
#1836,BOUND-01,MERGED-INTO,,Pass #4 cluster target: Interpretation Independence.
#1837,CORE-05a,MERGED-INTO,,Pass #4 cluster target: Interpretation Independence.
#1837,BOUND-01,MERGED-INTO,,Pass #4 cluster target: Interpretation Independence.
#1838,CORE-05a,MERGED-INTO,,Pass #4 cluster target: Interpretation Independence.
#1838,BOUND-01,MERGED-INTO,,Pass #4 cluster target: Interpretation Independence.
#1839,CORE-05a,MERGED-INTO,,Pass #4 cluster target: Interpretation Independence.
#1839,BOUND-01,MERGED-INTO,,Pass #4 cluster target: Interpretation Independence.
#1840,CORE-05a,MERGED-INTO,,Pass #4 cluster target: Interpretation Independence.
#1840,BOUND-01,MERGED-INTO,,Pass #4 cluster target: Interpretation Independence.
#1841,CORE-05a,MERGED-INTO,,Pass #4 cluster target: Runtime Independence.
#1841,CORE-05b,MERGED-INTO,,Pass #4 cluster target: Runtime Independence.
#1842,CORE-05a,MERGED-INTO,,Pass #4 cluster target: Higher-Layer Independence.
#1843,CORE-05a,MERGED-INTO,,Pass #4 cluster target: Higher-Layer Independence.
#1844,DEF-05,MERGED-INTO,,Pass #4 cluster target: Canonical Equivalence.
#1844,CORE-07,MERGED-INTO,,Pass #4 cluster target: Canonical Equivalence.
#1845,DEF-05,MERGED-INTO,,Pass #4 cluster target: Canonical Equivalence.
#1845,CORE-07,MERGED-INTO,,Pass #4 cluster target: Canonical Equivalence.
#1846,CORE-05c,MERGED-INTO,,Pass #4 cluster target: Operational Non-Authority.
#1846,CORE-05b,MERGED-INTO,,Pass #4 cluster target: Operational Non-Authority.
#1847,CORE-05c,MERGED-INTO,,Pass #4 cluster target: Operational Non-Authority.
#1847,CORE-05b,MERGED-INTO,,Pass #4 cluster target: Operational Non-Authority.
#1848,CORE-05a,MERGED-INTO,,Pass #4 cluster target: Runtime Independence.
#1848,CORE-05b,MERGED-INTO,,Pass #4 cluster target: Runtime Independence.
#1849,CORE-05a,MERGED-INTO,,Pass #4 cluster target: Higher-Layer Independence.
#1850,CORE-03,WORDING-FOR,,Pass #4 cluster target: Exact Membership and Boundary Resolution.
#1850,LIM-01,WORDING-FOR,,Pass #4 cluster target: Exact Membership and Boundary Resolution.
#1851,CORE-03,MERGED-INTO,,Pass #4 cluster target: Exact Membership and Boundary Resolution.
#1851,LIM-01,MERGED-INTO,,Pass #4 cluster target: Exact Membership and Boundary Resolution.
#1852,CORE-03,MERGED-INTO,,Pass #4 cluster target: Exact Membership and Boundary Resolution.
#1852,LIM-01,MERGED-INTO,,Pass #4 cluster target: Exact Membership and Boundary Resolution.
#1853,BOUND-01,MERGED-INTO,,Pass #4 cluster target: Minimality and Semantic Restraint.
#1854,BOUND-01,MERGED-INTO,,Pass #4 cluster target: Minimality and Semantic Restraint.
#1855,BOUND-01,MERGED-INTO,,Pass #4 cluster target: Minimality and Semantic Restraint.
#1856,BOUND-01,MERGED-INTO,,Pass #4 cluster target: Minimality and Semantic Restraint.
#1857,BOUND-01,MERGED-INTO,,Pass #4 cluster target: Minimality and Semantic Restraint.
#1858,CORE-05a,MERGED-INTO,,Pass #4 cluster target: Rights / Governance Independence.
#1859,CORE-05a,MERGED-INTO,,Pass #4 cluster target: Interpretation Independence.
#1859,BOUND-01,MERGED-INTO,,Pass #4 cluster target: Interpretation Independence.
#1860,CORE-05a,MERGED-INTO,,Pass #4 cluster target: Interpretation Independence.
#1860,BOUND-01,MERGED-INTO,,Pass #4 cluster target: Interpretation Independence.
#1861,BOUND-01,MERGED-INTO,,Pass #4 cluster target: Minimality and Semantic Restraint.
#1862,CORE-05a,MERGED-INTO,,Pass #4 cluster target: Rights / Governance Independence.
#1863,CORE-04,MERGED-INTO,,Pass #4 cluster target: Single Canonical Truth.
#1863,DEF-01,MERGED-INTO,,Pass #4 cluster target: Single Canonical Truth.
#1864,CORE-05a,MERGED-INTO,,Pass #4 cluster target: Rights / Governance Independence.
#1865,CORE-05a,MERGED-INTO,,Pass #4 cluster target: Rights / Governance Independence.
#1866,CORE-05a,MERGED-INTO,,Pass #4 cluster target: Interpretation Independence.
#1866,BOUND-01,MERGED-INTO,,Pass #4 cluster target: Interpretation Independence.
#1867,CORE-05a,MERGED-INTO,,Pass #4 cluster target: Interpretation Independence.
#1867,BOUND-01,MERGED-INTO,,Pass #4 cluster target: Interpretation Independence.
#1868,BOUND-01,MERGED-INTO,,Pass #4 cluster target: Layer Boundaries.
#1868,Shared Architecture,MERGED-INTO,,Pass #4 cluster target: Layer Boundaries.
#1869,BOUND-01,MERGED-INTO,,Pass #4 cluster target: Layer Boundaries.
#1869,Shared Architecture,MERGED-INTO,,Pass #4 cluster target: Layer Boundaries.
#1870,BOUND-01,WORDING-FOR,,Pass #4 cluster target: Layer Boundaries.
#1870,Shared Architecture,WORDING-FOR,,Pass #4 cluster target: Layer Boundaries.
#1871,BOUND-01,MERGED-INTO,,Pass #4 cluster target: Layer Boundaries.
#1871,Shared Architecture,MERGED-INTO,,Pass #4 cluster target: Layer Boundaries.
#1872,CORE-06,MERGED-INTO,,Pass #4 cluster target: Change Control and Permanence.
#1872,Governance Register,MERGED-INTO,,Pass #4 cluster target: Change Control and Permanence.
#1873,CORE-06,MERGED-INTO,,Pass #4 cluster target: Change Control and Permanence.
#1873,Governance Register,MERGED-INTO,,Pass #4 cluster target: Change Control and Permanence.
#1874,UP-01,MERGED-INTO,,Pass #4 cluster target: Upward Handoff.
#1874,UP-02,MERGED-INTO,,Pass #4 cluster target: Upward Handoff.
#1874,UP-03,MERGED-INTO,,Pass #4 cluster target: Upward Handoff.
#1875,BOUND-01,MERGED-INTO,,Pass #4 cluster target: Layer Boundaries.
#1875,Shared Architecture,MERGED-INTO,,Pass #4 cluster target: Layer Boundaries.
#1876,UP-01,MERGED-INTO,,Pass #4 cluster target: Upward Handoff.
#1876,UP-02,MERGED-INTO,,Pass #4 cluster target: Upward Handoff.
#1876,UP-03,MERGED-INTO,,Pass #4 cluster target: Upward Handoff.
#1877,DEF-04,MERGED-INTO,,Pass #4 cluster target: Conformance and Validation.
#1877,Conformance Register,MERGED-INTO,,Pass #4 cluster target: Conformance and Validation.
#1878,CORE-05a,MERGED-INTO,,Pass #4 cluster target: Higher-Layer Independence.
#1879,CORE-05a,MERGED-INTO,,Pass #4 cluster target: Higher-Layer Independence.
#1880,Preservation Register,MERGED-INTO,,Pass #4 cluster target: Preservation and Archival Survival.
#1881,CORE-05a,MERGED-INTO,,Pass #4 cluster target: Higher-Layer Independence.
#1882,UP-01,MERGED-INTO,,Pass #4 cluster target: Upward Handoff.
#1882,UP-02,MERGED-INTO,,Pass #4 cluster target: Upward Handoff.
#1882,UP-03,MERGED-INTO,,Pass #4 cluster target: Upward Handoff.
#1883,BOUND-01,MERGED-INTO,,Pass #4 cluster target: Minimality and Semantic Restraint.
#1884,CORE-03b,MERGED-INTO,,Pass #4 cluster target: Failure Semantics.
#1884,Conformance Register,MERGED-INTO,,Pass #4 cluster target: Failure Semantics.
#1885,UP-01,MERGED-INTO,,Pass #4 cluster target: Upward Handoff.
#1885,UP-02,MERGED-INTO,,Pass #4 cluster target: Upward Handoff.
#1885,UP-03,MERGED-INTO,,Pass #4 cluster target: Upward Handoff.
#1886,UP-01,MERGED-INTO,,Pass #4 cluster target: Upward Handoff.
#1886,UP-02,MERGED-INTO,,Pass #4 cluster target: Upward Handoff.
#1886,UP-03,MERGED-INTO,,Pass #4 cluster target: Upward Handoff.
#1887,BOUND-01,MERGED-INTO,,Pass #4 cluster target: Minimality and Semantic Restraint.
#1888,UP-01,MERGED-INTO,,Pass #4 cluster target: Upward Handoff.
#1888,UP-02,MERGED-INTO,,Pass #4 cluster target: Upward Handoff.
#1888,UP-03,MERGED-INTO,,Pass #4 cluster target: Upward Handoff.
#1889,CORE-03b,MERGED-INTO,,Pass #4 cluster target: Failure Semantics.
#1889,Conformance Register,MERGED-INTO,,Pass #4 cluster target: Failure Semantics.
#1890,CORE-03b,MERGED-INTO,,Pass #4 cluster target: Failure Semantics.
#1890,Conformance Register,MERGED-INTO,,Pass #4 cluster target: Failure Semantics.
#1891,BOUND-01,SOURCE-OF,,Pass #4 cluster target: Layer Boundaries.
#1891,Shared Architecture,SOURCE-OF,,Pass #4 cluster target: Layer Boundaries.
#1892,BOUND-01,MERGED-INTO,,Pass #4 cluster target: Minimality and Semantic Restraint.
#1893,BOUND-01,MERGED-INTO,,Pass #4 cluster target: Layer Boundaries.
#1893,Shared Architecture,MERGED-INTO,,Pass #4 cluster target: Layer Boundaries.
#1894,BOUND-01,WORDING-FOR,,Pass #4 cluster target: Layer Boundaries.
#1894,Shared Architecture,WORDING-FOR,,Pass #4 cluster target: Layer Boundaries.
#1895,BOUND-01,MERGED-INTO,,Pass #4 cluster target: Layer Boundaries.
#1895,Shared Architecture,MERGED-INTO,,Pass #4 cluster target: Layer Boundaries.
#1896,Governance Method Annex,MERGED-INTO,,Pass #4 cluster target: Inquiry Method and Framework Sequencing.
#1896,Historical,MERGED-INTO,,Pass #4 cluster target: Inquiry Method and Framework Sequencing.
#1897,BOUND-01,MERGED-INTO,,Pass #4 cluster target: Minimality and Semantic Restraint.
#1898,BOUND-01,MERGED-INTO,,Pass #4 cluster target: Minimality and Semantic Restraint.
#1899,BOUND-01,MERGED-INTO,,Pass #4 cluster target: Minimality and Semantic Restraint.
#1900,CORE-01,MERGED-INTO,,Pass #4 cluster target: Core World-Space Membership.
#1901,BOUND-01,MERGED-INTO,,Pass #4 cluster target: Minimality and Semantic Restraint.
#1902,UP-01,MERGED-INTO,,Pass #4 cluster target: Upward Handoff.
#1902,UP-02,MERGED-INTO,,Pass #4 cluster target: Upward Handoff.
#1902,UP-03,MERGED-INTO,,Pass #4 cluster target: Upward Handoff.
#1903,BOUND-01,MERGED-INTO,,Pass #4 cluster target: Minimality and Semantic Restraint.
#1904,CORE-01,MERGED-INTO,,Pass #4 cluster target: Core World-Space Membership.
#1905,Governance Method Annex,MERGED-INTO,,Pass #4 cluster target: Inquiry Method and Framework Sequencing.
#1905,Historical,MERGED-INTO,,Pass #4 cluster target: Inquiry Method and Framework Sequencing.
#1906,Governance Method Annex,MERGED-INTO,,Pass #4 cluster target: Inquiry Method and Framework Sequencing.
#1906,Historical,MERGED-INTO,,Pass #4 cluster target: Inquiry Method and Framework Sequencing.
#1907,DEF-03,MERGED-INTO,,Pass #4 cluster target: Finite Expressibility and Determinism.
#1908,BOUND-01,MERGED-INTO,,Pass #4 cluster target: Minimality and Semantic Restraint.
#1909,BOUND-01,MERGED-INTO,,Pass #4 cluster target: Minimality and Semantic Restraint.
#1910,CORE-04,MERGED-INTO,,Pass #4 cluster target: Single Canonical Truth.
#1910,DEF-01,MERGED-INTO,,Pass #4 cluster target: Single Canonical Truth.
#1911,CORE-04,WORDING-FOR,,Pass #4 cluster target: Single Canonical Truth.
#1911,DEF-01,WORDING-FOR,,Pass #4 cluster target: Single Canonical Truth.
#1912,DEF-04,MERGED-INTO,,Pass #4 cluster target: Conformance and Validation.
#1912,Conformance Register,MERGED-INTO,,Pass #4 cluster target: Conformance and Validation.
#1913,DEF-02,MERGED-INTO,,Pass #4 cluster target: Reconstruction and Recoverability.
#1913,Preservation Register,MERGED-INTO,,Pass #4 cluster target: Reconstruction and Recoverability.
#1914,DEF-02,MERGED-INTO,,Pass #4 cluster target: Reconstruction and Recoverability.
#1914,Preservation Register,MERGED-INTO,,Pass #4 cluster target: Reconstruction and Recoverability.
#1915,CORE-05b,MERGED-INTO,,Pass #4 cluster target: Technology and Infrastructure Independence.
#1915,CORE-07,MERGED-INTO,,Pass #4 cluster target: Technology and Infrastructure Independence.
#1916,CORE-06,MERGED-INTO,,Pass #4 cluster target: Change Control and Permanence.
#1916,Governance Register,MERGED-INTO,,Pass #4 cluster target: Change Control and Permanence.
#1917,IF-01,MERGED-INTO,,Pass #4 cluster target: Institutional Authority and Adoption.
#1917,Governance Register,MERGED-INTO,,Pass #4 cluster target: Institutional Authority and Adoption.
#1918,IF-01,MERGED-INTO,,Pass #4 cluster target: Institutional Authority and Adoption.
#1918,Governance Register,MERGED-INTO,,Pass #4 cluster target: Institutional Authority and Adoption.
#1919,IF-01,MERGED-INTO,,Pass #4 cluster target: Institutional Authority and Adoption.
#1919,Governance Register,MERGED-INTO,,Pass #4 cluster target: Institutional Authority and Adoption.
#1920,IF-01,MERGED-INTO,,Pass #4 cluster target: Institutional Authority and Adoption.
#1920,Governance Register,MERGED-INTO,,Pass #4 cluster target: Institutional Authority and Adoption.
#1921,CORE-05a,MERGED-INTO,,Pass #4 cluster target: Rights / Governance Independence.
#1922,CORE-05a,MERGED-INTO,,Pass #4 cluster target: Rights / Governance Independence.
#1923,CORE-05a,MERGED-INTO,,Pass #4 cluster target: Higher-Layer Independence.
#1924,CORE-05a,MERGED-INTO,,Pass #4 cluster target: Higher-Layer Independence.
#1925,CORE-05a,MERGED-INTO,,Pass #4 cluster target: Higher-Layer Independence.
#1926,CORE-05a,MERGED-INTO,,Pass #4 cluster target: Interpretation Independence.
#1926,BOUND-01,MERGED-INTO,,Pass #4 cluster target: Interpretation Independence.
#1927,CORE-05a,MERGED-INTO,,Pass #4 cluster target: Higher-Layer Independence.
#1928,CORE-05a,MERGED-INTO,,Pass #4 cluster target: Interpretation Independence.
#1928,BOUND-01,MERGED-INTO,,Pass #4 cluster target: Interpretation Independence.
#1929,CORE-05c,MERGED-INTO,,Pass #4 cluster target: Operational Non-Authority.
#1929,CORE-05b,MERGED-INTO,,Pass #4 cluster target: Operational Non-Authority.
#1930,DEF-05,MERGED-INTO,,Pass #4 cluster target: Canonical Equivalence.
#1930,CORE-07,MERGED-INTO,,Pass #4 cluster target: Canonical Equivalence.
#1931,CORE-02,MERGED-INTO,,Pass #4 cluster target: Survey-to-World Relationship.
#1932,CORE-03,MERGED-INTO,,Pass #4 cluster target: Exact Membership and Boundary Resolution.
#1932,LIM-01,MERGED-INTO,,Pass #4 cluster target: Exact Membership and Boundary Resolution.
#1933,CORE-02,MERGED-INTO,,Pass #4 cluster target: Survey-to-World Relationship.
#1934,CORE-02,MERGED-INTO,,Pass #4 cluster target: Canonical Placement.
#1935,CORE-02,MERGED-INTO,,Pass #4 cluster target: Canonical Placement.
#1936,DEF-05,MERGED-INTO,,Pass #4 cluster target: Canonical Equivalence.
#1936,CORE-07,MERGED-INTO,,Pass #4 cluster target: Canonical Equivalence.
#1937,CORE-03,MERGED-INTO,,Pass #4 cluster target: Exact Membership and Boundary Resolution.
#1937,LIM-01,MERGED-INTO,,Pass #4 cluster target: Exact Membership and Boundary Resolution.
#1938,CONST-04,MERGED-INTO,,Pass #4 cluster target: Connectedness and Topology.
#1939,CONST-04,MERGED-INTO,,Pass #4 cluster target: Connectedness and Topology.
#1940,CORE-05a,MERGED-INTO,,Pass #4 cluster target: Interpretation Independence.
#1940,BOUND-01,MERGED-INTO,,Pass #4 cluster target: Interpretation Independence.
#1941,CORE-05a,MERGED-INTO,,Pass #4 cluster target: Higher-Layer Independence.
#1942,CORE-05a,MERGED-INTO,,Pass #4 cluster target: Runtime Independence.
#1942,CORE-05b,MERGED-INTO,,Pass #4 cluster target: Runtime Independence.
#1943,CORE-05a,MERGED-INTO,,Pass #4 cluster target: Parcel Independence.
#1943,BOUND-01,MERGED-INTO,,Pass #4 cluster target: Parcel Independence.
#1944,CORE-05a,MERGED-INTO,,Pass #4 cluster target: Interpretation Independence.
#1944,BOUND-01,MERGED-INTO,,Pass #4 cluster target: Interpretation Independence.
#1945,CORE-05a,MERGED-INTO,,Pass #4 cluster target: Interpretation Independence.
#1945,BOUND-01,MERGED-INTO,,Pass #4 cluster target: Interpretation Independence.
#1946,CORE-05a,MERGED-INTO,,Pass #4 cluster target: Interpretation Independence.
#1946,BOUND-01,MERGED-INTO,,Pass #4 cluster target: Interpretation Independence.
#1947,CORE-05a,MERGED-INTO,,Pass #4 cluster target: Rights / Governance Independence.
#1948,CORE-06,MERGED-INTO,,Pass #4 cluster target: Change Control and Permanence.
#1948,Governance Register,MERGED-INTO,,Pass #4 cluster target: Change Control and Permanence.
#1949,CORE-05a,MERGED-INTO,,Pass #4 cluster target: Higher-Layer Independence.
#1950,CORE-05b,MERGED-INTO,,Pass #4 cluster target: No Hidden State / Self-Containment.
#1950,DEF-02,MERGED-INTO,,Pass #4 cluster target: No Hidden State / Self-Containment.
#1951,CORE-07,MERGED-INTO,,Pass #4 cluster target: Representation Independence.
#1952,CORE-04,MERGED-INTO,,Pass #4 cluster target: Single Canonical Truth.
#1952,DEF-01,MERGED-INTO,,Pass #4 cluster target: Single Canonical Truth.
#1953,CORE-07,MERGED-INTO,,Pass #4 cluster target: Representation Independence.
#1954,CORE-05c,MERGED-INTO,,Pass #4 cluster target: Operational Non-Authority.
#1954,CORE-05b,MERGED-INTO,,Pass #4 cluster target: Operational Non-Authority.
#1955,CORE-05a,MERGED-INTO,,Pass #4 cluster target: Higher-Layer Independence.
#1956,CORE-05a,MERGED-INTO,,Pass #4 cluster target: Interpretation Independence.
#1956,BOUND-01,MERGED-INTO,,Pass #4 cluster target: Interpretation Independence.
#1957,CORE-03b,MERGED-INTO,,Pass #4 cluster target: Failure Semantics.
#1957,Conformance Register,MERGED-INTO,,Pass #4 cluster target: Failure Semantics.
#1958,CORE-03,MERGED-INTO,,Pass #4 cluster target: Exact Membership and Boundary Resolution.
#1958,LIM-01,MERGED-INTO,,Pass #4 cluster target: Exact Membership and Boundary Resolution.
#1959,CORE-05c,MERGED-INTO,,Pass #4 cluster target: Operational Non-Authority.
#1959,CORE-05b,MERGED-INTO,,Pass #4 cluster target: Operational Non-Authority.
#1960,CORE-05c,MERGED-INTO,,Pass #4 cluster target: Operational Non-Authority.
#1960,CORE-05b,MERGED-INTO,,Pass #4 cluster target: Operational Non-Authority.
#1961,CORE-03,MERGED-INTO,,Pass #4 cluster target: Exact Membership and Boundary Resolution.
#1961,LIM-01,MERGED-INTO,,Pass #4 cluster target: Exact Membership and Boundary Resolution.
#1962,CORE-04,MERGED-INTO,,Pass #4 cluster target: Single Canonical Truth.
#1962,DEF-01,MERGED-INTO,,Pass #4 cluster target: Single Canonical Truth.
#1963,IF-01,MERGED-INTO,,Pass #4 cluster target: Institutional Authority and Adoption.
#1963,Governance Register,MERGED-INTO,,Pass #4 cluster target: Institutional Authority and Adoption.
#1964,IF-01,MERGED-INTO,,Pass #4 cluster target: Institutional Authority and Adoption.
#1964,Governance Register,MERGED-INTO,,Pass #4 cluster target: Institutional Authority and Adoption.
#1965,BOUND-01,MERGED-INTO,,Pass #4 cluster target: Minimality and Semantic Restraint.
#1966,BOUND-01,MERGED-INTO,,Pass #4 cluster target: Minimality and Semantic Restraint.
#1967,CORE-03c,MERGED-INTO,,Pass #4 cluster target: Independent Implementation.
#1967,CORE-05,MERGED-INTO,,Pass #4 cluster target: Independent Implementation.
#1968,CORE-06,MERGED-INTO,,Pass #4 cluster target: Change Control and Permanence.
#1968,Governance Register,MERGED-INTO,,Pass #4 cluster target: Change Control and Permanence.
#1969,DEF-05,MERGED-INTO,,Pass #4 cluster target: Canonical Equivalence.
#1969,CORE-07,MERGED-INTO,,Pass #4 cluster target: Canonical Equivalence.
#1970,DEF-05,MERGED-INTO,,Pass #4 cluster target: Canonical Equivalence.
#1970,CORE-07,MERGED-INTO,,Pass #4 cluster target: Canonical Equivalence.
#1971,CORE-07,MERGED-INTO,,Pass #4 cluster target: Representation Independence.
#1972,DEF-05,MERGED-INTO,,Pass #4 cluster target: Canonical Equivalence.
#1972,CORE-07,MERGED-INTO,,Pass #4 cluster target: Canonical Equivalence.
#1973,DEF-04,MERGED-INTO,,Pass #4 cluster target: Conformance and Validation.
#1973,Conformance Register,MERGED-INTO,,Pass #4 cluster target: Conformance and Validation.
#1974,CORE-03b,MERGED-INTO,,Pass #4 cluster target: Failure Semantics.
#1974,Conformance Register,MERGED-INTO,,Pass #4 cluster target: Failure Semantics.
#1975,DEF-04,MERGED-INTO,,Pass #4 cluster target: Conformance and Validation.
#1975,Conformance Register,MERGED-INTO,,Pass #4 cluster target: Conformance and Validation.
#1976,IF-01,MERGED-INTO,,Pass #4 cluster target: Institutional Authority and Adoption.
#1976,Governance Register,MERGED-INTO,,Pass #4 cluster target: Institutional Authority and Adoption.
#1977,IF-01,MERGED-INTO,,Pass #4 cluster target: Institutional Authority and Adoption.
#1977,Governance Register,MERGED-INTO,,Pass #4 cluster target: Institutional Authority and Adoption.
#1978,CORE-06,MERGED-INTO,,Pass #4 cluster target: Change Control and Permanence.
#1978,Governance Register,MERGED-INTO,,Pass #4 cluster target: Change Control and Permanence.
#1979,CORE-05a,MERGED-INTO,,Pass #4 cluster target: Runtime Independence.
#1979,CORE-05b,MERGED-INTO,,Pass #4 cluster target: Runtime Independence.
#1980,CORE-05c,MERGED-INTO,,Pass #4 cluster target: Operational Non-Authority.
#1980,CORE-05b,MERGED-INTO,,Pass #4 cluster target: Operational Non-Authority.
#1981,CORE-05c,MERGED-INTO,,Pass #4 cluster target: Operational Non-Authority.
#1981,CORE-05b,MERGED-INTO,,Pass #4 cluster target: Operational Non-Authority.
#1982,CORE-05c,MERGED-INTO,,Pass #4 cluster target: Operational Non-Authority.
#1982,CORE-05b,MERGED-INTO,,Pass #4 cluster target: Operational Non-Authority.
#1983,IF-01,MERGED-INTO,,Pass #4 cluster target: Institutional Authority and Adoption.
#1983,Governance Register,MERGED-INTO,,Pass #4 cluster target: Institutional Authority and Adoption.
#1984,CORE-05c,MERGED-INTO,,Pass #4 cluster target: Operational Non-Authority.
#1984,CORE-05b,MERGED-INTO,,Pass #4 cluster target: Operational Non-Authority.
#1985,CORE-05c,MERGED-INTO,,Pass #4 cluster target: Operational Non-Authority.
#1985,CORE-05b,MERGED-INTO,,Pass #4 cluster target: Operational Non-Authority.
#1986,CORE-05c,MERGED-INTO,,Pass #4 cluster target: Operational Non-Authority.
#1986,CORE-05b,MERGED-INTO,,Pass #4 cluster target: Operational Non-Authority.
#1987,CORE-05c,MERGED-INTO,,Pass #4 cluster target: Operational Non-Authority.
#1987,CORE-05b,MERGED-INTO,,Pass #4 cluster target: Operational Non-Authority.
#1988,DEF-04,MERGED-INTO,,Pass #4 cluster target: Conformance and Validation.
#1988,Conformance Register,MERGED-INTO,,Pass #4 cluster target: Conformance and Validation.
#1989,IF-01,MERGED-INTO,,Pass #4 cluster target: Institutional Authority and Adoption.
#1989,Governance Register,MERGED-INTO,,Pass #4 cluster target: Institutional Authority and Adoption.
#1990,CORE-05c,MERGED-INTO,,Pass #4 cluster target: Operational Non-Authority.
#1990,CORE-05b,MERGED-INTO,,Pass #4 cluster target: Operational Non-Authority.
#1991,Preservation Register,MERGED-INTO,,Pass #4 cluster target: Preservation and Archival Survival.
#1992,DEF-02,MERGED-INTO,,Pass #4 cluster target: Reconstruction and Recoverability.
#1992,Preservation Register,MERGED-INTO,,Pass #4 cluster target: Reconstruction and Recoverability.
#1993,DEF-02,MERGED-INTO,,Pass #4 cluster target: Reconstruction and Recoverability.
#1993,Preservation Register,MERGED-INTO,,Pass #4 cluster target: Reconstruction and Recoverability.
#1994,BOUND-01,MERGED-INTO,,Pass #4 cluster target: Minimality and Semantic Restraint.
#1995,CORE-05b,WORDING-FOR,,Pass #4 cluster target: No Hidden State / Self-Containment.
#1995,DEF-02,WORDING-FOR,,Pass #4 cluster target: No Hidden State / Self-Containment.
#1996,BOUND-01,MERGED-INTO,,Pass #4 cluster target: Minimality and Semantic Restraint.
#1997,BOUND-01,MERGED-INTO,,Pass #4 cluster target: Minimality and Semantic Restraint.
#1998,BOUND-01,MERGED-INTO,,Pass #4 cluster target: Minimality and Semantic Restraint.
#1999,BOUND-01,WORDING-FOR,,Pass #4 cluster target: Minimality and Semantic Restraint.
#2000,CORE-01,MERGED-INTO,,Pass #4 cluster target: Core World-Space Membership.
#2001,BOUND-01,MERGED-INTO,,Pass #4 cluster target: Minimality and Semantic Restraint.
#2002,BOUND-01,MERGED-INTO,,Pass #4 cluster target: Minimality and Semantic Restraint.
#2003,BOUND-01,MERGED-INTO,,Pass #4 cluster target: Layer Boundaries.
#2003,Shared Architecture,MERGED-INTO,,Pass #4 cluster target: Layer Boundaries.
#2004,CORE-05b,MERGED-INTO,,Pass #4 cluster target: No Hidden State / Self-Containment.
#2004,DEF-02,MERGED-INTO,,Pass #4 cluster target: No Hidden State / Self-Containment.
#2005,BOUND-01,MERGED-INTO,,Pass #4 cluster target: Minimality and Semantic Restraint.
#2006,BOUND-01,MERGED-INTO,,Pass #4 cluster target: Minimality and Semantic Restraint.
#2007,CORE-03,MERGED-INTO,,Pass #4 cluster target: Exact Membership and Boundary Resolution.
#2007,LIM-01,MERGED-INTO,,Pass #4 cluster target: Exact Membership and Boundary Resolution.
#2008,UP-01,MERGED-INTO,,Pass #4 cluster target: Upward Handoff.
#2008,UP-02,MERGED-INTO,,Pass #4 cluster target: Upward Handoff.
#2008,UP-03,MERGED-INTO,,Pass #4 cluster target: Upward Handoff.
#2009,CORE-06,MERGED-INTO,,Pass #4 cluster target: Change Control and Permanence.
#2009,Governance Register,MERGED-INTO,,Pass #4 cluster target: Change Control and Permanence.
#2010,UP-01,MERGED-INTO,,Pass #4 cluster target: Upward Handoff.
#2010,UP-02,MERGED-INTO,,Pass #4 cluster target: Upward Handoff.
#2010,UP-03,MERGED-INTO,,Pass #4 cluster target: Upward Handoff.
#2011,UP-01,MERGED-INTO,,Pass #4 cluster target: Upward Handoff.
#2011,UP-02,MERGED-INTO,,Pass #4 cluster target: Upward Handoff.
#2011,UP-03,MERGED-INTO,,Pass #4 cluster target: Upward Handoff.
#2012,BOUND-01,MERGED-INTO,,Pass #4 cluster target: Minimality and Semantic Restraint.
#2013,BOUND-01,MERGED-INTO,,Pass #4 cluster target: Minimality and Semantic Restraint.
#2014,CORE-05b,MERGED-INTO,,Pass #4 cluster target: No Hidden State / Self-Containment.
#2014,DEF-02,MERGED-INTO,,Pass #4 cluster target: No Hidden State / Self-Containment.
#2015,Terminology Register,MERGED-INTO,,Pass #4 cluster target: Terminology Discipline.
#2016,Terminology Register,MERGED-INTO,,Pass #4 cluster target: Terminology Discipline.
#2017,Terminology Register,MERGED-INTO,,Pass #4 cluster target: Terminology Discipline.
#2018,Terminology Register,MERGED-INTO,,Pass #4 cluster target: Terminology Discipline.
#2019,CORE-05c,MERGED-INTO,,Pass #4 cluster target: Operational Non-Authority.
#2019,CORE-05b,MERGED-INTO,,Pass #4 cluster target: Operational Non-Authority.
#2020,CORE-05c,MERGED-INTO,,Pass #4 cluster target: Operational Non-Authority.
#2020,CORE-05b,MERGED-INTO,,Pass #4 cluster target: Operational Non-Authority.
#2021,CORE-05c,MERGED-INTO,,Pass #4 cluster target: Operational Non-Authority.
#2021,CORE-05b,MERGED-INTO,,Pass #4 cluster target: Operational Non-Authority.
#2022,CORE-05c,MERGED-INTO,,Pass #4 cluster target: Operational Non-Authority.
#2022,CORE-05b,MERGED-INTO,,Pass #4 cluster target: Operational Non-Authority.
#2023,CORE-05c,MERGED-INTO,,Pass #4 cluster target: Operational Non-Authority.
#2023,CORE-05b,MERGED-INTO,,Pass #4 cluster target: Operational Non-Authority.
#2024,CORE-05a,MERGED-INTO,,Pass #4 cluster target: Higher-Layer Independence.
#2025,UP-01,MERGED-INTO,,Pass #4 cluster target: Upward Handoff.
#2025,UP-02,MERGED-INTO,,Pass #4 cluster target: Upward Handoff.
#2025,UP-03,MERGED-INTO,,Pass #4 cluster target: Upward Handoff.
#2026,CORE-05c,MERGED-INTO,,Pass #4 cluster target: Operational Non-Authority.
#2026,CORE-05b,MERGED-INTO,,Pass #4 cluster target: Operational Non-Authority.
#2027,CORE-05c,MERGED-INTO,,Pass #4 cluster target: Operational Non-Authority.
#2027,CORE-05b,MERGED-INTO,,Pass #4 cluster target: Operational Non-Authority.
#2028,DEF-06,MERGED-INTO,,Pass #4 cluster target: Precision and Refinement.
#2028,DOWN-03,MERGED-INTO,,Pass #4 cluster target: Precision and Refinement.
#2029,BOUND-01,MERGED-INTO,,Pass #4 cluster target: Minimality and Semantic Restraint.
#2030,CORE-05a,MERGED-INTO,,Pass #4 cluster target: Higher-Layer Independence.
#2031,CORE-05a,MERGED-INTO,,Pass #4 cluster target: Higher-Layer Independence.
#2032,CORE-05a,MERGED-INTO,,Pass #4 cluster target: Higher-Layer Independence.
#2033,Governance Register,MERGED-INTO,,Pass #4 cluster target: Historical Traceability.
#2033,Preservation Register,MERGED-INTO,,Pass #4 cluster target: Historical Traceability.
#2034,CONST-01,MERGED-INTO,,Pass #4 cluster target: Constitutional Subordination.
#2034,CONST-05,MERGED-INTO,,Pass #4 cluster target: Constitutional Subordination.
#2035,CORE-05a,MERGED-INTO,,Pass #4 cluster target: Higher-Layer Independence.
#2036,CORE-07,MERGED-INTO,,Pass #4 cluster target: Representation Independence.
#2037,CORE-07,MERGED-INTO,,Pass #4 cluster target: Representation Independence.
#2038,DEF-05,MERGED-INTO,,Pass #4 cluster target: Canonical Equivalence.
#2038,CORE-07,MERGED-INTO,,Pass #4 cluster target: Canonical Equivalence.
#2039,DEF-05,MERGED-INTO,,Pass #4 cluster target: Canonical Equivalence.
#2039,CORE-07,MERGED-INTO,,Pass #4 cluster target: Canonical Equivalence.
#2040,CORE-05b,MERGED-INTO,,Pass #4 cluster target: Technology and Infrastructure Independence.
#2040,CORE-07,MERGED-INTO,,Pass #4 cluster target: Technology and Infrastructure Independence.
#2041,CORE-07,MERGED-INTO,,Pass #4 cluster target: Representation Independence.
#2042,DEF-05,MERGED-INTO,,Pass #4 cluster target: Canonical Equivalence.
#2042,CORE-07,MERGED-INTO,,Pass #4 cluster target: Canonical Equivalence.
#2043,DEF-03,MERGED-INTO,,Pass #4 cluster target: Finite Expressibility and Determinism.
#2044,DOWN-01,MERGED-INTO,,Pass #4 cluster target: Survey Dependency / Downward Contract.
#2044,DOWN-02,MERGED-INTO,,Pass #4 cluster target: Survey Dependency / Downward Contract.
#2044,DOWN-03,MERGED-INTO,,Pass #4 cluster target: Survey Dependency / Downward Contract.
#2044,DOWN-04,MERGED-INTO,,Pass #4 cluster target: Survey Dependency / Downward Contract.
#2045,CORE-05c,MERGED-INTO,,Pass #4 cluster target: Operational Non-Authority.
#2045,CORE-05b,MERGED-INTO,,Pass #4 cluster target: Operational Non-Authority.
#2046,DEF-03,SOURCE-OF,,Pass #4 cluster target: Finite Expressibility and Determinism.
#2047,DEF-04,MERGED-INTO,,Pass #4 cluster target: Conformance and Validation.
#2047,Conformance Register,MERGED-INTO,,Pass #4 cluster target: Conformance and Validation.
#2048,DOWN-01,MERGED-INTO,,Pass #4 cluster target: Survey Dependency / Downward Contract.
#2048,DOWN-02,MERGED-INTO,,Pass #4 cluster target: Survey Dependency / Downward Contract.
#2048,DOWN-03,MERGED-INTO,,Pass #4 cluster target: Survey Dependency / Downward Contract.
#2048,DOWN-04,MERGED-INTO,,Pass #4 cluster target: Survey Dependency / Downward Contract.
#2049,DOWN-01,MERGED-INTO,,Pass #4 cluster target: Survey Dependency / Downward Contract.
#2049,DOWN-02,MERGED-INTO,,Pass #4 cluster target: Survey Dependency / Downward Contract.
#2049,DOWN-03,MERGED-INTO,,Pass #4 cluster target: Survey Dependency / Downward Contract.
#2049,DOWN-04,MERGED-INTO,,Pass #4 cluster target: Survey Dependency / Downward Contract.
#2050,BOUND-01,WORDING-FOR,,Pass #4 cluster target: Layer Boundaries.
#2050,Shared Architecture,WORDING-FOR,,Pass #4 cluster target: Layer Boundaries.
#2051,CORE-05c,MERGED-INTO,,Pass #4 cluster target: Operational Non-Authority.
#2051,CORE-05b,MERGED-INTO,,Pass #4 cluster target: Operational Non-Authority.
#2052,CORE-05b,MERGED-INTO,,Pass #4 cluster target: Technology and Infrastructure Independence.
#2052,CORE-07,MERGED-INTO,,Pass #4 cluster target: Technology and Infrastructure Independence.
#2053,CORE-05a,MERGED-INTO,,Pass #4 cluster target: Higher-Layer Independence.
#2054,CORE-05a,MERGED-INTO,,Pass #4 cluster target: Interpretation Independence.
#2054,BOUND-01,MERGED-INTO,,Pass #4 cluster target: Interpretation Independence.
#2055,CORE-03,MERGED-INTO,,Pass #4 cluster target: Exact Membership and Boundary Resolution.
#2055,LIM-01,MERGED-INTO,,Pass #4 cluster target: Exact Membership and Boundary Resolution.
#2056,Governance Method Annex,MERGED-INTO,,Pass #4 cluster target: Inquiry Method and Framework Sequencing.
#2056,Historical,MERGED-INTO,,Pass #4 cluster target: Inquiry Method and Framework Sequencing.
#2057,Governance Method Annex,MERGED-INTO,,Pass #4 cluster target: Inquiry Method and Framework Sequencing.
#2057,Historical,MERGED-INTO,,Pass #4 cluster target: Inquiry Method and Framework Sequencing.
#2058,DEF-02,MERGED-INTO,,Pass #4 cluster target: Reconstruction and Recoverability.
#2058,Preservation Register,MERGED-INTO,,Pass #4 cluster target: Reconstruction and Recoverability.
#2059,CORE-05b,MERGED-INTO,,Pass #4 cluster target: No Hidden State / Self-Containment.
#2059,DEF-02,MERGED-INTO,,Pass #4 cluster target: No Hidden State / Self-Containment.
#2060,CORE-03b,MERGED-INTO,,Pass #4 cluster target: Failure Semantics.
#2060,Conformance Register,MERGED-INTO,,Pass #4 cluster target: Failure Semantics.
#2061,CORE-03b,MERGED-INTO,,Pass #4 cluster target: Failure Semantics.
#2061,Conformance Register,MERGED-INTO,,Pass #4 cluster target: Failure Semantics.
#2062,CORE-03b,MERGED-INTO,,Pass #4 cluster target: Failure Semantics.
#2062,Conformance Register,MERGED-INTO,,Pass #4 cluster target: Failure Semantics.
#2063,CORE-03,WORDING-FOR,,Pass #4 cluster target: Exact Membership and Boundary Resolution.
#2063,LIM-01,WORDING-FOR,,Pass #4 cluster target: Exact Membership and Boundary Resolution.
#2064,CORE-03,MERGED-INTO,,Pass #4 cluster target: Exact Membership and Boundary Resolution.
#2064,LIM-01,MERGED-INTO,,Pass #4 cluster target: Exact Membership and Boundary Resolution.
#2065,IF-01,MERGED-INTO,,Pass #4 cluster target: Institutional Authority and Adoption.
#2065,Governance Register,MERGED-INTO,,Pass #4 cluster target: Institutional Authority and Adoption.
#2066,CORE-04,MERGED-INTO,,Pass #4 cluster target: Single Canonical Truth.
#2066,DEF-01,MERGED-INTO,,Pass #4 cluster target: Single Canonical Truth.
#2067,CORE-04,MERGED-INTO,,Pass #4 cluster target: Single Canonical Truth.
#2067,DEF-01,MERGED-INTO,,Pass #4 cluster target: Single Canonical Truth.
#2068,IF-01,MERGED-INTO,,Pass #4 cluster target: Institutional Authority and Adoption.
#2068,Governance Register,MERGED-INTO,,Pass #4 cluster target: Institutional Authority and Adoption.
#2069,IF-01,MERGED-INTO,,Pass #4 cluster target: Institutional Authority and Adoption.
#2069,Governance Register,MERGED-INTO,,Pass #4 cluster target: Institutional Authority and Adoption.
#2070,IF-01,MERGED-INTO,,Pass #4 cluster target: Institutional Authority and Adoption.
#2070,Governance Register,MERGED-INTO,,Pass #4 cluster target: Institutional Authority and Adoption.
#2071,Conformance Register,MERGED-INTO,,Pass #4 cluster target: Testing and Adversarial Review.
#2072,Terminology Register,MERGED-INTO,,Pass #4 cluster target: Terminology Discipline.
#2073,Conformance Register,SOURCE-OF,,Pass #4 cluster target: Testing and Adversarial Review.
#2074,Conformance Register,MERGED-INTO,,Pass #4 cluster target: Testing and Adversarial Review.
#2075,CONST-02,MERGED-INTO,,Pass #4 cluster target: One World / Singular World-Space.
#2076,IF-01,MERGED-INTO,,Pass #4 cluster target: Institutional Authority and Adoption.
#2076,Governance Register,MERGED-INTO,,Pass #4 cluster target: Institutional Authority and Adoption.
#2077,CORE-04,MERGED-INTO,,Pass #4 cluster target: Single Canonical Truth.
#2077,DEF-01,MERGED-INTO,,Pass #4 cluster target: Single Canonical Truth.
#2078,CORE-04,MERGED-INTO,,Pass #4 cluster target: Single Canonical Truth.
#2078,DEF-01,MERGED-INTO,,Pass #4 cluster target: Single Canonical Truth.
#2079,CORE-05b,MERGED-INTO,,Pass #4 cluster target: No Hidden State / Self-Containment.
#2079,DEF-02,MERGED-INTO,,Pass #4 cluster target: No Hidden State / Self-Containment.
#2080,CORE-05b,MERGED-INTO,,Pass #4 cluster target: No Hidden State / Self-Containment.
#2080,DEF-02,MERGED-INTO,,Pass #4 cluster target: No Hidden State / Self-Containment.
#2081,CORE-03c,MERGED-INTO,,Pass #4 cluster target: Independent Implementation.
#2081,CORE-05,MERGED-INTO,,Pass #4 cluster target: Independent Implementation.
#2082,CORE-04,MERGED-INTO,,Pass #4 cluster target: Single Canonical Truth.
#2082,DEF-01,MERGED-INTO,,Pass #4 cluster target: Single Canonical Truth.
#2083,DEF-02,MERGED-INTO,,Pass #4 cluster target: Reconstruction and Recoverability.
#2083,Preservation Register,MERGED-INTO,,Pass #4 cluster target: Reconstruction and Recoverability.
#2084,DEF-02,MERGED-INTO,,Pass #4 cluster target: Reconstruction and Recoverability.
#2084,Preservation Register,MERGED-INTO,,Pass #4 cluster target: Reconstruction and Recoverability.
#2085,DEF-02,MERGED-INTO,,Pass #4 cluster target: Reconstruction and Recoverability.
#2085,Preservation Register,MERGED-INTO,,Pass #4 cluster target: Reconstruction and Recoverability.
#2086,CORE-05b,MERGED-INTO,,Pass #4 cluster target: No Hidden State / Self-Containment.
#2086,DEF-02,MERGED-INTO,,Pass #4 cluster target: No Hidden State / Self-Containment.
#2087,DEF-04,MERGED-INTO,,Pass #4 cluster target: Conformance and Validation.
#2087,Conformance Register,MERGED-INTO,,Pass #4 cluster target: Conformance and Validation.
#2088,CORE-05c,MERGED-INTO,,Pass #4 cluster target: Operational Non-Authority.
#2088,CORE-05b,MERGED-INTO,,Pass #4 cluster target: Operational Non-Authority.
#2089,IF-01,MERGED-INTO,,Pass #4 cluster target: Institutional Authority and Adoption.
#2089,Governance Register,MERGED-INTO,,Pass #4 cluster target: Institutional Authority and Adoption.
#2090,CORE-05a,MERGED-INTO,,Pass #4 cluster target: Runtime Independence.
#2090,CORE-05b,MERGED-INTO,,Pass #4 cluster target: Runtime Independence.
#2091,Conformance Register,MERGED-INTO,,Pass #4 cluster target: Testing and Adversarial Review.
#2092,CORE-03b,MERGED-INTO,,Pass #4 cluster target: Failure Semantics.
#2092,Conformance Register,MERGED-INTO,,Pass #4 cluster target: Failure Semantics.
#2093,DEF-02,MERGED-INTO,,Pass #4 cluster target: Reconstruction and Recoverability.
#2093,Preservation Register,MERGED-INTO,,Pass #4 cluster target: Reconstruction and Recoverability.
#2094,CORE-02,MERGED-INTO,,Pass #4 cluster target: Canonical Placement.
#2095,CORE-03,MERGED-INTO,,Pass #4 cluster target: Exact Membership and Boundary Resolution.
#2095,LIM-01,MERGED-INTO,,Pass #4 cluster target: Exact Membership and Boundary Resolution.
#2096,CONST-02,MERGED-INTO,,Pass #4 cluster target: One World / Singular World-Space.
#2097,CORE-06,WORDING-FOR,,Pass #4 cluster target: Change Control and Permanence.
#2097,Governance Register,WORDING-FOR,,Pass #4 cluster target: Change Control and Permanence.
#2098,CORE-06,MERGED-INTO,,Pass #4 cluster target: Change Control and Permanence.
#2098,Governance Register,MERGED-INTO,,Pass #4 cluster target: Change Control and Permanence.
#2099,CORE-06,MERGED-INTO,,Pass #4 cluster target: Change Control and Permanence.
#2099,Governance Register,MERGED-INTO,,Pass #4 cluster target: Change Control and Permanence.
#2100,DEF-02,MERGED-INTO,,Pass #4 cluster target: Reconstruction and Recoverability.
#2100,Preservation Register,MERGED-INTO,,Pass #4 cluster target: Reconstruction and Recoverability.
